review_id,rating,review,Clean_Text,label
Ci9DQUlRQUNvZENodHljRjlvT25kRlVFbFBkRFJ0VDFGd1pEbEpVblJHVFZGaE0zYxAB,5,"Benar-benar hotel yg cocok utk staycation ataupun romantic getaway. Selain kenyamanan, kebersihan dan keramahan, brandingnya sangat lengkap. Mini bar nya pun berisi produk2 Sido Muncul. Ketika check in, ada jamu dan cold towel. Proses check in pun lancar. Kami datang terlalu pagi dan krn akan langsung jelajah Yogya, mereka update melalui WA ketika kamar ready. Koper kami pun sudah siap di kamar. Kami menginap di kamar Deluxe pun ada balkonnya. Dekat dgn manapun krn kami explore ke Taman Sari, Malioboro dan Kotabaru tanpa kena macet. Jika berlidah jawa seperti kami, cocok sekali dgn buffet breakfast nya. Tersedia semua macam rasa jenang, gudeg, jajanan pasar, ronde, dawet, dll selain menu standar seperti nasi, lauk pauk nusantara dan western pastries. Kolamnya juga terjaga dgn benar. Lifeguard selalu standby. Bisa pinjam swimming goggles and board.
Semoga suatu saat bisa ditambah drying rack di pojokan balkon (krn ada celah pojokan yg tertutup jd tidak mengganggu pemandangan) supaya bisa keringkan swimming suit.
Overall, sangat bagus dan semoga bisa nginap lagi di sini 🙏🏽❤️Jenis perjalananLiburanGrup perjalananPasanganKamar: 5Layanan: 5Lokasi: 5Sorotan hotelMewah, Cocok untuk anak-anak",hotel cocok staycation romantic getaway nyaman bersih ramah brandingnya lengkap mini produk sido muncul check jamu cold towel proses lancar pagi langsung jelajah yogya update kamar ready koper inap deluxe balkon explore taman sari malioboro kotabaru kena macet lidah jawa buffet breakfast sedia jenang gudeg jajan pasar ronde dawet menu standar nasi lauk pauk nusantara western pastries kolam jaga lifeguard standby pinjam swimming goggles board moga drying rack pojok celah tutup ganggu pandang kering suit overall bagus nginap mewah,positif
Ci9DQUlRQUNvZENodHljRjlvT205VFRITnFhME5HUlhoRU4xWnRWamRKY0VkTVNtYxAB,5,"Pengalaman yang sangat menyenangkan untuk menginap di hotel ini. Area parkir cukup luas dan berada di basement gedung. Kamar cukup luas dan bersih. Hotel sangat bersih dan memiliki fasilitas yang cukup lengkap:
- Kolam renang anak (kedalaman 60 cm)
- Kolam renang dewasa (kedalaman 150 cm)
- Gym
- Playground anak yang sangat seru seperti di mall
- Lapangan tennis (sebaiknya booking in advance)
- Spa

Restoran Hotel Tentrem selalu menyediakan beragam pilihan makanan dan seluruhnya nikmat!

Untuk menikmati kolam renang, handuk disediakan di pinggir kolam dekat area gym. Terdapat 2 lifeguard yang bertugas di ujung kolam anak dan kolam dewasa. Kolam renang sangat bersih, petugas selalu sigap membersihkan dedaunan yang jatuh. Namun sayang area kamar ganti hanya berupa satu shower room dan satu toilet, dan campur untuk semua gender. Air shower nya juga tidak hangat.

Playground Anak wajib menggunakan kaos kaki anti slip, jika tidak bawa, dapat beli ke petugas dengan harga 30k/pasang. Area cukup luas dan lengkap. Terdapat 1 petugas di area playground.

Jika Anda ingin memakai lapangan tennis, sebaiknya booking jauh hari setelah Anda memesan kamar hotel, karena perlu bukti pemesanan kamar. Pemesanan lapangan tennis dapat dilakukan melalui whatsapp CS Gaharu Spa. Untuk menuju lapangan tennis dari hotel, dari arah lobby, Anda dapat pergi ke arah souvenir shop lalu belok kiri dan belok kanan menuju sebuah lorong ke arah main hall hotel tentrem, dari main hall, Anda dapat menggunakan lift satu lantai turun ke bawah menuju lobby main hall, Dari lobby main hall, Anda dapat pergi menuju area tennis di samping-belakang main hall. Agak susah, sebaiknya Anda minta diarahkan petugas hehe. Tidak disediakan raket dan bola, namun Anda dapat menyewa raket dengan biaya 250k/jam/raket dan membeli bola tennis seharga 250k/slop (dapat dibawa pulang). Area tennis boleh digunakan pengunjung hotel dengan batas maksimal tamu kamar 2 orang. Jika membawa lebih dari itu dikenakan biaya 200k/orang/jam. Lapangan semi outdoor dan cukup terawat dengan baik, namun saat saya datang terdapat banyak daun kering di pinggir lapangan yang sedang dibersihkan petugas.Jenis perjalananLiburanGrup perjalananKeluargaKamar: 5Layanan: 5Lokasi: 5Sorotan hotelMewah, Pemandangan yang indah, Cocok untuk anak-anak",alam senang inap hotel area parkir luas basement gedung kamar bersih milik fasilitas lengkap kolam renang dewasa playground seru mall lapang tennis booking advance restoran tentrem sedia ragam pilih makan nikmat handuk pinggir lifeguard tugas ujung sigap dedaunan jatuh sayang ganti shower room toilet campur gender hangat wajib kaos kaki anti slip bawa beli harga pasang pakai bukti mesan laku whatsapp gaharu tuju arah lobby pergi souvenir shop belok kiri kanan buah lorong main hall lift lantai turun samping susah raket bola sewa biaya slop pulang unjung batas maksimal tamu orang kena semi outdoor awat daun kering mewah pandang indah cocok,positif
Ci9DQUlRQUNvZENodHljRjlvT25oQ2NrMVJZbFpzU2pJM01sQTFRakJaVm1OUExWRRAB,3,"Kamar mandi bau pesing, operator jarang mau angkat telp. Kalau perlu apa2 susah setengah mati ga ada yg respon. Di telp berulang2 ga pernah ada yang mau angkat. Mau tambah slippers buat anak disuruh bayar 60k padahal slippers di pake juga di kamar doang. Ga pernah tinggal di hotel bintang 5 minta tambahan slippers aja disuruh bayar, memalukan kaya hotel susah aja. Dari Padma pindah ke Tentrem berasa beda banget service nya 👎👎👎Kamar: 3Layanan: 2Lokasi: 4",kamar mandi pesing operator jarang angkat telp susah mati respon ulang slippers suruh bayar pake doang tinggal hotel bintang malu kaya padma pindah tentrem beda banget service,netral
Ci9DQUlRQUNvZENodHljRjlvT2t0aGJIZE1kRVZqVEU5VmFWVktNREpUVjI5aE5tYxAB,1,"Hotel mewah tapi kamar mandi ga ada air panas payah, maintenance & monitoring 👎👎👎 Mulai dari check in sampe pengalaman tinggal bermasalah, cukup sekali aja nyobain hotel ini, ga akan mau balik lagiKamar: 1Layanan: 1Lokasi: 1",hotel mewah kamar mandi panas payah maintenance monitoring check sampe alam tinggal nyobain,negatif
Ci9DQUlRQUNvZENodHljRjlvT2xFeFkxWkJTeTFxVEhremFGcFhPVGxCUW5KcVZGRRAB,5,"Terima kasih Hotel Tentrem atas pelayananya, terutama untuk acara meeting hari ini. Dibantu dengan mas Rehan dari tim Banquet yamg sangat sigap membantu kebutuhan event kami. Very Recommended 👍🏻Jenis perjalananBisnisKamar: 5Layanan: 5Lokasi: 5Sorotan hotelMewah",terimakasih hotel tentrem pelayananya utama acara meeting bantu rehan banquet yamg sigap butuh event very recommended mewah,positif
Ci9DQUlRQUNvZENodHljRjlvT2pOR1ZtUlJVVnB3TjJ0clZqZzVOV3R2TWxCV1MxRRAB,5,"Salah satu hotel terbaik dengan service terbaik juga. Pelayanan security dan bellboy nya very good..
Kamar besar dan super duper nyaman.
Welcome drink nya produkan sidomuncul, minibar gratis produkan sido muncul juga.
Breakfast terbilang enak dan cukup banyakkkk variasi nya..
Gym,jacuzzi air hangat & dingin, dan pool nya juaraaa.. pool nya besar dan cantik banget kalo malem, dan pool nya tutup sampe jam 8.
Semoga suatu saat bisa langganan nginep di tentrem 💕Kamar: 5Layanan: 5",salah hotel service layan security bellboy very good kamar super duper nyaman minum produk sidomuncul minibar gratis sido muncul breakfast bilang enak variasi jacuzzi hangat dingin banget juara cantik kalo malam tutup sampe moga langgan nginep tentrem,positif
ChZDSUhNMG9nS0VMYjYwb21wd1otOFB3EAE,5,kids playgroundnya sangat besar dan lengkap... suasananya juga nyaman dan dingin... permainan lengkap dan up to date bahkan ada PS 5 juga... |terimakasih untuk pelayanan yang ramah dari Mba Chelsea dan Mba Berna..,kids playgroundnya lengkap suasana nyaman dingin main date terimakasih layan ramah berna,positif
ChdDSUhNMG9nS0VORzduWkxYOE9mTjl3RRAB,5,Sangat suka dengan permainan dan suasana di kids Playground nya tempatnya bersih boneka wangi dan empuk kakak chelsea juga ramah menjelaskan dengan detail apa yang saya tidak tau dan ketika anak saya bosan bisa membujuk agar tidak bosan,suka main suasana kids playground bersih boneka wangi empuk kakak ramah detail bosan bujuk,positif
ChZDSUhNMG9nS0VQUHBtdFBXaG9YSk1nEAE,5,Sangat suka di kids Playground tempatnya nyaman bersih anak saya suka dan ada kegiatan bikin gelang juga di bantu oleh mbak chelsea yg sabar ngajarin masukin satu satu next kalau di Jogja bakal ke sini lagi...,suka kids playground nyaman bersih giat bikin gelang bantu sabar ngajarin masukin next jogja,positif
Ci9DQUlRQUNvZENodHljRjlvT2t4QmNUY3hSRlUyTkhKRk9WVlpSMFptTkRKcWNHYxAB,5,"Kamarnya nyaman, servicenya bagus, mba sama masnya semuanya ramah. Gymnya sih yg paling kusuka dari hotel tentrem, alatnya lengkap banget. Sarapannya juga enak.Grup perjalananPasanganKamar: 5Layanan: 5Lokasi: 5Aktivitas di sekitarDeket tugu yogyaSorotan hotelMewah, Pemandangan yang indah, Romantis, Tenang, Cocok untuk anak-anak",kamar nyaman service bagus ramah gymnya suka hotel tentrem alat lengkap banget sarapan enak deket tugu yogya mewah pandang indah romantis tenang cocok,positif
Ci9DQUlRQUNvZENodHljRjlvT2tseU9IbGxWVkUwV0ZwWlNIUnhSbmQ1YzNOMVJYYxAB,5,"Big thank's bt @hoteltentrem.yogyakarta  tau aj anak sama bini gua hari ini dan bsk milad... di upgrade donk kamar ke dua nya dpt yg bathup, Terima kasih utk kamar pertama nya bs early check-in bt ortu kami yang lansia bs check-in jam 2, terbaik utk @hoteltentrem.yogyakarta🥰 utk ke 4x nya kembali ke hotel tentrem jogja dan selalu ngasih pelayanan luar biasa🥰😍Jenis perjalananLiburanGrup perjalananKeluargaKamar: 5Layanan: 5Lokasi: 5Sorotan hotelMewah, Pemandangan yang indah, Romantis, Cocok untuk anak-anak, Harga terbaik",thank hoteltentrem yogyakarta bini milad upgrade donk kamar bathup terimakasih early check ortu lansia hotel tentrem jogja ngasih layan mewah pandang indah romantis cocok harga,positif
Ci9DQUlRQUNvZENodHljRjlvT2xGdVJUbEZOMmd4ZWt4a1MyUkNMVFJuYkVGVGNtYxAB,3,"Belasan tahun saya keluar masuk hotel, yang kadang bintang 5, kadang bintang 2...

Baru kali ini ditolak hotel untuk nitip makanan di freezer. Ah, kalah sama hotel bintang 2...

Sayangnya ini hotel letaknya di kota Jogja yang notabene kota oleh2, mana besoknya pesawat pagi banget, kita udah siapin beli dari malem, eh ditolak mentah2... To be noted ukurannya juga kecil ya...

Kok ya nginep di sini gak bikin tentrem gitu... Jujur, ditolak gitu sama pihak hotel bikin aku jadi trauma

Mau pake alasan standar HACCP untuk mencegah cross contamination? Hmm.. Saya yakin bisa ada mitigasinya sih buat hal2 seperti itu, kalau MANAGEMENNYA CERDASJenis perjalananLiburanGrup perjalananKeluarga",masuk hotel kadang bintang kali tolak nitip makan freezer kalah sayang letak kota jogja notabene besok pesawat pagi banget udah siapin beli malam mentah noted ukur nginep bikin tentrem gitu jujur trauma pake alas standar haccp cegah cross contamination mitigasinya managemennya cerdasjenis jalan libur,netral
ChZDSUhNMG9nS0VKX08yTVhBeTRuU2ZnEAE,5,"Kalian keren loh pelayanan nya , super ramah sekali..  terutama dgn mba Meisi, mba tiara , Niko, Dona, dan Vidyan) yg bertugas di Executive lounge lantai 8 😍 ini sdh keberpa kalinya saya dan keluarga stay di hotel tentrem jogja.. dan akan selalu kembali kemari.. , terima kasih ya atas pelayanannya dan keramahan tamahan nya❤️❤️ …",keren layan super ramah utama meisi tiara niko dona vidyan tugas executive lounge lantai keberpa kali keluarga stay hotel tentrem jogja kemari terimakasih tamah,positif
Ci9DQUlRQUNvZENodHljRjlvT2xKc1VqaEdWblF6VDBjd2RsVk1TamszWW00d05HYxAB,5,"Selama nyobain beberapa hotel di Jogja, ini terthebest ya. Pelayanan memuaskan, kamar nyaman, breakfast lengap (asia-nusantara) dan no kaleng kaleng makanannya uenak uenak. Soal pelayanan ga diragukan, overall 9/10❤️Kamar: 5Layanan: 5Lokasi: 5",nyobain hotel jogja terthebest layan puas kamar nyaman breakfast lengap asia nusantara kaleng makan uenak ragu overall,positif
Ci9DQUlRQUNvZENodHljRjlvT2tJd2NWbE1ka2hYVFVGbE1XTlFYMWhXV1ZaNFMyYxAB,1,"Menyebalkan. Tidak ada layanan penyimpanan frozen food. Terlanjur beli bbrp bungkus gudeg ditolak dg alasan gudeg nya akan mengkontaminasi makanan lainnya. Sekelas tentrem apa tidak bisa provide freezer khusus utk tamu? No solusi, seperti ""itu bukan urusan saya, siapa suruh beli frozen food, aturan harus ditegakkan"".

Aturan jg tebang pilih. Waktu masuk restoran ditanya bajunya basah atau kering karena aku dari gym (kebetulan aku kering), setelahnya aku lihat ada tamu lain bajunya bener- bener basah keringat dr gym, masuk- masuk aja ke resto.

Jadinya ga tentremJenis perjalananBisnisGrup perjalananTunggalKamar: 2Layanan: 1Lokasi: 4",sebal layan simpan frozen food lanjur beli bungkus gudeg tolak alas kontaminasi makan kelas tentrem provide freezer khusus tamu solusi urus suruh atur tegak tebang pilih masuk restoran baju basah kering lihat bener keringat resto,negatif
Ci9DQUlRQUNvZENodHljRjlvT20xM1FuZElUbkExV25oUmNWZExabEEyYUZkd09WRRAB,5,"baru mau parkir...petugas hotel dari depan sampai mau naik lift aja ramah dan sopan semua....dibantu dg tangkas...fasilitas oke semua..sip dehJenis perjalananBisnisGrup perjalananTemanKamar: 5Layanan: 5Lokasi: 5Sorotan hotelMewah, Pemandangan yang indah, Tenang, Cocok untuk anak-anak",parkir tugas hotel lift ramah sopan bantu tangkas fasilitas mewah pandang indah tenang cocok,positif
Ci9DQUlRQUNvZENodHljRjlvT21wVGNHSjJUbUZFTTJoTFNWUjRjVkZoY0VsbWJIYxAB,5,"Saya menginap di Hotel ini dalam rangka kursus yang diadakah oleh Kedutaan Inggris. Kesan pertama masuk disambut oleh alunan gending jawa dan bau sereh yang khas, dan keramahan security maupun resepsionis. Kemudian masuk kamar, cukup bersih dan terawat rapi, jauh dari kesan horor. Makanan setiap hari membuat diri ingin mencoba dari satu menu ke menu lain.. All you can eat lah.. Dari menu khas Yogya hingga Western ada semua, cukup puas.. Jajanan pasarnya selalu tersedia bahkan ada jamu juga.. Mantap. Kolam renang dan Gym juga tersedia, paket lengkap untuk stay cation.. Terima kasih ya.. 5 hari pengalaman tinggal di hotel dan dibantu sama Mas Adrian yang sabar melayani kami selama kursus.Jenis perjalananBisnisGrup perjalananTemanKamar: 5Layanan: 5Lokasi: 5KamarBersih dan nyamanKeamanan24 jam terjaga... jangan khawatir.. aman.Makanan & minumanVariatif makanannya, minuman ada jamunya.Detail pentingDekat Malioboro dan pusat oleh-oleh.Sorotan hotelMewah",inap hotel rangka kursus duta inggris kesan masuk sambut alun gending jawa sereh khas ramah security resepsionis kamar bersih awat rapi horor makan coba menu yogya western puas jajan pasar sedia jamu mantap kolam renang paket lengkap stay cation terimakasih alam tinggal bantu adrian sabar layan nyaman aman jaga khawatir variatif minum malioboro pusat mewah,positif
Ci9DQUlRQUNvZENodHljRjlvT25OS2RYTjRUelpCTVdjeFExRXROMnBOVDJwd1NHYxAB,5,"Pelayanan resepsionis dan room service ramah dan cepat. Kamar tidur sangat luas. Makanan di restoran enak sesuai dengan lidah orang Indonesia. Security juga ramah dan wawasan baik terkait lingkungan sekitar ketika saya tanya tempat makan di sekitar hotel..Jenis perjalananBisnisGrup perjalananTemanKamar: 5Layanan: 5Lokasi: 5KamarKamar tidur luas, makanan resto enak enak.. cemilan dan minuman paling khas yaitu jamu.Sorotan hotelMewah",layan resepsionis room service ramah cepat kamar tidur luas makan restoran enak sesuai lidah orang indonesia security wawas kait lingkung hotel resto cemilan minum khas jamu mewah,positif
ChdDSUhNMG9nS0VJU0kxWmpHM04tNzZnRRAB,5,Enak sekali pelayanan dengan mbak Aida. Beliau menyarankan beberapa layanan yang sesuai dengan kondisi saya yang kurang enak badan. Hotel Tentrem selalu di hati.,enak layan aida beliau saran sesuai kondisi badan hotel tentrem hati,positif
Ci9DQUlRQUNvZENodHljRjlvT2tkNVIzRmpkbFp5T1VNMFJtbExZbEZOUmpSeGFIYxAB,5,"Kami menginap selama 1 minggu di Tentrem, sesekali kami test seberapa detail team housekeeping membersihkan kamar.

Dan ternyata detail dan bersih banget, bahkan sewaktu kami sedang di kamar pun tetap bersih dan detail.

Mas Ardi & Mas Feri, pekerjaan kalian sangat luar biasa. Patut menjadi contoh team housekeeping lain. Salut!Jenis perjalananBisnisGrup perjalananPasanganKamar: 5Layanan: 5Lokasi: 5Sorotan hotelMewah, Pemandangan yang indah, Romantis, Cocok untuk anak-anak, Harga terbaik",inap minggu tentrem sekal test detail team housekeeping bersih kamar nyata banget ardi feri kerja patut contoh salut mewah pandang indah romantis cocok harga,positif
ChdDSUhNMG9nS0VMWDBoT3V4cGR1eTRBRRAB,5,"Hotelnya cantik, bersih, mbak dan mas nya yang bantu bersih2 kamar juga baik, terutama mbak diani dan mas rian penuh senyum. Makasih mbak mas buat supportnya 😇 …",hotel cantik bersih bantu kamar utama rian penuh senyum makasih supportnya,positif
ChZDSUhNMG9nS0VMejh0SXlWMWJQUVFnEAE,5,"Jacuzzi gak ada lawan!! Enak bangeeeett Ya Allaaahh.. Pelayanan dari Mbak Aida dan Mbak Lina juga bintang 5 baik, informatif, ngasih banyak solusi. Tooooopp!!",jacuzzi lawan enak banget allahh layan aida lina bintang informatif ngasih solusi topp,positif
Ci9DQUlRQUNvZENodHljRjlvT2tKMVdYSlFTVUpGWDNkdWNUQmFXVzlMYXpsSFUxRRAB,5,"Salah 1 hotel terbaik di Jogja... Hotelnya nyaman banget.. dengan vibes2 tradisionalnya... Menurut saya, salah 1 hotel dengan menu makanan sarapannya yang terenak di jogja... pegawainya ramah2 dan buaik.. terutama mbak Belinda... yang bertugas di resto.. beliau bisa mengingat nama kami sekeluarga2 kami.. itu sangat bermakna mnrt saya... bahkan tau kesukaan saya dan keluarga saya apa ketika di resto trmasuk kesukaan anak kami.. oya di Tentrem juga ada playground untuk anak2 ya cukup luas dan bersih jadi kalau kita ada agenda seharian anak2 bs bermain di playground nya... spa nya juga enaaak vibes nya tenang...  Buat yang nyari hotel di Jogja... bisa jadi rekomendasi...Jenis perjalananLiburanGrup perjalananKeluargaKamar: 5Layanan: 5Lokasi: 5Kamarbagus bersih luas..Aktivitas di sekitardekat dengan malioboro... dan tugu...Makanan & minumanbreakfastnya enak2..Sorotan hotelMewah, Tenang, Cocok untuk anak-anak, Harga terbaik",salah hotel jogja nyaman banget vibes tradisional menu makan sarapan enak pegawai ramah buaik utama belinda tugas resto beliau keluarga makna mnrt suka trmasuk tentrem playground luas bersih agenda main tenang nyari rekomendasi kamarbagus aktivitas sekitardekat malioboro tugu minumanbreakfastnya mewah cocok harga,positif
Ci9DQUlRQUNvZENodHljRjlvT2tScWJUYzFhRUU0Y1RGNGJIbFpSa0U1TjFCemFrRRAB,5,"Menginap dua malam di sini di Mid July 2025 lalu.

Memang salah satu hotel legend dan berkelas di Yogya. Room, service dan breakfast nya 👍👍👍
Makanan khas Yogya banyak tersedia saat breakfastJenis perjalananLiburanGrup perjalananTemanKamar: 5Layanan: 5Lokasi: 4KamarLuass dan nyamanMakanan & minumanBreakfast juara 👍Sorotan hotelMewah, Tenang",inap malam july salah hotel legend kelas yogya room service breakfast makan khas sedia kamar luass nyaman juara mewah tenang,positif
Ci9DQUlRQUNvZENodHljRjlvT2psd1NUWlNTbWhXTkUxTlJHMTVTVzUyVm5kcFEwRRAB,5,Salah satu hotel yang terbaik di yogya. Point paling menonjol dari hotel adanya gym dan sauna yang oke sekali. Breakfast cukup enak dan variatif. Kamar bersih dan nyamanKamar: 5Layanan: 5Lokasi: 5,salah hotel yogya point tonjol sauna breakfast enak variatif kamar bersih nyaman,positif
ChZDSUhNMG9nS0VPbWktYjNybllXb01REAE,5,Pelayanan  nya sangat ramah dan hotelnya luas kolam renangnya juga bersih terimakasih mas rama mas tata dan mas ahmad yang sudah membantu,layan ramah hotel luas kolam renang bersih terimakasih tata ahmad bantu,positif
ChZDSUhNMG9nS0VOZnd3WURDLXBEVlBBEAE,5,Juara sih hotelnya. Kamarnya luas. Sarapannya uenak poll. Playground nya gede bgt . Anak happy ortunya pun happy. Mantap,juara hotel kamar luas sarapan uenak poll playground gede banget happy ortunya mantap,positif
Ci9DQUlRQUNvZENodHljRjlvT25sclduQlRkazFTVldsRlQwVkNXakZRT0ZkM1RtYxAB,5,"Hotel paling recomended ini.
Kalau kesini, paling andalan ada 2 :
1. Resto dengan menu pilihan khas nusantara
2. Fasilitas rendam air hangan dan dingin.

So, hotel lokal dg kualitas premium ya ini.Kamar: 5Layanan: 5Lokasi: 5",hotel recomended kesini andal resto menu pilih khas nusantara fasilitas rendam hang dingin lokal kualitas premium,positif
Ci9DQUlRQUNvZENodHljRjlvT2trMVlWcGxXVEpGVDBoSVJYTkJOeTB5WDFKck5sRRAB,5,"Rooms : Selalu bersih, tertata dengan baik dan rapih, semua peralatan berfungsi dengan baik.

Service : Pelayanan kebersihan dan pelayanan lainnya sangat memuaskan.

Lokasi : Sangat strategis dan mudah diakses.

Cleaning Service :
Mas Fajar dan Mba Maulinda, selalu bekerja dengan baik, cepat dan cekatan.Jenis perjalananBisnisGrup perjalananTemanKamar: 5Layanan: 5Lokasi: 5Sorotan hotelHarga terbaik",rooms bersih tata rapih alat fungsi service layan puas lokasi strategis mudah akses cleaning fajar maulinda kerja cepat cekat harga,positif
Ci9DQUlRQUNvZENodHljRjlvT25GNFRVdFdSemhCTUZkS2EwUklaV1J3UkZZMWFrRRAB,5,"Hotel Tentrem Yogyakarta benar-benar menawarkan pengalaman menginap yang luar biasa, memadukan kemewahan dengan sentuhan budaya Jawa yang kental. Berdasarkan pengalaman saya, ada beberapa hal yang membuat hotel ini sangat direkomendasikan.

Salah satu daya tarik utama Hotel Tentrem adalah sajian makanannya yang luar biasa. Mulai dari sarapan hingga makan malam, pilihan hidangan yang disajikan sangat beragam dan berkualitas tinggi. Anda bisa menemukan berbagai masakan lokal, Asia, hingga Barat yang semuanya diolah dengan cita rasa istimewa. Setiap hidangan terasa segar dan lezat, menjamin pengalaman kuliner yang memuaskan selama Anda menginap.

Staf di Hotel Tentrem sangat ramah dan profesional. Dari mulai kedatangan hingga kepulangan, setiap interaksi terasa hangat dan penuh perhatian. Mereka selalu siap membantu dengan senyum, memastikan setiap kebutuhan tamu terpenuhi dengan cepat dan efisien. Keramahan ini menciptakan suasana yang sangat nyaman dan membuat Anda merasa dihargai.

Kenyamanan kamar di Hotel Tentrem tidak perlu diragukan lagi. Setiap kamar didesain dengan elegan, dilengkapi dengan fasilitas modern dan tempat tidur yang sangat nyaman. Suasana di dalam kamar begitu tenang, cocok untuk beristirahat setelah seharian menjelajahi kota. Kebersihan dan kerapian kamar juga selalu terjaga dengan baik, menambah nilai plus untuk pengalaman menginap.

Terletak di lokasi yang strategis, Hotel Tentrem memudahkan akses ke berbagai destinasi populer di Yogyakarta. Anda tidak akan kesulitan untuk menjangkau tempat-tempat wisata, pusat perbelanjaan, maupun area kuliner terkenal. Ini tentu menjadi keuntungan besar bagi para wisatawan yang ingin memaksimalkan waktu mereka selama di kota pelajar ini.

Secara keseluruhan, Hotel Tentrem Yogyakarta adalah pilihan yang sempurna bagi  yang mencari pengalaman menginap mewah dan tak terlupakan.Jenis perjalananLiburanGrup perjalananKeluargaKamar: 5Layanan: 5Lokasi: 5Sorotan hotelMewah, Cocok untuk anak-anak, Harga terbaik",hotel tentrem yogyakarta tawar alam inap madu mewah sentuh budaya jawa kental dasar rekomendasi salah daya tarik utama saji makan sarapan malam pilih hidang ragam kualitas temu masak lokal asia barat olah cita istimewa segar lezat jamin kuliner puas staf ramah profesional pulang interaksi hangat penuh perhati bantu senyum butuh tamu cepat efisien cipta suasana nyaman harga kamar ragu desain elegan lengkap fasilitas modern tidur tenang cocok istirahat jajah kota bersih rapi jaga nilai plus letak lokasi strategis mudah akses destinasi populer sulit jangkau wisata pusat belanja area kenal untung wisatawan maksimal ajar sempurna cari lupa,positif
Ci9DQUlRQUNvZENodHljRjlvT2tweVdsSnZRWE5xVFRWRmQyTTFZV0pRVTJ0d1MyYxAB,1,"tolong untuk security kalo mengarahkan orang itu yang jelas, security banyak kok gaada yang jelas. saya mau mengantarkan orderan food ke customer saya, saya tanya di security1, katanya disuruh ke security2 nanti di arahkan, saya menghampiri security2, ada 2 orang dan mereka asik ngobrol aja, ga ngarahin dg jelas, katanya disuruh ke bawah nanti ada security3 dan akan diarahkan, saya ke security3, cuma diacungin untuk ke sebelah kiri, saya kira saya disuruh berhenti, soalnya ada tulisan ""food area"" atau apa tadi lupa, saya berhenti disitu dan ga diarahin apa"". tiba tiba security3 ngasih saya karcis parkir, dan saya gatau maksudnya apa, saya tidak dijelaskan apapun dari saya datang, cuma di arahin ke kiri aja gatau kiri yang mana intinya cuman nunjuk pake jari saja. ya saya berhenti aja, orang ada tulisan ""food area"" ya kan saya kira ini area untuk pengiriman orderan food. saya ditelpon customer saya lalu saya bertanya ke security3 untuk kejelasan pengantaran orderan food itu bagaimana, malah saya di ""gas"" padahal saya tanya baik baik, mana sok ganteng lagi, iuh, kesanya kaya marah ke saya, pdhl saya ga di bilangin apa"" malah bilang ""kan mba nya sudah saya bilangin tadi"" lah masnya aja ga bilang apa"" tiba tiba ngasih karcis aja, sama ngobrol di ht tok. gaada bilang apa"". ga usah sosoan ga salah mas, security kok ngejelasin ga bener, malah saat saya bingung, mereka asik ngobrol di ht. gaada tanggung jawab nya. saya engga takut dimarahin customer saya, cuman saya kasihan mba nya yang jadi perantara pengantaran itu bolak balik. sekelas hotel bintang lima? wkwkwk ketawain ajaLayanan: 1",tolong security kalo arah orang order food customer suruh asik ngobrol ngarahin diacungin belah kiri henti tulis area lupa situ diarahin ngasih karcis parkir gatau maksud arahin inti nunjuk pake jari kirim telpon ganteng kesanya kaya marah pdhl bilangin bilang sosoan salah ngejelasin bener bingung tanggung takut dimarahin kasihan kelas hotel bintang wkwkwk ketawain,negatif
Ci9DQUlRQUNvZENodHljRjlvT201UE1WQkhRbmRNVkRsRlprazBNMmRvYWpoMlowRRAB,5,"The best hotel in Yogyakarta! Pernah nginep beberapa kali di sini karena kerjaan kantor. Kamarnya luas dan sangat nyaman, bantal juga berlimpah hingga tersedia guling.

Makanan di resto untuk breakfast, lunch sama dinnernya amazing, variannya banyak dan enak enak, terutama makanan tradisional jawa.

Kalau mau pesen ojol atau pesen bakpia juga gampang, tinggal minta dianter ke Basement dan kita pickup. Untuk pengguna Grab, ada kupon voucher tambahan untuk delivery ke hotel Tentrem (sepertinya kerjasama).

Overall always have pleasant experience staying here. Highly recommended!",hotel yogyakarta nginep kali kerja kantor kamar luas nyaman bantal limpah sedia guling makan resto breakfast lunch dinnernya amazing varian enak utama tradisional jawa ojol bakpia gampang tinggal anter basement pickup grab kupon voucher delivery tentrem kerjasama overall always have pleasant experience staying here highly recommended,positif
ChZDSUhNMG9nS0VJdmF3ZXlLM2NDQUp3EAE,5,"Pertama saya mau review kamarnya, dikamar saya ada bangku didepan kasur dimana bngkunya itu ada banyak bercak2 gatau bercak apa. Untuk ACnya juga gabisa di control temperaturnya.

Untun breakfast lumayan beragam menunya namun 2 malam meningap breakfastnya tidam ada perubahan dengan hari sebelumnya.

Ada salah satu waiters laki2 saya ga sempet liat tag namanya. saya mesen teh, pas di sajikan ke saya cangkir tehnya penuh, bahkan sampai luber ke tatakan gelasnya, tehnya juga dingin dan tidak diberi sendok untuk mengaduk. Kemudian saya minta ke waiters lain dan diganti dengan ten baru yang penyajiannya jauh lebih proper.

Ketebalan dinding hotel juga tolong di cek lagi, suara dari kamar sebelah bocor. Saya bisa dengar orang ketawa dan ngobrol, bahkan anak kecil menangis saja saya bisa denger.

Dibalik kekurangannya hotel inj jg ada kelebihannya seperti free minibar dan welcome snack di dalam kamar, ada setrika dan papan setrika juga, roomboy dan resepsionisnya ramah.

Banyak sudut2 ruangan yg estetik dan bagus untuk berfoto.Jenis perjalananLiburanGrup perjalananKeluargaKamar: 4Layanan: 4Lokasi: 5Sorotan hotelPemandangan yang indah",review kamar bangku kasur bngkunya bercak gatau acnya gabisa control temperatur untun breakfast lumayan ragam menu malam meningap breakfastnya tidam ubah salah waiters laki sempet liat mesen saji cangkir penuh luber tata gelas dingin sendok aduk ganti proper tebal dinding hotel tolong suara belah bocor dengar orang ketawa ngobrol menang denger free minibar snack setrika papan roomboy resepsionis ramah sudut ruang estetik bagus foto pandang indah,positif
Ci9DQUlRQUNvZENodHljRjlvT25WeWMxbzJXRkJEUm5KallubzVhbGg2WmpNeVdWRRAB,5,"Salah satu hotel terbaik di Yogyakarta , kalau lewat depan hotelnya bakal terlihat banget fasadnya yang megah dan kelihatan mewah banget , Pelayanannya sampai fasilitasnya ku kasih bintang 5 semua , Lokasi strategis banget , ada di pusat kota jogja , pas banget deket Tugu Jogja dan Malioboro , Akses ke stasiun keret api juga deket banget , dan paling seru juga karna serba dekat dengan banyak tempat belanja dan cafe"" estetik di jogja , ga cuman cafe tapi banyak juga restaurant enak dekat Tentrem Hotel ini , hotelnya nyaman banget dan ada swimming pool nya juga , Breakfast di sini oke banget sampe bingung mau makan apa kalo jam sarapan pagi di restonya , buat yang liburan keluarga boleh banget coba nginep disini , RECOMENDED banget !Jenis perjalananLiburanGrup perjalananKeluargaKamar: 5Layanan: 5Lokasi: 5Kamar100% NYAMAN DAN BAGUS BANGETSorotan hotelMewah, Pemandangan yang indah, Romantis, Tenang, Cocok untuk anak-anak",salah hotel yogyakarta lihat banget fasad megah mewah layan fasilitas bintang lokasi strategis pusat kota jogja deket tugu malioboro akses stasiun seru karna serba belanja cafe estetik restaurant enak tentrem nyaman swimming breakfast sampe bingung makan kalo sarapan pagi restonya libur keluarga coba nginep recomended bagus bangetsorotan pandang indah romantis tenang cocok,positif
Ci9DQUlRQUNvZENodHljRjlvT25ZM1ZsOVFjbWxLYjFRek1FeHVTMnBJVFV0T2VIYxAB,1,"Cara komunikasi seorang marketing wedding dari Tentrem Hotel Yogyakarta sungguh tidak mencerminkan seorang marketing hotel bintang lima. Ketus, kaku, tidak ramah, dan banyak testimoni dari pihak lain yang juga mengalami hal serupa. Sayang sekali, padahal untuk aspek2 lainnya Hotel Tentrem Yogyakarta layak diacungi jempol. Semoga kedepannya dapat dipertimbangkan serta diperbaikiKamar: 4Layanan: 1Lokasi: 4",komunikasi orang marketing wedding tentrem hotel yogyakarta sungguh cermin bintang ketus kaku ramah testimoni alami rupa sayang aspek layak acung jempol moga timbang,negatif
Ci9DQUlRQUNvZENodHljRjlvT2xjeFUwTkRNVUZFTUdwRlREZFJSMlU1U1VrMFVYYxAB,5,"Kamarnya selalu bersih, semua petugas hotel ramah ramah, sering menyapa kalo ketemu pas pasan lewat gitu, paling seneng kalo di sapa pake bahasa jawa sama semua petugas hotel disana 10/10 untuk hotel ini✨️Jenis perjalananBisnisGrup perjalananTemanKamar: 5Layanan: 5Lokasi: 5KamarKamar selalu bersih dan rapiAktivitas di sekitarTenang seperti namanya tentrem (tentram)KeamananGoodArea untuk berjalan kakiKurang lebih 800meter dari tugu jogjaMakanan & minumanEnak enakDetail pentingKalo buat staycation atau untuk urusan bisnis, hotel ini recommend pokoknya👍🏻Sorotan hotelMewah, Pemandangan yang indah, Romantis, Tenang, Cocok untuk anak-anak, Harga terbaik, Berteknologi tinggi",kamar bersih tugas hotel ramah sapa kalo ketemu gitu neng pake bahasa jawa rapi tenang tentrem tentram good meter tugu jogja enak staycation urus bisnis recommend pokok mewah pandang indah romantis cocok harga teknologi,positif
Ci9DQUlRQUNvZENodHljRjlvT2xCSmVVNDVhRUowZEZsQ2RGQjZOSEZ0YzJKdGFYYxAB,5,"Kemarin pas kesitu liftnya error mulu, sampek naik 10 menitan baru bisa keluar dari hotel, cuma karena nunggu liftKamar: 5Layanan: 5Lokasi: 5",kemarin kesitu lift error mulu sampek menit hotel nunggu,positif
Ci9DQUlRQUNvZENodHljRjlvT21SNmNtWllNRUZ2VUhKVmJHNUNiRE5vYmtaNGRXYxAB,5,nginep sekeluarga dan Alhamdulillah dpt kamar connecting..jadi rame dan kamarnya .sarapan seperti biasa banyak variasi dan enak enak..ga pernah kecewa the best soal staf pelayanan dan semua..terima kasih tentrem ..lain waktu Dateng lagi..Jenis perjalananLiburanKamar: 5Layanan: 5Lokasi: 5,nginep keluarga alhamdulillah kamar connecting rame sarapan variasi enak kecewa staf layan terimakasih tentrem dateng,positif
Ci9DQUlRQUNvZENodHljRjlvT214dVRrVkxla2xvYkRScmFUUnBSVUZwVTJSWFRGRRAB,5,"Hotel yang selalu bikin kangen kalo lg ke jogya, hotelnya wangi lemongrass yang buat saya suka, staff hotel yang helfull, dengan design modern jawa sangat nyaman banget, sarapan disini jg enak enak, disini ada eskrim rasa jamu.Jenis perjalananLiburanGrup perjalananKeluargaKamar: 5Layanan: 5Lokasi: 5Sorotan hotelMewah, Tenang",hotel bikin kangen kalo jogya wangi lemongrass suka staff helfull design modern jawa nyaman banget sarapan enak eskrim jamu mewah tenang,positif
Ci9DQUlRQUNvZENodHljRjlvT21SeVZuTTNMVVZDY0VSaVEwOTBhM1JhTFRKdGFYYxAB,5,"Hotel terbaik di Jogja, ambience bagus adem tentrem. F & B saat breakfast ok, baik rasa maupun pilihan menu. Kamar space cukup besar, baik kamar tidur maupun bathroom. Ruangan Gym luas dan alat alat lengkap, ada sauna dan whirlpool.  Overall ok lah sebanding dengan harga.Kamar: 4Layanan: 5Lokasi: 5",hotel jogja ambience bagus adem tentrem breakfast pilih menu kamar space tidur bathroom ruang luas alat lengkap sauna whirlpool overall banding harga,positif
Ci9DQUlRQUNvZENodHljRjlvT21kemIxQTRhMVk1WVd3MVdURjBWUzExWTBjMVZGRRAB,5,"Terakhir ke sini sekitar 6 tahun lalu, waktu itu acara dari AIA.

Dan baru kesampean ke sini lagi barusan. Nginep semalem aja, dan semoga nanti bisa nginep di sini >3 hari.

Pelayanannya outstanding, semuanya ramah. Dan banyak banget compliment nya di kamar.

Always stunning in service quality. Makanan di restonya jg enak.

Oh ya, satu lagi… matahari nya tidak langsung kena kolam renang. Jadi tidak cepet panas.Kamar: 5Layanan: 5Lokasi: 5",acara sampean barusan nginep semalem moga layan outstanding ramah banget compliment kamar always stunning service quality makan restonya enak matahari langsung kena kolam renang cepet panas,positif
Ci9DQUlRQUNvZENodHljRjlvT2pGNlZtRm9XRXgzZGs4MVJESnNTM1F5UlRCSU4wRRAB,5,"Maaf Foto” uda pd di hapus. Hotel Mewah dengan staf” ramah dari lobby, resto smp tmp spa. Kolam renang luas kalo malem suasana tenangin dan nyamanJenis perjalananLiburanGrup perjalananPasanganKamar: 5Layanan: 5Lokasi: 4KamarBlessed dapet free upgrade room unt Anniversary dan dpt di Room Hook sehingga dpt 2 balcony with view kamar luar. Suasana nyaman. Sangat ramah dan spa nya mewahKeamananAman banyak petugas dan security di depan bahkan di bantu menyebrang jalan.Area untuk berjalan kakiDapat berjalan kaki di dpn hotel ada warung makanan. Persis sebelah kiri hotel ada cafe dengan pohon” yg rindangMakanan & minumanWelcome drink Jamu dan juice. Banyak pilihan coklat di bar. Menu sarapan lengkap dan kids friendly menu. Jangan lupa cobain White Kopi khas Tentrem. Hotel mewah dengan harga terbaik di YogyaDetail pentingAda toko” batik dan accessories serta menjual bath gel dan body lotion harum sekali di Loby. Kalo ga salah ingat ada Indomaret atau Alfamart di seberang hotel. Dibantu Security unt penyebrangan. Sangat ramahSorotan hotelMewah",maaf foto hapus hotel mewah staf ramah lobby resto kolam renang luas kalo malam suasana tenangin nyaman kamar blessed dapet free upgrade room anniversary hook balcony with view aman tugas security bantu menyebrang jalan kaki warung makan persis belah kiri cafe pohon rindang minum jamu juice pilih coklat menu sarapan lengkap kids friendly lupa cobain white kopi khas tentrem harga yogya toko batik accessories jual bath body lotion harum loby salah indomaret alfamart seberang penyebrangan,positif
Ci9DQUlRQUNvZENodHljRjlvT2kxcU5IaHVlV2x4V1VwSlVteDZRV0ZZV21ZME1VRRAB,5,"Hotelnya bagus sekali, cocok untuk di laksanakan berbagai event internasional, parkiran nya luas, kamarnya bagus, hall nya juga mampu menampung banyak tamu, makanan nya juga enakJenis perjalananBisnisGrup perjalananTemanKamar: 5Layanan: 5Lokasi: 5Sorotan hotelMewah, Pemandangan yang indah, Romantis, Tenang, Cocok untuk anak-anak, Harga terbaik, Berteknologi tinggi",hotel bagus cocok laksana event internasional parkir luas kamar hall tampung tamu makan enak mewah pandang indah romantis tenang harga teknologi,positif
Ci9DQUlRQUNvZENodHljRjlvT2tzMVQzUnNPRUZxWmxnemJVUTFVRXhSUjJ4SU1IYxAB,5,"Hotel terbesar di Jogja, Hotel para tamu Sultan semua nginap disini. Banyak artis mancanegara dan lokal juga stay di sini.
Kemarin stay ketemu  RI 2, dan Ex. Presiden Timor Leste juga. Kerreen Hotel nyaJenis perjalananBisnisGrup perjalananKeluargaKamar: 5Layanan: 5Lokasi: 5KamarSangat Nyaman, Fasilitas LengkapAktivitas di sekitarSangat Ramai, karena di Pusat KotaKeamananSangat sangat aman, Didepan ada Markas Komando ADArea untuk berjalan kakiKemana mana dekat karena di pusat kota, mau Jogging pagi pagi juga aman.Makanan & minumanMakanan nya jangan ditanya..LUAR BIASA paling enak dan banyak Variasi menu nya, Selama ini untuk saya Hotel Tentrem yang ter-enak.Sorotan hotelMewah, Pemandangan yang indah, Romantis, Tenang",hotel jogja tamu sultan nginap artis mancanegara lokal stay kemarin ketemu presiden timor leste kerreen kamar nyaman fasilitas lengkap ramai pusat kota aman markas komando adarea jalan kaki jogging pagi makan enak variasi menu tentrem mewah pandang indah romantis tenang,positif
Ci9DQUlRQUNvZENodHljRjlvT2t0aE9ETklXV3BIVG5sd00zSlRTa3BKVlRCWGJFRRAB,5,"Hotel khas Indonesia yang keren. Fasilitas lengkap, cocok buat keluarga maupun bisnis trip. Lokasi di tengah kota, di tepi sungai Code. Sarapan pagi lengkap dan enak, beberapa hari di sini tak akan bosan dengan menu yang disediakan.Jenis perjalananLiburanGrup perjalananTeman",hotel khas indonesia keren fasilitas lengkap cocok keluarga bisnis trip lokasi kota tepi sungai code sarapan pagi enak bosan menu sedia,positif
Ci9DQUlRQUNvZENodHljRjlvT25wU1lXZElVV2hZWDFNdFRIZHJOV05rTTA1MGNGRRAB,5,"Karyawannya ramah2, masakannya enak2 semua,full senyum + perhatian sukses selalu hotel tentrem 👍👍👍Jenis perjalananBisnisGrup perjalananKeluargaKamar: 5Layanan: 5Lokasi: 5Sorotan hotelMewah",karyawan ramah masakan enak full senyum perhati sukses hotel tentrem mewah,positif
Ci9DQUlRQUNvZENodHljRjlvT2tGU01uVkNZbkJNWm1aVFZucDJhRWhtVkdoclduYxAB,5,"Kamarnya luas gak sempit, pelayanannya ramah, breakfastnya enak bangeeet tidak asin cocok di lidah buat semua kalangan, suasananya juga syahdu sekaliii. The best pokonyaa… kalo ke jogja lagi wajib bermalam disini lagiii🙏🏻👍🏻👍🏻👍🏻Kamar: 5Layanan: 5Lokasi: 5",kamar luas sempit layan ramah breakfastnya enak banget asin cocok lidah kalang suasana syahdu pokonyaa kalo jogja wajib malam,positif
ChdDSUhNMG9nS0VOZkVvXzdmbjgyeXVBRRAB,5,"Hotel nya bagus dan megah. Staff nya ramah. Checkin berjalan mulus, tapi ada bawaan saya yang tertinggal oleh bell boy dibawah. Baru sadar ketika sampai diatas.

Kamar AC cukup dingin, interior nya cantik. Bersih, free complimentaries minuman dari perusahaan sendiri. 5 stars tidak perlu tunggu customer suruh setting extra bed, sudah sampai kamar hotel masih harus tunggu setting dll. Padahal sudah bayar transfer semua diawal sebelum kedatangan. Perlu ditingkatkan service dan kesadarannya, karena ramah saja tidak cukup.

Breakfast lengkap, sangat lengkap baik western, indonesia, chinese pun ada. Tapi lack of quality bahan yang dipakai. Fresh juice wortel kasi orang wortel lokal yg umbinya merekah kering, no juice on it. Dan sayur yang dipakai cuma itu aja main di combine biar keliatannya menunya banyak. Kurang menarik.

Paling menarik cuma fasilitas seperti gym dan swimming pool nya. Ada sauna dan jacuzzi di dalam. Wall of fame sepanjang tempat gym, ada foto2 dan ttd artis yg pernah nginap di tentrem. Gym so complete. Best so far nginep di hotel bintang 5.

Overall recommended untuk stay di tentrem. Lokasi juga dekat di tengah kota.Jenis perjalananLiburanGrup perjalananKeluargaKamar: 5Layanan: 5Lokasi: 5Sorotan hotelMewah",hotel bagus megah staff ramah checkin jalan mulus bawa tinggal bell sadar kamar dingin interior cantik bersih free complimentaries minum usaha stars tunggu customer suruh setting extra bayar transfer tingkat service breakfast lengkap western indonesia chinese lack quality bahan pakai fresh juice wortel kasi orang lokal umbi mere kering sayur main combine biar liat menu tarik fasilitas swimming banget sauna jacuzzi wall fame foto artis nginap tentrem complete nginep bintang overall recommended stay lokasi kota mewah,positif
ChZDSUhNMG9nS0VQbmF3NVRFdzRiY093EAE,5,"Staff gaharu ramah ramah terlebih locker yang untuk laki lakinya juga bersih dan terawat ,respon nya juga cepat ketika tamu butuh bantuan",staff gaharu ramah locker laki bersih awat respon cepat tamu butuh bantu,positif
Ci9DQUlRQUNvZENodHljRjlvT2w4MGVrb3hTSFZsVWtGVGRrTk5RMnhtYlMxamIzYxAB,5,"Hotelnya sangat bagus... trimakasih buat mas Koko sama mas Doni telah membersihkan kamar saya, pelayanannya sangat memuaskan...Jenis perjalananBisnisGrup perjalananKeluargaKamar: 5Layanan: 5Lokasi: 5",hotel bagus trimakasih doni bersih kamar layan puas,positif
Ci9DQUlRQUNvZENodHljRjlvT2pjMFVsbHFaME5zZEZWd1lWUk1VMjFwYldsek5GRRAB,3,"suara tv dari kamar sebelah terdengar sepanjang malam, sudah komplain tapi tidak ada perubahan. kapok kesini lagi, tidak bisa istirahat sama sekali.Jenis perjalananLiburanKamar: 3Layanan: 3Lokasi: 4",suara kamar belah dengar malam komplain ubah kapok kesini istirahat,netral
Ci9DQUlRQUNvZENodHljRjlvT2xwQ1EwSlBlbEozVURSWGNFRnRiR2hLTkhVNVowRRAB,3,"Ada beberapa catatan
1.Hotel kelas bintang 5 vallet parking berbayar
2.Kids playground kurang byk mainannya buat anak²
3.Kids playground masa pendamping saja harus menggunakan kaos kaki & menawari kaos kaki berbayar jelas amat marketingnya.Jenis perjalananLiburanGrup perjalananKeluargaKamar: 5Layanan: 2Lokasi: 5Sorotan hotelMewah",catat hotel kelas bintang vallet parking bayar kids playground main damping kaos kaki tawar marketingnya mewah,netral
Ci9DQUlRQUNvZENodHljRjlvT2tSb09YZzJTMnAyZGtGMk1GSjNWWFJZZEdGeFkzYxAB,3,"Menu sarapan bervariasi std untuk rasa
Ranjang enak tp kamar kurang kedap suara
Kamar mandi shower head nya bocor
Tp msh bs d pakai
dan mlm jg ada live music jd agak berisik krn suara sampai ke dlm kamar dan ga bs diapa2in
Untuk ranjang empuknya pas (mnrt sy)
Untuk yg bawa anak kolam renang std tdk ad slide dll jd bw mainan sendiriKamar: 3Layanan: 3Lokasi: 4",menu sarapan variasi standar ranjang enak kamar kedap suara mandi shower head bocor pakai malam live music berisik empuk mnrt bawa kolam renang slide main,netral
Ci9DQUlRQUNvZENodHljRjlvT25sd2VHSmhYMDR5UlhGU1JUQkphVmRuZHkxQk9VRRAB,5,"Diundang sarapan bareng teman di sini.. Ramah pelayanannya.. Nyaman banget suasana hotelnya.. Tidak salah kalau bintang 5 hotel ini.. 🥰👍Jenis perjalananLiburanGrup perjalananTemanLayanan: 5Lokasi: 5Sorotan hotelMewah, Tenang",undang sarapan bareng teman ramah layan nyaman banget suasana hotel salah bintang mewah tenang,positif
Ci9DQUlRQUNvZENodHljRjlvT205MFVtRkxTVk5oUjNsclEwOHhjbFJRVG1kVlkyYxAB,5,"Kali kedua nginep di hotel ini, sangat menyenangkan suasana kamar, breakfast, dan servis.
Cuma di kamar tidak didapati arah kiblat yang gak penting buat sebagian tamu, tetapi sangat penting buat saya dan tamu muslim lainnya.
Mudah2 mendapat perhatian pihak manajemen.Jenis perjalananLiburanGrup perjalananKeluarga",kali nginep hotel senang suasana kamar breakfast servis arah kiblat tamu muslim mudah perhati manajemen,positif
Ci9DQUlRQUNvZENodHljRjlvT2tWUVdtVTNPWG8wVmpGNWJ6RjBUak50VkhkSFJVRRAB,5,Hotel bintang 5 de best aku suka aroma parfum nya jawa bangetKamar: 5Layanan: 5Lokasi: 5,hotel bintang suka aroma parfum jawa banget,positif
Ci9DQUlRQUNvZENodHljRjlvT21rM01UbEJkbmgyWW5CelRtTlZka3M0VDNNd2FIYxAB,5,"Di bathroom akan lbh bagus lagi kalau di buatkan pegangan agar tamu ( terutama lansia) tidak terjatuh karena lantai yg licin akibat air sabun / shampo pada saat mandi
Good luck & regardJenis perjalananLiburanGrup perjalananKeluargaKamar: 5Layanan: 5Lokasi: 4Kamar👍👍👍👍👍Aktivitas di sekitar👍👍👍Keamanan👍Area untuk berjalan kakiTraffic jamsMakanan & minuman👍👍👍Detail pentingSee aboveSorotan hotelMewah",bathroom bagus pegang tamu utama lansia jatuh lantai licin akibat sabun shampo mandi good luck regard kamar traffic jams above mewah,positif
Ci9DQUlRQUNvZENodHljRjlvT21kMVlXRTFVRWx5ZWxsUlZFSlRTRTVQTVdGRGVVRRAB,5,"Hotel favorit, makanan dan minumannya lengkap banyak pilihan dan bersih. Pelayanan ramah, hari ini dilayani oleh mas Rossi, hotel terbaik dijogja setiap liburan pasti menginap di hotel Tentrem cocok banget buat liburan bersama keluargaKamar: 5Layanan: 5Lokasi: 5",hotel favorit makan minum lengkap pilih bersih layan ramah rossi dijogja libur inap tentrem cocok banget keluarga,positif
Ci9DQUlRQUNvZENodHljRjlvT2xoaFNreDNkR05aTjFJNFFrMVRhVnB2UmpVMlVrRRAB,5,"Sarapannya sangat memuaskan, banyak pilihan menu dan ruangan resto yang luas.
Kamar bersih dan mewah.
Pelayanan staf juga ramah.
Tempat fitness luas dan lengkap 👍🏻Jenis perjalananBisnisGrup perjalananPasanganKamar: 5Layanan: 5Lokasi: 5Sorotan hotelMewah, Romantis, Cocok untuk anak-anak, Berteknologi tinggi",sarapan puas pilih menu ruang resto luas kamar bersih mewah layan staf ramah fitness lengkap romantis cocok teknologi,positif
Ci9DQUlRQUNvZENodHljRjlvT21WRmJUQm1MV1l3VFc1eVJsOWZNVmxPVFhkRk1FRRAB,5,"Menyenangkan menginap disini  , kamar ok,
Kebersihan ok,  semua ok

Trima kasih buat ms fajar dan maula ,  atas service kamar nya 👍👍Jenis perjalananBisnisGrup perjalananPasanganKamar: 5Layanan: 5Lokasi: 5Sorotan hotelPemandangan yang indah",senang inap kamar bersih trima fajar maula service pandang indah,positif
Ci9DQUlRQUNvZENodHljRjlvT2tnemFuZFFXbU5PY2s4d2VraHVVVEJyUVZwcE1HYxAB,5,"Hotel tentrem yg buat hati bener2 tentrem. Pelayanan bagus, security dll ramah2. Playground, kolam renang, gym, jacuzzi lumayan besar. Soal makan jgn ditanya, mantap.
Jajanan pasar khas jogja yg terbaik. Mksh hotel tentremKamar: 5Layanan: 5Lokasi: 5",hotel tentrem hati bener layan bagus security ramah playground kolam renang jacuzzi lumayan makan mantap jajan pasar khas jogja mksh,positif
Ci9DQUlRQUNvZENodHljRjlvT210VVRFeHlNbXQ2U2xOeFZtc3hVMGxLVkd0S01rRRAB,5,"saya menginap disini sangat senang di karenakan pegawainya sangat ramah terutama bagian housekeeping yang bernama Hadat, Andika,Bram,novander,Jonatan dan Ilham gak nyesel bisa menginap disini besok kalau ke Jogja pasti mau nginep di hotel tentrem.Kamar: 5Layanan: 5Lokasi: 5",inap senang pegawai ramah utama housekeeping nama hadat andika bram novander jonatan nyesel besok jogja nginep hotel tentrem,positif
Ci9DQUlRQUNvZENodHljRjlvT2xKU05qWktaRE5tTVZJNGNWRkdWMVJFUWpOYWNrRRAB,5,"Hotel wangi. Bagus staff ramah

Mas dandi
Mas Ferianto
Mas Aziz

Dari team house keeping. Ramah, kerja bersih.Jenis perjalananBisnisGrup perjalananTemanKamar: 5Layanan: 5Lokasi: 5Sorotan hotelMewah",hotel wangi bagus staff ramah dandi ferianto aziz team house keeping kerja bersih mewah,positif
ChZDSUhNMG9nS0VPLWFpcXlnOXBxRmRREAE,5,"Selalu Tentrem menginap disini.
Kamar very spacious, luas, ranjang double tp size besar sehingga muat dua orang. Breakfast never failed!

Playground, pool, gym, jacuzzi jg besar.
Jajanan pasar & jamunya terbaik, semua makanan enakkk! Servicenya jg best ❤️
Service dari setiap mas mbak nya 👍🏻Kamar: 5Layanan: 5Lokasi: 5",tentrem inap kamar very spacious luas ranjang double size muat orang breakfast never failed playground banget jacuzzi jajan pasar jamu makan enak service,positif
Ci9DQUlRQUNvZENodHljRjlvT2tOa1NtdG9OblEzUWxwR05XNUZTWGRSYzNkRE0zYxAB,5,"Salah satu hotel terbaik di yogyakarta, fasilitasnya sebanding dengan harga yg ditawarkan. Hotel yg terafiliasi dengan SIDO grup , jadi banyak produk produk dari SIDO yg ada di hotel ini

Ketika awal datang, akan disambut dengan permainan musik gamelan dan suara sinden yg merdu. Terdapat welcome drink berupa berbagai macam jamu yang disajikan.

Fasilitas :
- Kids Playground
- Kolam renang
- Resto
- Ballroom
- Billiard
- Gym
- Spa
Dll.

Untuk Breakfast terdapat banyak sekali pilihan makanan dan semua rasanya enak. Terdapat makanan makanan atau jajan tradisional jawaKamar: 5Layanan: 5Lokasi: 5",salah hotel yogyakarta fasilitas banding harga tawar afiliasi sido grup produk sambut main musik gamelan suara sinden merdu minum jamu saji kids playground kolam renang resto ballroom billiard breakfast pilih makan enak jajan tradisional jawa,positif
ChZDSUhNMG9nS0VJbkEyODNJb1BQUEt3EAE,5,"Hotel Tentrem Jogjakarta, merupakan salah satu hotel rekomendasi saat melakukan perjalanan dinas ataupun wisata. Memliki lobby yang luas dengan pelayanan dari para petugas yang ramah.  Kamar tidur cukup lega lengkap dengan Minibar, TV, AC dan Brankas. Nuansanya tentrem membuat istirahat menjadi tenang .Jenis perjalananBisnisKamar: 5Layanan: 5Lokasi: 5",hotel tentrem jogjakarta rupa salah rekomendasi laku jalan dinas wisata memliki lobby luas layan tugas ramah kamar tidur lega lengkap minibar brankas nuansa istirahat tenang,positif
Ci9DQUlRQUNvZENodHljRjlvT2tadFVuQkpXR2hFVVdSRGJXSnJZVTFvTFdJNU0wRRAB,5,Sangat cepat & tanggap saat dibutuhkan keperluan kamar. contohnya saya memerlukan 2 handuk. simpel tetapi saya merasa nyaman menginap di hotel ini. Atas nama Mas Hadat Bahaul AnamJenis perjalananLiburanGrup perjalananKeluargaKamar: 5Layanan: 5Lokasi: 5,cepat tanggap butuh kamar contoh handuk simpel nyaman inap hotel hadat bahaul anam,positif
ChdDSUhNMG9nS0VKMnlyZHY2cHNYeHlBRRAB,5,"Staycation di sini sungguh menenangkan seluruh tubuh.

Disambut dengan aroma sereh tipis-tipis dan profesional front lobby, membuatku tak perlu repot menunjukkan bukti pembelian voucher. Apakagi asa welcoming drink berupa jamu-jamu Sidomuncul yang rasanya enak buat aku yang tak biasa minum jamu.

Kamarnya tergolong luas dengan twin bed dan 1 sofa panjang. Leluasa sekali di kamar ini. Pemandangan dari sofa terbilang real menampakkan langit Yogya.

Berhubung kemarin itu hujan, sehingga kami bermain di hotel, ada billiard, bisa nge gym (yang peralatannya aduhai), atau sekadar duduk-duduk di tepi kolam renang. Musik lembut yang menjadi latar tawa anak, denting gelas, suara rendah percakapan orang dewasa menjadi musik alam yang cantik untukku. Sebelum kembali ke kamar kami menikmati museum Sidomunculnya.

Breakfastnya juaraaa....aneka menu tersedia. Mulai dari jajan pasar sampai super food. Dari bubur lemu sampai mie ayam Bangka. Dari roti kukus Bandung sampai gelato enak. Ada fresh juicenya juga, bisa kita kombinasikan buah yang mau di jus.

Untuk tetirah hotel ini top markotop.Jenis perjalananLiburanGrup perjalananKeluargaKamar: 5Layanan: 5Lokasi: 5KamarKamar luas dengan kelengkapan yang mencakup hampir srmua kebutuhan, mulai dari jubah mandi, brankas, meja setrika, sampai hair dryer.Makanan & minumanLengakp ragam makanan dan minumannya.Sorotan hotelMewah, Romantis, Tenang, Cocok untuk anak-anak",staycation sungguh tenang tubuh sambut aroma sereh tipis profesional front lobby repot bukti beli voucher apakagi welcoming minum jamu sidomuncul enak kamar golong luas twin sofa leluasa pandang bilang real langit yogya hubung kemarin hujan main hotel billiard alat aduhai duduk tepi kolam renang musik lembut latar tawa denting gelas suara rendah cakap orang dewasa alam cantik nikmat museum sidomunculnya breakfastnya juara aneka menu sedia jajan pasar super food bubur lemu ayam bangka roti kukus bandung gelato fresh juicenya kombinasi buah tetirah bagus markotop lengkap cakup srmua butuh jubah mandi brankas meja setrika hair dryer lengakp ragam makan mewah romantis cocok,positif
Ci9DQUlRQUNvZENodHljRjlvT2s5VU0xOWtlakE0Y1Voa2VYWnNZVzk0T0ZKUGRGRRAB,5,"Sayang parkiran basement, mesin harus dimatikan. Gak bisa ngadem. Mungkin pihak manejemen bisa memberikan solusi agar ada sirkulasi udara sejuk bagi driver² yang standby. Dan juga sediakan colokan untuk charge hp.
Suwun",sayang parkir basement mesin mati ngadem manejemen solusi sirkulasi udara sejuk driver standby sedia colok charge suwun,positif
ChdDSUhNMG9nS0VNXzd6WmpybzU3MTlRRRAB,1,"Hotel Tentrem selalu jd pilihan utama kalau ke Jogja dan Semarang. Selalu puas. Kecuali 2 kejadian ini:

1. Suami selesai acara di hotel jam 22:30 semalam, lalu telpon resepsionis untuk pick up laundry. Tapi tidak ada yang mengangkat, lalu telpon Room Service (tombol bagian atas di telepon kamar), ada yang mengangkat dan akan dikirim orang untuk ambil. Nyatanya, kami tunggu sampai tengah malampun tidak ada yang pick up. Kalau memang tidak bisa diambil malam itu, mengapa tidak langsung bilang saja. Apakah karena fasilitas laundry ini included jadi dianggap ga menguntungkan, jadinya dicuekin?

2. Saya sarapan pagi ini ke LG, saya minta 4 telur rebus. Saya minta pada mbak yg berkacamata, ada 2 org lainnya yang sedang memotong tomat, mendengar saya minta 4 butir telur, mereka noleh melihat saya. Apakah aneh? Apakah harus di 'adili' dengan tatapan?

Dalam welcoming card di kamar ditulis oleh GMnya : apabila memerlukan bantuan, silakan menghubungi kami?
Apakah kata-kata itu hanya default kartu?Kamar: 5Layanan: 1Lokasi: 5Sorotan hotelMewah",hotel tentrem pilih utama jogja semarang puas kecuali suami selesai acara malam telpon resepsionis pick laundry angkat room service tombol telepon kamar kirim orang ambil nyata tunggu langsung bilang fasilitas included anggap untung dicuekin sarapan pagi telur rebus kacamata potong tomat dengar butir noleh lihat aneh adil tatap welcoming card tulis gmnya bantu sila hubung default kartu mewah,negatif
Ci9DQUlRQUNvZENodHljRjlvT25BMFRUUTFOako2YVMxZmFreHlXa2RPVVdWM1UzYxAB,5,Restorannya salah satu restoran terbaik. Menunya lengkap dan menyediakan es krim aneka varian. Semua menunya enak dan fresh.,restoran salah menu lengkap sedia krim aneka varian enak fresh,positif
Ci9DQUlRQUNvZENodHljRjlvT2pOVGJVVjZXVUZKWWxvd1VuZHVRV3hxWlV0WlRWRRAB,5,"Kamar super nyaman.
Pelayanan juara.
Lokasi strategis.
Setengah jam jalan kaki ke Malioboro.Jenis perjalananBisnisGrup perjalananTunggalKamar: 5Layanan: 5Lokasi: 5Sorotan hotelMewah, Tenang",kamar super nyaman layan juara lokasi strategis jalan kaki malioboro mewah tenang,positif
Ci9DQUlRQUNvZENodHljRjlvT2xWeE1XbzFUV0V5YTFGa2Rra3haMmxhWm1kZlpGRRAB,5,"Mantab segalanya, sarapan lengkap menunya, kamar OK punya, semua ruang penuh seni budaya, staf hotel ramah semuaKamar: 5Layanan: 5Lokasi: 5",bagus sarapan lengkap menu kamar ruang penuh seni budaya staf hotel ramah,positif
Ci9DQUlRQUNvZENodHljRjlvT2xsbGJ6RjBNREY2YXpOWlJITkVNbEZTUW1wNlltYxAB,5,"2 kali ke sini ambil makanan pelayanannya baguss,,tempat baguss mewah megah ,suasana tenangJenis perjalananLiburanGrup perjalananTunggalKamar: 3Layanan: 5Lokasi: 5Sorotan hotelMewah, Pemandangan yang indah, Romantis, Tenang, Cocok untuk anak-anak, Harga terbaik",kali ambil makan layan bagus mewah megah suasana tenang pandang indah romantis cocok harga,positif
ChdDSUhNMG9nS0VJV0Y2dHlaakluejNnRRAB,1,"Kecewa dengan hotel Tentrem.
Check in di tgl 12, check out di tgl 14 may.
Hotel dan kamar selayaknya hotel bintang 5 khas Tentrem. Tp ternyata hotel sekelas Tentrem saja bisa kehilangan benda penting. Saya turun untuk sarapan di tgl 13 pagi, dengan meninggalkan tas saya di meja, ketika balik pk 10.30 pagi, kamar sudah dalam keadaan rapi, tp tanpa saya tau, ternyata ada yang mengambil earphone iphone saya dengan hanya meninggalkan casing di dalam tas saya. (Ini artinya ada yg membongkar) Saya baru menyadari di hari rabu tgl 14 ketika otw ke airport. Saya langsung melaporkan hal ini ke pihak hotel. Pihak hotel langsung bertindak, tapi yang bikin kecewa tidak ada tindakan keras terhadap tim cleaning service juga tidak ada solusi, baik dari pihak hotel atau pun dari duly manager.  Selama 3 hari di Jogja sy tidak menggunakan earphone sama sekali dan meninggalkan dikamar hotel. Saya juga sudah dilacak benda tersebut ada di lingkungan hotel. Semoga dengan pengalaman ini, kita semua belajar jangan pernah meninggalkan apapun dikamar tanpa di kunci di dalam koper, walaupun di hotel berbintang sekaligus. Selalu berhati2 dimanapun.Jenis perjalananLiburanGrup perjalananPasanganKamar: 4Layanan: 1Lokasi: 4",kecewa hotel tentrem check kamar layak bintang khas nyata kelas hilang benda turun sarapan pagi tinggal meja rapi ambil earphone iphone casing arti bongkar sadar rabu airport langsung lapor tindak bikin keras hadap cleaning service solusi duly manager jogja lacak lingkung moga alam ajar kunci koper hati,negatif
Ci9DQUlRQUNvZENodHljRjlvT25wUldXUjRNRmhZTFVWeVpreDZaVzVPYTBoSFNXYxAB,5,"Secara keseluruhan, salah satu hotel terbaik. Makanan nya lezat dan trafic elevator nya ter manage dengan baikJenis perjalananBisnisGrup perjalananKeluargaKamar: 5Layanan: 5Lokasi: 5Sorotan hotelMewah",salah hotel makan lezat trafic elevator manage mewah,positif
Ci9DQUlRQUNvZENodHljRjlvT21sTVgwTmlNWE5IVnkxc2VuaFdlVE0zWjJRNFRuYxAB,5,"hotell ini baguss bangett buatt kaliann semuaa cobainn dehh nyamann poll🤩🤩Jenis perjalananLiburanGrup perjalananKeluargaKamar: 5Layanan: 5Lokasi: 5Sorotan hotelMewah, Pemandangan yang indah",hotell bagus banget buatt kaliann semuaa cobainn dehh nyamann poll mewah pandang indah,positif
Ci9DQUlRQUNvZENodHljRjlvT2pkMU1XdGxSRmxQY0VsWlZWbHFPVFYwVDBkSFpYYxAB,4,Lokasi sangat dekat dengan stasiun kereta kota Yogyakarta. Persis di depan stasiun. Namun ruang kamar kurang kedap suara dari luar.Jenis perjalananBisnisGrup perjalananTunggalKamar: 4Layanan: 4Lokasi: 5Sorotan hotelHarga terbaik,lokasi stasiun kereta kota yogyakarta persis ruang kamar kedap suara harga,positif
ChdDSUhNMG9nS0VJQ0FnSURQcGFTa3d3RRAB,5,"Awal datang agak kecewa karena mau check in kamarnya masih dibereskan katanya tunggu saja nanti dihubungi lewat WA. Sudah 1 jam nunggu akhirnya sy tanya lgsg, ternyata kamarnya sudah siap. Tp heran ko tdk d hubungi ke WA kalau memang sudah siap.
Untuk fasilitas hotelnya sgt lengkap, sampe habis waktu buat d hotel aja karena mau explore makanan jogja d hotel jg udh tersedia. Disambut welcome drink jamu- jamuan, sarapan khas jogja dari mulai gudeg, bakmie, kue2 tradisonal, dawet, gelato, dll. Bnyk pilihan menu, menginap 3 malam disini sarapannya bervariasi jd ga bosen.
Breakfastnya enak2 dan variasi menunya banyak, tp untuk dinner rasa makannya agak kurang tp staffnya sgt baik komplenan sy direspon baik dan diantar makanan yg baru. Yg paling saya suka mini cake nya enak- enak bangettt!
Dan yg paling utama buat saya hotelnya kids friendy karena ada playground yg lumayan bagus juga bersih. Saat sarapan anak saya makannya lama tapi sy ngerjar jadwal kereta sehingga izin ke staff bawa makanan sisanya ke kamar, malah dibantu bawakan ke kamar berikut makanan yg baru yg dgn packaging rapi 🥹
Kolam berenang nyaman d sekelilingnya ada tempat dangkal, kolam anak nyaman pinggirannya dikasih pelindung agar tdk tajam, ada life guard yg selalu memantau.
Restroom dan didalam liftnya ada kursi lumayan bikin impresive, cukup jarang ada di tempat lain.
Staffnya ramah dan helpfull sekali.
Puas sekali menginap di hotel Tentrem…Jenis perjalananLiburanGrup perjalananKeluargaKamar: 5Layanan: 5Lokasi: 4Sorotan hotelMewah, Cocok untuk anak-anak",kecewa check kamar beres tunggu hubung nunggu lgsg nyata heran fasilitas hotel lengkap sampe habis explore makan jogja sedia sambut minum jamu sarapan khas gudeg bakmie tradisonal dawet gelato bnyk pilih menu inap malam variasi bosen breakfastnya enak dinner staff komplenan direspon suka mini cake banget utama kids friendy playground lumayan bagus bersih ngerjar jadwal kereta izin bawa sisa bantu packaging rapi kolam renang nyaman keliling dangkal pinggir kasih lindung tajam life guard pantau restroom lift kursi bikin impresive jarang ramah helpfull puas tentrem mewah cocok,positif
Ci9DQUlRQUNvZENodHljRjlvT2pSbk1WQjFjazgwWjFSSmVWQkhibVl0YzE4d1kwRRAB,5,hotel ini tidak pernah  mengecewakan dan keramahan pak akbar di evecutive lounge dan keramahan pak roso untuk memberikan tamu kamar yg terbaik dan selalu terbaik … ini semua mengagumkan dan sangat berkesan dengan semua keramahan staff dan kebersihan kamar dan kamar mandinya … luar biasa membuat selalu terkenang dengan hotel ini dan selalu ingin kembali ke jogja untuk menginap di htl ini kembaliJenis perjalananBisnisGrup perjalananPasanganKamar: 5Layanan: 5Lokasi: 5Kamarkamarnya nesar sekali bednya dengan type hollywood room bednya lebarnya 2.8 x 2 luar biasa ini cuma saya temui di tentremAktivitas di sekitardeket gudeg nyu jum deket marlioboroKeamananvery safetyMakanan & minumansemua makanan enak enak disini dan minuman jejamuan sangat  lengkap yang tidak pernha  didapatkan di htl lainSorotan hotelMewah,hotel kecewa ramah akbar evecutive lounge roso tamu kamar kagum kesan staff bersih mandi kenang jogja inap kamarkamarnya nesar bednya type hollywood room lebar temu tentrem aktivitas sekitardeket gudeg deket marlioboro keamananvery safety makan minumansemua enak minum jejamuan lengkap pernha mewah,positif
ChZDSUhNMG9nS0VJQ0FnTUNJNnFiVWFBEAE,5,"Hotel ini merupakan salah satu hotel terbaik di yogyakarta. Menyediakan kamar, fasilitas dan makanan yang baik.
Untuk makanan yang paling saya sukai adalah salad sayur dengan berbagai macam dressing, lauknya juga ada telur dan grilled chicken untuk saladnya. Siomaynya juga enak, dagingnya berasa. Mereka kadang juga mengadakan kerja sama dengan tempat makan lain misalnya pada saat bulan puasa, iftarnya dengan golden geisha, kerja sama dengan tentrem jakarta dan semarang. Untuk makan biasa dengan gudeg yu djum. Selain itu ada aneka macam dessert baik yang tradisional maupun modern.
Mereka juga memiliki fasilitas playground di lantai LG. Wahana bermainnya bagus, ada mandi bola, perosotan, dan terowongan. Untuk masuk ke wahana bermain gratis, cukup menyebutkan nomor kamar. Namun ke playgroundnya harus memakai kaos kaki, bila tidak membawa dikenakan rp 30.000 per orang. Tempat parkir luas, kolam renang ada.

Musholla dan tempat wudhu yang terpisah laki-laki dan perempuan juga ada.

Minusnya dari hotel ini toiletnya tidak ada semprotannya, jadi memakai bidet. Bidet ini kurang fleksibel dan susah untuk membersihkan toilet seatnya kecuali memakai tissue yang dibasahi. Semoga bisa dibenahi.Jenis perjalananLiburanGrup perjalananKeluargaKamar: 4Layanan: 5Lokasi: 5KamarTidur nyenyak, toilet perlu ditingkatkanAktivitas di sekitarLokasi hotel dipinggir jalan raya monjali, cukup crowdedKeamananKeamanan berlapis.Area untuk berjalan kakiAdaMakanan & minumanMakanan dan minumana enakDetail penting- Ada Playground dan tempat makan di LG.Sorotan hotelMewah, Cocok untuk anak-anak",hotel rupa salah yogyakarta sedia kamar fasilitas makan suka salad sayur dressing lauk telur grilled chicken siomaynya enak daging kadang kerja puasa iftar golden geisha tentrem jakarta semarang gudeg djum aneka dessert tradisional modern milik playground lantai wahana main bagus mandi bola perosot terowongan masuk gratis nomor playgroundnya pakai kaos kaki bawa kena orang parkir luas kolam renang musholla wudhu pisah laki perempuan minus toilet semprot bidet fleksibel susah bersih seatnya kecuali tissue basah moga benah tidur nyenyak tingkat lokasi pinggir jalan raya monjali crowded minumana mewah cocok,positif
Ci9DQUlRQUNvZENodHljRjlvT2xGNlN6VnFhRXN6UVhocFpHaElXRUpNY1dnMldsRRAB,5,Disini saya hanya jkut kegiatan smartcity 26-27 Agustus 2025 yang diadakan komdigi. Secara umum utk ruang pertemuan besar dan nyaman untuk menampung banyak orang.,jkut giat smartcity agustus komdigi ruang temu nyaman tampung orang,positif
ChdDSUhNMG9nS0VJQ0FnTURvaVBibTh3RRAB,5,"Tentrem ini Hotel bintang 5 terbaik di kelasnya (in my opinion yaa) .. saya stay disini bersama ortu saat berkunjung di Yogya, dan saya pastikan akan stay di tentrem lagi saat ke Yogya.
Hotelnya bersih, megah, wangi, sarapan enak bervariatif, dan saya sangat terkesan dengan pelayanannya yg ramah. Sesuai dengan nama hotelnya, stay disini tentrem dan nyaman.
Staff2 sangat ramah dan humble, bahkan mau membantu take foto waktu ada collega ortu saya yg datang. Thank u Tentrem 😊Jenis perjalananLiburanGrup perjalananKeluargaKamar: 5Layanan: 5Lokasi: 5Sorotan hotelMewah, Tenang, Cocok untuk anak-anak",tentrem hotel bintang kelas opinion stay ortu kunjung yogya bersih megah wangi sarapan enak variatif layan ramah sesuai nyaman staff humble bantu take foto collega thank mewah tenang cocok,positif
Ci9DQUlRQUNvZENodHljRjlvT21wcGMweDBNRTlWVWpKcGVWaDFObE42T1ZKTWNYYxAB,3,"Room nya ok
Syg nya pas malem berisik bgt ad suara music kenceng bgt dan adh jam 10Kamar: 4Layanan: 4Lokasi: 4",room malam berisik banget suara music cepat,netral
ChdDSUhNMG9nS0VJQ0FnTUNJNzQzZ3pRRRAB,5,"Kamar aesthetic dengan design yg elegan. Masuk loby diksh welcome drink jamu buatan sidomuncul. Masuk lift, didlmny ad tmpt duduk jrg ad hotel yg kasih tmpt duduk di dlm ny. Kids club ny mantap bngt ud kyk di rock star. Kid pool yg oke bngt. Bfast ny hidangan jogja yg sangat enak!!! Family hotel bngt deh. Super duper lengkap.Jenis perjalananLiburanGrup perjalananKeluargaKamar: 5Layanan: 5Lokasi: 5KamarKamar sangat nyaman dan mewahAktivitas di sekitarKids club yg bagus bngt untuk melatih motorik anakKeamananTerjaminArea untuk berjalan kakiAdaMakanan & minumanEnak2Sorotan hotelMewah, Pemandangan yang indah, Romantis, Tenang, Cocok untuk anak-anak, Harga terbaik, Berteknologi tinggi",kamar aesthetic design elegan masuk loby minum jamu sidomuncul lift didlmny tmpt duduk hotel kids club mantap bngt rock star banget bfast hidang jogja enak family super duper lengkap nyaman mewah bagus latih motorik jamin pandang indah romantis tenang cocok harga teknologi,positif
ChdDSUhNMG9nS0VPcUwyWjY0dnZ2by1BRRAB,5,"The best 5 stars hotel in Yogyakarta. Mnrt saya Tentrem bener2 nyaman dan semua fasilitasnya bagus dan mantap. Kamarnya luas. Complementary snacks and drinks nya tiap hari di refill. Kebersihan terjamin , staff nya ramah2 . Top notch wes",stars hotel yogyakarta mnrt tentrem bener nyaman fasilitas bagus mantap kamar luas complementary snacks drinks refill bersih jamin staff ramah notch,positif
ChdDSUhNMG9nS0VJQ0FnTURJcmFMUHFRRRAB,5,"hotel nya bagus wangi nyaman bersih.
ac kamar dingin.
shower air nya kencang hangat panas mantap.
tempat eek tidak ada spray.
sabun shampo semua wangi nya saya suka, dari pada di padma semarang.
breakfast nya lumayan enak, tapi lebih enak di padma dan cuma sampe jam 10.
es krim nya kurang beku, dan gelato ? enak tapi kok agak cair ?
kolam renang bisa sampai jam 20.
selesai renang bisa mandi dengan sabunan dan shampoan,
di restroom deket kolam, air nya bisa hangat juga.
cuma wifi nya di kamar yang sangat jelek kualitas nya,
max 10mbps itu pun gak stabil, lemot putus nyambung,
karena cuma pake 2.4ghz.
sebaik nya tiap kamar kasih 5ghz.
oke sekian
makasi banyak.Jenis perjalananLiburanGrup perjalananKeluargaKamar: 5Layanan: 5Lokasi: 5Sorotan hotelMewah, Pemandangan yang indah, Romantis, Tenang, Cocok untuk anak-anak",hotel bagus wangi nyaman bersih kamar dingin shower kencang hangat panas mantap spray sabun shampo suka padma semarang breakfast lumayan enak sampe krim beku gelato cair kolam renang selesai mandi shampoan restroom deket wifi jelek kualitas mbps stabil putus nyambung pake sekian makas mewah pandang indah romantis tenang cocok,positif
Ci9DQUlRQUNvZENodHljRjlvT2xWRVNsUklha1pKZEZOUmJubzVUR1JDVFdaNE9WRRAB,4,"Kamar sangat nyaman, pelayanan ramah, parkir luasJenis perjalananBisnisGrup perjalananTemanKamar: 4Layanan: 4Lokasi: 4Sorotan hotelMewah, Pemandangan yang indah, Romantis, Tenang, Cocok untuk anak-anak, Harga terbaik, Berteknologi tinggi",kamar nyaman layan ramah parkir luas mewah pandang indah romantis tenang cocok harga teknologi,positif
Ci9DQUlRQUNvZENodHljRjlvT21sdlJtVjFjVUp0ZEVGcmNIWkRUVUpHVDJWMlNsRRAB,5,"Mewah, sesuai dg namanya bikin tentrem, tp tidak untuk kantong 😆😆🙏🙏Kamar: 5Layanan: 5Lokasi: 5",mewah sesuai bikin tentrem kantong,positif
Ci9DQUlRQUNvZENodHljRjlvT2s5S1ZWSkZPRzVVVFhOVmJFSktUMHR3UlZVMU0xRRAB,5,"Hotel favorit.
Tarif sebanding dgn fasilitas & kenyamanan yg diberikan.Jenis perjalananLiburanGrup perjalananKeluargaKamar: 5Layanan: 5Lokasi: 5Sorotan hotelMewah, Pemandangan yang indah, Romantis, Tenang, Cocok untuk anak-anak, Harga terbaik, Berteknologi tinggi",hotel favorit tarif banding fasilitas nyaman mewah pandang indah romantis tenang cocok harga teknologi,positif
ChdDSUhNMG9nS0VJQ0FnSUNfdGI3YXJnRRAB,1,"Tahun lalu pernah nginep di sini (dipesankan secara group) dan bener bener amazing semuanya.
Kemudian kemarin booking secara personal, sudah mention padahal minta non smoking karena saya ga bisa kena asap rokok. Staff yg handle tidak menyinggung sama sekali terkait non smoking room ini, akhirnya saya bayar transfer untuk deposit dan dikirimkan confirmation letter. Karena di confirmation letter tidak ada note “non smoking” saya klarifikasi dan dijawab klo type kamar berdasarkan availability upon arrival. Lhaa kok baru dijelaskan setelah bayar deposit, saya kemudian protes dan dijawab oleh staff bernama D*bby R*mbu dengan gaya sengaknya yg tidak mencerminkan klo beliau sedang bekerja di bisnis hospitality.
Akhirnya saya minta refund dan pindah cari hotel lain karena tersinggung dengan kata-kata D*bby Moh*.
Hotel yg sangat bagus tapi tidak didukung oleh sistem dan staff reservasi yg mumpuni, sayang sekali.
Baca2 review sebelumnya ternyata memang type kamar tidak bisa dibooked, aneh banget hotel 5* kok sistem reservasinya kacau begini. Brarti ada kemungkinan orang yg alergi asap rokok bakalan “dipaksa” dapat kamar smoking klo orang tsb late check in.Jenis perjalananBisnisGrup perjalananTunggalKamar: 5Layanan: 1Lokasi: 4",nginep pesan group bener amazing kemarin booking personal mention smoking kena asap rokok staff handle singgung kait room bayar transfer deposit kirim confirmation letter note klarifikasi type kamar dasar availability upon arrival lhaa protes nama gaya sengaknya cermin beliau kerja bisnis hospitality refund pindah cari hotel bagus dukung sistem reservasi mumpuni sayang baca review nyata dibooked aneh banget reservasinya kacau brarti orang alergi paksa late check,negatif
Ci9DQUlRQUNvZENodHljRjlvT2xWdVFUVlRPVU5SVVRWb1dUWTNjVkpyYkMwNFExRRAB,5,Hotel bintang 5 yang benar-benar terasa bintang 5 nya. Kamar yang sangat nyaman dan bersih dengan pelayanan yg istimewa.Jenis perjalananBisnisGrup perjalananTemanKamar: 5Layanan: 5Lokasi: 4Sorotan hotelMewah,hotel bintang kamar nyaman bersih layan istimewa mewah,positif
ChZDSUhNMG9nS0VNN0RzT0RvanUyWGJ3EAE,5,"Stay di hotel tentrem for holiday di Yogya, nyaman sekali, fasilitas nya oke dan breakfast lengkap. Room attendance nya Mas Bayu helpful sekali selama stay kita disini. Favorit banget sama Tea nya disediakan di kamar Tema Tea. Would definitely come backJenis perjalananLiburanGrup perjalananKeluargaKamar: 5Layanan: 5Lokasi: 5Sorotan hotelMewah, Pemandangan yang indah, Tenang",stay hotel tentrem holiday yogya nyaman fasilitas breakfast lengkap room attendance helpful favorit banget sedia kamar tema would definitely come back mewah pandang indah tenang,positif
ChdDSUhNMG9nS0VJQ0FnTURvb3FxaTlnRRAB,3,"Hotelnya sangat mantap,kamarnya bersih dan Asri.Tempatnya strategis Dekat dengan Malioboro,makanannya enak enak.
Pelayanan nya bagus,khususnya Adek Yehuda Silaban.Orangnya Ramah dan bersahaja.Rajin dan cekatan dalam bekerja.
Hotel ini sangat bagus untuk tempat Reunian keluarga besar.Jenis perjalananLiburanGrup perjalananKeluargaKamar: 4Layanan: 5Lokasi: 4KamarBersihAktivitas di sekitarBagusKeamananSangat amanArea untuk berjalan kakiBagusMakanan & minumanEnak enakDetail pentingHotelnya Ramah LingkunganSorotan hotelCocok untuk anak-anak",hotel mantap kamar bersih asri strategis malioboro makan enak layan bagus khusus adek yehuda silaban orang ramah sahaja rajin cekat kerja reuni keluarga aman lingkung cocok,netral
ChdDSUhNMG9nS0VJQ0FnSUNfX2JUeS13RRAB,5,"Lokasi nya cukup strategis. Dekat dengan beberapa resto maupun local streetfood.
Breakfast super lengkap mulai dari local food, chinese food dan western food.
Tiap hari selalu ada makanan khas Yogyakarta seperti gudeg dan soto. Ada juga jajanan khas Yogya seperti tiwul, cenil, dawet ireng, klepon, macam².
Salad nya juga lengkap banget varian dressingnya dan ada juga parmigiano cheese juga.
Pilihan buah juga banyak dan bisa minta dibikin jadi juice juga.
Tiap hari jam 10 pagi - 5 sore ada welcome drink di lobby dekat resepsionis, ada berbagai macam jamu, mulai dari sehat anak, sehat wanita, sehat lelaki, beras kencur, sinom.
Lobby luas dan nyaman.
Ada kids club nya juga buka mulai pagi sampai malam. Ada kids activity nya juga tergantung jadwalnya. Kebetulan saat itu anak saya membuat batik dengan canting.
Ada gym, spa, meja billiard, swimming pool.
Room nya spacious dan comfortable. Ada sofabednya juga. Amenities juga lengkap. Air minum disediakan 6 btl per hari nya dan ada complimentary drink juga (energy drink, beras kencur, vit c)di kulkasnya. Dan juga setiap hari juga ada complimentary snack juga seperti jajanan khas yogya bakpia pathok, macaron, buah lokal.
Disitu juga menjual es krim dengan rasa yang unik sepetirasa STMJ, tolak angin dan lain². Dan juga jual croisant yang kalau malam disc 50%.Kamar: 5Layanan: 5Lokasi: 5",lokasi strategis resto local streetfood breakfast super lengkap food chinese western makan khas yogyakarta gudeg soto jajan yogya tiwul cenil dawet ireng klepon salad banget varian dressingnya parmigiano cheese pilih buah bikin juice pagi sore minum lobby resepsionis jamu sehat wanita lelaki beras kencur sinom luas nyaman kids club buka malam activity gantung jadwal batik canting meja billiard swimming room spacious comfortable sofabednya amenities sedia complimentary energy kulkas snack bakpia pathok macaron lokal situ jual krim unik sepetirasa stmj tolak angin croisant disc,positif
Ci9DQUlRQUNvZENodHljRjlvT2xaNVprNUlSRkJVTTJSelowbGZkbnBQTjJSb1NIYxAB,5,"💗💗💗❤️❤️❤️
Buat meeting enak, buat event enak, apalagi buat menginap ""top""Kamar: 5Layanan: 5Lokasi: 5",meeting enak event inap bagus,positif
ChZDSUhNMG9nS0VJQ0FnTURvd3VIRUp3EAE,3,"Hotelnya Bersih, Asri,dan Nyaman.
Pelayanannya sangan bagus, Khususnya buat Mas Yehuda Silaban,orangnya Ramah,Rajin,dan Gesit dalam bekerja.Hotel ini Cocok tempat berlibur bersama keluarga.Jenis perjalananLiburanGrup perjalananKeluargaKamar: 4Layanan: 5Lokasi: 4KamarBersih dan RapiAktivitas di sekitarNyamanKeamananSangat bagusArea untuk berjalan kakiMantapMakanan & minumanEnak enakDetail pentingNginap dihotel ini sangat PuasSorotan hotelPemandangan yang indah",hotel bersih asri nyaman layan sangan bagus khusus yehuda silaban orang ramah rajin gesit kerja cocok libur keluarga kamar rapi mantap enak nginap puas pandang indah,netral
Ci9DQUlRQUNvZENodHljRjlvT2t0S01reHBNbFozWWxka01HTlROV0ZoYkhoSlUxRRAB,5,"Lokasi strategis, makanan enak, kamar nyaman,, semoga bisa nginep sini lagi 😍😍Jenis perjalananLiburanGrup perjalananKeluargaKamar: 5Layanan: 5Lokasi: 5Sorotan hotelRomantis",lokasi strategis makan enak kamar nyaman moga nginep romantis,positif
ChZDSUhNMG9nS0VJQ0FnTUNZb01TQkN3EAE,5,"Hotel nya wangi harum sekali
Kamar luas & bersih banget
Ruangan gym luas & alat gym nya lengkap
Menu Breakfast nya enak² & banyak banget menu nya .Sampe bingung pilih nya 😅
Staf ramah2 semua
🙏🙏😍💚Kamar: 5Layanan: 5Lokasi: 5",hotel wangi harum kamar luas bersih banget ruang alat lengkap menu breakfast enak sampe bingung pilih staf ramah,positif
Ci9DQUlRQUNvZENodHljRjlvT2tKVkxYUlhVbmN5T0U4NWJuQTJUekZJYlRkNVpGRRAB,5,"Menghadiri kegiatan Smart City Business Matchmaking, Rapat Koordinasi Nasional Dinas Kominfo, dan Forum Smart City NasionalJenis perjalananBisnisGrup perjalananTemanKamar: 5Layanan: 5Lokasi: 5Sorotan hotelMewah",hadir giat smart city business matchmaking rapat koordinasi nasional dinas kominfo forum mewah,positif
ChZDSUhNMG9nS0VJQ0FnTUR3cnZlTkF3EAE,5,"""Dari Jamu Berkembang ke Hotel""

KOMPAS.com - Perusahaan jamu Sido Muncul tahun ini mulai mengembangkan bisnisnya di bidang perhotelan. Hal itu terwujud pada penandatanganan peletakan batu pertama dan batu penjuru Hotel Tentrem di Jalan AM Sangaji 72 Yogyakarta pada Kamis (29/4/2010). Hotel ini akan hadir dengan sentuhan bangunan tradisional modern, dibangun diatas lahan seluas 13.000 m2, dengan 276 kamar dan total luas bangunan 32.000 m2. Acara ini dilakukan oleh Gubernur Daerah Istimewa Yogyakarta (DIY) Sri Sultan Hamengku Buwono X didampingi oleh Direktur Utama PT Sido Muncul Irwan Hidayat disaksikan seluruh Direksi PT Sido Muncul dan GKR Hemas serta seluruh undangan yang hadir yaitu Wali Kota Yogyakarta Herry Zudianto , Kapolda DIY Brigjen (Pol) Sunaryono, GBPH Prabu Kusumo, GBPH Joyo Kusumo, GBPH Yudhaningrat, dan pejabat terkait.Layanan: 5Lokasi: 5",jamu kembang hotel kompas usaha sido muncul bisnis bidang wujud penandatanganan leta batu penjuru tentrem jalan sangaji yogyakarta kamis hadir sentuh bangun tradisional modern lahan luas total acara laku gubernur daerah istimewa sultan hamengku buwono damping direktur utama irwan hidayat saksi direksi undang wali kota herry zudianto kapolda brigjen sunaryono gbph prabu sumo joyo yudhaningrat jabat kait,positif
ChZDSUhNMG9nS0VJQ0FnTUNBcm91X0VBEAE,5,"Well curated dari semua sisi. Kamarnya sangat diperhatikan detail. Bordir di bed cover dan bantal. Diberi macaroons buat snack sore. Jadi suka sama body wash dan body lotion nya. Bergamot segar sekalii

Breakfast di kayu manisnya juga dipilih yang enak-enak. Fast service dari tim kayu manis, terutama kak Gabriel asal Pasanggrahan yang menyediakan capucino bagi kami dan cepet angkat piring yang udah ngga kepakeee

Kata anak kami, di kolam renang ada lumutnya, tapi masih acceptable ^^

Overall it was excellent service ^^Jenis perjalananLiburanGrup perjalananKeluargaKamar: 4Layanan: 5Lokasi: 5KamarGreat services. Terutama yang beri kami snack sore macaroon coklat di kamar 706 jumat sore, 31 jan 2025. Thanks.Sorotan hotelHarga terbaik",well curated sisi kamar perhati detail bordir cover bantal macaroons snack sore suka body wash lotion bergamot segar breakfast kayu manis pilih enak fast service utama gabriel pasanggrahan sedia capucino cepet angkat piring udah ngga kepake kolam renang lumut acceptable overall excellent great services macaroon coklat jumat januari thanks harga,positif
ChdDSUhNMG9nS0VJQ0FnTUN3cDhDNXhRRRAB,5,"Sebelumnya cuma lewat di depannya. Bulan Ramadhan 2025 berkesempatan ikut buka bersama di sini. Kesan pertama ke hotel Tentrem Jogja, wah vibesnya luar biasa. Untuk menu bukber all you can eat, pilihannya banyakkk. Yg saya cobain enak semua 👍🍽️

Setiap detailnya sangat terkonsep. Pelayanannya baik sekali. Musholanya cukup nyaman, toilet bersih, berbagai sudutnya kids friendly.Jenis perjalananBisnisGrup perjalananKeluargaKamar: 5Layanan: 5Lokasi: 5Makanan & minumanTersedia berbagai menu, dari tradisional sampai internasionalSorotan hotelMewah, Harga terbaik",ramadhan buka kesan hotel tentrem jogja vibesnya menu bukber pilih cobain enak detail konsep layan musholanya nyaman toilet bersih sudut kids friendly sedia tradisional internasional mewah harga,positif
Ci9DQUlRQUNvZENodHljRjlvT2pGdlMyZHJaMVZVY0RGc2NFODJlbDlvVVRaNVowRRAB,5,"Enjoy, pelayanan sangat ramah, sangat bersih, makanan enak enak dan banyak jenisnya",enjoy layan ramah bersih makan enak jenis,positif
ChdDSUhNMG9nS0VJQ0FnTURJOHRUNGx3RRAB,5,"Kamar nya luas banget
2 kali lipat dari padm* bandung
Sarapan enak semua dan lengkap pake banget
Fasilitas oke tapi sayang kolam renang utama ga pake air hangat
Kolam air hangat terpisah antara perempuan dan laki2
Dan tidak di sediakan baju renang kalau mau renang harus pake baju renang tidak boleh jika baju biasaJenis perjalananLiburanGrup perjalananKeluargaKamar: 5Layanan: 5Lokasi: 5Sorotan hotelMewah",kamar luas banget kali lipat padm bandung sarapan enak lengkap pake fasilitas sayang kolam renang utama hangat pisah perempuan laki sedia baju mewah,positif
ChZDSUhNMG9nS0VMMzN5TkNQaVphcmNBEAE,5,"puas menginap di hotel Tentrem, kamar (tipe Premier) luas, bersih, rapih, cemilan di kamar free, dan direfill setiap hari, pelayanan yg ramah, pengen kembali menginap kalo ada kesempatan lagi😊Jenis perjalananBisnisGrup perjalananKeluargaKamar: 5Layanan: 5Lokasi: 5Sorotan hotelMewah, Tenang, Cocok untuk anak-anak",puas inap hotel tentrem kamar tipe premier luas bersih rapih cemilan free direfill layan ramah kalo mewah tenang cocok,positif
ChZDSUhNMG9nS0VJQ0FnTURndkxmcVp3EAE,5,"Hotel Tentrem Yogyakarta penginapan terbaik untuk view kota jogja, dekat dengan kampus UGM. Lahan parkir luas, ada kedai kopi, resto, kolam renang dll. Free wifi internetnya dan toiletnya bersih dan elegan.Jenis perjalananLiburanGrup perjalananKeluargaKamar: 5Layanan: 4Lokasi: 5Sorotan hotelMewah",hotel tentrem yogyakarta inap view kota jogja kampus lahan parkir luas kedai kopi resto kolam renang free wifi internetnya toilet bersih elegan mewah,positif
ChZDSUhNMG9nS0VJQ0FnSUN2Ny1Id2JREAE,5,"pengalaman pertama sangat mengesankan, ditambah staff ramah dari mulai security sampai staff yg lain.
untuk kamar tipe deluxe king bersih luas, ac dingin poll, fasilitas lengkap
istri dan anak senang, kalau ada rejeki lagi inshaaAllah menginap disini lagi
matur suwunJenis perjalananLiburanGrup perjalananKeluargaKamar: 5Layanan: 5Lokasi: 5Sorotan hotelMewah, Pemandangan yang indah, Romantis, Tenang, Cocok untuk anak-anak, Harga terbaik, Berteknologi tinggi",alam kesan staff ramah security kamar tipe deluxe king bersih luas dingin poll fasilitas lengkap istri senang rejeki inshaa inap matur suwun mewah pandang indah romantis tenang cocok harga teknologi,positif
ChZDSUhNMG9nS0VJQ0FnTUNRdmJLZlFREAE,5,"Hotel ternyaman,bersih, dan wangi yg pernah saya datangi..menu breakfastnya banyak pilihan dan enak-enak semua..👍👍lokasinya juga strategis dekat ke Malioboro..gampang cari makanan disekitar hotel.kamarnya sangat luas dan nyaman. fasilitas hotelnya bisa dibilang lengkap & mevah..staf2nya ramah-ramah dan fast service..terutama mas Yehuda Silaban baik banget sama tamu.Kamar: 5Layanan: 5Lokasi: 5",hotel nyaman bersih wangi menu breakfastnya pilih enak lokasi strategis malioboro gampang cari makan kamar luas fasilitas bilang lengkap mevah staf ramah fast service utama yehuda silaban banget tamu,positif
ChdDSUhNMG9nS0VJQ0FnSUNYcHJfN2hnRRAB,5,"Kamar luas, nyaman. Fasilitas lengkap menurut saya, ditambah lagi ada lapangan tenis🎾
House keeping menurut saya very good. Di malam hari ada penawaran cleaning service untuk room sekitar jam 19.30. Sangat cocok untuk kita yang masih mempunyai anak kecil agar kamar tetap rapi.
Breakfast sangat bervariasi menunya, ada round tablenya juga.
Pertahankan pelayanan terbaiknya hotel tentrem👍🏻Jenis perjalananBisnisGrup perjalananKeluargaKamar: 5Layanan: 5Lokasi: 5KamarLuas dan nyamanMakanan & minumanDelisiozoSorotan hotelTenang, Cocok untuk anak-anak, Harga terbaik",kamar luas nyaman fasilitas lengkap lapang tenis house keeping very good malam tawar cleaning service room cocok rapi breakfast variasi menu round tablenya tahan layan hotel tentrem delisiozo tenang harga,positif
ChdDSUhNMG9nS0VJQ0FnTUNBZ2QzenlRRRAB,1,"Sabtu, 01 Pebruari 2025, jam 17.47
Saya hanyalah sopir yg mengantar majikan saya menginap dr Surabaya. Saya sadar bahwasanya merokok di hotel mewah spt ini sangat dilarang atau ada tmp khusus. Tp yg sangat mengecewakan, bahkan merokok di dpn hotel, duduk di pinggir jalan jg di larang oleh sucurity yg bertugas di luar hotel. Waaaoooww...sesuci inikah aturan di hotel ini? Apakah trotoar depan hotel yg merupakan tempat pejalan kaki juga milik hotel tentram? Sungguh sangat berlebihan bikin aturanAktivitas di sekitarTidak boleh merokok bahkan di pinggir jalan depan hotel",sabtu pebruari sopir majikan inap surabaya sadar rokok hotel mewah larang khusus kecewa duduk pinggir jalan sucurity tugas waoww suci atur trotoar rupa pejal kaki milik tentram sungguh bikin,negatif
ChdDSUhNMG9nS0VJQ0FnSURfLWF1OHdRRRAB,3,"pro :
- kamar cukup luas
- kondisi area bersih dan nyaman
- staffnya ramah
- fasilitas bersih (gym, kolam)
con :
- kamarnya kurang kedap, suara di lorong terdengar jelas,
- breakfast agak mengecewakan
(croissant lembab, melon potong hambar, international breakfast tidak fresh, ronde lebih ke tepung kanji + gula)Jenis perjalananLiburanKamar: 2Layanan: 4Lokasi: 4",kamar luas kondisi area bersih nyaman staff ramah fasilitas kolam kedap suara lorong dengar breakfast kecewa croissant lembab melon potong hambar international fresh ronde tepung kanji gula,netral
ChZDSUhNMG9nS0VJQ0FnSUR2OTVfaFV3EAE,1,"Menginap di Hotel Tentram Yogyakarta di Tahun 2023 dibandingkan Tahun 2024 benar benar kecewa, I am very disappointed.
Ketika cek in pesan kamar no smoking, tiba dapat kamar dikasih Smoking room, kita komplain dan harus menunggu kamar penganti yg lain, lumayan lama menunggu, dengan alasan hampir kamar full, ketika dapat kamar penganti, dapat sofa  bau amis ,kayak ketumpahan minyak ikan, baju kimono putih dilemari juga bau apek, benar2 tidak dicek lagi.

Pada waktu sarapan, kita mau sarapan lihat menu makanannya menarik ,tiba tiba  dirasain , I very like breakfast traditional food in street more than breakfast in hotel tentram, padahal kita bayar penjaga anak kita dengan harga lumayan tapi makanan kurang rasa, Piring makanan yg sudah selesai tidak diangkat2 ,tissue tidak ada , sangat berbeda dengan hotel bintang lain , walaupun bintang 3 atau 4 tapi pelayanan oke. Akhirnya kita keluar cari makanan lain.

Kembali lagi ke yogyakrta saya harus berpikir kembali lagi untuk mengjnap ke Hotel Tentram Yogaykarta",inap hotel tentram yogyakarta banding kecewa very disappointed pesan kamar smoking kasih room komplain tunggu anti lumayan alas full sofa amis kayak tumpah minyak ikan baju kimono putih lemari apek sarapan lihat menu makan tarik dirasain like breakfast traditional food street more than bayar jaga harga piring selesai angkat tissue beda bintang layan cari yogyakrta pikir mengjnap yogaykarta,negatif
ChZDSUhNMG9nS0VJQ0FnSUNYcVlyQVN3EAE,5,"Saya menginap 8 malam di hotel Tentrem untuk keperluan kantor. Pengalaman yang menyenangkan menginap di Hotel Tentrem. Hampir setiap hari saya diberikan / ditawarkan Guest Preference Amenities berupa makanan dan minuman serta kue yang dikirimkan di sore atau malam harinya dan ini free lho.. Pelayanan yang ramah dan menyenangkan dari staff hotel membuat tamu menjadi merasa puas. Untuk makanan dari segi rasa menurut saya si enak. Hanya perlu variasi menu agar yang menginap lebih dari 3 hari tidak bosan. Mie Bangka, roti kukus, waffle, croissant, gudeg dan cappucino hot selalu menjadi andalan untuk breakfast. Bila beruntung, kita dapat menyaksikan pemandangan indah gunung merapi dari jendela kamar.Jenis perjalananBisnisKamar: 5Layanan: 5Lokasi: 5Sorotan hotelMewah, Pemandangan yang indah",inap malam hotel tentrem kantor alam senang tawar guest preference amenities kirim sore free layan ramah staff tamu puas makan segi enak variasi menu bosan bangka roti kukus waffle croissant gudeg cappucino andal breakfast untung saksi pandang indah gunung rapi jendela kamar mewah,positif
ChZDSUhNMG9nS0VJQ0FnTUNBNV9UUmNBEAE,4,Layanan bagus sayang fasilitas kamar msh blm smart tv dgn hotel kls berbintang hari gini blm smart tv jd ngga sesuai dgn harga yg dibayar chanel tv yg ada pun tdk lengkap utk tv lokal saja cuma sedikit. Bisa segera ditingkatkan utk memperbaiki fasilitasnya.Kamar: 4Layanan: 5Lokasi: 5,layan bagus sayang fasilitas kamar smart hotel bintang ngga sesuai harga bayar chanel lengkap lokal tingkat,positif
ChZDSUhNMG9nS0VJQ0FnSUNmM01YNVh3EAE,3,"Menginap 5 malam :

1. Staff staff nya sangat ramah terutama manager restoran saat anak saya sakit.
2. Kamar Luas
3. Sabun mandi tidak diisi smp hr terakhir benar2 kehabisan sabun.
4. Kulkas tidak dingin. Sudah request untuk cek tp sampai kami pulang tidak ada yang datang
5. Sprei selama 5 malam tidak diganti sama sekali. (Tau dr mana ? Krn ada stein yang khas)
6. Ada bekasan sisa muntah di kamar mandi. Yang “katanya sudah dibersihkan” tidak bergerak kotoran nya.
7. Karpet seperti nya tidak di vacum / tidak dibersihkan dgn bnr karena kotoran remahan yang ada dari hari ke hari selama 5 malam tetap ada di tempat nya.
8. Tidak ada sendal hotel

Pengalaman yang jauh berbeda dari yang pernah saya alami di Hotel tentrem semarang. Dan tentu nya membuat kami sekeluarga sangat kapok untuk kembali ke hotel tentrem yogyakarta.

Terima kasihJenis perjalananLiburanGrup perjalananKeluargaKamar: 4Layanan: 2Lokasi: 4",inap malam staff ramah utama manager restoran sakit kamar luas sabun mandi habis kulkas dingin request pulang sprei ganti stein khas bekas sisa muntah bersih gerak kotor karpet vacum remah sendal hotel alam beda alami tentrem semarang keluarga kapok yogyakarta terimakasih,netral
ChdDSUhNMG9nS0VJQ0FnSUNwbExMcDBBRRAB,1,"Marketing a.n mba Ita (sangat) tidak ramah, tidak helpfull, ketus! Sangat tidak mencerminkan perilaku marketing hotel bintang 5. Memalukan & memilukan! Kami klien diperlalukan seperti bawahan! Mohon pimpinan & direksi mempertimbangkan feedback yg diberikan terhadap marketing tsb, demi kebaikan perusahaan. Saya rasa, bukan 1x 2x ini mendengar berita perliaku marketing tsb.Kamar: 3Layanan: 1Lokasi: 3",marketing ramah helpfull ketus cermin perilaku hotel bintang malu milu klien mohon pimpin direksi timbang feedback hadap usaha dengar berita perliaku,negatif
ChZDSUhNMG9nS0VJQ0FnTUNRdmJlQlN3EAE,5,"Hotelnya bagus,mewah,recomend,letak strategis,bersih.
Pelayanannya top banget,ramah,sopan santun, bahwa jogja istimewa.
U/ pelayanannya service nya terima kasih u/ Mas yehuda silaban sopan,sigap,dan gercep,sukses terus hotel tentrem dan staf"" lainnya.Jenis perjalananLiburanGrup perjalananKeluargaKamar: 4Layanan: 4Lokasi: 4KamarBersih,rapiSorotan hotelMewah",hotel bagus mewah recomend letak strategis bersih layan banget ramah sopan santun jogja istimewa service terimakasih yehuda silaban sigap gercep sukses tentrem staf kamar rapi,positif
ChdDSUhNMG9nS0VJQ0FnSURmLWJ6aWxBRRAB,5,"Kamar yang saya pesan awalnya tidak ada bathtub, namun ditawari yang ada bathtubnya. Disinilah terjadi miskomunikasi, saya iyakan untuk penawaran kamar yang mendapatkan bathtubnya. Tapi setelah terima kunci dan ke kamar tidak terdapat bathtub. Ketika kami tanyakan kembali mereka mengiranya kami tidak mau dengan penawaran mereka. Dan akhirnya mereka carikan lagi kamar yang ada bathtubnya. Agak buang waktu disini kurang lebih 1 jam menunggu sampe masuk kamar.
Kemudian breakfast untuk anak diatas tinggi 110 cm dikenakan biaya yang tidak saya dapatkan informasi ini di muka 👍🏻 usia anak saya 8thn.

Ya mungkin lagi rame ya jadi mas masnya cape.
Tapi yang lainnya baik baik saja, fasilitas hotel sangat bermanfaat dan bagus.Jenis perjalananLiburanGrup perjalananKeluargaKamar: 5Layanan: 3Lokasi: 5Sorotan hotelMewah",kamar pesan bathtub tawar bathtubnya miskomunikasi terimakasih kunci cari buang tunggu sampe masuk breakfast kena biaya informasi muka usia rame cape fasilitas hotel manfaat bagus mewah,positif
ChdDSUhNMG9nS0VJQ0FnTUNRelpiWmpRRRAB,5,Utk kebersihan dan kenyamanan kamar lumayan baik. Pelayanan staf secara keseluruhan juga lumayan ok. Hanya kualitas rasa masakan2 saat sarapan perlu ditingkatkan utk level hotel spt Tentrem.Jenis perjalananLiburanGrup perjalananKeluargaKamar: 5Layanan: 5Lokasi: 5,bersih nyaman kamar lumayan layan staf kualitas masak sarapan tingkat level hotel tentrem,positif
ChdDSUhNMG9nS0VJQ0FnSUNma183UDZBRRAB,5,"Liburan akhir tahun 2024, hotel ini memberikan kesan Ok buat sekeluarga.fasilitas nya lengkap banget dengan full aksesories di dalam nya ,untuk kebutuhan menginap. Seliweran orang familier di pemerintahan dan entertain. Kaget jg pas breakfast jam 10.00 ada berkumandang lagu kebangsaan. OK, jiwa nasionalisme nya.lebih kaget lagi ada smell tolak angin,ice cream rasa tolak angin.wow. masukan,boleh juga di sediakan tolak angin botolan di kulkas,biar tambah OK
Hotel yang masuk pilihan Radio Rona Mkb,jika ke Jogjakarta. Radio memutar hits 24 jam. Masuk Google ketik Radio Rona Mkb
Terimakasih buat The Best service nyaKamar: 5Layanan: 5Lokasi: 5",libur hotel kesan keluarga fasilitas lengkap banget full aksesories butuh inap seliwer orang familier perintah entertain kaget breakfast kumandang lagu bangsa jiwa nasionalisme smell tolak angin cream masuk sedia botol kulkas biar pilih radio rona jogjakarta putar hits google ketik terimakasih service,positif
ChdDSUhNMG9nS0VJQ0FnSUN2cWRtRHFBRRAB,5,"Hotelnya nyaman bangettt
Menu breakfastnya juga banyak variannya, bikin bingung mau pilih mana aja. Cuma wajib cobain bakmi jawanya, enak sih menurutku
Oxtail soup nya juga juwaraaak, porsinya banyak bangett sampe harus dimakan 2x di hotel.
Kalau gak mau makan breakfast rame di breakfast room, bisa Di executive loungenya
Tinggal pilih menu minta dianter yg mana aja.
Dapet welcome drink jejamuan karena fun fact nya pemilik hotel tentrem adl ownernya tolak angin.Jenis perjalananBisnisKamar: 5Layanan: 5Lokasi: 5Sorotan hotelMewah",hotel nyaman banget menu breakfastnya varian bikin bingung pilih wajib cobain bakmi jawanya enak oxtail soup juwarak porsi sampe makan breakfast rame room executive loungenya tinggal anter dapet minum jejamuan fact milik tentrem ownernya tolak angin mewah,positif
ChZDSUhNMG9nS0VJQ0FnSURmbk9pbWZBEAE,5,"Salah satu pilihan hotel bintang 5 di kota Yogyakarta. Hotel ini dekat dengan ikon kota ini yaitu Tugu Yogyakarta hanya berjarak 1 km.
Untuk yg ingin menginap di hotel ini sebaiknya reservasi melalui website resmi karena akan dapat poin dan member.
Kamar: luas, bed besar, bantal nyaman dari bulu angsa.
Makanan: beraneka ragam dan rasanya enak. Bahkan ada hidangan jamu dari produk Sido Muncul.
Aktivitas: beranekaragam dari kolam renang, kids playground, kids activity, sauna, meja biliard.
Ciri khas hotel ini adalah banyak aroma bumbu rempah sesuai pemiliknya yaitu dari Sido Muncul.
Terima kasih Hotel Tentrem Yogyakarta.Jenis perjalananLiburanGrup perjalananKeluargaKamar: 5Layanan: 5Lokasi: 5Sorotan hotelMewah, Romantis, Tenang, Cocok untuk anak-anak, Harga terbaik",salah pilih hotel bintang kota yogyakarta ikon tugu jarak inap reservasi website resmi poin member kamar luas bantal nyaman bulu angsa makan aneka ragam enak hidang jamu produk sido muncul aktivitas beranekaragam kolam renang kids playground activity sauna meja biliard ciri khas aroma bumbu rempah sesuai milik terimakasih tentrem mewah romantis tenang cocok harga,positif
ChdDSUhNMG9nS0VJQ0FnSUQzZzRmMi1BRRAB,3,"fasilitas dan tata ruangnya (kamar & lobby) ud oke banget, tapi sayang bagian resto/bar nya ga higenis. area lobby di temukan banyak lalat berterbangan, bahkan makan diarea resto nya di temenin lalat smpe masuk ke makanan/minuman😭 walau akhirnya di ganti makanan/minuman baru, tapi tetap aja jadi ga nyaman 🥲 - area resto juga banyak jual cemilan.. dari coklat, roti, permen dll 👍🏻Jenis perjalananBisnisGrup perjalananKeluargaKamar: 4Layanan: 4Lokasi: 4Makanan & minumanmakan minumnya enak, tapi kurang oke karena banyak lalat di area sekitaran resto/bar/lobby nya🥲Sorotan hotelMewah, Pemandangan yang indah, Tenang",fasilitas tata ruang kamar lobby banget sayang resto higenis area temu lalat bangan makan temenin masuk minum ganti nyaman jual cemilan coklat roti permen minumanmakan enak mewah pandang indah tenang,netral
ChdDSUhNMG9nS0VJQ0FnTUNRM1pQdzV3RRAB,5,"Sangat puas nginep di hotel ini, lokasinya strategis, fasilitasnya lengkap,makanan direstorannya juga enak2, kamarnya juga luas dan nyaman..pelayanan waitressnya juga ramah2 dan yg paling berkesan itu sama mas Yehuda Silaban, orangnya ramah dan sigap melayani tamu..👍👍Kamar: 5Layanan: 5Lokasi: 5",puas nginep hotel lokasi strategis fasilitas lengkap makan restoran enak kamar luas nyaman layan waitressnya ramah kesan yehuda silaban orang sigap tamu,positif
ChZDSUhNMG9nS0VJQ0FnTURRNnRIRVlREAE,5,"hotelnya nyaman, semua yang disajikan di restorannya enak enak.untuk waiters mas Y Silaban kerjanya sangat baik dan ramah dan tak terlupakan mas gantengnya...hehehe
kapan kapan pasti balik lagi kesana.Kamar: 5Layanan: 5Lokasi: 5",hotel nyaman saji restoran enak waiters silaban kerja ramah lupa ganteng hehehe kesana,positif
ChZDSUhNMG9nS0VNLWNfY21uaExqRVdBEAE,5,Puas banget menginap di sini. Fasilitas sangat lengkap & sangat bersih. Pelayanan cepat & cekatan. Sarapan super lengkap & rasa enak. Tidak mengecewakan & ketagihan nginep di sini lagi.,puas banget inap fasilitas lengkap bersih layan cepat cekat sarapan super enak kecewa tagih nginep,positif
ChZDSUhNMG9nS0VKR3k5SVRxOTdpN2RBEAE,5,"2 malam menginap di hotel Tentrem kami merasa sangat puas. Kamar bagus, luas dan bersih. Breakfast yg luar biasa.. enak dan variasinya sangat banyak. Kolàm renangnya  bagus. Recomended hotel. Kami akan kembali menginap di sini  jika ke Jogja lagi. In syaa Allah",malam inap hotel tentrem puas kamar bagus luas bersih breakfast enak variasi renang recomended jogja syaa,positif
ChdDSUhNMG9nS0VJQ0FnSUMza2VlVm53RRAB,5,"pertama kalinya menginap ke hotel tentrem yogyakarta. bagus banget pelayananya, terutama pada saat breakfast saya dibantu oleh mba Belinda di Kayumanis retaurants dia sangat friendly dan menjelaskan semua menu di buffet karena kami pertama kali datang kesini. dari kamar, restaurant, kebersihan, staff semuanya sudah okk. saya akan rekomendasikan hotel ini ke teman2 saya dan kapan2 mau balik lagi menginap disini 👍👍Jenis perjalananLiburanGrup perjalananKeluargaKamar: 5Layanan: 5Lokasi: 5Sorotan hotelMewah",kali inap hotel tentrem yogyakarta bagus banget pelayananya utama breakfast bantu belinda kayumanis retaurants friendly menu buffet kesini kamar restaurant bersih staff rekomendasi teman mewah,positif
ChdDSUhNMG9nS0VJQ0FnSURfNl9HUXJBRRAB,5,"Pelayanan oke bangett, barang dibawakan concierge dari check-in dan out. Di kamar baunya harum fresh.

Makanan gak kalah juara!! Best, pilihan tradisional dan internasional. Waiters dengan sigap membantu. Salut setiap jam 10.00 diputar lagu Indonesia Raya 🇮🇩

Kolam renang, area gym luas dan bersih 👍🏽👍🏽

(Hk Diani dan Marsel 👍🏽👍🏽)Jenis perjalananLiburanGrup perjalananKeluargaKamar: 5Layanan: 5Lokasi: 5Sorotan hotelMewah",layan banget barang bawa concierge check kamar harum fresh makan kalah juara pilih tradisional internasional waiters sigap bantu salut putar lagu indonesia raya kolam renang area luas bersih marsel mewah,positif
ChdDSUhNMG9nS0VJQ0FnSUMzOE5fRmhBRRAB,5,"Hotel terbaik dan ternyaman dengan fasilitas lengkap serta makanan yang enak.
Lokasinya juga cukup strategis, tepat ditengah kota. Kamarnya cukup besar, ada balkon, dan kasur + bantalnya *****. Makan pagi di hotel ini, sudah tersedia berbagai macam kuliner jogja, mulai soto kadipiro, gudeg songdjie, kupat tahu magelang, dan masih banyak lagi.Jenis perjalananBisnisGrup perjalananTunggalKamar: 5Layanan: 5Lokasi: 5Sorotan hotelMewah, Romantis",hotel nyaman fasilitas lengkap makan enak lokasi strategis kota kamar balkon kasur bantal pagi sedia kuliner jogja soto kadipiro gudeg songdjie kupat magelang mewah romantis,positif
ChdDSUhNMG9nS0VJQ0FnSUR2eFktSGl3RRAB,5,"Selalu the Best! 👍
Dari segi pelayanan check in, check out  ramah satset helpful
Lobbynya wanginya rempah lembut enak
Kamarnya luas bersih wangi
Apa ini di kamar ada mesin kopi pula sekarang 👍
Ada welcome snack pula, enak2 lagi 👍
Kolam luas, gym, sauna

Breakfast banyak banget variannya
Salad ada saucenya 8 racikan 👍
Ada pula keju Parmigiano?? 😭
Sushi, es krim, wedang, bandrek, pastry dah kayak toko buanyak bener jenisnya, ketoprak, kupat, lengko, laksa ada udang??
Breakfast sampe puas kenyang 😂👍
Sampe habis waktuuuu 😆😆😆Jenis perjalananLiburanGrup perjalananKeluargaKamar: 5Layanan: 5Lokasi: 5Sorotan hotelMewah",segi layan check ramah satset helpful lobby wangi rempah lembut enak kamar luas bersih mesin kopi snack kolam sauna breakfast banget varian salad saucenya racik keju parmigiano sushi krim wedang bandrek pastry kayak toko buanyak bener jenis ketoprak kupat lengko laksa udang sampe puas kenyang habis mewah,positif
Ci9DQUlRQUNvZENodHljRjlvT2s5UE4yVmtiRlZFYmtGbVVqaDFNM2RyTmtnM2RWRRAB,1,"Jarak pakir jauh, harus jalan kaki. Designnya jelek banget.Kamar: 1Layanan: 1Lokasi: 1",jarak pakir jalan kaki designnya jelek banget,negatif
ChZDSUhNMG9nS0VJQ0FnTUNRN2ZXYldnEAE,5,"Hotel nya nyaman, pelayanan nya sangat memuaskan. Baru pertama nginep di hotel ini, ketepatan yg melayani kami satu daerah Yuda silaban. Pelayanan nya gercep,rapih2 sopan. Pokoknya hotel ini sangat rekomendasi.Jenis perjalananLiburanGrup perjalananKeluargaKamar: 5Layanan: 5Lokasi: 5Sorotan hotelMewah, Pemandangan yang indah, Harga terbaik, Berteknologi tinggi",hotel nyaman layan puas nginep daerah yuda silaban gercep rapih sopan pokok rekomendasi mewah pandang indah harga teknologi,positif
ChZDSUhNMG9nS0VJQ0FnSURmZ2Mtd2JnEAE,5,"Pengalaman pertama stay disini,review fasilitas in room nya,saat ingin menulis something,space kertas yang tersedia sangat kecil sekali,dan alat tulis nya,pencil bulat, mudah meluncur jatuh dari meja.sayang nya juga logo dan tulisan tdk jelas nampak,sehingga buat kenang kenangan jadi kurang bermakna. Semoga ada perbaikan jika menginap kembali di hotel tentrem.Jenis perjalananLiburanGrup perjalananKeluargaKamar: 5Layanan: 5Lokasi: 5Sorotan hotelTenang",alam stay review fasilitas room tulis something space kertas sedia alat pencil bulat mudah luncur jatuh meja sayang logo nampak kenang makna moga inap hotel tentrem tenang,positif
ChZDSUhNMG9nS0VJQ0FnSURQbk52b2JnEAE,5,"Nyamaaan banget. Apalagi kalo bawa anak gak usah kuatir bakalan repot. Karena ada playground for free, nyaman, tenang, adem bener bener bikin anak kecil anteng. Pelayanan staff luar biasa ramah nya, makanan enak. Definisi hotel bintang yg sesungguhnya❤️

Ditambah hotel ini sangat ramah anak, bawa baby pun tenang. Susasana play ground yg bersih dan tenang bisa bikin baby gak rewel.Jenis perjalananBisnisGrup perjalananTunggalKamar: 5Layanan: 5Lokasi: 5Detail pentingAda playground gratis untuk anak anak bermainSorotan hotelMewah, Tenang, Cocok untuk anak-anak",nyaman banget kalo bawa kuatir repot playground free tenang adem bener bikin anteng layan staff ramah makan enak definisi hotel bintang sungguh baby susasana play ground bersih rewel gratis main mewah cocok,positif
ChZDSUhNMG9nS0VJQ0FnSUR6cUliRFJBEAE,5,"One of the best hotel I've ever visited.
Sesuai sih dengan harga..ahahaha.
Ruangannya bersih, sarung dan selimutnya wangi.
Untuk breakfast hari pertama kami makan di resto lobi. Menunya banyak pilihan. Sore hari kami ngopi di lantai 8, free. Snacknya cukup banyak dan semua enak.

Hari kedua kami breakfast di lantai 8. Pilihan menu lebih sedikit dan ada ala carte. Rasanya cukup..hanya steak dagingnya kurang enak.

Kolam renangnya besar dan bersih dan ada safety guard yang berjaga-jaga di area kolam. Oya, di liftnya disediakan tempat duduk. Sungguh cocok untukku, lumayan pulang jalan2 bisa duduk sebentar di lift hehe.
Pelayanan baik dan ramah.Jenis perjalananLiburanGrup perjalananKeluargaKamar: 5Layanan: 5Lokasi: 5Sorotan hotelMewah",hotel ever visited sesuai harga ahahaha ruang bersih sarung selimut wangi breakfast makan resto lobi menu pilih sore ngopi lantai free snacknya enak carte steak daging kolam renang safety guard jaga area lift sedia duduk sungguh cocok lumayan pulang jalan sebentar layan ramah mewah,positif
ChdDSUhNMG9nS0VJQ0FnSUN6NnVEOS1nRRAB,5,"First time stay at Hotel Tentrem Jogja. Such a great experience to stay here. Proses check in sangat smooth. Ketentuan checkin sebenarnya jam 3 sore, cuma kebetulan sampai hotel jam 1 tapi karna ada kamar yg sudah ready jadi bisa lgsg checkin. Untuk kamar kami pilih tipe deluxe room. Fasilitas dikamar sangat oke, amanities dan toiletries juga lengkap. Karna hotel tentrem satu grup dengan sido muncul, jadi dapet free mini bar yg isinya minuman produk sidomuncul dan direfill tiap hari.
Kalau untuk fasilitas hotel jangan ditanya lagi yah. Kayaknya orang di Jogja pasti tau kualitas hotel tentrem sekece apa. Mulai dari pool yg luas, fitness center yg alatnya banyak, ads kidsclub yang besar banget plus jacuzzi dan sauna. Oiya ada billiard juga loh dan bisa dipake free untuk tamu yg menginap.
Untuk sarapannya menunya sangat variatif, bahkan saking banyaknya jd suka bingung sarapanau pilih yang mana. So far semua menu sarapannya enak semua, ga ada yg gagal. Kalo kata orang sih menu breakfast yg wajib dicoba kalo ke hotel tentrem itu soto sama roti kukusnya. Tapi kmrn sempet nyoba mie bangkanya dan ternyata enak banget!!
Untuk lokasinya juga strategis, ga terlalu jauh dr malioboro atau dari stasiun, dibagian depan hotel juga banyak pedagang makanan kaki 5. Staff hotelnya juga sangat helpfull dan pastinya murah senyum yah. Oiya hotelnya juga wangi lemongrass jd sangat comforting buat tamu yg menginap. Worth every penny to stay here.

Thank you hotel tentrem buat pelayanannya🥰Jenis perjalananLiburanGrup perjalananKeluargaKamar: 5Layanan: 5Lokasi: 5Sorotan hotelMewah, Tenang, Cocok untuk anak-anak, Harga terbaik, Berteknologi tinggi",first time stay hotel tentrem jogja such great experience here proses check smooth checkin sore karna kamar ready lgsg pilih tipe deluxe room fasilitas amanities toilet lengkap grup sido muncul dapet free mini minum produk sidomuncul direfill kayak orang kualitas kece banget luas fitness center alat kidsclub plus jacuzzi sauna oiya billiard dipake tamu inap sarapan menu variatif saking suka bingung sarapanau enak gagal kalo breakfast wajib coba soto roti kukus kmrn sempet nyoba bangka nyata lokasi strategis malioboro stasiun dagang makan kaki staff helpfull murah senyum wangi lemongrass comforting worth every penny thank layan mewah tenang cocok harga teknologi,positif
ChdDSUhNMG9nS0VJQ0FnTURJbnViNzJBRRAB,5,"⁴hotel dengan vibes ternyaman di yogyakarta... semua condimment d kamar free,  kamar luas nyaman, pool besar , tempat bermain anak nyaman,and makanan jangan d tanya, enak bangetJenis perjalananLiburanGrup perjalananKeluargaKamar: 5Layanan: 5Lokasi: 5KamarLuas dan nyamanMakanan & minumanBreakfast enak pake bangetSorotan hotelMewah, Pemandangan yang indah, Romantis",hotel vibes nyaman yogyakarta condimment kamar free luas banget main makan enak breakfast pake mewah pandang indah romantis,positif
Ci9DQUlRQUNvZENodHljRjlvT25wME9USlBXamRyYUVGeE5YTjFOWGhDVW1KMFJXYxAB,5,"HK mbak Nurul dan mas Marsel ok.
Bersih...banget...Jenis perjalananLiburanGrup perjalananPasanganKamar: 5Layanan: 5Lokasi: 5Sorotan hotelMewah, Tenang",marsel bersih banget mewah tenang,positif
ChZDSUhNMG9nS0VJQ0FnSUR6bnBpRVlnEAE,5,"Puas sekali menginap disini. Semua staffnya ramah dan helpful. Habis cek in, dikasih complimentary welcome drink. Kamarnya luas, bersih, kasurnya besar, bantalnya banyak banget. Minibar free, air mineralnya dikasih 6 botol/hari, ada coffee maker di setiap kamar. Fasilitasnya ada kolam renang yang selalu diawasi sama life guard, luar biasa! ada indoor jacuzzi dan sauna, gym, indoor playground kayak di mall, permainan foosball dan mini bilyard. Untuk sarapan, memang betul yaa.. pilihannya luar biasa banyak, dan rasanya enak2. Saya senang sekali karena utk kopi sarapan pun, kita bisa request mau cappucino, latte, dll bahkan bisa pilih mau panas atau dingin. Setiap jam 10 pagi, dikumandangkan lagu Indonesia Raya, Keren!! Hotel ini betul2 recomended..Kamar: 5Layanan: 5Lokasi: 5",puas inap staff ramah helpful habis kasih complimentary minum kamar luas bersih kasur bantal banget minibar free mineral botol coffee maker fasilitas kolam renang awas life guard indoor jacuzzi sauna playground kayak mall main foosball mini bilyard sarapan pilih enak senang kopi request cappucino latte panas dingin pagi kumandang lagu indonesia raya keren hotel recomended,positif
Ci9DQUlRQUNvZENodHljRjlvT2xGU05GUTNOMDg1T0VOc2MxZFZhaTFtVDFCamEzYxAB,5,"Pelayanan nya sangat bagus ,pelayan nya ramah"" tempat nyabagus ,strategis untuk ke mana"" menu nya jga enak""Jenis perjalananLiburanGrup perjalananKeluargaKamar: 5Layanan: 5Lokasi: 5KamarNyaman dn bersihAktivitas di sekitarBagusKeamananTerjagaArea untuk berjalan kakiDekat ke mana""Makanan & minumanCukup lengkap dn enakDetail pentingPelayanan bagusSorotan hotelMewah, Pemandangan yang indah, Cocok untuk anak-anak, Harga terbaik",layan bagus ramah nyabagus strategis menu enak kamar nyaman bersih jaga lengkap mewah pandang indah cocok harga,positif
ChdDSUhNMG9nS0VJQ0FnSUN2enNxQnBBRRAB,5,"Gak akan menyesal stay di Tentrem Jogja, check-in cepat tanpa menunggu lama. Kamar cukup luas dan nyaman ditempati, sambil menikmati hujan bisa ngopi atau ngeteh sudah disediakan di kamar. Bertemu staff Diani dan Angga menjelaskan fasilitas yang ada dengan baik.Kamar: 5Layanan: 5Lokasi: 5",sesal stay tentrem jogja check cepat tunggu kamar luas nyaman nikmat hujan ngopi ngeteh sedia temu staff angga fasilitas,positif
ChZDSUhNMG9nS0VJQ0FnSUQ3azh2R2R3EAE,5,"Pertama kali menginap di tentrem hotel. Pesan kamar deluxe padahal via third party apps dapat kamar yang ada bathub nya. Dapat dikanar 626 dengan nuansa mewah dengan furniture full jati didalam nya. Kamar cukup kedap dan tidak berisik dari area jalan / dalam hotel sendiri

Beberapa area lorong di hotel nya wangi sereh dengan aromatherapy.

Breakfast bervariasi namun jam 10 sudah ditutup dikasih tau oleh staff saat 9.30. Dimana saya yg baru dtg jam 9 lewat jadi kurang menikmati aja sih.

Ada mini playground yg diwajibkan memakai kaos kaki. Kalau tidak bawa bisa bayar 20kJenis perjalananLiburanGrup perjalananKeluargaKamar: 5Layanan: 4Lokasi: 5Sorotan hotelTenang, Cocok untuk anak-anak, Harga terbaik",kali inap tentrem hotel pesan kamar deluxe third party apps bathub dikanar nuansa mewah furniture full jati kedap berisik area jalan lorong wangi sereh aromatherapy breakfast variasi tutup kasih staff nikmat mini playground wajib pakai kaos kaki bawa bayar tenang cocok harga,positif
ChdDSUhNMG9nS0VJQ0FnSUR6Z2FlWmp3RRAB,5,"First time menginap di Hotel Tentrem, hotelnya strategis, cozy, bersih, kasur empuk. Kamar mandi bersih dan nyaman. Breakfast nya bervariasi. Saya hanya menginap 1 malam, hotel ini  javanese modern style jadi banyak ornamen2 kayu. Sampai pintu kamar hotelnya juga kayu dan jujur agak berat sih pintu kamarnya 😂. Untuk pelayanan oke aja sih (soalnya saya pernah menginap di hotel yang pelayanannya lebih baik dari ini). Sayangnya untuk hotel tentrem tidak ada fasilitas untuk outdoor, ya palingan hanya untuk menikmati kamar hotel yang mewah dan bagus saja sih atau sekedar berenang atau gym, Btw di hotelnya wangi lemongrass(saya suka) . Overall sih hotel ini modern dan jadi hotel ternyaman selama menginap di jogja kemarin.Jenis perjalananLiburanGrup perjalananKeluargaKamar: 5Layanan: 4Lokasi: 5KamarKamarnya bersih , nyaman , kasurnya juga besarSorotan hotelMewah, Tenang",first time inap hotel tentrem strategis cozy bersih kasur empuk kamar mandi nyaman breakfast variasi malam javanese modern style ornamen kayu pintu jujur berat layan sayang fasilitas outdoor nikmat mewah bagus renang wangi lemongrass suka overall jogja kemarin tenang,positif
ChZDSUhNMG9nS0VJQ0FnSURuOWFfS053EAE,5,"😍😍😍😍😍
1. art collection-nya luar biasa banget
2. makanannya enak, di restaurant bawah suka ada pop up warung2 enak
3. kolam renangnya puanjang banget, bakar kalori abis abisan
4. tempat gym-nya lengkap alat2nya
5. kualitasnya ngelebihin hotel bintang 5 di Jakarta tapi harga Jogja
6. Handuknya enak banget yak? apa merknya?
7. Spreinya bagus, selimutnya berat, dan bantalnya enak
8. Ngga lupa collection gelato chocolate serba tolak angin dan jamu jamunya yang enak

Ayo mampir ke Instagram ibu2ID, tempat ibu2 ngetawain hidup dan menghargai momen-momen kecil yang bikin happy.Jenis perjalananBisnisGrup perjalananTunggalKamar: 5Layanan: 5Lokasi: 5Sorotan hotelMewah, Harga terbaik",collection banget makan enak restaurant suka warung kolam renang puanjang bakar kalori abis lengkap alat kualitas ngelebihin hotel bintang jakarta harga jogja handuk merknya sprei bagus selimut berat bantal ngga lupa gelato chocolate serba tolak angin jamu mampir instagram ngetawain hidup momen bikin happy mewah,positif
ChdDSUhNMG9nS0VJQ0FnTUNnb05XcHFBRRAB,5,"Menginap disini dalam rangka ikut tugas, first impressionnya, bersih dan wangi seger sereh, yg kebetulan sy suka banget

Kamarnya luas, amenitis lengkap, lemari besar bahkan ada setrikaan dan papannya jd sangat berguna untuk pakaian yg lecek di koper

Kasurnya aku suka, nyaman bgt, bantalnya jg nyaman bgt dipake, kamarnya cukup kedap jd walopun menghadap jalan tdk yg bising banget

Breakfastnya hampir semua yg aku icip suka banget, buahnya manis manis, juicenya fresh,  mie godoknya enak, baksonya juara, cocok bgt sih

Staff ramah, bahkan sy minta quran pun dibawain langsung 😍Jenis perjalananBisnisGrup perjalananPasanganKamar: 5Layanan: 5Lokasi: 5Sorotan hotelMewah",inap rangka tugas first kesan bersih wangi seger sereh suka banget kamar luas amenitis lengkap lemari setrika papan pakai lecek koper kasur nyaman bantal dipake kedap walopun hadap jalan bising breakfastnya icip buah manis juicenya fresh godok enak bakso juara cocok staff ramah quran dibawain langsung mewah,positif
ChdDSUhNMG9nS0VJQ0FnSUNubGRUaDVBRRAB,5,"Hotel yg lokasinya strategis ,konsepnya etnik traditional.Karena yg punya grup Sido Muncul jadi banyak free minuman produk Sido muncul di mini bar maupun welcome drinknya.Hanya saja tuk masakan restonya rasanya harus ditingkatkan(banyak yg keasinan)Jenis perjalananLiburanGrup perjalananKeluargaKamar: 5Layanan: 5Lokasi: 5Sorotan hotelMewah, Tenang",hotel lokasi strategis konsep etnik traditional grup sido muncul free minum produk mini drinknya masak restonya tingkat asin mewah tenang,positif
ChZDSUhNMG9nS0VJQ0FnSURmanFfaUxBEAE,5,"Bagus, seperti standar hotel bintang 5 pada umum. Tapi jika menginap untuk mendapatkan pengalaman 'WAH', bagi saya pribadi masih kurang. Jadi cukup untuk sekedar menginap dan istirahat.Jenis perjalananLiburanGrup perjalananPasanganKamar: 5Layanan: 5Lokasi: 5Sorotan hotelMewah, Tenang, Cocok untuk anak-anak",bagus standar hotel bintang inap alam pribadi istirahat mewah tenang cocok,positif
ChZDSUhNMG9nS0VJQ0FnSURJbHNLbmZnEAE,5,"Sekali lagi kami memilih Hotel Tentrem sebagai tempat istirahat kami di kota Jogja ini untuk kesekian kalinya tiap kali kami singgah di Jogja

Hotel dengan luas kamar 40 m² memiliki services yg ruar biasa.

Dan ini belum termasuk dengan menu breakfast nya yang dilengkapi dengan nuansa tradisional.

Four thumbs up  deh buat TentremJenis perjalananLiburanGrup perjalananKeluargaKamar: 5Layanan: 5Lokasi: 5Sorotan hotelMewah",pilih hotel tentrem istirahat kota jogja sekian kali singgah luas milik services ruar masuk menu breakfast lengkap nuansa tradisional four thumbs mewah,positif
ChdDSUhNMG9nS0VJQ0FnSURYanJ6c253RRAB,5,"Harum, bersih, staf ramah, parkir nyaman, makanan enaaak, kolam renang luas, air bersih dan tidak bau kaporit, area permainan anak nyaman, corner permen ,coklat, roti, aneka cemilan, dimsum, benar-benar nyaman. Kamar luas, Ballroom luas , toilet banyak, bersih, cocok untuk acara kajian, wedding, seminar , meeting dan acara keluarga lainyaKamar: 5Layanan: 5Lokasi: 5",harum bersih staf ramah parkir nyaman makan enak kolam renang luas kaporit area main corner permen coklat roti aneka cemilan dimsum kamar ballroom toilet cocok acara kaji wedding seminar meeting keluarga,positif
ChZDSUhNMG9nS0VJQ0FnSUNQc3F6N2Z3EAE,5,"Hotel dengan fasilitas yang sangat lengkap dan pelayananan yg excellent. Disetiap kamar disediakan juga produk dari Sidomuncul, seperti Teh Jahe, harus coba es krim tolak angin nya ketika breakfast, rasanya sangat mirip seperti tolak angin hanya dalam bentuk yg berbeda.Jenis perjalananBisnisGrup perjalananTemanKamar: 5Layanan: 5Lokasi: 5KamarFasilitas lengkapSorotan hotelMewah, Tenang, Harga terbaik",hotel fasilitas lengkap pelayananan excellent kamar sedia produk sidomuncul jahe coba krim tolak angin breakfast bentuk beda mewah tenang harga,positif
ChZDSUhNMG9nS0VJQ0FnSURQeVpQWFJnEAE,5,"Hotel papan atas yang memang menyediakan Kamar dengan fasilitas yang istimewa , lokasi strategis di Yogyakarta, dengan bentuk bangunan yang megah , sering untuk menginap tamu negara dan pejabat tinggi dengan bersliweran kendaraan pejabat dan artis papan atas.Kamar: 5Layanan: 5Lokasi: 5",hotel papan sedia kamar fasilitas istimewa lokasi strategis yogyakarta bentuk bangun megah inap tamu negara jabat bersliweran kendara artis,positif
ChdDSUhNMG9nS0VJQ0FnSURubnJhZjRRRRAB,2,"Sebenarnya saat 2021 saya ke tentrem, bahagia sekali karena benar2 tentram. Pelayananan sangat bagus. Tetapi saat 2024 ini berkunjung karena rindu dgn tentrem, kami kecewa. Karena :
1. Ada event di bar lobby dan bau rokok sampai keluar. Kami membawa anak2 dan itu sgt tidak nyaman.
2. Kasur seprai banyak bercak.
3. Kamar tidak dibersihkan sampai jam 15.00 padahal kami sdh minta tolong dr jam 10. Alasannya terlewat.
4. Sangat bising dan ramai, mungkin karena sedang banyak event.
5. Ada binatang semut yg besar di dalam sekoteng saat breakfast.

Semoga bisa diperbaiki seperti dulu lagi.Jenis perjalananLiburanGrup perjalananKeluargaKamar: 3Layanan: 2Lokasi: 5",tentrem bahagia tentram pelayananan bagus kunjung rindu kecewa event lobby rokok bawa nyaman kasur seprai bercak kamar bersih tolong alas bising ramai binatang semut sekoteng breakfast moga,negatif
ChZDSUhNMG9nS0VJQ0FnTUNBN2NMRURBEAE,5,"Hotel tentrem di yogya cocok untuk menginap bersama bocil2
Kamar luas, bersih, nyaman dan tenang
Ada playground luas dan lengkap jangan lupa bawa kaus kaki
Kolam renang luas ada untuk dewasa dan anak
Aroma hotelnya enak bau rempah
Minuman di kulkas gratis boleh dibawa atau diminum produk sido muncul
Breakfast di tentrem gak kaleng2 emang enak semua, bikin nagih
Nginep 2 malam di Tentrem yang bikin berkesan makanannya mantaap 👍Jenis perjalananLiburanGrup perjalananKeluargaKamar: 5Layanan: 5Lokasi: 5KamarLuasal dan tenangAktivitas di sekitarDekat malioboro
Banyak makanan di sekitar hotelKeamananSangat amanMakanan & minumanBreakfast salah satu terenah dan lengkapDetail pentingStaf ramah dan helpful
Aroma rempah hotelnyaSorotan hotelMewah, Tenang, Cocok untuk anak-anak, Harga terbaik",hotel tentrem yogya cocok inap bocil kamar luas bersih nyaman tenang playground lengkap lupa bawa kaus kaki kolam renang dewasa aroma enak rempah minum kulkas gratis produk sido muncul breakfast kaleng emang bikin nagih nginep malam kesan makan mantaap luasal malioboro aman salah renah staf ramah helpful mewah harga,positif
ChZDSUhNMG9nS0VJQ0FnTUNBcU55V0NREAE,5,"Hotelnya bagus sesuai dgn harganya, fasilitas lengkap ada sauna, jakuzi, kolam renang, gym dll, kamarnya jg oke, rekomended buat yg mau liburanJenis perjalananLiburanGrup perjalananKeluargaKamar: 5Layanan: 5Lokasi: 5Sorotan hotelMewah",hotel bagus sesuai harga fasilitas lengkap sauna jakuzi kolam renang kamar rekomended libur mewah,positif
ChdDSUhNMG9nS0VJQ0FnTUNneFlPSi1nRRAB,5,"Saya dan keluarga ber 10 org menginap di sini pas imlek jan'25
Ada kebahagiaan juga kesedihan krn putra bungsu sedang pkl di hotel ini..insya allah nanti habis lebaran ke sana lagi,sekalian nengok putra..kamar dan semua nya memuaskan ,apa lagi ada galery jamu sidomuncul  bisa minum jamu buat hilangin masuk angin😁..matur suwun hotel tentrem nitip putra kuloJenis perjalananLiburanKamar: 5Layanan: 5Lokasi: 5",keluarga inap imlek januari bahagia sedih putra bungsu hotel insya habis lebaran nengok kamar puas galery jamu sidomuncul minum hilangin masuk angin matur suwun tentrem nitip kulo,positif
ChZDSUhNMG9nS0VJQ0FnSUNfallmYlNBEAE,5,"Salah satu hotel ⭐️5 di jogjakarta,untuk harga ya tentu saja tinggi dibanding hotel lain ,tp pas dapat harga promo early booking jdnya ya lumayan murah, tp harga sebanding dengan pelayanannya...staff semua ramah, fasilitas parkir juga luas, sarapan juga lancar walaupun lg musim liburan...Jenis perjalananLiburanGrup perjalananKeluargaKamar: 5Layanan: 5Lokasi: 5Sorotan hotelMewah",salah hotel jogjakarta harga banding promo early booking jdnya lumayan murah layan staff ramah fasilitas parkir luas sarapan lancar musim libur mewah,positif
ChZDSUhNMG9nS0VJQ0FnTURBcHBEbVFREAE,4,"Pertama kali Datang jadi Tamu undangan Nikahan di Hotel Tentrem Jakarta ,, Ballroomnya sangat megah dan mewah nuwansa jawa banget Deket mall juga untuk makanannya enak semua , good service , terutama saya di handle dengan mas Ramzy di pertahankan yaKamar: 3Layanan: 5Lokasi: 5",kali tamu undang nikah hotel tentrem jakarta ballroomnya megah mewah nuwansa jawa banget deket mall makan enak good service utama handle ramzy tahan,positif
ChZDSUhNMG9nS0VJQ0FnTUNRbGZqQUVBEAE,5,"Hotel Tentrem yogyakarta, penginapan terbaik di jogja, dan tidak lupa restoran nya makannya enak enak dan waiters di sana ramah ramah, apa lagi pas nganter room servis yg selalu ramah yaitu mas Y.SILABAN selalu sigap atas pelayanan dan permintaan tamu.",hotel tentrem yogyakarta inap jogja lupa restoran makan enak waiters ramah nganter room servis silaban sigap layan tamu,positif
ChdDSUhNMG9nS0VJQ0FnTUNZOHZPeTdnRRAB,4,"Hotelnya bagus, kamarnya besar dan bersih. Cuma fasilitas lap tennis nya aja yg dibuat susahJenis perjalananLiburanGrup perjalananKeluargaKamar: 5Layanan: 4Lokasi: 5Sorotan hotelMewah",hotel bagus kamar bersih fasilitas tennis susah mewah,positif
ChZDSUhNMG9nS0VJQ0FnSUNieGNiQlpBEAE,5,"Ke sini karna ikut kajian Ustad Hanan Attaki. Dari luar hotelnya terlihat kecil. Ternyata setelah masuk luas banget. Petugasnya sangat ramah dan responsif untuk ngarahin parkirnya. Kebetulan acaranya di Balroom yang luas dan adem. Pencahayaan bagus dan bersih sekali. Untuk toilet dan mushola juga bersih. Parkir motor maupun mobil sangat luas. Semoga kedepan bisa menginap di Hotel Tentrem.Jenis perjalananBisnisGrup perjalananTunggalLayanan: 5Lokasi: 5Sorotan hotelMewah, Pemandangan yang indah, Tenang",karna kaji ustad hanan attaki hotel lihat nyata masuk luas banget tugas ramah responsif ngarahin parkir acara balroom adem cahaya bagus bersih toilet mushola motor mobil moga inap tentrem mewah pandang indah tenang,positif
ChdDSUhNMG9nS0VJQ0FnSUM5dEpYbjR3RRAB,5,"Lokasi: Lokasi strategis dekat tugu jogja dan malioboro
Kamar: kamar luas AC selalu dingin karena disediakan kartu tambahan secara default untuk membuat listrik kamar tetap menyala. Saat menginap kami kehabisan kamar dengan kasur king size sehingga ditawarkan untuk kamar kasur twin yang digabungkan dan ternyata masih nyaman, pihak hotel menggabungkan kasur twin dengan sangat baik (sepertinya ditambah pelapis lagi diatas kasur) sehingga kami mendapatkan kasur yang lebih luas dari ukuran king size yang sangat nyaman.
Untuk fasilitas kamar cukup lengkap ada Smart TV, mesin kopi espresso, kulkas mini, setrika, sofa, meja kerja, hairdryer. Kamar mandi terdapat 3 ruang, ruang rias, toilet dan shower room, minus bagi saya pintu shower roomnya terbuka kearah dalam sehingga saya kesulitan untuk keluar masuk.
Fasilitas: Fasilitas lain yang didapat secara gratis ada kolam jacuzi panas dingin, sauna, gym, playground dan kolam renang, untuk spa berbayar dengan beberapa macam treatment. Playground disini menjadi favorit anak saya karena cukup lengkap fasilitasnya (wajib memakai kaus kaki, disediakan bagi yg mau beli seharga 20 ribu).
Pelayanan: Hampir semua staf sangat ramah dan tanggap membantu saat kita membutuhkan sesuatu, saat saya menginap ada kejadian didepan kamar saya tamu hotel lansia yang jatuh di kamar, pihak hotel segera datang dengan ranjang dorong standart rumah sakit beserta dokternya.
Makanan: breakfast sangat lengkap, ada menu western, asia, hingga tradisional. Yg iconic ada gudeg yu jum di menu breakfast. Ada welcome snack juga dikamar saat datang.

Secara keseluruhan sangat memuaskan tinggal selama 3 hari 2 malam disiniKamar: 5Layanan: 5Lokasi: 5",lokasi strategis tugu jogja malioboro kamar luas dingin sedia kartu default listrik nyala inap habis kasur king size tawar twin gabung nyata nyaman hotel ukur fasilitas lengkap smart mesin kopi espresso kulkas mini setrika sofa meja kerja hairdryer mandi ruang rias toilet shower room minus pintu buka arah sulit masuk gratis kolam jacuzi panas sauna playground renang bayar treatment favorit wajib pakai kaus kaki beli harga ribu layan staf ramah tanggap bantu butuh tamu lansia jatuh ranjang dorong standart rumah sakit dokter makan breakfast menu western asia tradisional iconic gudeg snack puas tinggal malam,positif
ChdDSUhNMG9nS0VJQ0FnSUNmdGVDMnZ3RRAB,1,"Mengecewakan, datang jauh2 untuk malam tahun baru. Ternyata kami tidak dapat fasilitas dinner ataupun acara malam tahun baru. Kalau gitu, percuma saja menginap disini. Padahal di hotel2 lain dapat fasilitas iniJenis perjalananLiburanGrup perjalananKeluargaKamar: 1Layanan: 1Lokasi: 1",kecewa malam nyata fasilitas dinner acara gitu inap hotel,negatif
ChZDSUhNMG9nS0VJQ0FnTUNJbmQzVU9BEAE,5,"Kamarnya bagus fasilitas lengkap makanan enak2 pelayanan ramah 2x nginep disini gak pernah mengecewakan 👍🏻Jenis perjalananLiburanGrup perjalananKeluargaKamar: 5Layanan: 5Lokasi: 5Sorotan hotelMewah, Pemandangan yang indah, Cocok untuk anak-anak",kamar bagus fasilitas lengkap makan enak layan ramah nginep kecewa mewah pandang indah cocok,positif
ChdDSUhNMG9nS0VJQ0FnSURNdGZYbzN3RRAB,5,"Sering ke ebony cafe suasana enak buat nugas sambil nonton konser band.. adem, ga berisik, nyaman, cozy banget, tentrem ke ati... Tutop jam 23.30 yaa.
non alcohol buanyak, (karena juragan jamu) josss... harga menu langsung lihat foto² daftar menu...Layanan: 5",ebony cafe suasana enak nugas nonton konser band adem berisik nyaman cozy banget tentrem tutop alcohol buanyak juragan jamu harga menu langsung lihat foto daftar,positif
ChdDSUhNMG9nS0VJQ0FnTUNBNnVpLTNBRRAB,5,"Tempat yang nyaman lokasi cukup strategis dan tidak macet. Sekitar hotel banyak warung makan dan guest house, cocok untuk jalan pagi. Ada kolam renangJenis perjalananBisnisGrup perjalananTemanKamar: 5Layanan: 5Lokasi: 5Makanan & minumanPaket sarapan selalu ada gudeg bu jum dan egg stationSorotan hotelMewah, Pemandangan yang indah, Romantis, Tenang, Cocok untuk anak-anak",nyaman lokasi strategis macet hotel warung makan guest house cocok jalan pagi kolam renang paket sarapan gudeg station mewah pandang indah romantis tenang,positif
ChZDSUhNMG9nS0VJQ0FnSURkNjlxZUtREAE,3,"Satu2nya hotel five stars yg aq kasi bintang 3 karena mereka didn’t paid attention at all to the small details.
1. Setibanya di kamar, di mini bar ngga ada snack, not even fruits cuma ada minuman2 banyak pemanis & jamu-jamu 🙄.
2. Gagang pintu kamar mandi untuk kelas five star sangat jadul sekali 🙄 udah kayak gagang kamar mandi SD negeri. Ini memalukan sekali untuk hotel megah bintang 5 yg ada jacuzzi nya.
Please change it.
3. Lift nya lama… looks like needs maintenance.
4. Eboni bar itu bar indoor yg paling aneh yg pernah aq kunjungi! Orang2 boleh merokok di dalam ruangan which is insane 😰😰 sedangkan kalo km di luar ruangan, km ngga boleh merokok sama sekali 😅. Peraturan yg aneh. Waktu itu ada event live music disana, kirain mau ada performance live music jazz karena biasanya kalo di Bali sekelas hotel bintang 5 biasanya nampilin music jazz dengan musisi2 yg well dressed eh ternyata zooonkkk… yg dateng malah musisi not well dressed at all & nyanyiin lagu2 lokal yang nggak setara banget sama harga cocktail di bar ini. I had the worst evening in this hotel but luckily the wagyu burger could save my day.
Otherwise, kamarnya spacious banget & tempat tidurnya comfortable, fasilitasnya lengkap, dan about breakfast no comment… they have a very good breakfast variant in over YogyakartaKamar: 3Layanan: 3Lokasi: 5",hotel five stars kasi bintang didn paid attention small details kamar mini ngga snack even fruits minum jamu gagang pintu mandi kelas star jadul udah kayak negeri malu megah jacuzzi please change lift looks like needs maintenance eboni indoor aneh kunjung orang rokok ruang which insane kalo atur event live music kirain performance jazz nampilin musisi well dressed nyata zonk dateng nyanyiin lagu lokal tara banget harga cocktail worst evening this luckily wagyu burger could save otherwise spacious tidur comfortable fasilitas lengkap about breakfast comment they have very good variant over yogyakarta,netral
ChdDSUhNMG9nS0VJQ0FnSUNuajdIRWh3RRAB,5,"eperti yang diharapkan dari hotel bintang 5, pelayanan yang diberikan sangat baik. Gedungnya juga memiliki desain yang menarik, meskipun saat saya berkunjung masih ada renovasi yang sedang berlangsung. Mungkin menu breakfastnya bisa lebih bervariasiJenis perjalananLiburanGrup perjalananKeluargaKamar: 5Layanan: 5Lokasi: 5Sorotan hotelMewah",eperti harap hotel bintang layan gedung milik desain tarik kunjung renovasi langsung menu breakfastnya variasi mewah,positif
ChZDSUhNMG9nS0VJQ0FnTUNnanVPSUlBEAE,5,"Saya bertemu dengan housekeeper atau room attendant yang bernama Mas Uta dan mas Ardhi, mereka sangat ramah, murah senyum. Mereka membersihkan kamar yang saya tempati juga terhitung cepat dan bersihJenis perjalananBisnisGrup perjalananKeluargaSorotan hotelHarga terbaik",temu housekeeper room attendant nama ardhi ramah murah senyum bersih kamar hitung cepat harga,positif
ChZDSUhNMG9nS0VJQ0FnSURuMXQtZk53EAE,3,"Malam ini menginap disini agak mengecewakan, tidak bisa istirahat dengan tenang karna suara berisik dari bar di bawah terdengar kencang hingga di kamar lantai 2, kamar juga sampai bergetar dan suaranya hingga tengah malam. Jadi mikir kl mau menginap disini kembali dengan membawa keluarga.Jenis perjalananLiburanGrup perjalananPasanganKamar: 3Layanan: 5Lokasi: 5",malam inap kecewa istirahat tenang karna suara berisik dengar kencang kamar lantai getar mikir bawa keluarga,netral
Ci9DQUlRQUNvZENodHljRjlvT25admFrVmZlSEI1TkRKeGFHTlFjUzFrYjNOS2FtYxAB,5,"Good service dari mas dandy sm mas koko🥰🥰🥰
Sukses bt hotel tentrem YogyaJenis perjalananLiburanGrup perjalananKeluargaKamar: 5Layanan: 5Lokasi: 5Sorotan hotelMewah",good service dandy sukses hotel tentrem yogya mewah,positif
ChZDSUhNMG9nS0VJQ0FnSUNueTl6YUdnEAE,5,"First impression sm hotel ini yaitu WANGI sampe ke jalan😂. Kamar bagus terlebih yg pool view. Makanan cukup variatif, pelayanan ramah. Lokasi cukup dekat dgn pusat kota.Kamar: 5Layanan: 4Lokasi: 5",first impression hotel wangi sampe jalan kamar bagus banget view makan variatif layan ramah lokasi pusat kota,positif
Ci9DQUlRQUNvZENodHljRjlvT2tSblozWk9iMUJYYUhCTk0zZGZUakZMYUZoMk5HYxAB,5,"Salah satu hotel terbaik di YogyaJenis perjalananLiburanGrup perjalananKeluargaKamar: 5Layanan: 5Lokasi: 5Sorotan hotelMewah, Tenang, Cocok untuk anak-anak",salah hotel yogya mewah tenang cocok,positif
ChdDSUhNMG9nS0VJQ0FnSUNya2NXVGpRRRAB,4,"Roomsnya standar itu ternyata gak ad bathtub, hotelnya kelihatan uda lama tapi masih terawat semuanya. Di dalam rooms banyak amnetiesnya yg jujur kepake dan thoughtful semua. Service kelas atas beneran ramah semua. Lokasi super strategie beneran di tengah kota yogya gitu, ad jacuzzi sama sauna di area gymnya !Jenis perjalananLiburanGrup perjalananTemanKamar: 4Layanan: 5Lokasi: 5",roomsnya standar nyata bathtub hotel lihat awat rooms amnetiesnya jujur kepake thoughtful service kelas beneran ramah lokasi super strategie kota yogya gitu jacuzzi sauna area gymnya,positif
ChdDSUhNMG9nS0VJQ0FnSUNMdHIyOWhnRRAB,4,"Loby megah. Kamar nyaman dan luas dan bersih, kebersihan area kamar mandi bisa di tingkatkan. Parkir luas. Kolam renang bersih dan ada life guard yg berjaga, kualitas air perlu di tingkatkan.  Ada fitness dan indoor playground. Sarapan banyak variasi nya, bisa pesen kopi seperti capucino, espresso dll, ada Ice cream dan jamu jugaKamar: 5Layanan: 5Lokasi: 4",loby megah kamar nyaman luas bersih area mandi tingkat parkir kolam renang life guard jaga kualitas fitness indoor playground sarapan variasi kopi capucino espresso cream jamu,positif
ChdDSUhNMG9nS0VJQ0FnSURSbzRyUTVRRRAB,4,"Lokasi strategis, termasuk dekat dengan pusat kota Yogyakarta. Pertama kali masuk, area drop off cukup lebar muat banyak kendaraan sehingga memudahkan saat menaik/menurunkan barang. Parkir mobil cukup memadai walau saat peak season. Area lobi luas, nyaman, bersih. Sayangnya saat hendak checkin 24 April 2023 pukul 15.30 kamar belum ready, sangat disesali mengingat hotel berbintang lima serta ketentuan waktu checkin mulai dari jam 14.00, dan diminta menunggu 15 menit. Kamar ready tepat 15 menit setelahnya yang dikonfirmasi melalui WhatsApp. Barang bawaan dibantu oleh staff, dan langsung diantar menuju kamar.

Kamar terhitung luas, nyaman, bersih, serta peralatan yang lengkap. Tempat tidur dan bantal sangat nyaman, beda dengan hotel bintang lima lain, sepertinya bahan isian bantal terbuat dari bulu angsa atau sejenisnya. Namun agak disayangkan suara dari luar kamar masih cukup sering terdengar, sempat beberapa kali terdengar suara cukup keras seperti suara yang ditimbulkan oleh perabotan yang hendak dipindahkan.

Area swimming pool luas, suhu air terjaga normal walau saat pagi, sudut-sudut kolam diberi pelindung busa untuk mengurangi hal yang tidak diinginkan, namun sayangnya area untuk bilas terhitung sedikit hanya dua.

Menu breakfast variatif, saat itu saya diharap memilih jam untuk sarapan sebab untuk mengantisipasi kapasitas restoran. Menu rekomen yang saya coba nasi goreng kambing, duck with chilli, siomay, es krim rasa tolak angin. Menu yang perlu ditingkatkan kualitasnya yaitu sushi, nasi hainan (mungkin karena saat saya makan, menu tersebut baru saja matang sehingga nasi cenderung lembek / nasi belum matang sempurna). Sayangnya antrean egg station lumayan panjang hingga saya memutuskan untuk tidak jadi ambil. Hal ini disebabkan staff yang memasak dan kompor/tungku/wajan penggorengan hanya ada 1.

Staff ramah, setiap berpapasan pasti menyapa. Proses checkout cepat. Overall, hotel yang layak dipertimbangkan apabila ingin kenyamanan di kota Yogyakarta dengan harga yang sebanding dengan pelayanan yang diberikan, namun perlu ditingkat kembali beberapa kekurangan yang saya alami saat menginap.Jenis perjalananLiburanGrup perjalananKeluargaKamar: 5Layanan: 3Lokasi: 4KamarFasilitas di kamar paling lengkap di kelasnya. Bantal sangat nyaman, belum pernah saya rasakan di hotel bintang lima lain, sepertinya terbuat dari bulu angsa atau sejenisnyaSorotan hotelMewah, Tenang",lokasi strategis masuk pusat kota yogyakarta kali area drop lebar muat kendara mudah turun barang parkir mobil peak season lobi luas nyaman bersih sayang checkin april ready sali hotel bintang tunggu menit kamar konfirmasi whats bawa bantu staff langsung tuju hitung alat lengkap tidur bantal beda bahan bulu angsa jenis suara dengar keras timbul perabot pindah swimming banget suhu jaga normal pagi sudut kolam lindung busa bilas menu breakfast variatif harap pilih sarapan antisipasi kapasitas restoran rekomen coba nasi goreng kambing duck with chilli siomay krim tolak angin tingkat kualitas sushi hainan makan matang cenderung lembek sempurna antre station lumayan putus ambil masak kompor tungku wajan ramah papas sapa proses checkout cepat overall layak timbang harga banding layan alami inap fasilitas kelas mewah tenang,positif
ChZDSUhNMG9nS0VJQ0FnSUNUa3FMWVh3EAE,5,"Hotel ini sangat bagus untuk semua pelayanannya dimulai dari pintu masuk sd receptionist , room service juga housekeeping.
Cocok untuk staycation keluarga. Ataupun acara2 perusahaan.
Kejujuran housekeepingnya sangat saya hargai. Saya ketinggalan 1 buah stiker, langsung dihub oleh Ibu Niken dari Service center Hotel Tentrem Yogya . Sangat responsif sekali. Tetap dipertahankan layanan yg sdh bagus ini.Jenis perjalananLiburanGrup perjalananKeluargaKamar: 5Layanan: 5Lokasi: 5KamarKamarmya bersih rapi sesuai standard bintang 5.Sorotan hotelCocok untuk anak-anak",hotel bagus layan pintu masuk receptionist room service housekeeping cocok staycation keluarga acara usaha jujur housekeepingnya harga tinggal buah stiker langsung dihub niken center tentrem yogya responsif tahan kamar kamarmya bersih rapi sesuai standard bintang,positif
ChZDSUhNMG9nS0VJQ0FnTUNBX2ZTV09BEAE,5,"Hotel terbaik di Jogja!!
Sampe Extend saking nyamannya 😆✨

Breakfast lengkap!
Kamar luas,
Service memuaskanJenis perjalananLiburanGrup perjalananKeluargaKamar: 5Layanan: 5Lokasi: 5Sorotan hotelMewah, Pemandangan yang indah, Harga terbaik",hotel jogja sampe extend saking nyaman breakfast lengkap kamar luas service puas mewah pandang indah harga,positif
ChdDSUhNMG9nS0VJQ0FnSUQ3elBYRi1RRRAB,5,"Saya sangat merekomendasikan Tentrem Hotel jika rekan-rekan ada yang mau buat acara gathering / meeting / wedding/ concert di ballroom Tentrem
Gedungnya bersih, luas dan disediakan artist room yang luas dan nyaman.
Team marketing sangat sabar, helpful, komunikatif dan profesional.
Jika menemukan kendala, mereka sangat terbuka untuk solusi dan adaptif.
Dalam persiapannya, mereka juga memastikan klien paham dan tidak merendahkan klien. Saya bisa membawa properti sendiri dan team sangat terbuka.
Untuk menu buffetnya variatif dan enak, staff yang berjaga saat acara juga sangat ramah dan cekatan.
Untuk harga/pax termasuk mahal, tapi sangat sesuai dengan pelayanan yang mereka berikan
Saya beruntung karena didampingi oleh team event Tentrem yang sabar dan profesional.
Terima kasih atas pengalaman positifnya.
Sayang sekali, dokumentasi acaranya tidak banyak saya simpanJenis perjalananBisnisLayanan: 5Sorotan hotelHarga terbaik",rekomendasi tentrem hotel rekan acara gathering meeting wedding concert ballroom gedung bersih luas sedia artist room nyaman team marketing sabar helpful komunikatif profesional temu kendala buka solusi adaptif klien paham rendah bawa properti menu buffetnya variatif enak staff jaga ramah cekat harga masuk mahal sesuai layan ikan untung damping event terimakasih alam positif sayang dokumentasi simpan,positif
ChZDSUhNMG9nS0VJakdoY2lOXy16UGVBEAE,5,"Pelayanan bagus, kamar bersih, fasilitas lengkap dan makanannya enak.",layan bagus kamar bersih fasilitas lengkap makan enak,positif
ChZDSUhNMG9nS0VPLWpvYTZjdTV6V0hnEAE,4,Shower box lantainya licin seperti tidak pernah d bersihkan atau disikat Kaca penutup kamar mandi juga seperti jarang di bersihkan,shower lantai licin bersih sikat kaca tutup kamar mandi jarang,positif
ChdDSUhNMG9nS0VJQ0FnTURRMy0zMS1BRRAB,5,"Ga pernah bosan menginap disini, udah berkali kali nginep disini selalu puas, kamarnya luas, makananya enak, nuansa jawanya kental sekaliJenis perjalananLiburanGrup perjalananKeluargaKamar: 5Layanan: 5Lokasi: 5Sorotan hotelMewah, Tenang",bosan inap udah kali nginep puas kamar luas makananya enak nuansa jawanya kental mewah tenang,positif
ChZDSUhNMG9nS0VJQ0FnSURyNHR6cUJnEAE,1,"Bermalam 16 juli 24,ranjang kotor, sarung bantal warna sudah kuning, breakfast 80% makanan rasanya hambar, hari 1 breakfast ada area smooking di depan kolam renang, hari ke 2 smoking diminta pindah tempat naik 1 lantai dgn alasan banyak anak2, gak masuk di akal peraturannya, cuma ada di hotel ini ajaKamar: 2Layanan: 2Lokasi: 4",malam juli ranjang kotor sarung bantal warna kuning breakfast makan hambar area smooking kolam renang smoking pindah lantai alas masuk akal atur hotel,negatif
ChZDSUhNMG9nS0VJQ0FnTUNRamQ2ZkRnEAE,5,"Hotel nya nyaman,bersih,fasilitasnya juga oke.Service nya juga sangat exelent🫶 Waitress nya yg namanya Yuda juga sangat sigap dan helpful.Thank youGrup perjalananKeluargaKamar: 5Layanan: 5Lokasi: 5Sorotan hotelPemandangan yang indah",hotel nyaman bersih fasilitas service exelent waiters yuda sigap helpful thank pandang indah,positif
ChdDSUhNMG9nS0VJQ0FnSUREaTRUWHRBRRAB,4,"Wajib banget nginep di sini. Semua staf ramah banget banget.
Dari awal masuk cari parkir udah di arah²in, resepsionis informatif, barang kita juga di anterin sampe kamar, kamar luas, bersih, dapet gift juga.
Makanan enak, menu iftar banyak banget, enak² juga, pastry nya wajib coba kalo pas lagi sarapan, semua staf yg di resto sangat membantu dan ramah banget.
Kids friendly, ada playground, jangan lupa pake kaos kaki, tapi bisa beli juga sekitar 20rb.
Pool bersih, aman ada penjaga, tapi wajib pake baju renang.Jenis perjalananLiburanGrup perjalananKeluargaKamar: 5Layanan: 5Lokasi: 5Sorotan hotelMewah, Cocok untuk anak-anak",wajib banget nginep staf ramah masuk cari parkir udah arah resepsionis informatif barang anterin sampe kamar luas bersih dapet gift makan enak menu iftar pastry coba kalo sarapan resto bantu kids friendly playground lupa pake kaos kaki beli aman jaga baju renang mewah cocok,positif
ChdDSUhNMG9nS0VJQ0FnTUR3bDd1cHdnRRAB,5,"Nyobain buka puasa All You Can Eat disini, sangat worth it sekali, pilihan makanannya banyak dan enak semua, tempatnya nyaman dan harum sereh dimana-mana.Kamar: 5Layanan: 5Lokasi: 5",nyobain buka puasa worth pilih makan enak nyaman harum sereh,positif
ChdDSUhNMG9nS0VLT21fNlAwcmN1NDh3RRAB,5,Sangat puas. Fasilitas sangat lengkap & sangat bersih. Staf cepat & cekatan. Sarapan super lengkap & enak rasanya. Ketagihan & pengen nginep dl sini lagi.,puas fasilitas lengkap bersih staf cepat cekat sarapan super enak tagih nginep,positif
ChZDSUhNMG9nS0VJQ0FnSUNibXBMVUlnEAE,2,"Awalnya mau kasih bintang 5 tapi gara-gara laundry ketukar untuk sekelas hotel bintang 5, mohon maaf bintang saya kurangi.

Saya melaundry tanggal 25 Juli 2024. Laundry diantar di malam harinya namun belum saya cek. Esok harinya saya baru sadar pakaian yang diantar tersebut bukan milik saya dan pakaian saya entah dimana.

Kemudian laundry yang tertukar tadi saya kasih ke resepsionis di pagi harinya. Lalu saya keluar hotel. Saya sore hari masuk kamar dan ada pemberitahuan laundry mau diantar tapi saya tidak ada di kamar serta diminta hubungi operator. Saya keluar sebentar dan kemudian ke resepsionis dan dibilang laundry sudah diantar ke kamar. Saya cek ke kamar ternyata belum ada. Saya telp operator baru diantar laundrynya. Tapi tidak ada kata maaf dan penjelasan mengapa bisa tertukar dari pengantar laundrynya meski sudah saya tanyakan baik-baik.

Biasanya pengalaman baik tapi saat ini pas naas dapat pelayanan laundry yang seperti ini.Jenis perjalananBisnisKamar: 5Layanan: 1Lokasi: 2KamarRoom bagus. Ada setrika dan mejanya, sisir, sikat gigi, cukur, dsb.Makanan & minumanSarapan pagi khas Jogja ada (gudeg, soto Kadipiro, dsb) dan nasi tim, nasi Hainan, mie Bangka, dsb.",bintang laundry tukar kelas hotel mohon maaf melaundry tanggal juli malam esok sadar pakai milik resepsionis pagi sore masuk kamar pemberitahuan hubung operator sebentar bilang nyata telp laundrynya alam naas layan room bagus setrika meja sisir sikat gigi cukur sarapan khas jogja gudeg soto kadipiro nasi hainan bangka,negatif
ChdDSUhNMG9nS0VMekgyb21qX3JQNml3RRAB,5,"Hotel terbaik di Yogyakarta.
Selalu jadi pilihan utama kami kalau berlibur kesini",hotel yogyakarta pilih utama libur kesini,positif
ChZDSUhNMG9nS0VJQ0FnTURvNHZQbFZREAE,5,"Kamar hotel Luas, bersih, wangi. Staff ramah, makanan untuk breakfastNya the best. Pelayanannya juaraJenis perjalananLiburanGrup perjalananTemanKamar: 5Layanan: 5Lokasi: 5KamarKamar bersih, luas, wangiAktivitas di sekitarLingkungan tenang, nyamanKeamananSangat amanMakanan & minumanPilihan makan untuk breakfastnya banyak pilihan, sampek bingung milihnyaSorotan hotelMewah, Pemandangan yang indah, Romantis, Tenang, Cocok untuk anak-anak, Harga terbaik, Berteknologi tinggi",kamar hotel luas bersih wangi staff ramah makan breakfast layan juara lingkung tenang nyaman aman pilih breakfastnya sampek bingung milihnya mewah pandang indah romantis cocok harga teknologi,positif
ChdDSUhNMG9nS0VJQ0FnSUR6aE9mRmpRRRAB,5,"Sangat menyenangkan menginap di Hotel Tentrem Yogyakarta, kamarnya nyaman, lokasi cukup tenang dan strategis, sarapan banyak pilihan menu kuliner legendaris dari Jogja, dan ada pilihan jamu2nya juga, excellent! 👍👌🥳 …",senang inap hotel tentrem yogyakarta kamar nyaman lokasi tenang strategis sarapan pilih menu kuliner legendaris jogja jamu excellent,positif
Ci9DQUlRQUNvZENodHljRjlvT25oT2RXZDNRblo2VmtGcFIwcGxWMVUwUWsxWlZHYxAB,5,Hotelnya super Nyamannnn..Kamar: 5Layanan: 5Lokasi: 5,hotel super nyaman,positif
ChZDSUhNMG9nS0VJQ0FnSURUN0tfakNREAE,3,"Hotel mewah yang tidak ramah pengendara motor. Pikir2 lagi jika ke sini dengan motor lebih baik naik mobil atau taxi online saja.

Kejadian di 23 Mei siang, saya datang arah selatan dengan motor, hanya ada 1 jalur masuk dan 1 jalur keluar. Jalur keluar yg sebelah selatan, sebagaimana mestinya digunakan untuk keluar kendaraan roda 4 (dan ada tanda dilarang masuk, ya normalnya memang tidak boleh untuk masuk kendaraan kan). Ketika saya masuk lewat pintu masuk utara ternyata ada rambu2 motor dilarang masuk dan saya dicegat oleh security, ditegur motor tidak boleh lewat jalur ini, harus lewat pintu yang satunya. Ya sudah karena memang ada keperluan saya mengalah puter balik, itu juga masih dihardik dikira saya mau nerobos 😅😅😅😅 coba mas/pak dipikir, kalo ga muter balik dulu gimana caranya keluar.. kok ga banget cara negurnya.

Setelah masuk di pintu yang ditentukan, ya endingnya juga ke tempat parkir mobil dan motor. Ga paham kenapa harus dibedakan, padahal kalo motor masuk lewat pintu keluar malah bahaya ketemu mobil yang lagi keluar. Sayang sekali hotel yang ratingnya bagus di Yogyakarta tapi masih diskriminatif dengan tamu. Kalau memang pintu masuknya beda, sediakan jalur yang proper, bukan dijadikan satu dengan jalur keluar.

Bahkan jalur keluar motor juga dibedakan. Kesimpulannya masuk lewat jalan keluar, keluar lewat jalan masuk. Aneh tapi nyata 🙂

Btw untuk restonya lumayan, pelayanannya top notch. Sayang sekali pengalaman dengan salah satu sekuritinya yang bikin ilfil.",hotel mewah ramah kendara motor pikir mobil taxi online siang arah selatan jalur masuk belah mesti roda tanda larang normal pintu utara nyata rambu cegat security tegur kalah puter hardik nerobos coba kalo muter gimana banget negurnya endingnya parkir paham beda bahaya ketemu sayang ratingnya bagus yogyakarta diskriminatif tamu sedia proper simpul jalan aneh restonya lumayan layan notch alam salah sekuriti bikin ilfil,netral
ChZDSUhNMG9nS0VJQ0FnTUNRemNMZkVBEAE,5,Hotel tentrem yogyakarta..pelayanannya sangat memuaskan ramah ..dan  nyaman ...view yg bagus...sangat recommended..terutama buat mas Y.Silaban ...mantap....pokoknyaKamar: 5Layanan: 5Lokasi: 5,hotel tentrem yogyakarta layan puas ramah nyaman view bagus recommended utama silaban mantap pokok,positif
ChZDSUhNMG9nS0VJQ0FnSUNyOWM3TVVREAE,5,"Ini hotel keren banget, asli, sumpah. Tapi mahal 😭😭😭 Sarapannya uenak buanget, menunya banyak macamnya, es krimnya aja ada rasa jamu tolak angin segala. Tambahin dong kk rasa jamu tolak linu. Pulang rekreasi balik ke hotel kan badan pegel-pegel tuh, jadi kepingin minum jamu tolak linu. Dulu ke sini dibayarin temen. 🤭🤭🤭Jenis perjalananLiburanGrup perjalananTemanKamar: 5Layanan: 5Lokasi: 5Sorotan hotelMewah, Pemandangan yang indah, Tenang, Berteknologi tinggi",hotel keren banget asli sumpah mahal sarapan uenak buanget menu krim jamu tolak angin tambahin linu pulang rekreasi badan kepingin minum dibayarin temen mewah pandang indah tenang teknologi,positif
ChZDSUhNMG9nS0VJQ0FnSUR2dWZld0lBEAE,5,"Tempat favorit untuk menginap selama di Jogjakarta. Lokasi yang strategis, pelayanan baik, kamar bersih, fasilitas lengkap dan pilihan sarapan yang enak. Terima kasih, Hotel Tentrem!Jenis perjalananLiburanGrup perjalananKeluargaKamar: 5Layanan: 5Lokasi: 5KamarTerima kasih mbak Diani dan mbak Ratna sudah membersihkan kamar kami dengan bersih dan sangat baik!Sorotan hotelMewah, Pemandangan yang indah, Tenang, Cocok untuk anak-anak",favorit inap jogjakarta lokasi strategis layan kamar bersih fasilitas lengkap pilih sarapan enak terimakasih hotel tentrem ratna mewah pandang indah tenang cocok,positif
ChZDSUhNMG9nS0VJQ0FnSUM5ajl6ZVFnEAE,4,"Saya suka dengan hotelnya, semuanya tertata rapi, bersih, pool ada penjaganya, jacuzi ada lokernya, staffnya ramah.

Parkiran terbatas, pada waktu long weekend/high season disediakan di ballroom yang akses ke hotelnya melewati ruang meeting dengan suhu yang “hangat”

CATATAN PENTING, area disekitar swimming pool berbau ROKOK, please disediakan ruang khusus untuk tamu yang ingin merokok, karena yang berenang juga ada anak-anak kecil, asap rokok yang terbawa angin sampai ke pool sangat mengganggu.

Keamanan parkir menggunakan sistem scan QR

Playgroundnya bagus

Thank you untuk mini bar complimentnyaJenis perjalananLiburanGrup perjalananKeluargaKamar: 4Layanan: 5Lokasi: 5KamarExhaust dari toiletnya entah tidak ada atau tidak berfungsi, sehingga bila sedang BAB baunya tidak segera hilang.
Kamar kurang kedap suara, jadi suara dari kamar sebelah pada malam hari jam 11 terdengar sampai kamar saya.Makanan & minumanVariasi makanan dan minuman yang beragam pada waktu breakfast, good job.
Taste juga mantab.",suka hotel tata rapi bersih banget jaga jacuzi lokernya staff ramah parkir batas long weekend high season sedia ballroom akses ruang meeting suhu hangat catat area swimming rokok please khusus tamu renang asap bawa angin ganggu sistem scan playgroundnya bagus thank mini complimentnya kamar exhaust toilet fungsi hilang kedap suara belah malam dengar variasi ragam breakfast good taste,positif
ChdDSUhNMG9nS0VJQ0FnSUNYdTRQS2pnRRAB,5,"Br pertama kali nginep di Tentrem Hotel selama ke Jogja ini, bagus bgt hotelnya, begitu masuk langsung semerbak aroma wangi tanaman herbal, welcom drink nya jamu loh hahaha..

Kamarnya luas bgt, dan bagus bgt, breakfast nya enak dan banyak pilihan, next klo ke jogja hrs nyobain stay di sini sih, rekomended bgt.Jenis perjalananBisnisGrup perjalananTemanKamar: 5Layanan: 5Lokasi: 5Sorotan hotelMewah, Romantis",kali nginep tentrem hotel jogja bagus banget masuk langsung semerbak aroma wangi tanam herbal welcom minum jamu kamar luas breakfast enak pilih next nyobain stay rekomended mewah romantis,positif
ChdDSUhNMG9nS0VJQ0FnSUNyb3RQa3RRRRAB,4,"Booking di sore hari via telepon, kemudian lanjut via WA. Ternyata jam operasi via WA hanya sampai jam 19.00. Chatpun berlanjut di keesokan hari.
Proses membalas chat juga kurang cepat. Terkadang 1-2 jam baru dibalas. Bahkan info driver yg akan menjemput baru didapat setelah landing di YIA. Jujur, agak ketar-ketir karena respon yg kurang cepat, memurut saya. Alhamdulillah semua berjalan lancar.

Hotel bagus, pelayanan selama menginap jg OK.

Sarapan pagi bervariasi dan enak. Untuk kupat tahu dan gudeg rasanya kurang berani, tapi selain itu tidak ada masalah. Saya paling suka roti2nya, ayam kecap, dan es krim Tolak Angin.

Bagian front desk jg sangat membantu ketika saya minta tolong dicarikan transportasi ke kota lain.Jenis perjalananLiburanGrup perjalananKeluargaKamar: 5Layanan: 4Lokasi: 5Sorotan hotelMewah, Cocok untuk anak-anak",booking sore telepon nyata operasi chatpun esok proses balas chat cepat terkadang info driver jemput landing jujur ketar respon purut alhamdulillah jalan lancar hotel bagus layan inap sarapan pagi variasi enak kupat gudeg berani suka roti ayam kecap krim tolak angin front desk bantu tolong cari transportasi kota mewah cocok,positif
ChZDSUhNMG9nS0VJQ0FnSUNYM19qMGFnEAE,5,"nice luxury hotel.
unik...campuran modern dan tradisional.

coklat bar rasa tolakangin,es krim rasa tolak angin,lobby dgn vibes aromatheraphy.
seperti di kerajaan Mataram dahulu kala.
nice pool,  and gym. .
thx TentremJenis perjalananBisnisGrup perjalananPasanganKamar: 5Layanan: 5Lokasi: 5Sorotan hotelMewah, Pemandangan yang indah, Romantis, Tenang, Cocok untuk anak-anak",nice luxury hotel unik campur modern tradisional coklat tolakangin krim tolak angin lobby vibes aromatheraphy raja mataram banget tentrem mewah pandang indah romantis tenang cocok,positif
ChdDSUhNMG9nS0VJQ0FnSUNqakxYQ25BRRAB,5,"Hotel super mewah , kamar besar banget dengan ranjang empuk yang besar, berbagai perlengkapan mandi, minibar dan cemilan free di dalam kamar. Bener bener keren dan mantap. Fasilitas kolam renang dengan guard yang stanby, arena bermain anak, dan masih banyak banget fasilitas lain nyaJenis perjalananLiburanGrup perjalananKeluargaKamar: 5Layanan: 5Lokasi: 5Sorotan hotelMewah, Pemandangan yang indah, Tenang, Cocok untuk anak-anak",hotel super mewah kamar banget ranjang empuk lengkap mandi minibar cemilan free bener keren mantap fasilitas kolam renang guard stanby arena main pandang indah tenang cocok,positif
ChZDSUhNMG9nS0VJQ0FnSUNfcTViYUx3EAE,4,"Secara keseluruhan kamar oke dan nyaman, sudah sering bolak balik Tentrem. Paling nyaman dehh di Jogja, housekeepingnya Diani dan Fauzan ramah dan membantu.Jenis perjalananLiburanGrup perjalananKeluargaKamar: 4Layanan: 4Lokasi: 4Sorotan hotelMewah, Pemandangan yang indah, Tenang, Cocok untuk anak-anak",kamar nyaman tentrem dehh jogja housekeepingnya fauzan ramah bantu mewah pandang indah tenang cocok,positif
ChdDSUhNMG9nS0VJQ0FnTURvb3RYenRBRRAB,5,"Kalau ke Jogja pasti stay disini, variety food breakfast nya banyak, staff very helpful, don't go here during peak holidayKamar: 5Layanan: 5Lokasi: 5",jogja stay variety food breakfast staff very helpful here during peak holiday,positif
Ci9DQUlRQUNvZENodHljRjlvT2pSUE1EZDJhazV3WDFkYWJVNTRURkJmVTE5Sk4xRRAB,5,Semua terasa luar biasa yempat d pelayanan nyaKamar: 5Layanan: 5Lokasi: 5,yempat layan,positif
ChdDSUhNMG9nS0VJQ0FnSUMxNzVXRmtnRRAB,3,"Tdk sesuai dgn bintangnya , pelayanan agak  mengecewakan
1. Wakt check in jam 3, tp jam 4 blm ada kamar
2. Waktu Check Out jam 12. Lewat dr jam 12 charge 30%. Terlalu kaku. Hotel besar saja ada fleksibel.
3 acara Christmas Dinnernya mengecewakan sekali untuk jenis makanannya. Tdk sesuai harga dan ekspektasi. Variasi menu hanya sedikit. Music kurang bs menghidupkan suasana.Jenis perjalananLiburanGrup perjalananKeluargaKamar: 5Layanan: 3Lokasi: 4KamarBagusSorotan hotelTenang",sesuai bintang layan kecewa wakt check charge kaku hotel fleksibel acara christmas dinnernya jenis makan harga ekspektasi variasi menu music hidup suasana kamar bagus tenang,netral
ChdDSUhNMG9nS0VJQ0FnSUNmOVlXMzd3RRAB,5,"Hotel mewah di Jogja, sarapannya oke banget, ada soto kadipiro & gudeg yu djum, pilihannya banyak banget dan menarik. Ada playground anak gede juga.Jenis perjalananLiburanGrup perjalananKeluargaKamar: 5Layanan: 5Lokasi: 5Sorotan hotelMewah",hotel mewah jogja sarapan banget soto kadipiro gudeg djum pilih tarik playground gede,positif
ChZDSUhNMG9nS0VJQ0FnSURUNWJQUmR3EAE,2,"dateng jam 1 untuk check in. tapi dr receptionist blg check in baru bisa di jam 3. nunggu jam 3 pun belum bisa masuk , sampe akhirnya baru bisa masuk kamar 17.30.

bilangnya nnt jika kamar ready akan di whatsapp. namun kenyataannya tidak ada pemberitahuan di whatsapp, melainkan harus 3x disamperin dulu ke receptionist sampai akhirnya bisa dapet kartu kamar.

untuk sekelas bintang 5 servicenya kalah dengan artotel suites bianti jogja. namun kamar dan fasilitas luar biasa mewah.

namun hospitality bukan hanya dilihat berdasarkan benda mati bukan? namun antara individu manusia dengan manusia.Jenis perjalananLiburanGrup perjalananKeluargaKamar: 5Layanan: 1Lokasi: 5",dateng check receptionist nunggu masuk sampe bilang kamar ready whatsapp nyata pemberitahuan disamperin dapet kartu kelas bintang service kalah artotel suites bianti jogja fasilitas mewah hospitality lihat dasar benda mati individu manusia,negatif
ChZDSUhNMG9nS0VJQ0FnSUNkNUtxZ2VREAE,5,"semua ttg hotel ini sempurna. cuma 1 kurangnya, breakfastnya ga semua enak khususnya GUDEG. 😅 indonesian foodnya jg ga enak srry to say. tp siomay, lumpia, dll enak . kalo masalah makanan mmg jujur enakan marriot, GUDEG marriot bahkan rasanya persis dg gudeg legend yg saya beli di malioboro. tp sisanya SEMPURNA. pertahankan.❤️Kamar: 5Layanan: 5Lokasi: 5",hotel sempurna breakfastnya enak khusus gudeg indonesian foodnya srry siomay lumpia kalo makan jujur marriot persis legend beli malioboro sisa tahan,positif
ChZDSUhNMG9nS0VJQ0FnSUREbmZ6RlpBEAE,5,"Maaf late reposted, pengalaman saya menginap di hotel ini.
Untuk kamar & makanan sudah gak perlu diragukan lagi sih!! Variasi menunya banyak dan andalan jamunya sido muncul joss suegerrrrrr...kebetulan saya dan istri menginap pada pertengahan ramadhan ini.. Dan satu lagi yang special di Hotel tentrem menurut saya. Kejujuran Karyawan! HP saya Oppo reno terbaru ketinggalan dikamar.. Saya dan istri sudah pasrah karena itu HP bener bener belum saya apa apakan tanpa kartu dll.. Tapi kejujuran dari Housekepeernya patut di acungin jempoll!!! Sampe lupa saya menanyakan nama housekeeper yang incharge waktu itu.. Karena bertepatan dengan saya berbuka puasa dengan keluarga. Sekali lagi saya berterimakasih atas pengalaman terbaiknya dari Hotel Tentrem.. 6 ⭐⭐⭐⭐⭐⭐ untuk kejujurannyaJenis perjalananLiburanGrup perjalananKeluargaKamar: 5Layanan: 5Lokasi: 5Sorotan hotelMewah",maaf late reposted alam inap hotel kamar makan ragu variasi menu andal jamu sido muncul sueger istri ramadhan special tentrem jujur karyawan oppo reno tinggal pasrah bener kartu housekepeernya patut acungin jempoll sampe lupa housekeeper incharge buka puasa keluarga berterimakasih mewah,positif
ChZDSUhNMG9nS0VJQ0FnSUN2MEtfWVhnEAE,1,"Buruk..
Saya menelepon untuk tentrem semarang bukannya dijelaskan bukan yg semarang, saya jadi salah reservasi .. saya rugi 2x.. saya kehilangan uang reservasi semalamndi yogya dan harga lbh tinggi disemarang krn sudah naik ratenya.. mengecewakan..
Kesalahan saya tdk membaca dengan teliti yg saya bayarkan untuk yogyakarta..
Seharusnya dr awal menelepon dijelaskan jika ini adalah Tentrem Yogyakarta...Jenis perjalananLiburanGrup perjalananKeluargaLayanan: 1",buruk telepon tentrem semarang salah reservasi rugi hilang uang semalamndi yogya harga disemarang ratenya kecewa baca teliti bayar yogyakarta,negatif
ChZDSUhNMG9nS0VJQ0FnSURSc3I2VkNREAE,5,"Kamar bersih dan luas dengan free mini bar, pelayanan selalu bagus, ramah dan semua staff sangat membantu. Proses check in dan check out juga cepat dan mudah tanpa butuh deposit lagi jika pembayaran sudah full di awal. Menu sarapan beragam dan komplit dari international food sampai jajanan tradisional disajikan lengkap dengan counter2 tersendiri. Menu restaurant dan room service dengan rasa di atas rata2 dan porsi yang besar. Kami sempat makan malam di barnya dan semua menunya enak, untuk minuman tradisional wedang jahe mereka adalah yang terbaik. Pagi hari suasana sangat tenang, masih ada suara burung dan ayam berkokok. Memang lokasi sedikit jauh dari pusat kuliner kalau mau gofood atau grabfood tapi overall hotel ini masih yang terbaik sesuai kelasnya.Jenis perjalananBisnisGrup perjalananKeluargaKamar: 5Layanan: 5Lokasi: 5Sorotan hotelMewah, Tenang, Harga terbaik",kamar bersih luas free mini layan bagus ramah staff bantu proses check cepat mudah butuh deposit bayar full menu sarapan ragam lengkap international food jajan tradisional saji counter restaurant room service porsi makan malam enak minum wedang jahe pagi suasana tenang suara burung ayam kokok lokasi pusat kuliner gofood grabfood overall hotel sesuai kelas mewah harga,positif
ChdDSUhNMG9nS0VJQ0FnSURubnM3UzdnRRAB,1,"Sudah 2x nginep disini, dan kali ini nginep 4h 3m bersama keluarga dan anak2, malah gak dapet tentrem nya.. service gak sesuai untuk hotel bintang 5, ada acara di eboni yg bikin lobby kayak tempat dugem dan bau rokok. Gak worth it, jadi next time ke jogja, saya gak akan nginep disini lagi.Jenis perjalananLiburanKamar: 3Layanan: 1Lokasi: 3",nginep kali keluarga dapet tentrem service sesuai hotel bintang acara eboni bikin lobby kayak dugem rokok worth next time jogja,negatif
ChdDSUhNMG9nS0VJQ0FnSUN2d05DazZRRRAB,1,"Everting is fabulous, kecuali 1 hal, ada rambut dimakanannya 😭😭 ko ya bisa hotel bintang 5 tapi makanannya ga terjaga hygiene nyaJenis perjalananLiburanGrup perjalananKeluarga",everting fabulous kecuali rambut makan hotel bintang jaga hygiene,negatif
ChdDSUhNMG9nS0VJQ0FnSURkeEtQUS1BRRAB,5,"Pengalaman menginap yang mengesankan di hotel tentrem. Kami sampai di hotel tentrem sebelum jam 12, kami kira harus menunggu check in pukul 15. Trnyta kamar ada yg sudah ready dan kami dipersilahkan check in. Alhamdulillah memang anak2 sudah capai pingin rebahan. Fasilitas dan pelayanan bintang 5Jenis perjalananLiburanGrup perjalananKeluargaKamar: 5Layanan: 5Lokasi: 5KamarKamar luas, fasilitas lengkap,include produk2 sidomunculSorotan hotelMewah, Pemandangan yang indah, Romantis, Cocok untuk anak-anak",alam inap kesan hotel tentrem tunggu check trnyta kamar ready silah alhamdulillah capai pingin rebah fasilitas layan bintang luas lengkap include produk sidomuncul mewah pandang indah romantis cocok,positif
ChdDSUhNMG9nS0VJQ0FnSUM3NWFXdzNRRRAB,5,"Keren sih pelayanannya. Isi notes saat pesan kamar dengan ekspektasi minimal, ternyata dapetnya maksimal. Terima kasih.
Sarapan paginya sangat beragam dgn rasa yg nikmat.Kamar: 5Layanan: 5Lokasi: 5",keren layan notes pesan kamar ekspektasi minimal nyata dapetnya maksimal terimakasih sarapan pagi ragam nikmat,positif
Ci9DQUlRQUNvZENodHljRjlvT2tobFlYbDJNalJwUlZwZlRrMVRWMjFwWVV0ZllsRRAB,5,"nice palace for stay, bersih dan nyaman...Jenis perjalananBisnisGrup perjalananTunggalKamar: 5Layanan: 5Lokasi: 5Sorotan hotelMewah, Romantis, Tenang, Cocok untuk anak-anak, Harga terbaik, Berteknologi tinggi",nice palace stay bersih nyaman mewah romantis tenang cocok harga teknologi,positif
ChZDSUhNMG9nS0VJQ0FnSUNEc0lxNU9nEAE,5,"Lokasi yg sangat strategis terletak di utara tugu jogja. Datang kesini utk melakukan bukber dengan teman2 kerja. Suasana yg keren bgt dan mewah. Utk pelayanan jg ramah dan menyenangkan. Lalu penyajian makanan utk bukber nya jg lengkap bgt sampai bingung mau ambil apa dulu😁 utk segi makanan dan minuman nya smua enak g ada yg kurang. yg paling aku suka nasi briyani dan gelato tolak angin nya. Wajib coba krn beneran enak.Grup perjalananTemanLayanan: 5Lokasi: 5Sorotan hotelMewah, Pemandangan yang indah, Romantis, Tenang, Cocok untuk anak-anak",lokasi strategis letak utara tugu jogja kesini laku bukber teman kerja suasana keren banget mewah layan ramah senang saji makan lengkap bingung ambil segi enak suka nasi briyani gelato tolak angin wajib coba beneran pandang indah romantis tenang cocok,positif
ChZDSUhNMG9nS0VJQ0FnSUQtMTd1V1N3EAE,5,"Jadwal check in jam 15.00, berhubung kami udah sampai jam 13.30, kami minta early check in. Anak juga baru tidur, minta tolong dipercepat persiapan kamarnya.

Menunggu di lobby, dapat voucher gelato/welcome drink 4. Gelato coklat nya enak, ada choco chip.

Sudah ditunggu sampai jam 14.30 belum siap juga. Anak sudah bangun, kami ajak main ke playground di LG floor.

Sudah jam 15.00, kami balik ke lobby, kamar masih belum ready. Sekitar 20 menit baru ready.

Bener omongannya papa yang dulu pernah nginep disini waktu nikahannya saudara. Check in nya lama bgt. Harga mahal tapi kurang puas menikmati kamarnya karena waktu staying nya berkurang.

Kamar bagus dan bersih, terawat banget. Tv juga baru, merk sams^ng. Bisa mirroring dan youtube, sound nya mantap. Tapi channel hbo tidak bisa ditonton.

Aku suka bathroom yang tempat shower dan kloset nya dipisah. Kloset hanya bidet, ga ada hand shower. Jadi kalau bawa anak yang masih kecil, bisa ke restroom lobby. Disitu ada hand showernya. Restroom LG floor dekat lift bersih banget ada sofanya juga. Baru kali ini liat ada toilet yang difasilitasi sofa. Amazed wkwk.

Untuk amenities baunya jamu, ga terlalu suka. Pool nya bagus banget, dinginnya biasa, karena ga kena angin.

Buat breakfast, aku sebenernya ngincer dimsum, eh pas hari minggu ga ada. Buat fillet ikan masih ada durinya. Trus di resto ada lalat 1. Seperti biasa makan choco crunch, tapi ini bukan yang sereal choco crunch merk nest^e, lebih kayak bentuknya mirip tapi rasanya kayak coklat batang.

Minumnya pesen cappucino sama teh, tidak diberikan sendok kecil untuk mengaduk tambahan gula. Trus makan omelette. Nasi goreng nya b aja.

Mau makan waffle eh nunggu 15 menit. Ga jadi deh, ganti haluan pancake dikasih topping es krim vanila dan strawberry. Pengen pakai saus coklat, tapi ga ada.

Overall, aku suka banget hotelnya. Bersih sekali, cuma agak susah cari tempat sampah. Jarang liat baik di lobby maupun di lorong kamar. Biasanya ada di deket lift, tapi ya ga ada. Pool nya the best. Hotel paling bagus yang pernah aku inap in sih ini.",jadwal check hubung udah early tidur tolong cepat kamar tunggu lobby voucher gelato minum coklat enak choco chip bangun ajak main playground floor ready menit bener omong papa nginep nikah saudara banget harga mahal puas nikmat staying bagus bersih awat merk sams mirroring youtube sound mantap channel tonton suka bathroom shower kloset pisah bidet hand bawa restroom situ showernya lift sofa kali liat toilet fasilitas amazed wkwk amenities jamu dingin kena angin breakfast sebenernya ngincer dimsum minggu fillet ikan duri trus resto lalat makan crunch real nest kayak bentuk batang cappucino sendok aduk gula omelette nasi goreng waffle nunggu ganti haluan pancake kasih topping krim vanila strawberry pakai saus overall hotel susah cari sampah jarang lorong deket inap,positif
ChZDSUhNMG9nS0VJQ0FnSUQ3LS1uSExnEAE,5,"Hotel terbaik di jogja,di sambut dengan sangat ramah dari security sampai front office,kamar yang sangat bersih,wellcome drink aneka minuman jamu,menu breakfast nya juara dan sangat lengkap.pingin menginap lagi di sini kalau ke jogja.Jenis perjalananLiburanKamar: 5Layanan: 5Lokasi: 5",hotel jogja sambut ramah security front office kamar bersih wellcome minum aneka jamu menu breakfast juara lengkap pingin inap,positif
ChZDSUhNMG9nS0VJQ0FnSUN0cHJMMVJnEAE,5,"Hotelnya keren pakai banget senang nginap disini. katyawan yg ramah, Kamar luas, elegan dan bersih. Fasilitas lengkap,  fasilitasnya terawat. Menu Breakfast banyak variasi dan pas dilidah. recomended bangetJenis perjalananLiburanGrup perjalananKeluargaKamar: 5Layanan: 5Lokasi: 4Sorotan hotelCocok untuk anak-anak",hotel keren pakai banget senang nginap katyawan ramah kamar luas elegan bersih fasilitas lengkap awat menu breakfast variasi lidah recomended cocok,positif
ChdDSUhNMG9nS0VJQ0FnSURKNXZIUGxnRRAB,4,"Desain     : mewah, karena material yang d pake ya mewah semua. Sehingga kesab mewah muncul

Lobby :  lux banget. Pemilian material onyx di meja receptionist keren
Pemilihan material, mutu dan motif karpet yang cukup pass sehingga menimbulkan kesan mewah dan elegan.
Dinding di area lobby sebagian besar di balut dengan material batu alam travertine clasico. Yang standart tapi karena pass dalam peletakan dan pemasangan maka bener-bener mewah banget. Perawatan Utility hotel juga bener2 terjaga.
Untuk koridor kamar cukup bagus dengan ambience yang comfy banget dan juga d pasang karpet yang sama seperti d lobby jadi berasa nyaman dan mahal.
Untuk kamar desain biasa saja tp terjaga kebersihannya. Material mebel sebagian dari kayu dengan finishing mellamin.
Btw di sini untuk pembersihan selalu d jaga dan d cek dengan sinar UV itu yang buat kesan sangat bersih
Tp di kamar ada minusnya yaitu untuk karpet di area tempat tidurnya kurang gede untuk coverege areanya. Jadi kalo turun dari ranjang d area kanan dan kiri kaki lagsg menginjak ke lantai dan lantainya cukup dingin. Ranjang gede bisa d isi 2 orang dewasa dan 1 anak dengan berat di 30kg dengan tinggi d 1.2 m.
Kamar mandi cukup ok.
Tv juga pass dengan ukuran kamar kira2 di ukuran 40 m2 yah.
Untuk anak2 ada playground juga yang cukup lengkap. Untuk pool juga lumayan gede loh.
Breakfast ada menu-menu makanan legend d i jogja loh. Salah satunya Ada soto kadipuro trus ada nasi gudeg ibukota. Untuk roti2nya juga beragam croiscant coklat enak banget. Ice cream tolak angin enak bangettttt
Kerenya setiap jam 10.00 siang akan d putar lagu kebangsaan indonesia raya dan kita harus berdiri.. Keren banget ini..
Overall cukup ok dan pingin balik lagi deh..Jenis perjalananLiburanGrup perjalananKeluargaKamar: 4Layanan: 4Lokasi: 4Sorotan hotelMewah, Cocok untuk anak-anak",desain mewah material pake kesab muncul lobby banget pemilian onyx meja receptionist keren pilih mutu motif karpet pass timbul kesan elegan dinding area balut batu alam travertine clasico standart leta pasang bener awat utility hotel jaga koridor kamar bagus ambience comfy nyaman mahal bersih mebel kayu finishing mellamin sinar minus tidur gede coverege kalo turun ranjang kanan kiri kaki lagsg injak lantai dingin orang dewasa berat mandi ukur playground lengkap lumayan breakfast menu makan legend jogja salah soto kadipuro trus nasi gudeg ibukota roti ragam croiscant coklat enak cream tolak angin kere siang putar lagu bangsa indonesia raya overall pingin cocok,positif
Ci9DQUlRQUNvZENodHljRjlvT2t0RWRrTkNlSGRMUm0xaVJqWjZhalZXU1hWVmFuYxAB,5,"Salah satu hotel dengan vibe paling grandeur di Jogja.Jenis perjalananBisnisGrup perjalananTemanKamar: 5Layanan: 5Lokasi: 5Sorotan hotelMewah, Pemandangan yang indah, Romantis, Tenang, Cocok untuk anak-anak, Harga terbaik, Berteknologi tinggi",salah hotel vibe grandeur jogja mewah pandang indah romantis tenang cocok harga teknologi,positif
ChdDSUhNMG9nS0VJQ0FnSUREX0w3LTN3RRAB,5,"Pengalaman perdana menginap di hotel tentrem Yogya setelah sebelumnya pernah menginap di tentrem Semarang dan ya ga pernah ga puas dengan pelayanan staff hotel , Terimakasih untuk Mbak Ulfi ( Mudah2an ga salah sebut ) yang bantu saya check in , saya merasa disambut dengan hospitality yg luar biasa mengingat perjalanan panjang dari Jakarta. Great food , Great staff also Great ambience . Thanks All.Jenis perjalananLiburanGrup perjalananKeluargaKamar: 5Layanan: 5Lokasi: 5Sorotan hotelCocok untuk anak-anak, Harga terbaik",alam perdana inap hotel tentrem yogya semarang puas layan staff terimakasih ulfi mudah salah bantu check sambut hospitality jalan jakarta great food also ambience thanks cocok harga,positif
ChZDSUhNMG9nS0VJQ0FnSUNqN3JYVUxREAE,5,"Terbaikkk 👍🏻
Ketika hanya 2-3 jam perjalanan kami sdh sampai rmh, tapi si bapak masuk angin dan klenger dijalan maka kami putuskan untuk bermalam.
Dan kami dapatkan kamar di hotel tentrem ini.
Awal masuk sudah langsung disambut dengan wellcome drink-nya jamu doonk…..
Dan suka bgt dg aroma yg “njawani” dimana mana. Petugas / staff pun semua memberi salam yg “njawani” juga…..sugeng enjang, sugeng ndalu 😍
Benar2 tempat yg tepak dimana jamu tolak angin ada dimana2, bahkan disediakan juga di kamar dan free semua.
Sarapan pagi dengan berbagai menu, dan banyak menu jawa disini….gudeg, mie jawa, soto dan segala ubo rampe nya.
Terimakasih, bapak jadi sehat dan bugar dg jamu2 tradisional serta istirahat yg cukup di tempat yg nyamanJenis perjalananLiburanGrup perjalananKeluargaKamar: 5Layanan: 5Lokasi: 5Sorotan hotelMewah, Tenang",jalan masuk angin klenger putus malam kamar hotel tentrem langsung sambut wellcome minum jamu doonk suka banget aroma njawani tugas staff salam sugeng enjang ndalu tepak tolak sedia free sarapan pagi menu jawa gudeg soto rampe terimakasih sehat bugar tradisional istirahat nyaman mewah tenang,positif
ChZDSUhNMG9nS0VJQ0FnTUNRdkxXSUlnEAE,5,"Sangat nyaman, akan stay disini lagi, pelayannya sangat baik dan ramah, dibersihkan sama uta dan dian thanks mas!Jenis perjalananLiburanGrup perjalananTunggalKamar: 5Layanan: 5Lokasi: 5Sorotan hotelMewah",nyaman stay layan ramah bersih dian thanks mewah,positif
ChdDSUhNMG9nS0VJQ0FnSUNIZ2NyZ3dRRRAB,5,"Kamar nyaman, fasilitas lengkap, pelayanan sangat baik, yang utama adalah menu sarapan yang sangat beragam dan enak-enak. Jangan lupa cari roti kukus dan ice cream tolak angin.Jenis perjalananBisnisGrup perjalananTemanKamar: 5Layanan: 5Lokasi: 5Sorotan hotelMewah, Pemandangan yang indah, Cocok untuk anak-anak, Harga terbaik",kamar nyaman fasilitas lengkap layan utama menu sarapan ragam enak lupa cari roti kukus cream tolak angin mewah pandang indah cocok harga,positif
ChZDSUhNMG9nS0VJQ0FnSUNncktfakJ3EAE,5,One of the nicest hotel in Jogja. Kamar cukup besar dan nyaman. Breakfast is spot on delicious! Sedikit tips kalau mau menginap di tentrem request yang merapi view jadi tiap pagi bisa lihat sunrise dan gunung merapi.Kamar: 5Layanan: 4Lokasi: 4,nicest hotel jogja kamar nyaman breakfast spot delicious tips inap tentrem request rapi view pagi lihat sunrise gunung,positif
ChdDSUhNMG9nS0VJQ0FnSUNGbVlta213RRAB,5,"Hotel terbaik se-jogja sih ini, kalau mau milih hotel yang ga terlalu bising tapi masih bisa cafe hopping jalan kaki ya di sini.. Asik banget kolamnya persegi panjang jadi enak renangnya lurus2 gitu, ga takut kejedot klo dibandingin sama kolam bulet yg berkelok2 gitu. Pemandangan juga manis, simetris, keren lah.. Dateng2 disambut gelato yg rasanya unik2 dari tolak angin smp STMJ, sy pilih kopi ginseng. Welcome drink ny juga jamu2an, sy pilih alang sari yg paling aman dari namanya, ga aneh2 hehe..soalnya ga biasa minum jejamuan. Breakfast juga mantap smp sakit perut kekenyangan.. Sushi corner ny agak menyedihkan ya tapi, yg lain baru ok. Rencana mau ke gaharu spa tp krn abis renang langsung makan, takut keburu abis jam breakfast ny, stlh kekenyangan udah mls dipijet2.. Maybe next time..Jenis perjalananBisnisGrup perjalananTunggalKamar: 5Layanan: 5Lokasi: 5KamarBednya enak, bukan yang empuk banget tapi yang menopang tulang belakang, cocok bwt yg suka sakit pinggang, bantalnya juga terbanyak dari smua hotel yg sy pernah inepin, sprei dibordir cantik logo tentrem. Tapi hair dryer ny tp kuno ya, mesti dipencet terus baru nyala, pegel dah.. Disediain setrikaan sm mejanya sekalian, ada bathrobe, handuk besar dan kecil, sendalnya jg bagus dibordir.. Lampu banyak, jd terang, bersih, spacious..Sorotan hotelMewah",hotel jogja milih bising cafe hopping jalan kaki asik banget kolam persegi enak renang lurus gitu takut jedot dibandingin bulet kelok pandang manis simetris keren dateng sambut gelato unik tolak angin stmj pilih kopi ginseng minum jamu alang sari aman aneh jejamuan breakfast mantap sakit perut kenyang sushi corner sedih rencana gaharu langsung makan keburu stlh udah dipijet maybe next time kamar bednya empuk topang tulang cocok suka pinggang bantal inepin sprei bordir cantik logo tentrem hair dryer kuno mesti pencet nyala setrika meja bathrobe handuk sendal bagus lampu terang bersih spacious mewah,positif
ChZDSUhNMG9nS0VJQ0FnSURma0xDcU9REAE,5,"Mantab,.. hotel terbaik,..pelayanan sangat oke,..Jenis perjalananLiburanGrup perjalananKeluargaKamar: 5Layanan: 5Lokasi: 5Sorotan hotelMewah, Pemandangan yang indah, Tenang, Cocok untuk anak-anak, Harga terbaik, Berteknologi tinggi",bagus hotel layan mewah pandang indah tenang cocok harga teknologi,positif
ChdDSUhNMG9nS0VJQ0FnSURwMDZucTJnRRAB,5,"Saya tidak menginap di hotel ini tapi hanya Ikut acara simposium dan seminar di hotel ini. Lokasi nya dekat dengan pusat kota, dekat ke stasiun tugu dan ke Malioboro. Bangunannya sangat mewah dan megah walaupun sudah tampak berumur. Balroom tempat saya mengikuti simposium sangat luas sampai2 bisa menampung lebih dari 700 orang, toilet dan mushola bersih, menu makan siang dan coffee break juga enak dan bervariasi. Overall mantap, tapi buat saya mungkin belum sanggup untuk menyewa dan tidur di kamar hotel ini, semoga suatu saat bisa meraskan kenyamanan kamar hotel ini bersama anak dan istri tercinta, aamiinJenis perjalananBisnisGrup perjalananTemanLayanan: 5Lokasi: 5Sorotan hotelMewah",inap hotel acara simposium seminar lokasi pusat kota stasiun tugu malioboro bangun mewah megah umur balroom luas tampung orang toilet mushola bersih menu makan siang coffee break enak variasi overall mantap sanggup sewa tidur kamar moga nyaman istri cinta aamiin,positif
ChZDSUhNMG9nS0VJQ0FnSURIaVBlRGFnEAE,5,"Hotel terbaik di jogja untuk saat ini yang pernah kita singgahi, pelayanan ramah dan baik, tempatnya strategis dan bersih. Kamarnya bagus banget yang paling penting menu breakfastnya terbaikJenis perjalananBisnisGrup perjalananTemanKamar: 5Layanan: 5Lokasi: 5KamarKamarnya mewah dan luasAktivitas di sekitarLingkunganya nyaman dan tenangKeamananKeamananya tingkat 5 sihMakanan & minumanMakanan dan minumanya juara banget apalagi kita yang dari jawa timur suka makanan pedasDetail pentingKeamananya oke bangetSorotan hotelMewah, Pemandangan yang indah, Romantis, Tenang, Cocok untuk anak-anak, Berteknologi tinggi",hotel jogja singgah layan ramah strategis bersih kamar bagus banget menu breakfastnya mewah luas lingkunganya nyaman tenang keamananya tingkat makan minumanya juara jawa timur suka pedas pandang indah romantis cocok teknologi,positif
ChZDSUhNMG9nS0VJQ0FnSUN6cnJIWFp3EAE,5,"Senyaman dan sesuka itu rasanya 3 hari gak bakal cukup stay di sini ,para staff ramah poll dan sangat membantu tanpa diminta dari turun di parkiran sampai ke kamar..
Pokoknya nginap bareng anak anak gak ada yg bikin buyar bakal kembali lagi nanti insyaallah jika ke jogja 🖤Jenis perjalananLiburanGrup perjalananKeluargaKamar: 5Layanan: 5Lokasi: 5KamarBersih dan luas sekaliAktivitas di sekitarRamai sekalia ketika itu karna sedang banyak kegiatan dr berbagai acara/perusahaanKeamananBaik dijaga dan diawasi sekaliArea untuk berjalan kakiTidak terlalu jauh ya untuk sekitar hotel dan ball roomMakanan & minumanEnakDetail pentingDisini diberikan freebies oleh oleh dari jogja dan ada tempat jual barang oleh oleh juga jika sedang membutuhkanSorotan hotelMewah, Pemandangan yang indah, Tenang, Cocok untuk anak-anak, Berteknologi tinggi",nyaman suka stay staff ramah poll bantu turun parkir kamar pokok nginap bareng bikin buyar insyaallah jogja bersih luas ramai sekalia karna giat acara usaha jaga awas hotel ball room enak freebies jual barang butuh mewah pandang indah tenang cocok teknologi,positif
ChdDSUhNMG9nS0VJQ0FnSURKN0lQUThRRRAB,5,"The staff are very kind and make you feel like you're home. I remember first thing when entering the hotel after a long day of activities and being so tired the staff asked me, are you tired? I said yes I am tired. By the way they can speak and understand English so for all the international tourists there is no need to worry. Again back to the story. The staff proceeded to offer me a warm towel which woke me up for just the right amount of time to get to my room without falling asleep. Absolutely speechless. The room is very spacious and has a couch that can pretty much act as another bed. So in total it can fit 4 beds (Including the couch and the sofa). Even after all of the extras you will STILL have so much space to move around which in itself is mind blowing. Although I suggest booking it straight from their website as in sometimes they can have discounts and is generally just cheaper when you book it straight up from their website.

Staf sangat baik dan membuat Anda merasa seperti di rumah.  Saya ingat hal pertama ketika memasuki hotel setelah seharian beraktivitas dan sangat lelah, staf bertanya kepada saya, apakah Anda lelah?  Saya bilang ya saya lelah.  Ngomong-ngomong mereka bisa berbicara dan mengerti bahasa Inggris jadi untuk semua turis internasional tidak perlu khawatir.  Kembali lagi ke cerita.  Staf kemudian menawarkan saya handuk hangat yang membangunkan saya untuk waktu yang tepat untuk sampai ke kamar saya tanpa tertidur.  Benar-benar terdiam.  Kamarnya sangat luas dan memiliki sofa yang bisa berfungsi sebagai tempat tidur lain.  Jadi total bisa muat 4 tempat tidur (Termasuk sofa dan sofa).  Bahkan setelah semua ekstra Anda MASIH memiliki begitu banyak ruang untuk bergerak yang dengan sendirinya sangat mengejutkan.  Meskipun saya menyarankan pemesanan langsung dari situs web mereka karena kadang-kadang mereka dapat memiliki diskon dan umumnya lebih murah ketika Anda memesannya langsung dari situs web mereka.Jenis perjalananLiburanGrup perjalananKeluargaKamar: 5Layanan: 5Lokasi: 5KamarVery Spacious

Sangat LuasAktivitas di sekitarMany Restaurants Nearby

Banyak Restoran Dekat Dari SiniMakanan & minumanTasty Food

Makanan EnakSorotan hotelMewah, Pemandangan yang indah, Romantis, Tenang, Cocok untuk anak-anak, Harga terbaik, Berteknologi tinggi",staff very kind make feel like home remember first thing when entering hotel after long activities being tired asked said they speak understand english international tourists there need worry again back story proceeded offer warm towel which woke just right amount time room without falling asleep absolutely speechless spacious couch that pretty much another total beds including sofa even extras will still have space move around itself mind blowing although suggest booking straight from their website sometimes discounts generally cheaper book staf rumah pasuk aktivitas lelah bilang ngomong bicara erti bahasa inggris turis internasional khawatir cerita tawar handuk hangat bangun kamar tidur diam luas milik fungsi muat masuk ekstra ruang gerak kejut saran mesan langsung situs kadang diskon murah many restaurants nearby restoran tasty food makan enak mewah pandang indah romantis tenang cocok harga teknologi,positif
ChZDSUhNMG9nS0VJQ0FnSUNEejg3S2RnEAE,2,"Petugas keamanan parkir basement selatan minus attitude. Sy menemui teman lama yg kebetulan menginap utk kunjungan kerja pejabat negara  di Jogja, bertemu sekitar 40 menit utk sekedar memberikan hampers lebaran. Diarahkan ke parkir selatan yg jauh dr lobby. Akhirnya teman sy yg menemui di parkiran. Ini sy parkir paling ujung dekat akses keluar masuk. 3 satpam berkali kali memutari mobil kami. Ada pula yg menyuruh saya matikan mesin mobil sementara kami sdg ngobrol. Ini disuruh sauna apa gmn? Heloo...kalian pikir kami mau ngapain??? Kalau niat macem2 ngapain milih akses terdekat pintu keluar masuk. Bahkan ada yg nyamperin suruh matikan mesin mobil. Jadi kami disuruh sauna gitu??? Sudah sy turuti buka kaca mobil. Kami lanjut ngobrol stgh jam, dlm waktu itu berkali kali satpam memutari mobil saya. Sungguh attitude yg sangat buruk!andaikan waktu tdk terbatas& jarak lobby dg parkiran dekat tentu sy temui di lobby. Ini Krn mendekati waktu buka. Silakan cek cctv utk melihat kinerja petugas yg penuh drama.Jenis perjalananBisnis",tugas parkir basement selatan minus attitude temu teman inap kunjung kerja jabat negara jogja menit hampers lebaran arah lobby ujung akses masuk satpam kali putar mobil suruh mati mesin ngobrol sauna heloo pikir ngapain niat macem milih pintu nyamperin gitu buka kaca stgh sungguh buruk andai batas jarak sila cctv lihat penuh drama,negatif
Ci9DQUlRQUNvZENodHljRjlvT25wZmRUTXdaVVpJU1VVMGIzcFVlRVF3YlZnd1RVRRAB,5,Yap tempatnya sangat bagus dan nyaman gais 😁Kamar: 5Layanan: 5Lokasi: 5,bagus nyaman gais,positif
ChZDSUhNMG9nS0VJQ0FnSUREbjhiWkt3EAE,5,"Hotel ternyaman di jogja, staff semua ramah, apalagi sarapan nya selalu enak2, tapiiii sayanggg buanget kenapa masih banyak tamu yg ke resto untuk sarapan masih memakai baju tidur dan daster, biasanya sekelas bintang 5 menerapkan peraturan tdk boleh memakai baju tidur saat akan turun sarapan ke resto. Sayang sekali 😔
Melihat org2 pakai daster saat sarapan mood lgsg ilang.. berasa sarapan bersama org yg belum mandi baru bangun lgsg sarapan😭Jenis perjalananLiburanGrup perjalananPasanganKamar: 5Layanan: 5Lokasi: 5Sorotan hotelMewah",hotel nyaman jogja staff ramah sarapan enak sayang buanget tamu resto pakai baju tidur daster kelas bintang terap atur turun lihat mood lgsg ilang mandi bangun mewah,positif
ChZDSUhNMG9nS0VJQ0FnSUNWaGR5SFZnEAE,5,"Lokasi strategis, dapat dijangkau layanan travel. Kamar nyaman, bersih, rapi. Ada mesin pembuat kopi expresso, ada juga sachet kopi, teh, jahe, tolak angin. Toileter dapat pisau cukur kumis, sisir, sikat gigi, odol dan handuk yang diganti tiap hari. Pelayan ramah. Menu breakfast menyenangkan dengan berbagai menu nusantara, soto, mie bakso, pecel, gorengan.Jenis perjalananLiburanGrup perjalananTemanKamar: 5Layanan: 5Lokasi: 5Sorotan hotelTenang",lokasi strategis jangkau layan travel kamar nyaman bersih rapi mesin kopi expresso sachet jahe tolak angin toileter pisau cukur kumis sisir sikat gigi odol handuk ganti ramah menu breakfast senang nusantara soto bakso pecel goreng tenang,positif
ChdDSUhNMG9nS0VJQ0FnSURONzRPMl9BRRAB,5,"Lokasi Hotel strategis dengan kenyamanan luar biasa. Kamarnya bersih, modern, amenities cukup beragam. Menu breakfast jg beragam dgn rasa yang cukup enak

Yang bikin jatuh hati sama hotel ini, setiao kamar ada mesin kopi/espressoJenis perjalananBisnisGrup perjalananTemanKamar: 5Layanan: 5Lokasi: 5Sorotan hotelMewah, Tenang",lokasi hotel strategis nyaman kamar bersih modern amenities ragam menu breakfast enak bikin jatuh hati setiao mesin kopi espresso mewah tenang,positif
ChZDSUhNMG9nS0VJQ0FnSUNiLXFDR0l3EAE,3,"Baru pertama kali nginep di hotel yg penentuan kategori Adult or Child nya dari tinggi badan. Diatas 110 cm gak bisa masuk kategori Child, jd saat breakfast diinfo ada extra charge. Hmm....bukan soal extra chargenya, tapi measurement 110 cm nya ituloh. Ada palangnya jg saat mau masuk resto, kayak di Dufan 😅Jenis perjalananLiburanGrup perjalananKeluargaKamar: 5Layanan: 3Lokasi: 5",kali nginep hotel kategori adult child badan masuk breakfast info extra charge chargenya measurement ituloh palang resto kayak dufan,netral
ChdDSUhNMG9nS0VJQ0FnSUREbGR2UWh3RRAB,5,"Dapat kamar dg view jalan raya sesuai permintaan, layanan wake up sahur memuaskan dengan pengantaran makan/snack ke kamar, amenities yang oke dan paling suka dengan aroma sabun dan lotion yang khasJenis perjalananLiburanGrup perjalananPasanganKamar: 5Layanan: 5Lokasi: 5Sorotan hotelTenang",kamar view jalan raya sesuai layan wake sahur puas makan snack amenities suka aroma sabun lotion khas tenang,positif
ChdDSUhNMG9nS0VJQ0FnSURMLXZLdXhBRRAB,5,"Siapa yang ga tahu dengan salah satu hotel bintang 5 dengan bangunan megah, mewah, desain klasik modern ini. Aroma wangi khas hotel Tentrem di area lobby dan room benar2 menentramkan jiwa.Jenis perjalananLiburanGrup perjalananKeluargaKamar: 5Layanan: 5Lokasi: 5Sorotan hotelMewah, Pemandangan yang indah, Romantis, Tenang, Cocok untuk anak-anak, Harga terbaik",salah hotel bintang bangun megah mewah desain klasik modern aroma wangi khas tentrem area lobby room menentramkan jiwa pandang indah romantis tenang cocok harga,positif
ChdDSUhNMG9nS0VJQ0FnSURubF8zczV3RRAB,5,"Sangattt puasss dengan pelayanannya dan Ramah utk waitres nya,tempat dan suasana sesuai dgn nama Hotelnya Tentrem💃☺️ next mau berkunjung lagi dsiniJenis perjalananBisnisGrup perjalananTemanKamar: 5Layanan: 5Lokasi: 4KamarSangattt mewah,bersih,dan nyamanMakanan & minumanMakanan sangat enakk puoll rasanya dan bermacam""menu khas indonesia terutama Gudeg nya👍👍Sorotan hotelMewah, Tenang, Harga terbaik",puas layan ramah waitres suasana sesuai hotel tentrem next kunjung dsini kamar mewah bersih nyaman makan enak puoll menu khas indonesia utama gudeg tenang harga,positif
ChZDSUhNMG9nS0VJQ0FnSUN4N042NlZBEAE,5,"Hotel yg sangat Sidomuncul banget,  100% super keren menurut saya. Aura SidoMuncul nya kuat di setiap sudut. Produk Sidomuncul tersebar luas disini, mulai Es Krim Tolak Angin yang ngga nyangka ternyata sangat enak.. Es Krim Kopi Ginseng juga gak kalah enak. Di kamar juga banyak disediakan complimentary produk Sidomuncul.

Fasilitas Hotel sangat bagus, kasur guedee , nyaman.. kamar bersih, harga kamar termasuk OK banget dgn fasilitas spt ini. Ada sauna jacuzi yang nyaman. Kolam renang dan Playground gede. Staff hotel sangat well-trained, sopan, dan pintar. Jangan Heran klo hotel ini sering full booked.

Makanan Breakfast Mayoritas menu Indo Jawa. Untuk western pilihannya kurang banyak.

Sangat puas stay di Hotel Tentrem, semoga lain kesempatan bisa stay lebih lama. Semoga bisa mengembangkan chain Hotel Tentrem di kota2 lain. Amin. Sukses Selalu !!Jenis perjalananLiburanGrup perjalananPasanganKamar: 5Layanan: 5Lokasi: 5Sorotan hotelMewah, Pemandangan yang indah, Romantis, Tenang, Cocok untuk anak-anak, Harga terbaik",hotel sidomuncul banget super keren aura sido muncul kuat sudut produk sebar luas krim tolak angin ngga nyangka nyata enak kopi ginseng kalah kamar sedia complimentary fasilitas bagus kasur guedee nyaman bersih harga masuk sauna jacuzi kolam renang playground gede staff well trained sopan pintar heran full booked makan breakfast mayoritas menu indo jawa western pilih puas stay tentrem moga kembang chain kota amin sukses mewah pandang indah romantis tenang cocok,positif
ChZDSUhNMG9nS0VJQ0FnSUNib05hb0JREAE,4,"Untuk sekelas hotel bintang 5, sangat disayangkan tidak ada fasilitas bathtub nya. Padahal di hotel2 bintang 5 lain sudah ada di smua tipe kamar, bahkan di hotel bintang 4 dgn tipe kamar termurah skalipun.Kamar: 3Layanan: 4Lokasi: 5",kelas hotel bintang sayang fasilitas bathtub tipe kamar murah skalipun,positif
ChZDSUhNMG9nS0VJQ0FnSUN4OE1yY0dBEAE,5,"Sebelum memutuskan nginep di hotel ini, aku baca review dulu. Beberapa review katanya check in di hotel ini lama. Ternyata bener, luama banget. Aku nginep awal bulan mei. Waktu check in jam 15.00, dan jam 15.00 aku sudah di hotel dan check in. Dan baru bisa masuk ke kamar jam 16.05 loh. Berasa rugi banget. Mana yang tadinya anak-anak mau berenang, sampe nggak jadi karena kelamaan dan keburu hujan. Nggak tau alasannya apa. Ngeselin pokoknya. Waktu check out jam 12.00 dan check in jam 15.00 seharusnya sudah sangat cukup untuk menyiapkan kamar. Saat itu kondisi hotel juga bukan yang rame banget. Itu minusnya ya..

Plus nya ? Buanyak..
- dapet voucher yang bisa ditukar dengan gelato atau jamu
- kamar : kasurnya luas, twin bed masing-masing ukuran queen. Jadi cukup banget untuk dipake 2 anak.
- dapet cake coklat enak banget, dan ukurannya bukan yang kecil banget.
- shampoo, sabun, lotion disediakan dengan botol besar. Bukan botol kecil-kecil yang biasanya dipake mandi 2 kali 2 orang aja kurang.
- biasanya sikat gigi hotel itu dipake nggak enak, tapi disini sikat giginya lumayan enak dipake
- breakfast: enak banget. Semua yang aku cobain enak. Dan cukup lengkapKamar: 5Layanan: 4Lokasi: 5",putus nginep hotel baca review check nyata bener luama banget masuk kamar rugi renang sampe keburu hujan alas ngeselin pokok kondisi rame minus plus buanyak dapet voucher tukar gelato jamu kasur luas twin ukur queen dipake cake coklat enak shampoo sabun lotion sedia botol mandi kali orang sikat gigi lumayan breakfast cobain lengkap,positif
ChZDSUhNMG9nS0VJQ0FnTURRcExicmVREAE,5,"Hotel nyaman untuk beristirahat, pegawai ramah, menu sarapan dan makan malam banyak pilihanJenis perjalananBisnisGrup perjalananPasanganKamar: 5Layanan: 5Lokasi: 5Sorotan hotelTenang",hotel nyaman istirahat pegawai ramah menu sarapan makan malam pilih tenang,positif
ChZDSUhNMG9nS0VJQ0FnSURoMHBQZk13EAE,4,"sudah lama ingin sekali menginap di hotel ini, sekalinya kesampaian langsung diberikan tugas 4 malam menginap di hotel tentrem.

Hotel tentrem ini overall seharusnya layak saya berikan bintang 5. Sejak datang kami sudah disuguhi keramahan jawa, lengkap dengan welcome drink yang dapat diganti gelato. Fasilitas fitness lengkap, kamar luas dengan tempat tidur besar dan nyaman, makanan enak semua.

Namun ada setidaknya 2 poin masukan bagi Hotel Tentrem:
1. Saya melihat botol plastik di ruang meeting rasanya mengurangi estetika kemewahannya. ditambah kemasannya juga standar dan tidak menarik sama sekali.
2. Beberapa rekan saya mengeluhkan masalah wifi internet. Saya sendiri mengalami kesulitan untuk menggunakan wifi internet di hotel tentrem. Paham kalau memang sebaiknya diberikan limitasi, tapi 5Mbps untuk video conference sangat kurang. terlebih di hari pertama malah kami seringkali justru tidak bisa connect sama sekali.

ada 1 lagi yang bagi saya kurang mengganggu, saya menemukan ada semut besar dalam soto betawi yang dihidangkan sebagai hidangan makan siang pada saat kami meeting.

Semoga lain waktu 2 poin masukan tadi menjadi perbaikan bagi hotel tentrem ke depannya. Saya menantikan untuk kembali menginap di hotel tentrem",inap hotel langsung tugas malam tentrem overall layak ikan bintang suguh ramah jawa lengkap minum ganti gelato fasilitas fitness kamar luas tidur nyaman makan enak poin masuk lihat botol plastik ruang meeting estetika mewah kemas standar tarik rekan keluh wifi internet alami sulit paham limitasi mbps video conference seringkali connect ganggu temu semut soto betawi hidang siang moga,positif
ChdDSUhNMG9nS0VJQ0FnSUNQbXZhVHV3RRAB,5,"Bersih, nyaman, lokasi di tengah kota, dekat ke Malioboro.
Recommended minuman alangsarinya 👍
Poolnya bersih banget, nyaman
Overall OkKamar: 5Layanan: 5Lokasi: 5",bersih nyaman lokasi kota malioboro recommended minum alangsarinya poolnya banget overall,positif
ChdDSUhNMG9nS0VNNm1yOUMwMWZLdjVBRRAB,5,"Hotel terbaik di Yogya, tempat tidurnya sangat luas diatas standar",hotel yogya tidur luas standar,positif
ChZDSUhNMG9nS0VJQ0FnSUNkNEszWFpBEAE,5,"Tetep aku kasih bintang 5, tapi mau nyampein aja aku pesen kamar yg executive bath up nya ga bisa di pake krn knop buangan air g bisa di tutup. Meskipun udh di dtgin teknisi. Dan dia bilang mau cari alatnya buat ganti. Cuma mengganggu aja di kamar yg bagus hotel mewah kok trouble 🫠
Aku nginep tgl 20 januari 2024

Baik juga sih kita dikasih free macaron yg di tawarin staf hotel buat anak2 ku
Semua staf & pelayanan oke
Cuma di bath up tadi yg mengganggu di hotel sekelas itu
Trus udh g dpt komplimen apapun atas bath up tadi 😌Jenis perjalananLiburanGrup perjalananKeluargaKamar: 5Layanan: 5Lokasi: 5KamarDiperhatikan lagi fungsi2 fasilitas nyaSorotan hotelMewah",tetep bintang nyampein kamar executive bath pake knop buang tutup dtgin teknisi bilang cari alat ganti ganggu bagus hotel mewah trouble nginep januari kasih free macaron tawarin staf layan kelas trus komplimen perhati fungsi fasilitas,positif
ChZDSUhNMG9nS0VJQ0FnTUNnNDcyZlBBEAE,5,"Hotel nya bener2 nyaman.
Ada live music di lounge nya di malam hari.

Akan selalu senang kembali ke hotel ini.Jenis perjalananLiburanGrup perjalananTemanKamar: 5Layanan: 5Lokasi: 4KamarKamarnya besar dan nyamanKeamananPetugas keamanan nya ramahMakanan & minumanBanyak makanan minuman event ice cream dengan rasa tolak angin. 😁😁Sorotan hotelMewah, Romantis, Tenang, Cocok untuk anak-anak",hotel bener nyaman live music lounge malam senang kamar tugas ramah makan minum event cream tolak angin mewah romantis tenang cocok,positif
ChdDSUhNMG9nS0VJQ0FnSUN2bXJXRXd3RRAB,5,"Salah satu hotel bintang 5 terbaik saat ini, menu sarapan lengkap dan menghadirkan hidangan lokal yang sudah menjadi legendaJenis perjalananBisnisGrup perjalananTunggalKamar: 5Layanan: 5Lokasi: 5Sorotan hotelMewah, Harga terbaik",salah hotel bintang menu sarapan lengkap hadir hidang lokal legenda mewah harga,positif
ChdDSUhNMG9nS0VJQ0FnSURGX3Uydnl3RRAB,4,"Kamar bagus bersih dan nyaman. Breakfast variatif dan makanan lokal banyak disajikan
Makan siang sebagai paket rapat sungguh mengecewakan mengingat  Tentrem adalah hotel bintang 5, masih banyak hotel bintang dibawah nya menyajikan paket makan siang lebih nikmat,
Meeting room sangat menyenangkan, dilengkapi fasilitas Musholla yg bersih luas nyaman dan dekat dengan ruang meeting
Paling menjengkelkan adalah saat check in, entah ini SOP management atau hanya si front office officer yg menyebalkan, yg berulang ulang kali mengatakan ""mohon diperhatikan bahwa kamar non smoking bla bla bla"" Cukup sekali mengatakan hal tersebut, kami customer bukan orang bodoh yg tidak tahu aturan. Di hotel lain, front officer cukup sekali memberitahukan aturan tersebut dan customer cukup sign utk mematuhi aturan yg berlaku, tidak perlu bertingkah menyebalkan memberitahukan berulang ulang lebih dari 5 kaliJenis perjalananBisnisKamar: 5Layanan: 3Lokasi: 4",kamar bagus bersih nyaman breakfast variatif makan lokal saji siang paket rapat sungguh kecewa tentrem hotel bintang nikmat meeting room senang lengkap fasilitas musholla luas ruang jengkel check management front office officer sebal ulang kali mohon perhati smoking customer orang bodoh atur memberitahukan sign patuh laku ting,positif
ChZDSUhNMG9nS0VLX2gwZmVSaDhHWkVBEAE,4,"Kamar yang kita dapat oke, sangat sesuai dg deskripsi dan buat kita betah stay lama di kamar, minuman yg di kamar dan yg ada di sarapan juga mempromosikan citra produk Sido muncul, bolehlah..Sarapan banyak macamnya dan enak-enak, menyajikan produk lokal Jogja.. mantap",kamar sesuai deskripsi betah stay minum sarapan promosi citra produk sido muncul enak saji lokal jogja mantap,positif
ChdDSUhNMG9nS0VJQ0FnSUR4NnVXN3B3RRAB,3,"Nginep disni karena pernah coba tentrem yg di semarang. 🙂.
Dpt welcome drink voucher yg bisa dituker gelato.. Enak..kalo iseng bisa cobain yg rasa tolakangin 😊.

Security, bellboy, staff di gym/spa area (staff di spa area Edris, friendly banget, jelasin detail semua yg saya tanya, pdhl blm check in) semua sopan, ramah, murah senyum... Banyakin yg kaya gini.. 😄

Cuma yg receptionist nya aja yg ga ada senyum, dah ga helping, jutek pula (saat check in, ada 3staff (yg 2 senyum, pas yg 1 yg ngelayanin kita.. Kecut amat) ga nolong pula.. Bikin tambah kesel.. Nama staff? B*d**i.. Ga cocok dikau jd staff reception... Tolong di training lg biar tamu ga kecewa. 😔
Dateng emang kepagian.. Maklum bawa mobil sendiri jalan dr subuh.. Tp ga minta buat lgsg check in kok, saya ikutin aturan.
Cuma minta tolong untuk tidak perlu pindah kamar aja karena booking 2x kebetulan ga perhatiin kalo beda type (king n twin).. 1malem king, 2malem twin. 😒
Tidak ada upaya/usaha buat tamu supaya ga perlu pindah kamar, saat itu pun saya sampaikan klo ga masalah mau kamar twin 3malem or king 3malem or mix 3malem (seadanya aja) , asal ga perlu pindah aja.. Ternyata ga dibantu. ☹️
Ya wes.. Ikutin deh kalo hrs pindah kamar.
Jam 11an coba telp ke reception buat tanya jam brp bisa pindah.. Awalnya diinfokan kalo sedang proses pembersihan.. Pikir ga akan lama...
Tunggu punya tunggu kaga ada kabar, Ternyata tunggu sampe hampir jam 2 baru beres 1kamar..buang2 waktu nunggu ga jelas.. 🙄

Breakfast Nusantara nya cukup lengkap.. Manteps banget😁..
Baru tau klo di jogja ada aturan/himbauan jam 10.00 pagi harus kumandangkan lagu Indonesia raya🇮🇩.. Jd tiap breakfast pas kena jam nya.. 😁.. See video... Semua diharapkan berdiri dgn sikap hormat.

Jacuzzi nya manteps buat ngilangin pegel2 abis nyetir.. 😊.
Minat nge-gym, wajib pake sepatu ya.. Klo ga bawa, bisa sewa. 😁

Kamar ternyata ada beda2 nih modelannya (selain twinbed n king bed ya)..
Kingbed room, kebetulan saya dapet yg ada bathtub nya, posisi closetnya terbuka tanpa sekat, yg disekat cuma bagian showernya. Ada sofa + meja bulet kecil. Di kamar ini jg ada balkon nya..bisa duduk2 dibalkon. 😊
Twinbed room nya, saya dapet yg tanpa bathtub, closet n shower nya ada sekat n pintu masing2. Dikamar ini ga ada balkonnya. Ada sofa panjang tanpa meja kecil. 😊

Didalem kulkas ada produk2 sidomuncul.. Free ya semua... Monggo dicoba.. 😄Jenis perjalananLiburanGrup perjalananPasanganKamar: 5Layanan: 1Lokasi: 4Sorotan hotelMewah",nginep disni coba tentrem semarang minum voucher dituker gelato enak kalo iseng cobain tolakangin security bellboy staff area edris friendly banget jelasin detail pdhl check sopan ramah murah senyum banyakin kaya receptionist helping jutek ngelayanin kecut nolong bikin kesel cocok dikau reception tolong training biar tamu kecewa dateng emang pagi maklum bawa mobil jalan subuh lgsg ikutin atur pindah kamar booking perhatiin beda type king twin malam upaya usaha nyata bantu telp info proses bersih pikir tunggu kaga kabar sampe beres buang nunggu breakfast nusantara lengkap manteps jogja himbauan kumandang lagu indonesia raya kena video harap sikap hormat jacuzzi ngilangin nyetir minat wajib pake sepatu sewa model twinbed kingbed room dapet bathtub posisi closetnya buka sekat showernya sofa meja bulet balkon duduk closet shower pintu dalem kulkas produk sidomuncul free monggo mewah,netral
ChdDSUhNMG9nS0VJQ0FnSUR0MzR6MjF3RRAB,5,"Seru bgt pengalaman menginap di Tentrem Hotel Jogja. Staff yang ramah, suasana yang beneran bikin tentram, dan wangiiii bgt hotelnyaaa.

Terutama staff di bagian playground anaknya, mas Liam dia baik bgt dan ramah sm anak2.Kamar: 5Layanan: 5Lokasi: 5",seru banget alam inap tentrem hotel jogja staff ramah suasana beneran bikin tentram wangi utama playground liam,positif
ChdDSUhNMG9nS0VJQ0FnSUNEd3J2YTJnRRAB,5,"Sangat menyenangkan menginap di hotel Tentrem. Fasilitas yg diberikan bener2 komplit. Pelayanan yg baik, ramah dan bikin betah. Sangat ramah anak, disediakan playground main sepuas nya.Jenis perjalananLiburanGrup perjalananKeluargaKamar: 5Layanan: 5Lokasi: 5KamarFasilitas kamar lengkap, lantai atas, dapet pemandangan yg bagus, bebas asap rokok, bersih, luas dan nyamanAktivitas di sekitarSuasana tenang, udara fresh, pelayanan sigap dan ramahKeamananAman dan bikin nyamanArea untuk berjalan kakiArea berjalan kaki luas dan ada pengamanan saat menyebrangMakanan & minumanSangat merekomendasikan untuk breakfast disini karna menu nya sangat banyak, enak dan unik.Sorotan hotelMewah, Pemandangan yang indah, Romantis, Tenang, Cocok untuk anak-anak",senang inap hotel tentrem fasilitas bener lengkap layan ramah bikin betah sedia playground main puas kamar lantai dapet pandang bagus bebas asap rokok bersih luas nyaman suasana tenang udara fresh sigap aman area jalan kaki menyebrang rekomendasi breakfast karna menu enak unik mewah indah romantis cocok,positif
ChZDSUhNMG9nS0VJQ0FnSUNadGN6eVNREAE,5,"Pengalaman yang sangat luar biasa menginap di Tentrem Jogja. Kamarnya bagus, luas. Pelayanan stafnya sangat ramah. Yang paling istimewa suasana jawa dan aroma rempah memenuhi setiap ruangan. Manajer juga sangat murah hati dengan memberikan banyak kudapan, cake, dll selama menginap. Yang juga juara yaitu sarapannya: Lengkap, unik, enak, sehingga mungkin tidak perlu wisata kuliner lagi di Jogja kalau sudah menginap di Tentrem. Semoga terus dipertahankan kualitas ini.Jenis perjalananLiburanGrup perjalananKeluargaKamar: 5Layanan: 5Lokasi: 5Sorotan hotelMewah, Romantis, Tenang, Cocok untuk anak-anak, Harga terbaik",alam inap tentrem jogja kamar bagus luas layan staf ramah istimewa suasana jawa aroma rempah penuh ruang manajer murah hati kudap cake juara sarapan lengkap unik enak wisata kuliner moga tahan kualitas mewah romantis tenang cocok harga,positif
ChZDSUhNMG9nS0VJQ0FnSURMbC1XVmNREAE,1,"Itu security yang di gapura in pagi hari ini, Keluarin saja itu Owner/ GM. Sangat di sayangkan gabisa kerja itu, makan gaji buta itu. Hotel Tentrem sangat terkenal dengan citra nya yang ramah & segala service nya yang bagus malah masih ada saja karyawan gabisa kerja & cynical eyes",security gapura pagi keluarin owner sayang gabisa kerja makan gaji buta hotel tentrem kenal citra ramah service bagus karyawan cynical eyes,negatif
ChZDSUhNMG9nS0VJQ0FnTUN3ajR1cllBEAE,5,"Pelayanan nya bagus , sarapan ny lengkap. Pelayanan mas putu abe sangat baik . Terima kasihJenis perjalananLiburanGrup perjalananKeluargaLayanan: 5Sorotan hotelMewah",layan bagus sarapan lengkap putu terimakasih mewah,positif
ChZDSUhNMG9nS0VJQ0FnSUQyNU9lRlR3EAE,4,"overall bagus ya mulai dari pelayanan dan desain, seneng banget dapat coklat tolak angin rasanya 10/10 kaya choco peppermint! cuma sayang kamar kurang kedap suara karna masih banyak suara2 berisik dari luar (ada tamu bawa bocil lari2 di koridor malem2, sama kamar sebelah geser2 kursi masih denger ) terus lift nya lama nunggunya gak kayak tentrem semarang yg lift model baru dan pake kartu tap bisa langsung tau mau naik lift nomor berapa. untuk breakfast rate nya 8/10 overall lumayan lengkap tapi kemarin rame banget jadi agak susah cari tempat duduknya.Jenis perjalananLiburanKamar: 5Layanan: 5Lokasi: 5",overall bagus layan desain neng banget coklat tolak angin kaya choco peppermint sayang kamar kedap suara karna berisik tamu bawa bocil lari koridor malam belah geser kursi denger lift nunggunya kayak tentrem semarang model pake kartu langsung nomor breakfast rate lumayan lengkap kemarin rame susah cari duduk,positif
ChdDSUhNMG9nS0VJQ0FnSUNXZzl6QW9BRRAB,5,"Menginap bersama istri selama 2 hari. Untuk kamarnya nyaman sekali, luas, bersih, perabotannya lengkap dan bagus. Internet juga kencang, ada smart tv yg bagus. Kasurnya juga besar, ada sofa dan kursi. Cuma kurangnya untuk kursi ga ada penyangga di bagian tangannya jd agak kurang nyaman saja. Kamar mandi bersih luas dan nyaman. Disediakan welcome drink yang mungkin bisa dibilang agak mewah bila dibanding hotel lain spt coca cola. Ada heater, jadi lebih enak bila mau menyeduh teh atau kopi. Untuk makan paginya juga tersedia beraneka ragam makanan, ada egg corner, waffle dan es krim, dll dengan rasa yg enak. Kolam renang luas dan bersih, ada life guardnya. Bila anda seorang muslim dan kebetulan menginap di hari jumat, di hotel tentrem juga menyediakan jumatan yg diadakan di ballroom hotel yg luas dan bersih, jd tidak perlu repot2 keluar mencari masjid. Tapi, di samping kelebihan juga pasti ada kurangnya juga, kamarnya menurut istri kurang kedap, meskipun cuma tedengar lirih suara kamar sebelah, tp masih bisa ditoleransi. Untuk view dr atas begitu indah, kolam renang dan kawasan kampus UGM dan kali code terlihat menyenangkan. Bila ada waktu dan uang pasti akan ke sini lagi.Grup perjalananPasanganKamar: 5Layanan: 5Lokasi: 5",inap istri kamar nyaman luas bersih perabot lengkap bagus internet kencang smart kasur sofa kursi sangga tangan mandi sedia minum bilang mewah banding hotel coca cola heater enak seduh kopi makan pagi aneka ragam corner waffle krim kolam renang life guardnya orang muslim jumat tentrem ballroom repot cari masjid samping kedap tedengar lirih suara belah toleransi view indah kawasan kampus kali code lihat senang uang,positif
ChdDSUhNMG9nS0VJQ0FnSURaeWVxR3BRRRAB,5,"Pantas dibilang hotel paling bagus di lokasinya, kamar dan lorong walaupun karpet tapi tetap bersih, ngak berdebu. Kasur sprey bersih, kamar mandi bersih, dan kami dapat compliment minuman dingin di kulkas kamar.
Sarapan banyak ragam, ngak takut keabisan.
Kalo harga kamar, yaaaa sesuai sih ada qualitas ada harga.Jenis perjalananLiburanGrup perjalananKeluargaKamar: 5Layanan: 5Lokasi: 5KamarClean and spaceciousSorotan hotelMewah",bilang hotel bagus lokasi kamar lorong karpet bersih ngak debu kasur sprey mandi compliment minum dingin kulkas sarapan ragam takut abis kalo harga sesuai qualitas clean spacecious mewah,positif
ChdDSUhNMG9nS0VQdVo4Y2FSME51QXdRRRAB,5,"Lokasi strategis, kamar nyaman, karyawan sangat ramah dan helpfull.Jenis perjalananLiburanGrup perjalananKeluargaKamar: 5Layanan: 5Lokasi: 5Sorotan hotelMewah, Cocok untuk anak-anak",lokasi strategis kamar nyaman karyawan ramah helpfull mewah cocok,positif
ChZDSUhNMG9nS0VJQ0FnSURXLU02TUpREAE,5,"Pelayanan ramah, Alhamdulillah dapat kamar deluxe terbaik dan luas, ada dua balkon menghadap ke jalan dan samping, tv dengan screen tercantum nama qta, nice dan personal touch bgt. Kamar mandi luas ada bathtub dan shower. Namun service pembersihan kamar sebaiknya dilakukan tiap hari. Breakfast biasa saja seperti hotel pada umumnya. Overall nyaman dan memorable.Grup perjalananKeluargaKamar: 5Layanan: 4Lokasi: 5",layan ramah alhamdulillah kamar deluxe luas balkon hadap jalan samping screen cantum nice personal touch banget mandi bathtub shower service bersih laku breakfast hotel overall nyaman memorable,positif
ChZDSUhNMG9nS0VJQ0FnSUNHc1A3R1NREAE,5,"Salah satu hotel bintang 5 yang menjadi tujuan favorit menginap bagi para pelancong luar kota. Kondisi bangunan menggabungkan unsur megah dan kontemporer jawa sesuai dengan namanya yaitu Tentrem yang bisa memberikan kondisi damai bagi para tamu yang menginap. Lobby sangat bagus dan ada aroma lemongrass serta untuk space parkirnya sangat luas baik di basement maupun di sekitar gedung serbaguna yang ada di sisi samping dari bangunan utama hotel. Staf yang sangat ramah dan sangat welcome sekali terhadap tamu. Terdapat free minibar yang tersedia disetiap kamar dalam bentuk minuman ringan dan pada saat itu terdapat compliment buah yang diberikan saat malam hari. Pada saat breakfast terdapat stand makanan yang sangat variasi dari lokal hingga western dan yang sangat saya apresiasi adalah rasa makanan nya itu sangatlah tasteful. Salah satu menu andalan saat menginap di Hotel Tentrem adalah wajib mencoba eskrim rasa tolak angin yang mempunyai rasa sangat enak dan bisa dipadukan dengan waffle. Jika bepergian ke Yogyakarta, tidak ada salahnya apabila menjadikan Hotel Tenrem ini sebagai salah satu tujuan untuk menginap dan juga apabila ingin book harap dilakukan jauh-jauh hari karena hotel sering penuh apalagi pada waktu weekend dan juga high season. Untuk type kamar deluxe tidak ada connecting doornya, tapi pihak hotel memberikan alternatif kamar bersebelahan apabila dimungkinkan. Terdapat juga playground untuk anak-anak dan juga untuk bisa menikmati fasilitas tersebut harus memakai kaos kaki. Usahakan memilih kamar type poolview karena pemandangan ke kolam renang sangat bagus. Semua protokol kesehatan sangat diperhatikan dengan baik sehingga tidak perlu khawatir apabila menginap di Hotel Tentrem Yogyakarta.Grup perjalananKeluargaKamar: 5Layanan: 5Lokasi: 4",salah hotel bintang tuju favorit inap lancong kota kondisi bangun gabung unsur megah kontemporer jawa sesuai tentrem damai tamu lobby bagus aroma lemongrass space parkir luas basement gedung serbaguna sisi samping utama staf ramah hadap free minibar sedia kamar bentuk minum ringan compliment buah malam breakfast stand makan variasi lokal western apresiasi tasteful menu andal wajib coba eskrim tolak angin enak padu waffle pergi yogyakarta tenrem book harap laku penuh weekend high season type deluxe connecting doornya alternatif bahan playground nikmat fasilitas pakai kaos kaki usaha pilih poolview pandang kolam renang protokol sehat perhati khawatir,positif
ChdDSUhNMG9nS0VJQ0FnSURwdllMbHdnRRAB,5,"Staff ramah dan helpful, kamar luas, sarapan enak dan banyak variasi menu tapi tidak disediakan tempat cuci tangan atau minimal tisu basah, karena megang botol kecap, sambal, dan aneka saus kadang lengket dan ga bisa hanya di lap pakai lap kering.

Nilai plus tambahan adalah di seberang hotel banyak penjual makanan, dekat mesjid jadi bisa denger adzan dengan jelas, dekat apotek, minimarket dan laundry kiloan.Jenis perjalananBisnisGrup perjalananKeluargaKamar: 5Layanan: 5Lokasi: 5KamarKamarnya kurang kedap, saya bisa dengar kamar sebelah ngobrol, apabila mereka geser kursi kedengeran sekali.Detail pentingSebetulnya bukan kamar tapi yang disayangkan adalah semprotan toilet eco washer yang airnya keluar dari belakang jadi agak kurang healthy, semoga kedepan ditambahkan selang spray jadi ada 2 opsi mau pakai eco washer atau pakai spraySorotan hotelMewah, Pemandangan yang indah, Tenang, Cocok untuk anak-anak",staff ramah helpful kamar luas sarapan enak variasi menu sedia cuci tangan minimal tisu basah megang botol kecap sambal aneka saus kadang lengket pakai kering nilai plus seberang hotel jual makan mesjid denger adzan apotek minimarket laundry kilo kedap dengar belah ngobrol geser kursi kedengeran sayang semprot toilet washer healthy moga selang spray opsi mewah pandang indah tenang cocok,positif
ChZDSUhNMG9nS0VJUGszdmJaM1lEYUxnEAE,5,Hotel rekomended untuk liburan bersama keluargaTempat strategis dengan pelayanan dan fasilitas yang memuaskan.,hotel rekomended libur keluarga strategis layan fasilitas puas,positif
ChZDSUhNMG9nS0VJQ0FnSUNaMzdxS1dBEAE,5,Pengalaman saya dan suami pertama kali menginap di Tentrem Htl Jogya minggu lalu selama 3 Night/ 4 Days sangat berkesan. Semua Staff sangat ramah menyapa. Lobby yg bagus dan luas juga Room yg luas dan nyaman.. Dapat Compliment snack di kamar dan letak Htl yg juga Strategis dari jalan. Aroma rempah terutama sereh tercium harum. Dan saya suka sekali dengan aroma Shower Gel juga Body Lotionnya yg harum. Saya senang ada dijual di Galeri Sido Muncul jadi saya  bisa membelinya utk di rumah. Pokoke The Best buat Tentrem Htl Jogya 👍👍 Next time pengen kembali menginap disini lagi 🙏🤗Jenis perjalananLiburanGrup perjalananPasanganKamar: 5Layanan: 5Lokasi: 5Sorotan hotelMewah,alam suami kali inap tentrem hotel jogya minggu night days kesan staff ramah sapa lobby bagus luas room nyaman compliment snack kamar letak strategis jalan aroma rempah utama sereh cium harum suka shower body lotionnya senang jual galeri sido muncul rumah pokoke next time mewah,positif
ChZDSUhNMG9nS0VJQ0FnSUR2bzZXbVlREAE,5,"Hotel terbaik di jogja, suasana nyaman , interior bagus, pelayanan bagus, bersih dan tenang. Very recomended👍🏻👍🏻Jenis perjalananLiburanGrup perjalananKeluargaKamar: 5Layanan: 5Lokasi: 5KamarBesar, nyaman dan bersihAktivitas di sekitarTempat Gym nya besar dan komplitKeamananBanyak CCTVArea untuk berjalan kakiNyaman untuk pejalan kakiMakanan & minumanMakanan dan minuman semua enak dan ada bbrp resto disiniDetail pentingOver all 👍🏻👍🏻Sorotan hotelMewah, Pemandangan yang indah, Romantis, Tenang, Cocok untuk anak-anak, Berteknologi tinggi",hotel jogja suasana nyaman interior bagus layan bersih tenang very recomended kamar lengkap cctvarea jalan kaki pejal enak resto over mewah pandang indah romantis cocok teknologi,positif
ChdDSUhNMG9nS0VJQ0FnSURqc0xyRV9BRRAB,3,"Baru pertama kali coba Tentrem krn sebelumnya saya Termasuk Team Marriott krn platinum member marriott bonvoy, Bagi para hottelier di jogja itu ada 2 team luxury hotel yaitu team marriott dan team tentrem
Niat hati mau coba berlabuh jd Team Tentrem krn anak udah nuntut kalo staycation wajib ada Kids Playground, jadilah nyobain Tentrem Hotel
Ehh ga tau nya langsung dapet bad experience, saya sampai jam 1 siang langsung CI(saya tau jam ci tentrem jam 3,niatnya memang mau ke PG anak dulu) tp pas ci di info sm FO kamar ready 30menit lg, tapi nyatanya sampai jam 3 belum ready dan anak2 sudah bad mood 😔
Room : stay di premium king with balcony, Standard 5star lah amenities, minibar komplit cuma Smart Tv nya ampas banget lemotnya ga kira2 ga responsif remote nya
Fasilitas : Pool, gym, sauna kids Playground worth lah untuk luxury hotel, staff jg ramah tp sama emak bapaknya doang, team sebelah bahkan ramah banget staffnya sm anak2
Lokasi : Termasuk oke lah, ga terlalu jauh sm tugu kalo mau ke angkringan 🤣

Conclusion : Saya tetap team MarriottJenis perjalananLiburanGrup perjalananKeluargaKamar: 3Layanan: 1Lokasi: 4Sorotan hotelMewah",kali coba tentrem masuk team marriott platinum member bonvoy hottelier jogja luxury hotel niat hati labuh udah nuntut kalo staycation wajib kids playground nyobain langsung dapet experience siang info kamar ready menit nyata mood room stay premium king with balcony standard star amenities minibar lengkap smart ampas banget responsif remote fasilitas sauna worth staff ramah emak doang belah lokasi tugu angkring conclusion mewah,netral
ChZDSUhNMG9nS0VJQ0FnSUREa3VHNFB3EAE,5,"Belum pernah nginap disini. Hanya Buka Bersama saja dengan teman2x kerja. Alhamdulillah masakan enak, hanya banyak tradisional foodnya karena temanya Nusantara. Paling enak es cream tolak anginnya gak ada duanya.Grup perjalananTemanKamar: 5Layanan: 5Lokasi: 5Sorotan hotelPemandangan yang indah, Cocok untuk anak-anak",nginap buka teman kerja alhamdulillah masak enak tradisional foodnya tema nusantara cream tolak angin pandang indah cocok,positif
ChZDSUhNMG9nS0VJQ0FnTUNJanRPSkR3EAE,5,"Bukber disini sangat recomended, makanan lengkap, servis ok, rasa terjamin enak, walaupun cukup pricey tapi juga worth it.Kamar: 5Layanan: 5Lokasi: 5",bukber recomended makan lengkap servis jamin enak pricey worth,positif
ChZDSUhNMG9nS0VJQ0FnSURwMlllSUVBEAE,5,"Salah satu hotel berbintang 5 di kota yogyakarta, dengan lokasi yg sangat strategis di pusat kota.
Kesan lux sudah terasa saat memasuki lobby nya, suasananya nyaman dengan harum wewangian lemongrass.
Kamarnya termasuk besar dengan 2 ranjang single queen size dengan pemandangan pool view
Sarapan pagi nya sangat² lengakap termasuk juga beberapa makanan legendaris khas jogjakarta dihadirkan disini. Terima kasih buat miss Sandra yg memberikan informasi bbrp t4 wisata hiden gem di yogya
Sungguh pengalaman yg sangat menarik untuk menginap disini kembaliJenis perjalananLiburanKamar: 5Layanan: 5Lokasi: 4",salah hotel bintang kota yogyakarta lokasi strategis pusat kesan pasuk lobby suasana nyaman harum wewangian lemongrass kamar masuk ranjang single queen size pandang banget view sarapan pagi lengakap makan legendaris khas jogjakarta hadir terimakasih miss sandra informasi wisata hiden yogya sungguh alam tarik inap,positif
ChdDSUhNMG9nS0VJQ0FnSUQtOTVpMmlBRRAB,2,"Kesimpulan. Fine untuk hotel bintang 3. Ga worth it banget buat hotel bintang 5. Ga kepikiran kok bisa bintang 5. Saya sering ke bintang 3 yang jauh lebih bagus dari ini. Menang pamor doank dan lokasi yang tengah kota, paling mungkin worth it untuk orang yang bawa banyak business man ke hotel yang tinggal lama buat fasilitas fasilitasnya. Dateng2 ga boleh early check in, ok fine, ga masalah. Dateng ga dibantu siapa2 bawa barangnya, hotel ga ada bathtub. Saya sering ke hotel 1.5jt kebawah banyak bathtub, ini 1.9jt...bukan holiday. Itu 1.5jt kebawah holiday. Mahalnya. Ke toilet, ada bercak2 debu ato kotoran ga ngerti deh di toiletnya,, ga dibersihin ato gmn, hand dryernya bangunin 1 rt tapi ga panas jadi ngeringin tangan butuh waktu 5 menit.

Dikasih eskrim 1 scoop kecil ato minuman 1 perkamar padahal kamar kita twin buat 2 orang.

Nunggu 1.5jam kita mau ngemil di hotel dulu, mesennya ribetnya, ""ini kak kita ga ada menu fisik jadi harus qr"", trus dibawain 1 menu doank buat 4 orang. Mau mesen, manggil, ga ada yang dateng. Semenit ada teriak2 manggil dateng orang, ""owh itu bukan bagian saya bu"", ditinggal, dipanggilin yang bagiannya nunggu 1 menit lagi.

Begitu dah jam 3 kamarnya baru jadi 1. 1 lagi masih nunggu. Bintang 5? Hellloo?? Masuk kamar bener ga ada bathtub. Keran wastafel ga terlalu ke tengah jadi air gampang nyiprat keluar wastafel. Yang lebih parah keran shower. Kerannya hanya bisa diputar ke kiri dan kanan, yang bawah kiri buat air panas, kanan buat air dingin, yang atas kiri buat shower atas yang kanan buat shower handle. Kalo ketengah buat berenti....airnya susah berenti. Tengah shower handlenya masih ngucur air. Begitu kekiri lagi shower atas malah nyala bikin basah seluruh tubuh. Kenapa ga dibikin tarik buat keluarin air aja sih? Sok artistik mau bikin sesuatu yang unik malah lupa sama fungsi utamanya.

Mau tidur kamar ternyata ga kedap suara, orang buka pintu jalan2 ngobrol di lorong kedengeran, orang di kamar sebelah ngobrol, jalan, geser furniture kedengeran juga.

Mending kalian kalo kesini yang pengen trendy trendy aja deh atau kalo mau bawa business client yang banyak dan tinggal lama gitu, karena ok ada fasilitas yang banyak untuk memfasilitasi kegitan seperti itu. Yang mau nyaman keluarga ato jumlahnya kecil, banyak hotel yang lebih murah yang lebih baik fasilitasnya. Apakah hotel ini membawa pengalaman buruk? Tidak terlalu. Apakah pantas bintang 5? Tidak sama sekali. Saya ke hotel bintang 4 selalu lebih baik dari ini dan itu saya kagum dan menantikan bagaimana hotel bintang 5. Ternyata mengecewakan.Jenis perjalananLiburanGrup perjalananKeluargaKamar: 3Layanan: 3Lokasi: 5",simpul fine hotel bintang worth banget pikir bagus menang pamor doank lokasi kota orang bawa business tinggal fasilitas dateng early check bantu barang bathtub holiday mahal toilet bercak debu kotor ngerti dibersihin hand dryernya bangunin panas ngeringin tangan butuh menit kasih eskrim scoop minum kamar twin nunggu ngemil mesennya ribetnya menu fisik trus dibawain mesen manggil teriak dipanggilin heloo masuk bener keran wastafel gampang nyiprat parah shower putar kiri kanan dingin handle kalo renti susah handlenya ngucur nyala bikin basah tubuh tarik keluarin artistik unik lupa fungsi utama tidur nyata kedap suara buka pintu jalan ngobrol lorong kedengeran belah geser furniture mending kesini trendy client gitu kegitan nyaman keluarga murah alam buruk kagum kecewa,negatif
ChZDSUhNMG9nS0VJQ0FnSUM1cEkyT1NnEAE,5,"Pengalaman yg menyenangkan sewaktu menginap disini.
Dari mulai pelayanan sampai fasilitasnya sangat baik.
Yg terpenting adalah, menu breakfastnya👍🏻👍🏻👍🏻👍🏻
Bener2 juaraaaaaaaa!
Di dekat kolam renang juga ada playground yg lumayan luas, bikin anak2 betah.Jenis perjalananLiburanGrup perjalananKeluargaKamar: 5Layanan: 5Lokasi: 5Sorotan hotelMewah, Cocok untuk anak-anak",alam senang inap layan fasilitas menu breakfastnya bener juara kolam renang playground lumayan luas bikin betah mewah cocok,positif
ChZDSUhNMG9nS0VJQ0FnSURidHZYZEVREAE,5,"Pengalama yang luar biasa menginap disini, dari mulai datang sampai pulang pelayanan berkelas, fasilitas sangat lengkap memanjakan orangtua sampai anak-anak, pertahankan dan tingkatkan!Jenis perjalananLiburanGrup perjalananKeluargaKamar: 5Layanan: 5Lokasi: 5Sorotan hotelMewah",pengalama inap pulang layan kelas fasilitas lengkap manja orangtua tahan tingkat mewah,positif
ChZDSUhNMG9nS0VJQ0FnTUNBdzZySGFnEAE,5,"4 hari' 3  Malam...... Hotel Bintang 5... yg mewah, bersih dan Breakfast yg enak banget selama Aku pilih hotel di Jogja....👍👍👍🙏🇮🇩🇮🇩🇮🇩Jenis perjalananLiburanGrup perjalananPasanganKamar: 5Layanan: 5Lokasi: 5KamarBersih, Luas.....dan tiap Snack coklat, buah2 an dan makanan kue tradisional Free setiap hari.Aktivitas di sekitarDekat Dengan KulineranKeamananBaikArea untuk berjalan kakiBaikMakanan & minumanTerbaikDetail pentingTempat parkir mobil yg luasSorotan hotelMewah, Tenang",malam hotel bintang mewah bersih breakfast enak banget pilih jogja kamar luas snack coklat buah makan tradisional free kuliner parkir mobil tenang,positif
ChdDSUhNMG9nS0VJQ0FnSURKXzVtZ2hnRRAB,5,"Hotelnya hotel lama, tapi interiornya bagus. Selain kolam renang, terdapat playground untuk anak juga. Utk di playground harus pakai kaos kaki. Sarapan enak. Letak tidak jauh dari marioboro. Kamar juga bagus dan ada area outdornya. Harga juga tidak terlalu mahal. Letaknya juga segaris dengan jalan malioboro.Jenis perjalananLiburanGrup perjalananKeluargaKamar: 5Layanan: 5Lokasi: 5Sorotan hotelMewah",hotel interior bagus kolam renang playground pakai kaos kaki sarapan enak letak marioboro kamar area outdornya harga mahal segar jalan malioboro mewah,positif
ChdDSUhNMG9nS0VJQ0FnSUNtbXVpejd3RRAB,5,"Sebuah hotel berkelas yang ada di Yogyakarta dengan desain interior yang sangat mewah dan pelayanan yang ramah dan profesional dari para staffnya. Selain itu, lokasi Hotel Tentrem bisa dikatakan cukup strategis karena cukup dekat dengan area wisata Malioboro dan Stasiun Tugu juga.

Pada saat check in akan disediakan welcome drink yg bisa memilih diantara 2 minuman tradisional. Kamarnya yang sangat luas dengan bed yang lebar serta nyaman membuat pengunjung hotel nyaman disini terlebih lagi dilengkapi dengan set hotel yg lengkap.

Diluar dari itu, fasilitas lain yang ditawarkan hotel tentrem antara lain kolam renang, fitness center, spa, jacuzi, kid playground area, ruang kaca untuk latihan dance. Menurut saya pribadi playgroundnya yang luas dan cukup lengkap akan sangat disukai anak-anak, dan fitness centernya juga memiliki alat-alat yang cukup lengkap dan modern. Ballroom disini juga cukup luas, dan ruang meetingnya juga cukup tertata, namun sedikit masukan untuk kabel VGA sepertinya perlu diperbarui agar tidak mudah terdisconnect.

Breakfast hotel disediakan untuk 2 orang namun tentative, bisa juga request lebih dengan penambahan extra bed. Biaya per malam di sekitar Nov 2021 ini berkisar 1.2-1.5jt per malam. Harga ini cukup worth it menurut saya dengan semua benefit dan fasilitas yang didapatkan.",buah hotel kelas yogyakarta desain interior mewah layan ramah profesional staff lokasi tentrem strategis area wisata malioboro stasiun tugu check sedia minum pilih tradisional kamar luas lebar nyaman unjung lengkap fasilitas tawar kolam renang fitness center jacuzi playground ruang kaca latih dance pribadi playgroundnya suka centernya milik alat modern ballroom rapat tata masuk kabel mudah terdisconnect breakfast orang tentative request extra biaya malam kisar harga worth benefit,positif
ChZDSUhNMG9nS0VJQ0FnSURHNDVxU0hnEAE,5,"Salah satu hotel bintang lima yang ada di Jogja. Punya parkiran yang luas. Kolam renang yang bersih. Dan ballroom yang sangat megah. Setiap masuk hotel atau ballroom, selalu ada bau aromaterapi yang jadi ciri khas dari hotel tentrem. Pelayanan di sini juga menyenangkan dan memuaskan. Makanannya juga enak-enak",salah hotel bintang jogja parkir luas kolam renang bersih ballroom megah masuk aromaterapi ciri khas tentrem layan senang puas makan enak,positif
ChdDSUhNMG9nS0VJQ0FnSUQtMjR6MnJBRRAB,5,"Hotel bintang 5 dengan lokasi strategis di dekat tugu jogja, dekat lobby ada toko makanan kecil, coklat, kue² kering , enakJenis perjalananLiburanGrup perjalananKeluargaKamar: 5Layanan: 5Lokasi: 5Sorotan hotelMewah, Romantis",hotel bintang lokasi strategis tugu jogja lobby toko makan coklat kering enak mewah romantis,positif
ChZDSUhNMG9nS0VJQ0FnSUNCd3BEQUVREAE,5,"Servisnya ok. Dapat welcome drink dg pilihan minuman2 tradisional atau gelato. Kamar twin bed kasurnya size queen yg nyaman yg masih muat utk 2 orang per bed sehingga cocok untuk keluarga 4 org supaya bisa sekamar. Dapat 4 air mineral 600ml setiap harinya. Ada fasilitas safe, setrika dan hair dryer di tiap kamarJenis perjalananBisnisGrup perjalananPasanganKamar: 5Layanan: 5Lokasi: 5KamarKamar twin bed kasurnya size queen sehingga masih muat utk 2 orang per bed dan cocok untuk keluarga 4 org supaya bisa sekamar. Mandinya masih shower, tidak ada bathtubSorotan hotelMewah",servis minum pilih tradisional gelato kamar twin kasur size queen nyaman muat orang cocok keluarga mineral fasilitas safe setrika hair dryer mandi shower bathtub mewah,positif
Ci9DQUlRQUNvZENodHljRjlvT2t4eGVFb3lZemRzVlRoQ1kydFRPUzF2TkV0eGIzYxAB,5,"Hotel yang sangat nyamanJenis perjalananBisnisGrup perjalananTemanKamar: 5Layanan: 5Lokasi: 5Sorotan hotelMewah, Pemandangan yang indah, Romantis, Tenang, Cocok untuk anak-anak, Harga terbaik",hotel nyaman mewah pandang indah romantis tenang cocok harga,positif
ChdDSUhNMG9nS0VJQ0FnSUROb3FhX3NRRRAB,5,"Sangat puas berada di hotel ini, aroma terapinya membuat nyaman berada di kamarnya,
Semua pelayanan kamar lokasi bagus
Fasilitas bagus, namun di tv jika dari YouTube langsung pindah ke channel TV itu tidak bisa, begitu pula sebaliknya,Kamar: 5Layanan: 5Lokasi: 5",puas hotel aroma terapi nyaman kamar layan lokasi bagus fasilitas tube langsung pindah channel,positif
ChdDSUhNMG9nS0VJQ0FnSURoX1k2SDVnRRAB,5,"Lokasi startegis dekat tugu Jogja dan stasiun kereta api. Di sekitar hotel banyak makanan dan jajanan enak.

Staff ramah dan sangat membantu. Welcome drink ada 2 pilihan: minuman atau gelato.

Kamar luas dilengkapi dengan sofa yang besar, cukup untuk tidur orang dewasa.
Kloset dan shower terpisah di dalam kamar mandi, dilengkapi dengan toiletries yang lengkap.

Ada fasilitas brankas, setrika set lengkap, hair dryer, bathrobe, TV cable dengan akses YouTube, cemilan, minuman botol di dalam cooler yang boleh diminum gratis, dan yang menarik mini bar nya disediakan kopi tanamera sachet.

Sarapan banyak pilihan menu dan jajanan tradisional, seperti thiwul, klepon, jamu. Dan rasanya hampir semua enak, mengobati rasa kangen masakan di rumah bagi yang merantau. Untuk menu yang ada setiap hari: bakso, mie ayam, gudeg. Jika di kamar disediakan kopi tanamera sachet, disini bisa bebas seduh kopi tanamera dengan berbagai pilihan kopi yang lebih lengkap. Oya satu lagi, eskrimnya wajib dicoba.

Saya menginap selama 5 hari 4 malam, dan tidak ada yang mengecewakan. Akan merekomendasikan kepada teman dan kerabat!",lokasi startegis tugu jogja stasiun kereta hotel makan jajan enak staff ramah bantu minum pilih gelato kamar luas lengkap sofa tidur orang dewasa kloset shower pisah mandi toilet fasilitas brankas setrika hair dryer bathrobe cable akses tube cemilan botol cooler gratis tarik mini sedia kopi tanamera sachet sarapan menu tradisional thiwul klepon jamu obat kangen masak rumah rantau bakso ayam gudeg bebas seduh eskrimnya wajib coba inap malam kecewa rekomendasi teman kerabat,positif
ChZDSUhNMG9nS0VJQ0FnSUQyaVl2d2JnEAE,5,"Staying at this hotel was an excellent experience. Kamarnya luas, spacy, dan nyaman. Cocok untuk staycation dan liburan keluarga. Interiornya unik dengan konsep jawa tapi modern. Service yang ditawarkan juga sangat baik dan bagus. Terdapat banyak fasilitas yang menunjang pengalaman pengunjung saat menginap di hotel ini. Mulai dari kolam renang, jacuzzi, gym, dan indoor playground. Saat breakfast, menu yang ditawarkan juga sangat beragam, seperti makanan khas Yogyakarta, berbagai makanan indonesia, sushi, hingga western-style breakfast. Di dekat lobby juga terdapat bar dan cake shop Eboni yang menawarkan diskon happy hour saat malam. Kuenya enak, tempatnya cukup nyaman. Selain itu, lokasi hotel juga strategis, dekat dari mana-mana. Overall, menginap di Hotel Tentrem Yogyakarta sangat memuaskan👍Jenis perjalananLiburanGrup perjalananKeluargaKamar: 5Layanan: 5Lokasi: 5",staying this hotel excellent experience kamar luas spacy nyaman cocok staycation libur keluarga interior unik konsep jawa modern service tawar bagus fasilitas tunjang alam unjung inap kolam renang jacuzzi indoor playground breakfast menu ragam makan khas yogyakarta indonesia sushi western style lobby cake shop eboni diskon happy hour malam enak lokasi strategis overall tentrem puas,positif
ChdDSUhNMG9nS0VJQ0FnSURaNUltV2t3RRAB,5,"Masyaa Allah.. Ga akan pernah nyesel siih kesini..
Keren bangeeet. Trimakasih Kamarnya diupgrade karena lg ulang tahun nikah. Ada teras luar, bisa lihat pemandangan kota.
Kolam renang luas dan indah, yg paling keren tempat sauna dan jacuzzi.
Breakfast top smua, apalagi jamu beras kencur nya enak banget.Kamar: 5Layanan: 5Lokasi: 5",masyaa nyesel siih kesini keren banget trimakasih kamar upgrade ulang nikah teras lihat pandang kota kolam renang luas indah sauna jacuzzi breakfast bagus jamu beras kencur enak,positif
ChZDSUhNMG9nS0VJQ0FnSUQ5N05UUk1BEAE,5,"Sukakkk!! Visit tentrem is like knowing more about Yogyakarta, cukup jarang hotel membubuhkan kekentalan budaya disandingkan dengan kemajuan jaman, mulai dr branding sampai arsitekturnya best!

Point plusnya lainnya banyak spt di kulkas ada tolak angin, kukubima dll. Breakfastnya good, es krim tolak angin juga enak bgt. Lalu untuk welcome drinknya kita bisa pilih bbrp minuman jamu dan ada gift shop cantik sprti museum kecil.Kamar: 5Layanan: 5Lokasi: 5",sukak visit tentrem like knowing more about yogyakarta jarang hotel bubuh kental budaya sanding maju jaman branding arsitektur point plus kulkas tolak angin kukubima breakfastnya good krim enak banget drinknya pilih minum jamu gift shop cantik sprti museum,positif
ChdDSUhNMG9nS0VJQ0FnSUNadExySHZRRRAB,5,"its the best hotel in Yogyakarta i guess?!?! semua nya ok banget dari kamar, services, receptionist, ramah dan baik2 banget. setiap hari selalu di kasih treats yang di antar ke kamar?!? (dapat macaron, chocolate), sebelum check-in time, juga di kasih welcome treats (bisa jamu, eskrim, etc) yang bisa diclaim sembari nunggu kamarnya ready deh! bener2 di treat like a princess!Jenis perjalananLiburanGrup perjalananKeluargaKamar: 5Layanan: 5Lokasi: 5Sorotan hotelHarga terbaik",hotel yogyakarta guess banget kamar services receptionist ramah treats macaron chocolate check time jamu eskrim diclaim sembari nunggu ready bener treat like princess harga,positif
ChZDSUhNMG9nS0VJQ0FnSURfM3JpS1JBEAE,5,"Pengalaman menginap yang seru & menyenangkan. Saya dibantu mas fander untuk pelayanan kamarnya 👍🏻Jenis perjalananBisnisKamar: 5Layanan: 5Lokasi: 5Sorotan hotelMewah, Pemandangan yang indah",alam inap seru senang bantu fander layan kamar mewah pandang indah,positif
Ci9DQUlRQUNvZENodHljRjlvT2pKdlZ6ZGxWVjlpUW5CeWNGaFNRblk0Y0Vwa2IxRRAB,5,Cocok pokoknya bintang 5 selalu di jaga ya kualitas nyaKamar: 5Layanan: 5Lokasi: 5,cocok pokok bintang jaga kualitas,positif
ChdDSUhNMG9nS0VJQ0FnSUNaeXRiajJBRRAB,5,"Berkunjung dan mencoba menginap dalam 2 hari.
Banyak terkesan untuk bangunan vintage dan classy dalam hotelnya, untuk permalam sangat terjangkau

Worth it, pelayanan staff kamarnya ramah, breakfast juga sangat menikmati hidanganya.

Untuk mampir hotel terdekat dengan pasar klewer untuk cari oleh-oleh.Jenis perjalananBisnisKamar: 5Layanan: 5Lokasi: 5Sorotan hotelMewah, Pemandangan yang indah, Romantis, Tenang, Cocok untuk anak-anak, Harga terbaik, Berteknologi tinggi",kunjung coba inap bangun vintage classy hotel malam jangkau worth layan staff kamar ramah breakfast nikmat hidanganya mampir pasar klewer cari mewah pandang indah romantis tenang cocok harga teknologi,positif
ChZDSUhNMG9nS0VJQ0FnSURWaF92VERREAE,5,"Lunch di Yum Cha Brunch (karena kita reservasi untuk jam 1, jadi ku sebut lunch) harga per pax 139k (sebelum pajak). Enak beud semua fried dimsumnya, dessert nya juga enak yg coconut pudding, gak manis bget. Oolong tea the best buat netralin semua makanan. Jika makanan yg di pesan gak habis bisa kena charge ya. Jadi makanlah sesuai porsi. Alhamdulilah kita makannya habis karena emang selapar itu dan porsi nya juga gak banyak n gak sedikit. Next mau kesini cobain chicken hainan yg katanya temanku enak jugaJenis perjalananLiburanGrup perjalananTemanKamar: 4Layanan: 5Lokasi: 5Makanan & minumanTry Yum Cha brunch for the first time...",lunch brunch reservasi harga pajak enak beud fried dimsumnya dessert coconut pudding manis bget oolong netralin makan pesan habis kena charge sesuai porsi alhamdulilah emang lapar next kesini cobain chicken hainan teman first time,positif
ChZDSUhNMG9nS0VJQ0FnSUNxcTR1RVdnEAE,5,"Sesuai dengan harga, hotel ini tidak mengecewakan. Saya menginap di premiere room, kamar ini hanya ada di lantai 2 saja, kelebihannya kamar ini memiliki balkon dengan total luas kamar 50sqm. Namun belum bathub, tidak masalah untuk saya, sudah menggunakan smart tv. Kamar saya 224 sempat bermasalah dengan tuas shower namun diperbaiki teknisi dengan cepat cukup 5 menit saja, staff juga ramah semua. Untuk breakfast makanannya lebih mendominasi makanan nusantara karena hotel ini lebih mengutamakan hal-hal lokal. Proses check-in check-out cepat. Hanya 2 hal yang menurut saya kurang, parkiran mobil dengan lobby jaraknya cukup jauh, harus melewati jembatan penyeberamgan antar 2 gedung, saya yg membawa lansia cukup merepotkan, kemudian kamar sisi selatan tidak memiliki lift, dari parkiran di selatan saya harus ke lift disebelah lobby dahulu kemudian menyeberang lagi ke selatan, seharusnya dapat dibuat lift di 2 sisi utara dan selatan. Namun secara kesuluruhan hotel ini sempurna. Saya rekomen dan saya akan datang kembali lagi.",sesuai harga hotel kecewa inap premiere room kamar lantai milik balkon total luas bathub smart tuas shower teknisi cepat menit staff ramah breakfast makan dominasi nusantara utama lokal proses check parkir mobil lobby jarak jembatan penyeberamgan gedung bawa lansia repot sisi selatan lift belah seberang utara kesuluruhan sempurna rekomen,positif
ChdDSUhNMG9nS0VJQ0FnSURQbXZmUjh3RRAB,5,"Hotel tentrem yogyakarta termasuk hotel terbaik di jogja kamar banyak luas bersih dan nyaman, layanan oke pelayan sopan tradisi budaya jogja, lokasi strategisJenis perjalananBisnisGrup perjalananKeluargaKamar: 5Layanan: 5Lokasi: 5Sorotan hotelMewah, Pemandangan yang indah, Romantis, Tenang, Cocok untuk anak-anak, Harga terbaik, Berteknologi tinggi",hotel tentrem yogyakarta masuk jogja kamar luas bersih nyaman layan sopan tradisi budaya lokasi strategis mewah pandang indah romantis tenang cocok harga teknologi,positif
ChZDSUhNMG9nS0VJQ0FnSURUMVl6blh3EAE,5,"Menginap disini lagi..26 Mei 2024..

Acara show After party Kejurnas Sprint Rally di Ballroomnya..

Testimoni kamar :

Nyenyak tidur disini..
- Kamar yg lega+ ada Sofa,  bantal yg empuk,  AC HONEYWELL
- Smart TV
- Kamar mandi lega dan bersih..
- Hairdryer ✅
- Ironing ✅Jenis perjalananBisnisGrup perjalananTemanKamar: 5Layanan: 5Lokasi: 5Sorotan hotelMewah, Tenang",inap acara show after party kejurnas sprint rally ballroomnya testimoni kamar nyenyak tidur lega sofa bantal empuk honeywell smart mandi bersih hairdryer ironing mewah tenang,positif
ChZDSUhNMG9nS0VJQ0FnSURwMWZickNnEAE,5,"Saya merekomendasikan hotel ini yang menawarkan pemandangan aesthetics dan kemewahannya.

Disain : sanget mewah dan dinding dibalut dengan batu alam peletakannya pun benar benar mewah Perawatannya pun benar bener di jaga . Dan loby hotelnya pun luas.

Untuk koridor kamar sangat bagus sekali dengan ambience yang comfy banget, dan juga di pasang karpet yang seperti loby hotel yang terasa sangat mewah dan elegan, dan kamar sanget bersih.
Dan di sini pembersihan selalu di jaga dan di cek oleh sinar UV membuat sangetlah  bersih.",rekomendasi hotel tawar pandang aesthetics mewah disain sanget dinding balut batu alam leta awat bener jaga loby luas koridor kamar bagus ambience comfy banget pasang karpet elegan bersih sinar sangetlah,positif
ChdDSUhNMG9nS0VJQ0FnSUQtbjRPa2pnRRAB,3,"Check in di tanggal 12 dec, sangat lama, dari jam 15.45 dan baru bisa masuk kamar di 18.30. Staff depan juga tidak dapat memberikan kamar hingga 3 hari kedepan di kamar yg sama sehingga harus pindah esokan harinya, namun dengan staff yang berbeda hal tersebut dengan mudah bisa dilakukan dikarenakan masih tersedianya kamar dengan type yang sama untuk 3 hari kedepan. Sungguh seolah sebuah diskriminasi. Hotel bintang 5 rasa bintang 2 soal pelayanan. Untuk kamar cukup baik dan luas. Parkiran bisa dibilang nyaman berada di bawah sehingga terbebas dari hujan dan panas. Lokasi dekat dengan tugu jogja. Sarapan pagi sangat bervariatif dan cocok di lidah. Untuk layanan not recomended, namun untuk stay kamar cukup nyaman.Jenis perjalananLiburanGrup perjalananKeluargaKamar: 4Layanan: 2Lokasi: 4",check tanggal masuk kamar staff pindah esok beda mudah laku sedia type sungguh olah buah diskriminasi hotel bintang layan luas parkir bilang nyaman bebas hujan panas lokasi tugu jogja sarapan pagi variatif cocok lidah recomended stay,netral
ChdDSUhNMG9nS0VJQ0FnSURCOEtIODVnRRAB,5,"Wooow...
What a great experience staying in this hotel... !
Keren banget, setiap hari tepat di jam 10 pagi, selalu di putar lagu kebangsaan Indonesia Raya dan semua tamu dan staff hotel di himbau untuk berdiri selama lagu tersebut dikumandangkan.
Berasa beda aja, setelah selama ini muter² di hotel² di Indonesia, baru kali ini ada hotel yang memutar lagu kebangsaan tersebut.
Pertahankan yaa...
Service nya juga excellent, staffnya ramah banget dan fasilitas²nya oke punya.
Untuk yang membawa anak, no worries, disini ada kolam renang yang cozy banget dan kids playground yang seru...
Soo... Kalo ada kesempatan ke Yogya lagi, In syaa Allah, hotel ini adalah salah satu hotel yang menjadi pilihan utama untum staycation..
Mantaaab... !!!Jenis perjalananBisnisGrup perjalananPasanganKamar: 5Layanan: 5Lokasi: 5Sorotan hotelMewah, Pemandangan yang indah, Romantis, Cocok untuk anak-anak",what great experience staying this hotel keren banget pagi putar lagu bangsa indonesia raya tamu staff himbau kumandang beda muter kali tahan service excellent ramah fasilitas bawa worries kolam renang cozy kids playground seru kalo yogya syaa salah pilih utama untum staycation bagus mewah pandang indah romantis cocok,positif
ChdDSUhNMG9nS0VJQ0FnSUNOOXRqa3JnRRAB,2,"Utk keseluruhan hotel bagus, namun sebagai ibu yg masih mengasihi, sayang sekali tidak ada kulkas chiller yg bisa mendinginkan di kamar. Chiller di kamar hanya utk menyejukkan minuman, tidak bisa mendinginkan. Jadi harus telp bolak balik untuk nyimpan dan ambil ASI. Sangat merepotkan dan memakan waktu lama shg anak saya keburu rewel. Mana setiap diminta ASI nya, semua kebingungan krn petugas yg jaga bergantian. Sangat mengecewakan 👎🏻👎🏻 Mohon utk dijadikan masukan dan pertimbangan. Krn tulisan ini pun mungkin bisa jadi pertimbangan bagi ibu2 di luar sana yg masih mengasihi, juga saya, utk next nya.Jenis perjalananBisnisGrup perjalananKeluargaKamar: 2Layanan: 2Lokasi: 2",hotel bagus asih sayang kulkas chiller dingin kamar sejuk minum telp nyimpan ambil repot makan keburu rewel bingung tugas jaga ganti kecewa mohon masuk timbang tulis next,negatif
ChdDSUhNMG9nS0VJQ0FnSUN4NjdqdjlRRRAB,2,"Benar-benar trip paling mengecewakan yang saya pernah rasakan. Sofa bed kotor dengan bad bug membuat kulit gatal merah seketika. Ketika complain, room service datang dengan vacum penyedot karpet LANTAI, itupun lebih dari 30mnt setelah complain. Total saya menghabiskan 2 jam lebih hanya untuk mendapatkan penanganan membuat saya sendiri terlambat hadir ke acara dan mengalami experience yang sungguh mengecewakan
It was horrified! Staff was very slow. Such a shame for a five-star hotel to have service like this!Jenis perjalananLiburanGrup perjalananKeluargaKamar: 1Layanan: 2Lokasi: 3",trip kecewa sofa kotor kulit gatal merah complain room service vacum sedot karpet lantai total habis tangan lambat hadir acara alami experience sungguh horrified staff very slow such shame five star hotel have like this,negatif
ChZDSUhNMG9nS0VJQ0FnSUNwME55VkNnEAE,5,"Saya merekomendasikan hotel ini,  karena arsiteksturnya yang menarik,  lalu suasananya yg calm & quiet,  cocok untuk healing,  dibandingkan dengan Tentrem Semarang,  walaupun yg Smg lbh baru....suasana di situ sangat ramai aplgi weekend jdi tdk cocok utk healing,  di sana pool hotel bergabung dgn aptmen,  jadi ya maklumi aja.

Lalu servicenya di Tentrem Jogja ini memang juara,  orang2nya humble,  dan sigap,  terasa ramah ga dibuat2,  dengan senang hati menolong guest nya,  jadi ya seneng banget jadi guest nya 😍.

Lalu khas Tentrem Hotel yang memperkenalkan makanan khas setempat yang terbaik dari yang terbaik saat breakfast ini salah satu value yang mengena buat saya,  guest tidak perlu keluar utk cari local food terbaik lagi karena sudah tersedia di breakfasr area,  dan bs all u can eat pula,  ini jg bikin seneng banget.  Saya kurang suka biasanya hotel berusaha memasak sendiri local food dengan chefnya,  padahal tamu2 maunya itu merasakan taste asli local food yang top2 itu... gamau makanan street food yg dibuat di hotel 5 star .... ya kan,  nahh ini dia ngrti banget hahaa... pinter banget 👏🏻👏🏻

Thank you Tentrem JogjaKamar: 4Layanan: 5Lokasi: 4",rekomendasi hotel arsiteksturnya tarik suasana calm quiet cocok healing banding tentrem semarang situ ramai aplgi weekend banget gabung aptmen maklum service jogja juara orang humble sigap ramah senang hati tolong guest neng khas kenal makan breakfast salah value kena cari local food sedia breakfasr area bikin suka usaha masak chefnya tamu taste asli bagus gamau street star nahh ngrti hahaa pinter thank,positif
ChdDSUhNMG9nS0VJQ0FnSUMtbmZUYjNnRRAB,5,"Menginap dari tanggal 6-10 november 22, utk keperluan acara konsinyering hotelnya sangat luas dgn fasilitas yg lengkap mulai dr gym, kolam renang, sauna dan lapangan tenis, kamarnya sangat luas dan besar overall pelayanan sangat baik petugas dgn tanggap membantu dan melayani tamu hotel, breakfast variasi menunya sangat banyak. Hanya utk makan siang menurut saya variasi menunya sangat sedikit dan mengenai rasa tidak terlalu istimewa. Mungkin dapat ditingkat kan lagiKamar: 5Layanan: 4Lokasi: 4",inap tanggal november acara konsinyering hotel luas fasilitas lengkap kolam renang sauna lapang tenis kamar overall layan tugas tanggap bantu tamu breakfast variasi menu makan siang kena istimewa tingkat,positif
ChZDSUhNMG9nS0VJQ0FnSURPbk5iNkF3EAE,5,"hotel terbaik utk berlibur bersama keluarga di Yogyakarta. Bahkan jika kita membawa 2 anak kecil,hotel ini menyediakan ranjang twin berukuran besar yg sangat memadai utk 2 dewasa+2 anak kecil. Ukuran ranjang besar,kamar luas,toilet & shower terpisah (2 cubicle),amenities lengkap,fasilitas hotel lengkap (kids club besar,breakfast enak dan bervariasi,kolam renang bersih dan terawat),servicesnya memuaskan (staff memperhatikan setiap detail yg sy tuliskan saat memesan kamar melalui OTA),dan yg terpenting sangat2 terasa bersihnya.
Worth with the price (disarankan pesan jauh2 hari seb libur utk dapat harga terbaik).
thank you Hotel Tentrem Yogya..definisi hotel keluarga terbaik akhirnya kami temukan di hotel ini❤❤Jenis perjalananLiburanGrup perjalananKeluargaKamar: 5Layanan: 5Lokasi: 5",hotel libur keluarga yogyakarta bawa sedia ranjang twin ukur dewasa kamar luas toilet shower pisah cubicle amenities lengkap fasilitas kids club breakfast enak variasi kolam renang bersih awat servicesnya puas staff perhati detail tulis worth with price saran pesan harga thank tentrem yogya definisi temu,positif
ChdDSUhNMG9nS0VJQ0FnSUMtNDVLRnhnRRAB,5,"Salah satu hotel paling lengkap dan apik. Kolam renangnya bersih dan Mayan luas, gymnya one of the best gede banget, ditambah ada sauna dan jacuzzi pula. Sarapan luar biasa banget, variasi makanannya luas. Ada tempat main anak yang udah kayak di mall, besar. Kamar bersih. Wangi lobbynya enak banget.Jenis perjalananBisnisGrup perjalananTemanKamar: 5Layanan: 5Lokasi: 5Sorotan hotelMewah, Cocok untuk anak-anak",salah hotel lengkap apik kolam renang bersih mayan luas gymnya gede banget sauna jacuzzi sarapan variasi makan main udah kayak mall kamar wangi lobby enak mewah cocok,positif
ChZDSUhNMG9nS0VJQ0FnSURabEttU0NnEAE,5,Ke sini karena ada acara Pertemuan Ilmiah Tahunan IROPIN ke 1.  Tempat ballroom mewah dan bagus bgt.  Makanan sangat enak dan berkelas dengan cita rasa bervariasi.  Semoga kedepannya dapat mencoba utk menginap di hotel ini bersama keluargaJenis perjalananBisnisGrup perjalananTunggalKamar: 5Layanan: 5Lokasi: 5,acara temu ilmiah iropin ballroom mewah bagus banget makan enak kelas cita variasi moga coba inap hotel keluarga,positif
ChdDSUhNMG9nS0VJQ0FnSUN1Z3BYUThBRRAB,5,"Kami menginap 4 hari. Kamar sangat bagus, bersih, nyaman, dan besar. Anak dibawah 8 tahun masih bisa sarapan tanpa tambahan biaya. Nice. Jenis makanan beragam dan rasanya enak enak.  Servicenya sangat baik. Ramah. Hanya saja kalau menunggu mobil diambil valet parking agak lama.Jenis perjalananBisnisGrup perjalananKeluargaKamar: 5Layanan: 5Lokasi: 5",inap kamar bagus bersih nyaman sarapan biaya nice jenis makan ragam enak service ramah tunggu mobil ambil valet parking,positif
ChZDSUhNMG9nS0VJQ0FnSUNMX2JfMWJ3EAE,5,"Saya tidak menginap , tapi saya disini hanya sedang adanya acara & katanya temenku kamarnya ok , disini ada kids clubnya ada kayumanis & summerpalace , ada lapangan tennis & tempat gym mantap lah pokoknya👍👍👍 …",inap acara teman kamar kids clubnya kayumanis summerpalace lapang tennis mantap pokok,positif
ChZDSUhNMG9nS0VJQ0FnSUNtdGJESElREAE,4,"Staff sangat ramah dan sopan. Resepsionis mengingat nama saya saat saya kembali untuk mengambil kunci masuk kamar.

Kamar luas dan nyaman. Kasur ukuran king size dengan banyak bantal.

Lokasi di tengah kota. Mudah dicapai dan pergi ke tempat lain.

Hotel ini sudah cukup berumur. Jadi, meskipun bagus tetap ada kekurangan dibandingkan hotel baru:
1. Insulasi buruk, suara dari tamu lain baik kamar sebelah/atas serta luar pintu sangat terdengar.
2. Tidak ada bathtub dengan rate yang cukup tinggi.
3. Kolam renang yang kurang besar.
4. Rasa makanan yang kalah lezat dari hotel bintang 3 seperti Porta meski varian cukup banyak.
5. Massage sangat mahal.",staff ramah sopan resepsionis ambil kunci masuk kamar luas nyaman kasur ukur king size bantal lokasi kota mudah capai pergi hotel umur bagus banding insulasi buruk suara tamu belah pintu dengar bathtub rate kolam renang makan kalah lezat bintang porta varian massage mahal,positif
ChZDSUhNMG9nS0VQLURqdUNVNnZHRUh3EAE,3,"Sofa banyak noda kotor, front staff kurang ramah dan tdk komunikatif.",sofa noda kotor front staff ramah komunikatif,netral
ChZDSUhNMG9nS0VJQ0FnTUNBOUtfQVBnEAE,5,"Selalu suka ke Ebony Tentrem 🥰 Pak Eddie juga servicenya oke banget , gak pernah salah milih tempat ngechill ya disini 😚 dan yang paling penting semoking ac 💋Jenis perjalananBisnisGrup perjalananKeluargaKamar: 5Layanan: 5Lokasi: 5Sorotan hotelMewah",suka ebony tentrem eddie service banget salah milih ngechill semoking mewah,positif
ChdDSUhNMG9nS0VJQ0FnSURwOVpLeTF3RRAB,5,"Sangat rekomendasi sekali hotel ini, untuk yang mau berlibur ke Yogyakarta membawa pasangan sangat cocok buat referensi liburan, dengan pelayanan hotel yg sangat memuaskan serta tersedia nya fasilitas yang mewah.
Dan juga sarapan prasmanan serta parkir gratis dan aman. Fasilitas kolam renang, spa serta pusat kebugaran lainnyaJenis perjalananLiburanGrup perjalananTunggalSorotan hotelMewah, Pemandangan yang indah, Romantis, Tenang, Harga terbaik, Berteknologi tinggi",rekomendasi hotel libur yogyakarta bawa pasang cocok referensi layan puas sedia fasilitas mewah sarapan prasmanan parkir gratis aman kolam renang pusat bugar pandang indah romantis tenang harga teknologi,positif
ChdDSUhNMG9nS0VJQ0FnSURwZ1pPZjJRRRAB,5,"Service bagus, lokasi bagus, kebersihan bagus.

Nilai plus untuk:
-Fasilitas yang lengkap dan terawat
-Breakfast yang Sangat amat lengkap dan menyajikan makanan tradisional sekitar.

Namun untuk luas kamar dibanding Tentrem hotel Semarang jauh lebih kecil yah.

Defnitely coming back, good job TentremJenis perjalananLiburanGrup perjalananPasanganKamar: 5Layanan: 5Lokasi: 5KamarCukup bersih, namun luasnya tidak seperti yang diharapkanMakanan & minumanBreakfastnya lengkap banget jadi betahSorotan hotelMewah, Harga terbaik",service bagus lokasi bersih nilai plus fasilitas lengkap awat breakfast saji makan tradisional luas kamar banding tentrem hotel semarang defnitely coming back good harap breakfastnya banget betah mewah harga,positif
ChZDSUhNMG9nS0VJQ0FnSUNlLXRTMlFREAE,4,"Menginap dari 4-10 Sept 2022. Kesan;
- Kebersihan dan keramahan 5⭐️
- kamar luas (saya mengambil kamar lengkap dengan balkon lantai 5, view kolam renang). Namun setelah dilihat, saran lebih bagus ambil yg view city/gunung merapi)
- fasilitas bermain anak cukup baik (playground)
- tersedia bayak pilihan menu untuk sarapan  dengan rasa yang enak
- kolam renang berada di tengah bangunan, jadi agak kurang privasi
- akses ke malioboro tidak terlalu dekat, sehingga pilihan untuk menggunakan transportasi online. Sebenarnya lebih prefer menggunakan becak, namun di depan hotel sangat jarang ada becak.
- Bagi yg memesan makanan via online harus mengambil sendiri, karena pihak Hotel tidak menyediakan fasilitas penitipan/ drop box.",inap sept kesan bersih ramah kamar luas ambil lengkap balkon lantai view kolam renang lihat saran bagus city gunung rapi fasilitas main playground sedia bayak pilih menu sarapan enak bangun privasi akses malioboro transportasi online prefer becak hotel jarang makan titip drop,positif
ChZDSUhNMG9nS0VJQ0FnSUR2MllMUEZREAE,4,Tolong naikkan bandwith dan kecepatan Internetnya khususnya di high season dan weekend. Saya masih ada pekerjaan dan kesulitan Video Conference dan unduh unggah dokumen dalam jumlah besar.Kamar: 5Layanan: 3Lokasi: 5,tolong bandwith cepat internetnya khusus high season weekend kerja sulit video conference unduh unggah dokumen,positif
ChZDSUhNMG9nS0VJQ0FnSUQ1bXFqQVRnEAE,5,"This hotel very nice, honeymoon jadi begitu indah, diberikan kamar dengan 2 balcon yg mengarah ke kolam renang dan kota, dan free kue utk honeymoon, perlengkapan mandi lengkap sampai sisirJenis perjalananLiburanGrup perjalananPasanganKamar: 5Layanan: 5Lokasi: 5Sorotan hotelMewah",this hotel very nice honeymoon indah kamar balcon arah kolam renang kota free lengkap mandi sisir mewah,positif
ChZDSUhNMG9nS0VJQ0FnSUNGX2I3dFl3EAE,5,Hotel Bintang 5 yg sangat nyaman. Areanya cukup strategis krn tdk terlalu jauh dr Tugu Yogya. Kamarnya bersih. Fasilitas d dlm kamar jg cukup memadai..Jenis perjalananBisnisGrup perjalananTemanKamar: 5Layanan: 5Lokasi: 5KamarKamarnya bersih rapih. TenangSorotan hotelTenang,hotel bintang nyaman area strategis tugu yogya kamar bersih fasilitas rapih tenang,positif
ChZDSUhNMG9nS0VJQ0FnSUNaaDQtdUN3EAE,5,"Hotel bintang 5 yang luar biasa dari mulai fasilitas, pelayanan, keamanan, kenyamanan dan juga makanannya.
Seluruh pegawai melayani dengan ramah, sopan, humble, dan penuh senyum.

Pengalaman menginap 2 hari disini cukup berkesan.Kamar: 5Layanan: 5Lokasi: 5",hotel bintang fasilitas layan nyaman makan pegawai ramah sopan humble penuh senyum alam inap kesan,positif
ChZDSUhNMG9nS0VJQ0FnSURSOGFUbUpREAE,5,"Hotel terbaik di Jogja, modern tapi sangat kental nuansa jogja dalam detailnya.

Kamar sangat nyaman dan untuk sweet punya lounge sendiri.

Selalu penuh dan kadang harus bayar lunas in advance

Stafnya sangat sopan dan proses check in singkatJenis perjalananBisnisGrup perjalananTunggalKamar: 5Layanan: 5Lokasi: 5KamarSpacious dan kualitas bed sangat baikAktivitas di sekitarLokasi ga jauh dari beberapa kantor dan tengah kota, cocok buat keluarga dan urusan bisnisMakanan & minumanBreakfast banyak pilihan dan rasanya enakSorotan hotelMewah, Romantis, Tenang",hotel jogja modern kental nuansa detail kamar nyaman sweet lounge penuh kadang bayar lunas advance staf sopan proses check singkat spacious kualitas lokasi kantor kota cocok keluarga urus bisnis breakfast pilih enak mewah romantis tenang,positif
Ci9DQUlRQUNvZENodHljRjlvT2paeU1YcENNa3BuU1VsU1JsVTFXRm95Umxkc2FVRRAB,5,Mantap.. emang cocok untuk healing ni hotelKamar: 5Layanan: 5Lokasi: 4,mantap emang cocok healing hotel,positif
ChZDSUhNMG9nS0VJQ0FnSUNWbXBhZEt3EAE,1,"SORRY BANGET YA, pelayanannya jelek banget. Satpamnya yang bagian masuk parkiran tidak ramah dan terlihat merendahkan seseorang. Saya datang dengan motor beat, apakah kendaraan menunjukkan status sosial? Padahal saya kesana karena akan ada event dan butuh koordinasi. Sudah janjian dengan pegawainya tapi ternyata disuruh nunggu dipinggir jalan dan ga diarahkan masuk ke parkirannya. Padahal saya sudah bertanya dengan baik-baik di mana tempat parkir dan sudah menjelaskan maksud saya bahwa saya ini client. Lalu pegawai yang buat janji dengan saya untuk cek ruangan juga melayani dengan kurang baik. Nada bicara dan penggunaan kata ""diriku dirimu"" , apakah sopan? Mentang² saya dan teman saya yang datang anak muda. Ketika tahu kami seorang mahasiswa S2 disuatu univ ternama, baru pegawai tersebut sedikit lebih sopan. Begini, apakah orang yang mungkin status sosial rendah boleh diperlakukan seperti itu??? BAHKAN Kalau memang benar saya status sosialnya rendah tetap TIDAK PATUT untuk diberlakukan seperti itu. HOTEL-HOTEL KECIL LAIN DI JOGJA SAJA BISA MENGHARGAI CLIENTNYA WALAU BERPENAMPILAN ATAU MEMBAWA KENDARAAN YANG BIASA.

Kebetulan keluarga saya client yg sering ke sana. Tolong diperbaiki manajemennya. Terimakasih.Jenis perjalananBisnisGrup perjalananTemanKamar: 1Layanan: 1Lokasi: 1Sorotan hotelMewah",sorry banget layan jelek satpam masuk parkir ramah lihat rendah orang motor beat kendara status sosial kesana event butuh koordinasi janji pegawai nyata suruh nunggu pinggir jalan arah maksud client ruang nada bicara sopan mentang teman muda mahasiswa univ nama laku patut hotel jogja harga clientnya tampil bawa keluarga tolong manajemen terimakasih mewah,negatif
ChZDSUhNMG9nS0VJQ0FnSUM0a1BpZUp3EAE,5,"Layak disebut hotel bintang 5. Ambiencenya enak, wanginya khas, pelayanannya baik. Kamarnya bagus. Ruangan meetingnya juga oke, tapi agak terlalu kecil untuk kapasitas itu. Makan siangnya enak, sarapannya juga enak. Harap ditingkatkan terus menjadi yang terbaik di Jogja.Grup perjalananTunggalKamar: 5Layanan: 5Lokasi: 3Sorotan hotelMewah",layak hotel bintang ambiencenya enak wangi khas layan kamar bagus ruang rapat kapasitas makan siang sarapan harap tingkat jogja mewah,positif
ChdDSUhNMG9nS0VJQ0FnSUNaaE1uWm9nRRAB,5,"Hotelnya enak, bersih, nyaman rasanya. Staffnya ramah-ramah, kamar bersih, apa lagi pemandangan dimalam hari sambil berenang dan dekat dengan pusat kota dan tempat berbelanja.

Pokoknya rekomen buat staycationJenis perjalananLiburanGrup perjalananKeluargaKamar: 5Layanan: 5Lokasi: 5Sorotan hotelMewah",hotel enak bersih nyaman staff ramah kamar pandang malam renang pusat kota belanja pokok rekomen staycation mewah,positif
ChdDSUhNMG9nS0VJQ0FnSURMaHM2eTZBRRAB,5,"Hotel mewah yang selain menawarkan fasilitas yang lengkap juga memperkenalkan dan mendekatkan warisan budaya nusantara kepada tamu-tamunya. Banyak hal yang berbau jamu dan herbal tradisional.Jenis perjalananBisnisGrup perjalananTemanKamar: 5Layanan: 5Lokasi: 5Sorotan hotelMewah, Romantis",hotel mewah tawar fasilitas lengkap kenal waris budaya nusantara tamu jamu herbal tradisional romantis,positif
ChZDSUhNMG9nS0VJQ0FnSURHemFmYlp3EAE,4,"Room oke, bathroom sepertinya ada genangan air, utk pesan makanan online mudah tdk perlu sampai keluar hotel utk pengambilan nya,breakfast variatif, hanya kebetulan dapat makanan yg ada rambut mgkn ikut termasak jg, saat sdg full parkiran terbatas, room service oke, suwun..",room bathroom genang pesan makan online mudah hotel ambil breakfast variatif rambut masak full parkir batas service suwun,positif
ChZDSUhNMG9nS0VJQ0FnSUQtekx5Q1dnEAE,5,"Pengalaman yg cukup menyenangkan saat menginap di Hotel Tentrem Yogyakarta tgl 15Oktober 2022. Saat masuk di kamar, kami disajikan kue dan bbrp minuman yg lumayan enak. Hanya saja ada bbrp noda di karpet dpn Tmp tidur dan noda di Sofa panjang samping tmp tdur (tp ga trll memgganggu mnrut saya). Fasilitas yg tersedia secara gratis yg menurut saya lumayan lengkap sperti (Kolam renang dgn petugas life guard yg cukup byk, jacuzzi pool, spa yg berbayar dll). Untuk makanan dan minuman saat breakfast lumayan bervariasi dan enakJenis perjalananLiburanKamar: 5Layanan: 5Lokasi: 5",alam senang inap hotel tentrem yogyakarta oktober masuk kamar saji minum lumayan enak noda karpet tidur sofa samping tdur trll memgganggu mnrut fasilitas sedia gratis lengkap sperti kolam renang tugas life guard jacuzzi banget bayar breakfast variasi,positif
ChZDSUhNMG9nS0VJQ0FnSURldWZuY1JBEAE,5,"Hotel terbaik yang pernah saya kunjungi. Balkon langsung menghadap kolam renang. Ada berbagai minuman dan buah2an. Kamarnya sangat luas dan bersih. Menu sarapan pagi semuanya rasanya enak,. Yang paling berkesan itu ice cream rasa tolak angin, gak nyangka rasanya seenak itu.Kamar: 5Layanan: 5Lokasi: 5",hotel kunjung balkon langsung hadap kolam renang minum buah kamar luas bersih menu sarapan pagi enak kesan cream tolak angin nyangka,positif
ChZDSUhNMG9nS0VJQ0FnSUR4MUtleVpnEAE,4,"Hotel bagus
Kamar bagus
Makan pagi bagus
Saran : Perlu tambahan lampu yg lbh terang untuk rest room yg ada di public area spt di LG dkt lift dan di area Sauna.. terlalu remang2 jd ga nyaman. Terutama di cubicle nyaJenis perjalananLiburanGrup perjalananKeluargaKamar: 5Layanan: 4Lokasi: 5Detail pentingPerlu tambahan lampu yg lbh terang rest room yg ada di public area spt di LG dkt lift dan di area Sauna.. terlalu remang2Sorotan hotelHarga terbaik",hotel bagus kamar makan pagi saran lampu terang rest room public area lift sauna remang nyaman utama cubicle harga,positif
ChdDSUhNMG9nS0VJQ0FnSUNsLVp5a293RRAB,5,"melebihi ekspetasi.
hotelnya nyaman, bersih, compliment nya banyak. ac dingin, airpanas buat mandi lancar. wangi.
breakfast nya bervariasi.
recommended buat keluarga atau sekedar liburanJenis perjalananLiburanGrup perjalananKeluargaKamar: 5Layanan: 5Lokasi: 5Sorotan hotelMewah, Pemandangan yang indah, Romantis, Tenang, Cocok untuk anak-anak, Harga terbaik, Berteknologi tinggi",ekspetasi hotel nyaman bersih compliment dingin airpanas mandi lancar wangi breakfast variasi recommended keluarga libur mewah pandang indah romantis tenang cocok harga teknologi,positif
ChdDSUhNMG9nS0VJQ0FnSUNBcFB5OWlRRRAB,5,"5⭐ favorit deh!
Hotel yang strategis, deket pusat kota cuma 5 menit, kampus UGM 3 menit, fasilitas mewah, elegan, bersih, rapi, pokoknya sangat indah. bikin betah lama2 tinggal.
Swimming poolnya bikin betah buat ngabisin waktu 😄
Menu breakfastnya komplit sampai ke traditional food. Well done, maturnuwun pelayanannya tentrem! 👍👍Jenis perjalananLiburanGrup perjalananPasanganKamar: 5Layanan: 5Lokasi: 5Sorotan hotelMewah, Pemandangan yang indah, Romantis, Tenang, Cocok untuk anak-anak, Berteknologi tinggi",favorit hotel strategis deket pusat kota menit kampus fasilitas mewah elegan bersih rapi pokok indah bikin betah tinggal swimming poolnya ngabisin menu breakfastnya lengkap traditional food well done maturnuwun layan tentrem pandang romantis tenang cocok teknologi,positif
ChZDSUhNMG9nS0VJQ0FnSUNqdHRXeEpBEAE,5,"Suasananya sesuai dengan namanya, tentrem. Makanannya enak, kamarnya nyaman. Udah 2x nginep di Tentrem sangat memuaskan, selalu ingin balik lagi dan lagiJenis perjalananLiburanGrup perjalananKeluargaKamar: 5Layanan: 5Lokasi: 5Sorotan hotelPemandangan yang indah, Cocok untuk anak-anak, Harga terbaik",suasana sesuai tentrem makan enak kamar nyaman udah nginep puas pandang indah cocok harga,positif
ChZDSUhNMG9nS0VJQ0FnSUMtbHBPcE5nEAE,5,"Saya dan istri menginap dalam rangka honeymoon di Hotel Tentrem. Kami sangat puas dengan pelayanan yg diberikan. Kamarnya bersih, staffnya ramah, dan menu sarapannya yg amat sangat enak! Menu nusantaranya enak, western enak, dan pilihan makanannya sangat lengkap (paling lengkap dari hotel bintang 5 lain). Great job, Hotel Tentrem👍 Oiya, untuk yg berkunjung dalam rangka honeymoon bisa request special flower arrangement dan bonus cake lho!Kamar: 5Layanan: 5Lokasi: 5KamarKamarnya bersih, wangi, dan cozy bangetKeamananKeamanan di setiap kamar terjamin, terutama dengan adanya brangkas tempat menaruh barang-barang berhargaMakanan & minumanGak usah ditanya, enak-enak bangettt!Sorotan hotelMewah, Romantis, Tenang",istri inap rangka honeymoon hotel tentrem puas layan kamar bersih staff ramah menu sarapan enak nusantara western pilih makan lengkap bintang great oiya kunjung request special flower arrangement bonus cake wangi cozy banget jamin utama brangkas taruh barang harga mewah romantis tenang,positif
ChdDSUhNMG9nS0VJQ0FnSUNtMHNpNjJ3RRAB,4,"Hotel ini terkenal banget di Jogja, penasaran nyobain ini. Overall OK, kamar spacious, untuk twin bed nya juga besar, masing- masing uk. 140. Makanan nya not bad, dan Ok juga rasanya. Cuma breakfastnya beberapa menu tiap hari sama, jadi agak bosen. Tapi cobain deh pancake ice creamnya, ini enak deh. Kolam renangnya juga bersih, luas dan ada pegawai yang jaga2 juga buat ngawasin anak2 berenang. Hotel ini cukup recommended kalo ke jogja karena lokasinya cukup dekat Tugu dan stasiun.",hotel kenal banget jogja penasaran nyobain overall kamar spacious twin makan breakfastnya menu bosen cobain pancake creamnya enak kolam renang bersih luas pegawai jaga ngawasin recommended kalo lokasi tugu stasiun,positif
ChdDSUhNMG9nS0VJQ0FnSURSX19ENWdnRRAB,5,"Hotel paling nyaman ...aroma lemongrass nya saya suka banget .membuat suasana hati segar.
Kamar nya luas sekali .nyaman banget kasir nya gede .
tapi x ini hanya makan es gelato dan snack bersama suster dan 2 teman postulan .ada beli balsam yg hangat enak dan minuman produk sido muntjul yg baru enak seger
Ayo nginep di Hotel Tentrem Jogja hati jadi benar benar tentrem lho ....Kamar: 5Layanan: 5Lokasi: 5",hotel nyaman aroma lemongrass suka banget suasana hati segar kamar luas kasir gede makan gelato snack suster teman postulan beli balsam hangat enak minum produk sido muntjul seger nginep tentrem jogja,positif
ChZDSUhNMG9nS0VKQ1N3Ym4zOWYzY0p3EAE,5,"Room dan service nya sesuai dengan harganya
Breakfast sangat lengkapJenis perjalananLiburanGrup perjalananKeluargaKamar: 5Layanan: 5Lokasi: 5Sorotan hotelTenang, Harga terbaik",room service sesuai harga breakfast lengkap tenang,positif
ChZDSUhNMG9nS0VJQ0FnSURweTVQQkdBEAE,5,"Staf sangat baik dan membuat Anda merasa seperti di rumah.  Saya ingat hal pertama ketika memasuki hotel setelah seharian beraktivitas dan sangat lelah, staf bertanya kepada saya, apakah Anda lelah?  Saya bilang ya saya lelah.  Ngomong-ngomong mereka bisa berbicara dan mengerti bahasa Inggris jadi untuk semua turis internasional tidak perlu khawatir.  Kembali lagi ke cerita.  Staf kemudian menawarkan saya handuk hangat yang membangunkan saya untuk waktu yang tepat untuk sampai ke kamar saya tanpa tertidur.  Benar-benar terdiam.  Kamarnya sangat luas dan memiliki sofa yang bisa berfungsi sebagai tempat tidur lain.  Jadi total bisa muat 4 tempat tidur (Termasuk sofa dan sofa).  Bahkan setelah semua ekstra Anda MASIH memiliki begitu banyak ruang untuk bergerak yang dengan sendirinya sangat mengejutkan.  Meskipun saya menyarankan pemesanan langsung dari situs web mereka karena kadang-kadang mereka dapat memiliki diskon dan umumnya lebih murah ketika Anda memesannya langsung dari situs web mereka",staf rumah pasuk hotel aktivitas lelah bilang ngomong bicara erti bahasa inggris turis internasional khawatir cerita tawar handuk hangat bangun kamar tidur diam luas milik sofa fungsi total muat masuk ekstra ruang gerak kejut saran mesan langsung situs kadang diskon murah,positif
ChZDSUhNMG9nS0VJQ0FnSURoLWM2MVZnEAE,5,"Selalu jadi favorit setiap ke jogja, mulai dari jaman single kesini sm keluarga, honeymoon sm suami dan sekarang stay disini sm anak juga. Kamarnya luas, bersih, cukup mewah, dan yang pasti breakfastnya juara karena banyak pilihan makanan. Cocok banget bawa anak2 kesini karena banyak pilihan makanan yang bikin anak betah sarapan + ada kids playgroudnya. Thank you Hotel Tentrem.Kamar: 5Layanan: 5Lokasi: 5",favorit jogja jaman single kesini keluarga honeymoon suami stay kamar luas bersih mewah breakfastnya juara pilih makan cocok banget bawa bikin betah sarapan kids playgroudnya thank hotel tentrem,positif
ChZDSUhNMG9nS0VJQ0FnSUNtMnJMTFB3EAE,3,"Pertama masuk hotel ini benar-benar terasa seperti bintang 5 yang sesungguhnya dengan desain yang menurut saya mewah. Ruangan kamar Deluxe yang bener-bener besar membuat rasa nyaman.
Tapiiii... untuk sarapannya untuk sekelas bintang 5 menurut saya parah sekali rasanya dan jumlah menunya. Dengan harga tambahan perpax rp330.000 saya bayar tp kt hotel 220rb berasa sangat ngga worthed. Mohon untuk diperbaiki kualitas rasa masakan di sarapannya dan juga perbanyak menunya biar layak disebut bintang 5. Saya dari kamar 547 menginap di tanggal 24- 25 Desember.
Next time cari hotel lain bintang 5 untuk nginep di Jogja nggak akan di Tentrem lagi.Jenis perjalananLiburanKamar: 5Layanan: 5Lokasi: 5",masuk hotel bintang sungguh desain mewah ruang kamar deluxe bener nyaman sarapan kelas parah menu harga perpax bayar ngga worthed mohon kualitas masak biar layak inap tanggal desember next time cari nginep jogja tentrem,netral
ChZDSUhNMG9nS0VJQ0FnSUQtdDhXcWZREAE,1,"Tahun 2018 lalu pernah menginap di sini saat acara Tatalogam dan sangat memuaskan.  Namun, tanggal 11-12 Desember 2022 ini (acara wedding) pelayanan sudah turun drastis sekelas hotel bintang 1, terutama bagian restoran yang tidak responsif melayani pengambilan makanan (makanan masih diambilkan, tidak self-service) sampai harus memanggil-manggil supaya ada petugasnya.  Sempat ada trouble dengan bagian security masalah tiket parkir, tapi jawaban receptionist dan security tidak konsisten, saling lempar tanggung jawab, bikin naik darah.Kamar: 4Layanan: 1Lokasi: 4",inap acara tatalogam puas tanggal desember wedding layan turun drastis kelas hotel bintang utama restoran responsif ambil makan self service panggil manggil tugas trouble security tiket parkir receptionist konsisten lempar tanggung bikin darah,negatif
ChZDSUhNMG9nS0VJQ0FnTUN3ekthT1lBEAE,5,"Nuansanya nyaman aman dan genah, makanan juga tdk kalah uenak dan komplit rupa rupa dari yg jadul sampai kekinian :)Kamar: 5Layanan: 5Lokasi: 5",nuansa nyaman aman genah makan kalah uenak lengkap rupa jadul,positif
ChZDSUhNMG9nS0VJQ0FnSUNLXzZ5MWFREAE,5,"Kesan pertama adalah mewah dan megah. Tampak arsitektur dari luar dan di lobbynya.
Pelayanan dari semua pegawai juga bener2 sy acungi jempol, sangat ramah, sabar dan profesional. Wow luar biasa pokoknya. Lobbynya sangat luas dan nyaman.

Kamar juga luas, mewah dan keren. Semuanya lengkap disini. Apalagi yang bikin kagum kulkasnya ada minumannya dan tidak kena charge lagi. Ya iyalah harga kamar hotelnya aja udh jutaan guys. Hehe.
Ranjangnya super empuk dan Sofanya juga nyaman. Tidur nyenyak lah pokoknya.

Breakfast ya juga mengagumkan guys. Pilihan makanannya banyak, hampir semua aku coba dan sangat memuaskan. 👍 Yang unik ada es krim tolak angin. Es ini hanya bisa di nikmati di hotel ini aja. Hehe.",kesan mewah megah arsitektur lobby layan pegawai bener acung jempol ramah sabar profesional pokok luas nyaman kamar keren lengkap bikin kagum kulkas minum kena charge harga hotel juta guys ranjang super empuk sofa tidur nyenyak breakfast pilih makan coba puas unik krim tolak angin nikmat,positif
ChZDSUhNMG9nS0VJQ0FnSURHdDhtWUZREAE,5,"Fasilitas kamar sangat lengkap,:  Setrika, brangkas, hairdryer, mini bar lengkap dengan free minuman dan lainnya.

Breakfast: Masakannya enak, tetapi tidak enak banget.

Pelayanan: Luar biasa.

Fasilitas olahraga: Kolam renang, gym dan lapangan tenis.",fasilitas kamar lengkap setrika brangkas hairdryer mini free minum breakfast masakan enak banget layan olahraga kolam renang lapang tenis,positif
ChZDSUhNMG9nS0VJQ0FnSUNqb1BUREZBEAE,5,"Hotel ini top banget lah.

Kamar luas, mewah, bersih. Restonya gede dengan sajian premium. Makan sate kambing dan sate ayamnya endeus banget.Jenis perjalananBisnisGrup perjalananTunggalKamar: 5Layanan: 5Lokasi: 5Sorotan hotelMewah, Tenang",hotel bagus banget kamar luas mewah bersih restonya gede saji premium makan sate kambing ayam endeus tenang,positif
ChdDSUhNMG9nS0VJQ0FnSUNleV9mY3VnRRAB,5,"Hotel favorit kalo lagi ke Jogja. Kamarnya luas, kasurnya gede, dan lebih menyenangkan lagi kalau dapat kamar dengan sofa panjang yang bisa sampai rebahan. Dapat pemanas air dengan pilihan kopi, teh, dll. Kulkas setiap hari direfill minuman spt foto attached, dan gratis. Dan, saat breakfast jangan lupa cobain es krim tolak anginnya.",hotel favorit kalo jogja kamar luas kasur gede senang sofa rebah panas pilih kopi kulkas direfill minum foto attached gratis breakfast lupa cobain krim tolak angin,positif
ChZDSUhNMG9nS0VJQ0FnSUNlOVlqZ1pnEAE,4,"Hotelnya luass, nyaman, estetik.
Hotel ini 1 grup dengan produk jamu jadi di dalam kamar sudah ada fasilitas minuman jamu botol juga.
Banyak aksesori interior yg unik, estetik, indonesia banget.
Ada kolam renang yg bisa diakses umum.
Makanan untuk breakfast banyak pilihan.Kamar: 5Layanan: 5Lokasi: 4",hotel luass nyaman estetik grup produk jamu kamar fasilitas minum botol aksesori interior unik indonesia banget kolam renang akses makan breakfast pilih,positif
ChZDSUhNMG9nS0VJQ0FnSUM3emN1WFhBEAE,5,"Hotel yang sesuai dengan namanya, tentrem di semua divisi. Dari check in, kamar yang luas dan nyaman, bed yang besar, kamar mandi yang super bersih.Jenis perjalananLiburanGrup perjalananKeluargaKamar: 5Layanan: 5Lokasi: 5KamarKamar yang sangat lega baik premier maupun deluxenya. Twin bednya cukup besar dan nyamanMakanan & minumansemua makanannya nggak ada yang gagal. Pecel dan gorengan, aneka makanan lokal yang diangkat dan di display, bakery dan pastry yang semuanya enak. Displaynya tertata apik dan bersih. Pilihan fresh juicenya juga bervariasi. Bertemu chef Afif yang sangat ramah. Kami diajak kitchen tour dan Masya Allah super bersih dan terorganisir sekali kitchennya… Sampai bertemu kembali chef Afif. Keep up the excellent servicesSorotan hotelMewah, Harga terbaik",hotel sesuai tentrem divisi check kamar luas nyaman mandi super bersih lega premier deluxenya twin bednya makan minumansemua gagal pecel goreng aneka lokal angkat bakery pastry enak displaynya tata apik pilih fresh juicenya variasi temu chef afif ramah ajak kitchen tour masyaallah organisir kitchennya keep excellent services mewah harga,positif
ChdDSUhNMG9nS0VJQ0FnSUQtakpicjhBRRAB,5,"Salah satu hotel bintang 5 di jogjakarta yg lokasinya di area utara malioboro , jl. Pangeran mangkubumi, sekitar 1,5 - 2 km dari malioboro. Hotel nya cukup mewah dan dari foto2 historical banyak orang terkenal dunia seperti artis, Raja Malaysia, dll menginap di hotel ini.
Dan dsni banyak kegiatan2 rapat maupun FGD yang dilakukan pada saat saya juga ada kegiatan FGD di lokasi ini.
Saat memasuki area lobi Hotel Tentrem, para tamu bakal merasakan atmosfer hotel internasional yang megah dengan detail arsitektur Jawa-Kolonial. Para pegawai yang hilir-mudik mengenakan seragam batik tulis khas jawa. Mereka menyapa ramah para tamu dengan bahasa Jawa krama inggil: sugeng enjing (selamat pagi) atau sugeng dalu (selamat malam). Salam seperti itu justru membuat senang tamu yang memang asal jawa juga seperti saya sebagai salah satu bukti untuk melestarikan budaya lokal serta para tamu yang berasal dari luar jawa maupun tamu dari mancanegara yang bisa mengedukasi maupun memberikan gambaran merea terhadap budaya  Jawa. Selain itu pas saya mau sholat jumat di area hotel, saya melewati sebuah ballroom yang megah dan besar yang saya pikir bisa menampung lebih dari 1000 orang. dan setelah saya searching saya baru tahu pemilik hotel tentrem ini adalah pak irwan hidayat yang juga pemilik perusahaan jamu sido muncul.
Kalau ke jogja dan ada kesempatan bisa mencoba untuk menginap di hotel iniSorotan hotelMewah",salah hotel bintang jogjakarta lokasi area utara malioboro pangeran mangkubumi mewah foto historical orang kenal dunia artis raja malaysia inap dsni giat rapat laku pasuk lobi tentrem tamu atmosfer internasional megah detail arsitektur jawa kolonial pegawai hilir mudik kena seragam batik tulis khas sapa ramah bahasa krama inggil sugeng enjing selamat pagi dalu malam salam senang bukti lestari budaya lokal mancanegara edukasi gambar merea hadap sholat jumat buah ballroom pikir tampung searching milik irwan hidayat usaha jamu sido muncul jogja coba,positif
ChZDSUhNMG9nS0VJQ0FnSUNqZ3FmeEhREAE,5,"Tak ada keraguan untuk memberi rating bintang 5 untuk hotel ini. Sangat recommended dari berbagai hal. Fasilitas juga sangat lengkap, playgroundnya juga cukup luas.Jenis perjalananBisnisGrup perjalananKeluargaKamar: 5Layanan: 5Lokasi: 5KamarRuangan luasMakanan & minumanBeberapa makanan termasuk ‘branded’, menunya bervariasi, pelayanan memuaskan 👌🏼Sorotan hotelCocok untuk anak-anak, Harga terbaik",ragu rating bintang hotel recommended fasilitas lengkap playgroundnya luas kamar ruang makan masuk branded menu variasi layan puas cocok harga,positif
ChdDSUhNMG9nS0VJQ0FnSURQOE15Sy13RRAB,5,"Makanannya enak, set up nya rapi, pelayanan baik, staf bangquetnya cekatan mba Mia, mas Dian terima kasihKamar: 5Layanan: 5Lokasi: 5",makan enak rapi layan staf bangquetnya cekat dian terimakasih,positif
ChdDSUhNMG9nS0VJQ0FnSURCMGZENjRnRRAB,5,"Service nya juarak! Rame terus, pool guard nya keren, selalu mengingatkan pengunjung utk taat SOP kolam. Resto nya enak2 makanannya. Kamar bersih rapih jali, resepsionis nya helfull, konci kamar cuma 1 pas turun lift lupa bawa kunci sigap bantu dg verifikasi ke pemilik kamar. Sama playground nya geudeee bgt, dibanding playground yg ada di hotel2 lainnya, ada kolam bola dan trampolinnya. Juarak sik inih.Jenis perjalananLiburanGrup perjalananKeluargaKamar: 5Layanan: 5Lokasi: 5Sorotan hotelMewah, Cocok untuk anak-anak, Harga terbaik",service juarak rame banget guard keren unjung taat kolam resto enak makan kamar bersih rapih jali resepsionis helfull konci turun lift lupa bawa kunci sigap bantu verifikasi milik playground geude banding hotel bola trampolin inih mewah cocok harga,positif
Ci9DQUlRQUNvZENodHljRjlvT21WMmIwbzRNMWRwWm1SRk5YRXpaMDlOVkhsdmJHYxAB,5,Breakfast mantul cukup lengkapJenis perjalananLiburanGrup perjalananKeluargaKamar: 5Layanan: 5Lokasi: 5Sorotan hotelMewah,breakfast mantul lengkap mewah,positif
ChdDSUhNMG9nS0VJQ0FnSURHX2RudHh3RRAB,3,"Pengalaman yg tidak menyenangkan di Tentrem Yogya kali ini (Feb 2023)
Saat ini saya member gold tentrem dengan nomor 00212442.  Saya sering menginap di hotel milik Tentrem baik di Tentrem Yogyakarta, Tentrem Semarang dan Chanti Hotel Semarang.  Saya terkesan dengan fasilitas, pelayanan, keramahan dan kualitas ranjang/kasurnya.  Ketika saya chek in di Hotel Tentrem Yogyakarta pada hari Jumat 3 Februari - Sabtu 4 Februari, saya dilayani dengan baik, ramah dan cepat oleh Bpk Badawi di bagian resepsionis.  Kamar okay, bagus dan nyaman.
Cuma kedatangan saya kali ini di Tentrem Yogyakarta mengalami kejadian yg tidak menyenangkan/menyebalkan sekali:
1) Saya mendapatkan voucher spa dengan menukar point Tentrem Reward saya.  Kepada staf/pihak Tentrem Reward saya bertanya dengan jelas dan detail mengenail syarat dan ketentuan yg berlaku unt voucher tsb.  Semua sudah dijelaskan dan clear.
Saya mendapat voucher tsb ketika chek in di Tentrem Yogya.  Lalu saya mendaftar unt paket spa dan saya menanyakan syarat dan ketentuan yg berlaku dengan voucher spa yg saya miliki dan benefit member Tentrem saya, pihak resepsionis spa berkata okay, bisa, ngga ada masalah.  Namun, setelah beberapa waktu saya di-WA kalau voucher spa yg saya miliki tidak bisa digunakan bersamaan dgn diskon member Tentrem, padahal sebelumnya pihak Tentrem Reward dan resepsionis spa berkata okay bisa.  Kemudian terkesan mereka tidak percaya dengan keterangan yg saya berikan bahwa saya mendapat keterangan lengkap dan jelas sebelumnya dari pihak Tentrem Reward.  Orang yg menghubungi saya bertanya berkali-kali mengenai hal ini: saya dapat informasi dari mana, bener tidak itu dari pihak Tentrem Reward, dll.  Saya screenshot saja percakapan WA saya dgn pihak Tentrem Reward.  Pihak Spa mengatakan akan cross chek dan menanyakan ke direksi.  Lalu saya di WA lagi, katanya dari pihak direksi memutuskan ngga bisa.  Saya WA pihak Tentrem Reward berkenaan dng kejadian yg saya alami yg tidak menyenangkan ini yg membuat saya berpikir ulang unt melanjutkan member dan pengalaman menginap saya selanjutnya di jaringan Tentrem Hotel.  Saya berpikir cukup kali ini menginap terakhir di Tentrem.  Tetapi, bersyukur beberapa saat kemudian, saya dihubungi kalau mereka minta maaf dan ngga ada masalah unt penggunaan voucher spa saya.  Akhirnya saya tetap melanjutkan pemesanan spa saya sekalipun dengan hati yg dongkol.
2. Pada malam hari terlalu banyak asap dan bau rokok di semua area lobby.  Kalau saya lihat hal ini dari orang-orang yg merokok di eboni bar.  Bau dan asap rokok ini amat sangat mengganggu sekali, terutama bagi keluarga yg membawa anak kecil.  Kami sampai batuk-batuk selama melintas di lobby karena asap dan bau rokok tersebut.  Alangkah baiknya dibuat sistem atau ventilasi atau cara mengatasi asap dan bau rokok yg mengganggu di lobby hotel.  Jangan sampai bau dan asap rokok dari ebony bar mencemari lobby dan ruangan-ruangan yg lain.

Kolam renang, jacucci, kids playgroup okay dan bagus. Breakfast okay.  Welcome drink bisa diganti dengan gelato di bar adalah sesuatu yg menarik.",alam senang tentrem yogya kali februari member gold nomor inap hotel milik yogyakarta semarang chanti fasilitas layan ramah kualitas ranjang kasur chek jumat sabtu cepat badawi resepsionis kamar bagus nyaman alami sebal voucher tukar point reward staf detail mengenail syarat laku clear daftar paket benefit ngga diskon percaya terang ikan lengkap orang hubung kena informasi bener screenshot cakap cross direksi putus pikir ulang jaring syukur maaf mesan hati dongkol malam asap rokok area lobby lihat eboni ganggu utama keluarga bawa batuk lintas alangkah sistem ventilasi ebony cari ruang kolam renang jacucci kids playgroup breakfast minum ganti gelato tarik,netral
ChdDSUhNMG9nS0VJQ0FnSURNX0xyd2l3RRAB,2,"Hello,
pertama kali menginap di hotel tentrem, saya amazed, menginap dr tgl 20-22 December 2019. Tp saat sudah di kamar yg saya rasa adalah....
1. Kamar sebelah menyalakan TV ke dengaran hingga di Kamar saya.
2. Kamae sebelah menggeser meja tiap malam dan tiap pagi hari seperti hanya di dorong sehingga suara terdengar keras membuat saya sekeluarga terbangun ga bs istirahat.

Saya di 508 dan yg berisik di Kamar room 507 sepertinya.
Saya merasa each room tidak ada kedap suara yg bagus.

3. Kolam renang, air sangat kotor menurut saya. Warna tidak jernih dan cenderung hijau. Saat saya berenang, saya tidak dpt melihat jelas di bawah, keruh dan banyak endapan. Saya heran karena biaya menginap dihotel tidak sesuai dengan  didapat.
4. Kamar mandi, saat dipakai sering mbleber atau bocor airnya hingga area wastafel seperti menggenang, saaya bawa anak sehingga slippery menjadi korban.
5. Bantal di kasur, ada yang kempes jadi tidak semua posisi bisa digunakan tidur, ada yg masi bagus untuk digunakan tidur.

Pros :
1. Good services, orang staff bagus, cepat dan tanggap.
2. Kamar bersih, dan bagus tata ruang nya.
3. Lift nya kurang banyak, tp 3 saya kurang karena sering menunggu hingga 7 - 8menit saat jam breakfast dan check out..
4. Kamar nyaman, hanya tidak baik kualitas Bantal / pillow, ada yang bagus ada yang sudah kempes sehingga untuk kepala tidak nyaman sama sekali.

Semoga tulisan review ini dpt membantu para Travellers expectation dr guest jgn berlebihan.

Thank u.Jenis perjalananLiburanKamar: 5Layanan: 5Lokasi: 4",hello kali inap hotel tentrem amazed december kamar belah nyala dengar kamae geser meja malam pagi dorong suara keras keluarga bangun istirahat berisik room each kedap bagus kolam renang kotor warna jernih cenderung hijau lihat keruh endap heran biaya sesuai mandi pakai mbleber bocor area wastafel genang saaya bawa slippery korban bantal kasur kempes posisi tidur pros good services orang staff cepat tanggap bersih tata ruang lift tunggu menit breakfast check nyaman kualitas pillow kepala moga tulis review bantu travellers expectation guest thank,negatif
ChdDSUhNMG9nS0VJQ0FnSUNKNGV5UzV3RRAB,5,"Kamar guede, ranjangnya empuk, lokasi juga stretegis sekali. Pelayanan sangat ramah. Sarapan mereka juga enak dan banyak pilihan (wajib coba roti kukus dan es krim tolak angin). Okupansi hotel biasanya cukup tinggi jadi kurang cocok untuk kaum introvert yang ingin healing dan menyendiri.Kamar: 5Layanan: 5Lokasi: 5",kamar guede ranjang empuk lokasi stretegis layan ramah sarapan enak pilih wajib coba roti kukus krim tolak angin okupansi hotel cocok kaum introvert healing,positif
ChdDSUhNMG9nS0VJQ0FnSURZMUlQUWlBRRAB,5,"Semua staff hotelnya ramah, kamar dan semua sudut hotel bersih. Ac dingin, air panas oke banget, sayangnya untuk hotel berbintang 5 tidak ada bath tub. Hanya ada hand shower dan head shower.
Breakfastnya enak, dan pilihan menunya banyak.
Kolam renangnya oke, airnya bersih.
Balkon kamar sebaiknya ditambahkan kursi dan meja untuk duduk2 santai.
Lobby hotel dipenuhi dengan bau sereh dan mungkin ada campuran jahenya. Sejujurnya itu agak mengganggu karena tidak semua orang suka wangi sereh ataupun jahe yg sangat menyengat.
Untuk bed tiap kamar, twin bednya cukup besar dan satu bed bisa dipakai oleh 2 orang
Dan king size bed ukurannya hanya 1/3 lbh besar dari satu bed dari twin bed dan bs digunakan untuk 2 orang tp kalo mau rame2 ya bisa sampai 3 orang dewasa. Tp lebih enak pesan kamar dengan twin bed.
Saran bagi yg ingin makan apapun dan membutuhkan sendok terutama jika ingin sambil duduk santai di pinggir kolam renang, sebaiknya membawa sendok sendiri karena tidak diperbolehkan meminjam sendok dan jika memang mau meminjam harus membeli makanan yg akan dikenai charge nantinya.",staff hotel ramah kamar sudut bersih dingin panas banget sayang bintang bath hand shower head breakfastnya enak pilih menu kolam renang balkon kursi meja duduk santai lobby penuh sereh campur jahe jujur ganggu orang suka wangi sengat twin bednya pakai king size ukur kalo rame dewasa pesan saran makan butuh sendok utama pinggir bawa pinjam beli kena charge,positif
ChZDSUhNMG9nS0VJQ0FnSURqOW9uZE9BEAE,3,"Masalah parkir di basmen ballroom, semenjak tentrem berdiri hingga sekarang baru kali ini driver di tegur,ngak boleh menghidupkan mesin di basmen padahal cuma untuk ngecas hp,sebagai ujung tombak para tamu kami sangat keberatan dengan adanya peraturan baru, semoga manajemen hotel dapat mempertimbangkanya, salam satu AspalJenis perjalananBisnisGrup perjalananKeluargaAktivitas di sekitarSatpam kurang bersahabatSorotan hotelTenang",parkir basmen ballroom semenjak tentrem kali driver tegur ngak hidup mesin ngecas ujung tombak tamu berat atur moga manajemen hotel mempertimbangkanya salam aspal satpam sahabat tenang,netral
ChdDSUhNMG9nS0VJQ0FnSUNldzRXVXpnRRAB,5,"Sebuah hotel yg akan memanjakan tamunya, tempat parkir indoor yg luas dan bisa langsung akses ke Lobby sangat memudahkan. Musholla yg luas dan bersih sangat nyaman. Lokasi juga di dalam kota sehingga bagi tamu yg akan jalan ke kota Jogja sangat dekat. Security juga very helpful. Overall recommend dah...
For short trip dg mobil clasic bisa tanya ke resepsionisLokasi: 5",buah hotel manja tamu parkir indoor luas langsung akses lobby mudah musholla bersih nyaman lokasi kota jalan jogja security very helpful overall recommend short trip mobil clasic resepsionis,positif
ChdDSUhNMG9nS0VJQ0FnSURmdjUyZXJBRRAB,5,"Kamar nyaman, swimming pool cukup luas, breakfast enak, lobby dan sekitar wangi serehJenis perjalananLiburanGrup perjalananKeluargaKamar: 5Layanan: 5Lokasi: 5KamarNyamanMakanan & minumanBreakfast enakSorotan hotelMewah, Tenang",kamar nyaman swimming banget luas breakfast enak lobby wangi sereh mewah tenang,positif
ChdDSUhNMG9nS0VJQ0FnSURleHZtR3RBRRAB,5,"Bagus dari pelayanan maupun bangunan. Room uda nyobain beberapa kali, ga ada deffect jadi ga pernah komplain. Fasilitas sesuai harganya. Mobil bisa divalet-kan. Sarapan juga komplit dan fresh, kopi enak. Bar-nya juga nyaman.Jenis perjalananBisnisGrup perjalananTunggalKamar: 5Layanan: 5Lokasi: 5Sorotan hotelMewah",bagus layan bangun room nyobain kali deffect komplain fasilitas sesuai harga mobil divalet sarapan lengkap fresh kopi enak nyaman mewah,positif
ChZDSUhNMG9nS0VJQ0FnSURPdHRieUJ3EAE,5,"Yes, its a real 5 star hotel.
Staff hotel sangat ramah dan membantu.
Makanan enak dan sangat bervariasi.
Lapangan parkir luas.
Ada sewa sepeda, 50rb utk dipakai seharian.
Ada tempat bermain anak, sangat nyaman, free, jangan lupa bawa kaus kaki.
Kolam renangnya nyaman dan bersih.
Didepan hotel juga banyak jajanan yg cukup enak, minimarket dan tempat ngopi juga ada..Jenis perjalananLiburanGrup perjalananKeluargaKamar: 5Layanan: 5Lokasi: 5",real star hotel staff ramah bantu makan enak variasi lapang parkir luas sewa sepeda pakai main nyaman free lupa bawa kaus kaki kolam renang bersih jajan minimarket ngopi,positif
Ci9DQUlRQUNvZENodHljRjlvT2pWTlJFOXZPRE5sYkdsVlVXaGpiV1pvWXpSRGRsRRAB,4,"Enak.tempat besar,nyamanJenis perjalananBisnisGrup perjalananTemanLayanan: 4Lokasi: 4Sorotan hotelPemandangan yang indah",enak nyaman pandang indah,positif
ChZDSUhNMG9nS0VNV0gyS1AybmZIZWFREAE,4,"Kamar bersih, luas, view bagus,  staf sangat membantu, proses check in lancar",kamar bersih luas view bagus staf bantu proses check lancar,positif
ChZDSUhNMG9nS0VJQ0FnSUNxXy1YQUVnEAE,5,"Hotel bintang lima dengan kualitas yang bagus poll, sarapan bervariatif dan enak enaak, services pelayannya juga bagus dan ramah, tersedia bar coffee yang lengkap aneka coffee nusantaranya, kamarnya nyaman sekali dengan segala fasilitas yang ada di dalamnya, kasur empuk dan selimut hangat, ruangan kamar besar, dan harum seluruh bangunan wangi banget! Tersedia live music juga malam minggu hingga jam 11 malam, kolam renangnya indah dan luas serta suasananya yang mirip eropa bgt, balkon nya juga nyaman banget, lobby sangat megah, dan parkiran yang tidak rumit. Mantap sekali pokoknya pengen kesana lagi ❤",hotel bintang kualitas bagus poll sarapan variatif enak enaak services layan ramah sedia coffee lengkap aneka nusantara kamar nyaman fasilitas kasur empuk selimut hangat ruang harum bangun wangi banget live music malam minggu kolam renang indah luas suasana eropa balkon lobby megah parkir rumit mantap pokok kesana,positif
ChZDSUhNMG9nS0VJQ0FnSURaOGNtcElBEAE,5,"Hotelnya ok, tp utk cari mkn d luar hotel hrs jln agak jauh, sebaiknya bw kendaraan
Setiap pk 10.00 wib smua aktifitas d hentikan, smua pengunjung restaurant hrs berdiri menyanyikan lagu Indonesia raya. Kereen.. (Berkali2 sy k Yogyakarta, baru kali ini sy tahu 😇)
Menunya breakfast banyak sekali pilihannya, gudeg tersedia 3 merk yg sdh d akui banyak org, ada gudeg yuk jum, sm 2 lg sy lupa. Soto ada 2 penyedia jg. Di situ d jelaskan jg oleh pegawainya,  ciri2 menu tsb. Qt tinggal pilih, selera qt mau 👍Jenis perjalananBisnisGrup perjalananTemanKamar: 5Layanan: 5Lokasi: 4Sorotan hotelMewah, Tenang",hotel cari kendara aktifitas henti unjung restaurant nyanyi lagu indonesia raya kereen kali yogyakarta menu breakfast pilih gudeg sedia merk lupa soto situ pegawai ciri tinggal selera mewah tenang,positif
ChZDSUhNMG9nS0VJQ0FnSUNGbnZUTkxREAE,3,"Saya baru tau ada hotel bintang 5 tapi pelit bngt. Minta handuk mandi tambahan aja mpe dijatah, semuanya serba dijatah. Sendal plastik aja byar 60ribu 🫠. Saya uda cobain hotel bintang 5 dari berbagai daerah dan berbagai negara, semuanya free. Baru kali ini doank ketemu yang dijatahin ama berbayar 😂😂.
Hotel bintang 5 tapi PELIT 😂😂
Alesannya berbeda dari yang lain kenapa sich ??Jenis perjalananLiburanGrup perjalananKeluargaKamar: 5Layanan: 3Lokasi: 5",hotel bintang pelit bngt handuk mandi jatah serba sendal plastik byar ribu cobain daerah negara free kali doank ketemu dijatahin bayar alesannya beda sich,netral
ChZDSUhNMG9nS0VLaTNzZlM2bXAzdUNBEAE,5,"Hotel bersih, pelayanan ok",hotel bersih layan,positif
ChdDSUhNMG9nS0VJQ0FnSUNGb01hN3lnRRAB,5,"Hotel paling the best deh, yang pasti ini hotel sehat. Gelato nya aja ada rasa tolak angin, STMJ, beras kencur. Minuman pagi nya ada alang2, enak, bagus buat Anas dalam. Jamu komplit disini saat breakfast 😁Jenis perjalananLiburanGrup perjalananKeluargaKamar: 5Layanan: 5Lokasi: 5Sorotan hotelMewah",hotel sehat gelato tolak angin stmj beras kencur minum pagi alang enak bagus anas jamu lengkap breakfast mewah,positif
ChdDSUhNMG9nS0VJQ0FnSUNla3EySGdBRRAB,5,"Hotel terbaik di jogja, tidak ber lokasi di tengah macet malioboro, kamar nya sangat luas, meski 2 kasung king size bisa muat 4 orang, sayang yg dapat breakfast hanya 2, tapi tetap sangat worth meskipun nambah 2 person breakfast menu sangat beragam sekali. Dari javanese food, sampai japanese cuisine dari segi rasa pun cukup memuaskan.Kamar: 5Layanan: 5Lokasi: 5",hotel jogja lokasi macet malioboro kamar luas kasung king size muat orang sayang breakfast worth nambah person menu ragam javanese food japanese cuisine segi puas,positif
ChZDSUhNMG9nS0VJQ0FnSUNWbXY3MFdnEAE,1,BANG SATpam nya lain kali harus diberi pelatihan ulang tentang hospitality kepada tamu/klien non-menginap. Masa rekan saya disuruh mangkir di pinggiran gedung hotel tanpa diberi pelayanan lebih lanjut (ALIAS DIDIEMIN). Ga disuruh parkir ga disuruh masuk lobby. Padahal udah bilang ada urusan sama orang yang ada di dalam hotel. Mentang² rekan saya naik Honda Beat? Besok saya antar dia pake Supra (tapi keluarannya Toyota) baru tau kami siapa. SAT,bang satpam kali latih ulang hospitality tamu klien inap rekan suruh mangkir pinggir gedung hotel layan alias didiemin parkir masuk lobby udah bilang urus orang mentang honda beat besok pake supra toyota,negatif
ChZDSUhNMG9nS0VJQ0FnSUNaeVpYWkdBEAE,5,"Staf sangat baik dan ramah, membuat saya  nyaman. para staf bisa berbicara dan mengerti bahasa Inggris jadi untuk semua turis internasional tidak perlu khawatir. Kamarnya sangat luas dan memiliki sofa yang bisa berfungsi sebagai tempat tidur lain.  Jadi total bisa muat 4 tempat tidur (Termasuk sofa dan sofa).  Bahkan setelah semua ekstra Anda MASIH memiliki begitu banyak ruang untuk bergerak.Jenis perjalananLiburanGrup perjalananPasanganKamar: 5Layanan: 5Lokasi: 5Sorotan hotelPemandangan yang indah, Romantis, Cocok untuk anak-anak",staf ramah nyaman bicara erti bahasa inggris turis internasional khawatir kamar luas milik sofa fungsi tidur total muat masuk ekstra ruang gerak pandang indah romantis cocok,positif
ChZDSUhNMG9nS0VJQ0FnSURwc2RlTFZ3EAE,4,"Lumayan masih menghargai driver dengan menyediakan tempat untuk stay
Ada kamar mandinya.
Tapi sayang ngak di sediakan tempat ngecas batrei hp.. yang sangat penting buat driver yang menunggu untuk di hubungi.Lokasi: 4",lumayan harga driver sedia stay kamar mandi sayang ngak ngecas batrei tunggu hubung,positif
ChZDSUhNMG9nS0VQbmsyUDM0bHJ6Y09nEAE,4,"Kamar bersih dan luas, staf sangat membantu,  next akan kembali lagi",kamar bersih luas staf bantu next,positif
ChZDSUhNMG9nS0VQZTQ2OG5HZ0kzUlBREAE,5,Lobby hotel wangi sereh dengan musik tradisional jawa yg mengalun samar samar.. Kamar yang bersih dgn tempat tidur yang super nyamanLokasi strategisMakan pagi yang lengkap dan enak,lobby hotel wangi sereh musik tradisional jawa alun samar kamar bersih tidur super nyaman lokasi strategis makan pagi lengkap enak,positif
ChdDSUhNMG9nS0VJQ0FnSUNSdzVpaDNnRRAB,1,"Saya sebenarnya ingin memberikan 4 Bintang, just 4*

Saya harap MANAGER /HR Tentrem membaca ini:

Pelayanan& Accomodation top. Best in Jojga
Lokasi tidak ada yang mengalahkan Tentrem.
Bed dan Linen best i’ve ever seen.

BUT.

Saya dan istri pindah2 dari Mariott & Tentrem, we want to experience what Best Hotel in Jogja has to offer.

The food was terrible if compared to mariott. Mostly the main displah food:
BAD NASI GORENG
BAD MEE GORENG",bintang just harap manager tentrem baca layan accomodation bagus jojga lokasi kalah linen ever seen istri pindah mariott want experience what hotel jogja offer food terrible compared mostly main displah nasi goreng,negatif
ChdDSUhNMG9nS0VJQ0FnSURwdVpUMjFnRRAB,5,"Hotel Tentrem Yogyakarta, salah satu hotel terbaik di kota yogyakarta yang dekat dengan pusat kota dan tempat berbelanja. Didukung dengan tempat spa lengkap, kolam renang serta kamar super keren akan membuat liburan Anda semakin menyenangkan.""Jenis perjalananLiburanGrup perjalananKeluargaKamar: 5Layanan: 5Lokasi: 5Sorotan hotelMewah, Pemandangan yang indah, Tenang, Harga terbaik",hotel tentrem yogyakarta salah kota pusat belanja dukung lengkap kolam renang kamar super keren libur senang mewah pandang indah tenang harga,positif
ChZDSUhNMG9nS0VJQ0FnSUNaa2FDR0dBEAE,5,"sangat berkesan dengan adanya lagu kebangsaan indonesia saat sarapan pagi
hampir semua fasilitas dan makanan di hotel di branding dengan produk sidomuncul

saya rasa hotel ini tidak menjual view jogjaKamar: 5Layanan: 5Lokasi: 5",kesan lagu bangsa indonesia sarapan pagi fasilitas makan hotel branding produk sidomuncul jual view jogja,positif
ChZDSUhNMG9nS0VJQ0FnSUNHMHQtallnEAE,4,"Dapat Kamar di lantai 7,kamar paling pojok, view menghadap merapi 😍. Kamar luas, bersih dan bagusss.Bathtub dan shower dipisah. Suka banget sih dengan ini. Mini bar sudah free dan isinya lumayan lengkap.
.
Untuk child playground bagus banget sih. Serasa ngajak anak main ke playground mall berbayar. Hahaha.. Kalau mau anak anak ke sini jangan lupa membawa kaus kaki untuk anak dan pengantar. Karna masuk ke playground wajib pakai kaus kaki. Tapi bisa juga beli, seharga 20 ribu (mayan mahal ya)
.
Minus :
Sayangnya saat kami sarapan suasananya ramai sekali, seperti tidak ada pembatasan kapasitas restoran(sarapan dibagi 3 batch) dan kami di batch 2.  Cuma selain itu semuanya excellent 🙏🙏🙏🙏",kamar lantai pojok view hadap rapi luas bersih bagus bathtub shower pisah suka banget mini free lumayan lengkap child playground serasa ngajak main mall bayar lupa bawa kaus kaki karna masuk wajib pakai beli harga ribu mayan mahal minus sayang sarapan suasana ramai batas kapasitas restoran batch excellent,positif
ChdDSUhNMG9nS0VJQ0FnTURvaWZfaHFBRRAB,5,"pihak hotelnya sangat membantu, khususnya mbak ratih… terima kasih 🙏🏼Kamar: 5Layanan: 5Lokasi: 5",hotel bantu khusus ratih terimakasih,positif
ChZDSUhNMG9nS0VJQ0FnSUNaaHVUall3EAE,5,"Senang rasanya nginap di Hotel ini. Fasilitas pelayanannya bagus dan ramah. Tempat singgahan yang cocok untuk bisnis dan tersedia juga fasilitas sarana untuk event tertentu. Mau shopping dekat, mau santai ketaman kota juga dekat.... mantap 👍Kamar: 5Layanan: 5Lokasi: 5",senang nginap hotel fasilitas layan bagus ramah singgah cocok bisnis sedia sarana event shopping santai ketam kota mantap,positif
ChdDSUhNMG9nS0VJQ0FnSUQ1bXJqdHpRRRAB,5,"senang sekali menginap disini, staff ramah, kamar luas dan bersih, double bed besar, menu sarapan enak2 ada kuliner jogja seperti gudeg yu djum, soto kadipiro, jajanan pasar, dawet ireng, es krim tolak angin, kids playground keren, alat gym lengkap bersih, recommended 👍Jenis perjalananBisnisGrup perjalananKeluargaKamar: 5Layanan: 5Lokasi: 5Sorotan hotelMewah, Pemandangan yang indah, Cocok untuk anak-anak",senang inap staff ramah kamar luas bersih double menu sarapan enak kuliner jogja gudeg djum soto kadipiro jajan pasar dawet ireng krim tolak angin kids playground keren alat lengkap recommended mewah pandang indah cocok,positif
ChZDSUhNMG9nS0VJQ0FnSUN1bGFuUll3EAE,5,"Sangat istimewa. Stafnya ganteng dan ayu-ayu, rapih dan ramah. Parkiran OK BANGET. Makanan 100% luar biasa enak, banyak varian, puas banget. Kamar liar biasa wow. Pelayanan BINTANG 5, kolam renang luar biasa, bersih dan luas, kamar mandi umumnya bersih. Harga cukup premiumKamar: 5Layanan: 5Lokasi: 5",istimewa staf ganteng rapih ramah parkir banget makan enak varian puas kamar liar layan bintang kolam renang bersih luas mandi harga premium,positif
ChZDSUhNMG9nS0VJQ0FnSUNoaTlfY2Z3EAE,5,"Menurut gw ini hotel salah satu yg terbaik hotel bintang 5 di Jogja, kalau bintang 4 saya msh vote si Gaia Cosmo ya.
Dr proses check in dpt free gelato, gak ribet juga, lalu masuk ke kamar dg twin bed yg hampir sebesar queen bed each, wawwww keren jg design interior kamar nya mantaaap.
Gw sengaja gak bawa handuk dan sabun beserta teman2nya krn mau test kwalitas mereka, the result adalah memuaskan, lengkap dan handuk putih bersih.
Foods nya jg ajibb!
Kudu balik lg kl punya budget sedikit di atas 1jt/malam.Jenis perjalananBisnisKamar: 5Layanan: 5Lokasi: 5Sorotan hotelMewah, Tenang, Harga terbaik, Berteknologi tinggi",hotel salah bintang jogja vote gaia cosmo proses check free gelato ribet masuk kamar twin queen each keren design interior mantap sengaja bawa handuk sabun teman test kwalitas result puas lengkap putih bersih foods ajibb kudu budget malam mewah tenang harga teknologi,positif
ChZDSUhNMG9nS0VJQ0FnSUNQX2JtZFBnEAE,5,"Super bersih, wangi, makanan sarapannya juga beragam. Bahkan ada es krim tolak angin. Thank you 😍Jenis perjalananBisnisKamar: 5Layanan: 5Lokasi: 5KamarSo comfyMakanan & minumanSonDeliciousSorotan hotelMewah",super bersih wangi makan sarapan ragam krim tolak angin thank kamar comfy delicious mewah,positif
ChZDSUhNMG9nS0VJQ0FnSUNyelp1NGN3EAE,5,Breakfastnya enak. Lokasi nya dekat dgn stasiun. Byk tmpt beli oleh2 sekitar hotel. Fasilitas hotel jg lengkap.Kamar: 5Layanan: 5Lokasi: 5,breakfastnya enak lokasi stasiun tmpt beli hotel fasilitas lengkap,positif
ChZDSUhNMG9nS0VJQ0FnSUQ4cWZqYVhnEAE,5,"saya menginap disini selama satu malam. memang ini hotel yang kata orang adalah hotel termewah di jogja. saya penasaran ingin mencoba. pertama kali saya kesana, kesan pertama saat saya datang wowww, memang benar mewah, namun untuk luas hotel ini tidak terlalu luas seperti sheraton, hyat.dll. interiornya pun sangatlah berkelas. staffnya pun sangatlah ramah. pertama kali saya kesana, kamar saya di upgrade menjadi executive. untuk interior kamar pun sangatlah luas sekali, dan untuk aminity kit yang ada di dalam toilet pun cukup komplit. kecanggihan pun juga ditawarkan di dalam kamar, kita pun dapat browsing internet dengan menggunakan tv yang ada di kamar kita. variasi menu di dalam sarapan pun sangatlah beragam. yang unik yaitu terdapat es krim rasa tolak angin, rasanya pun sangatlah lezat. namun untuk luas kolam renang tidaklah terlalu luas. but overall is good!Kamar: 5Layanan: 5Lokasi: 4",inap malam hotel orang mewah jogja penasaran coba kali kesana kesan luas sheraton hyat interior kelas staff ramah kamar upgrade executive aminity toilet lengkap canggih tawar browsing internet variasi menu sarapan ragam unik krim tolak angin lezat kolam renang overall good,positif
ChZDSUhNMG9nS0VJQ0FnSUNsLVBQQkN3EAE,5,"Hotel Tentrem Yogyakarta memberikan impresi skala kolosal yang masif. Kelegaan dan kemewahan yang ditawarkan menjadi keunggulan yang tak terbantahkan.

Tentunya kesan di atas perlu didukung dengan pelayanan yang memuaskan pula. Sayangnya hal ini perlu ditingkatkan kembali.

Bagi yang berkunjung ke Yogyakarta, tempat wajib menjadi pilihan destinasi, namun tentunya perlu memberikan penekanan dari kualitas pelayanan yang akan diharapkan.

Salam Lanskap,
Devoting ProfessionalJenis perjalananBisnisGrup perjalananTemanKamar: 5Layanan: 3Lokasi: 5Sorotan hotelMewah, Tenang, Harga terbaik, Berteknologi tinggi",hotel tentrem yogyakarta impresi skala kolosal masif lega mewah tawar unggul bantah kesan dukung layan puas sayang tingkat kunjung wajib pilih destinasi tekan kualitas harap salam lanskap devoting professional tenang harga teknologi,positif
ChdDSUhNMG9nS0VJQ0FnSUMtOU5uNC13RRAB,5,"Kamar luas dengan lantai marmer, kualitas perabotan/ furnished Kamar sesuai bintangnya, sedikit masukan mungkin botol mineral water nya saja yang perlu dipilih yang terbuat dari kaca. Yang saya suka dari hotel ini fasilitas restaurant, pilihan menu makan pagi nya sangat variatif, ada playground dan anak bisa main mandiri ditemani staf yang bertugas lalu ada gym dengan peralatan weight lifting yang cukup lengkap, treadmil yang cukup banyak dengan loker yang canggih tersedia ruang bilas dan ganti yang nyaman.  Kolam renang yg ikonik cantik di tengah bangunan, staf ramah memperhatikan kenyamanan dan menjawab pertanyaan, lifeguard yang standby di sekitar kolam renang.
Lokasi dekat dengan kampus ugm, tempat makan, pusat belanja, gelato yang terkenalJenis perjalananLiburanGrup perjalananKeluargaKamar: 5Layanan: 5Lokasi: 5Sorotan hotelMewah",kamar luas lantai marmer kualitas perabot furnished sesuai bintang masuk botol mineral water pilih kaca suka hotel fasilitas restaurant menu makan pagi variatif playground main mandiri tani staf tugas alat weight lifting lengkap treadmil loker canggih sedia ruang bilas ganti nyaman kolam renang ikonik cantik bangun ramah perhati lifeguard standby lokasi kampus pusat belanja gelato kenal mewah,positif
ChdDSUhNMG9nS0VJQ0FnSUNaeWNmUnJBRRAB,5,"nyaman banget tidur di hotel ini, aplagi dg pelayanan yng baik dan pemandangan yang menenang kan hati. jangn ragunya untuk menjadikan malam2 teman2 indah di hotel tentrem yogyakarta ini",nyaman banget tidur hotel aplagi layan pandang tenang hati jangn ragu malam teman indah tentrem yogyakarta,positif
ChZDSUhNMG9nS0VJQ0FnSURoOUp1ZVB3EAE,5,"Best hotel di Jogja. Fasilitas sangat lengkap, bahkan lifeguardnya ada banyak waktu saya kesana.
Breakfastnya juga banyak dan enak2, bisa freeflow ice coffee, cappuccino, latte dll. 😂
Pasti bakal balik lagi kesini kalau liburan ke Jogja!",hotel jogja fasilitas lengkap lifeguardnya kesana breakfastnya enak freeflow coffee cappuccino latte kesini libur,positif
ChZDSUhNMG9nS0VJQ0FnSUNaN3RmZEpBEAE,5,"Nyaman tenang damai adem ayem banget menginap disini.. 😍
Semua staff nya ramah dan hangat.
Utk breakfast nya enak enak ada menu soto kadipiro, gudeg yu djum, dll 🤩Jenis perjalananLiburanGrup perjalananTemanKamar: 5Layanan: 5Lokasi: 5KamarKamar luas, nyaman dan luxury.
Bed nya besar, kamar mandi luas dan bersih skali.Sorotan hotelMewah, Pemandangan yang indah, Romantis, Tenang, Cocok untuk anak-anak, Harga terbaik",nyaman tenang damai adem ayem banget inap staff ramah hangat breakfast enak menu soto kadipiro gudeg djum kamar luas luxury mandi bersih skali mewah pandang indah romantis cocok harga,positif
ChdDSUhNMG9nS0VJQ0FnSUQzM2MyZDBnRRAB,5,"Pengalaman yang berharga berkesempatan menginap di salah satu hotel terbaik di Yogyakarta. Benar-benar hotel yang bikin tentrem dan betah.Jenis perjalananBisnisGrup perjalananTemanKamar: 5Layanan: 5Lokasi: 5Sorotan hotelMewah, Pemandangan yang indah, Romantis, Tenang, Harga terbaik",alam harga inap salah hotel yogyakarta bikin tentrem betah mewah pandang indah romantis tenang,positif
ChZDSUhNMG9nS0VJQ0FnSUNkLWR5V0VBEAE,2,"Ralat saja untuk alamat yang benar...
Mohon maaf....

Jalan di Utara Tugu sampai batas kota adalah jalan AM SANGAJI sedangkan nama jalan P. Mangkubumi berada di Selatan tugu sampai rel kereta api...
Jadi hotel Tentrem ini alamat yang tepat berada di jalan AM SANGAJI dan bukan di jalan P. Mangkubumi.... 🙏
Karena di map masih tertulis jalan P. Mangkubumi...

Titik map sudah benar...",ralat alamat mohon maaf jalan utara tugu batas kota sangaji mangkubumi selatan kereta hotel tentrem tulis titik,negatif
Ci9DQUlRQUNvZENodHljRjlvT2xWSFNFTTVORzVpU2pFMmMxbDJOMEk1YlhSbVptYxAB,5,Jajan di bakerynya aja lol,jajan bakerynya,positif
ChdDSUhNMG9nS0VJQ0FnSUNxMWRiZHFnRRAB,5,"Hotel bintang 5 lokal yang super luxurious! Mulai dari design lobby sampe ke dalam kamar semua terlihat mewah. Kamarnya juga lega banget bisa maksimum 2 dewasa dan 2 anak. Breakfastnya juga enak dan lengkap. Mulai dari makanan indonesia, barat, jepang semua ada. Lalu hotel ini juga memberikan free mini bar, memberikan welcome drink. Untuk check in harus memberikan hasil tes antigen / surat pernyataan sehat.",hotel bintang lokal super luxurious design lobby sampe kamar lihat mewah lega banget maksimum dewasa breakfastnya enak lengkap makan indonesia barat jepang free mini minum check hasil antigen surat nyata sehat,positif
ChZDSUhNMG9nS0VJQ0FnSUNtbGE2TkpnEAE,4,"Pengalaman saya menginap di Hotel Tentrem adalah cukup puas. Hotelnya megah, mewah dan semua assistant berusaha memberika pelayanan yang terbaik. Dinding ruang kamar tidak kedap suara, jadi kedengeran sekali suara tetangga kamar.

Makanan saat breakfast  lumayan enak.

Cukup puas.",alam inap hotel tentrem puas megah mewah assistant usaha memberika layan dinding ruang kamar kedap suara kedengeran tetangga makan breakfast lumayan enak,positif
ChZDSUhNMG9nS0VJQ0FnSURlcHAtbWN3EAE,5,"Hotel ini terletak di tengah-tengah Kota Yogyakarta. Berada di jalan raya yang strategis, Jalan P. Mangkubumi, sehingga mudah diakses dari luar kota, stasiun kereta api, bandara maupun terminal bus antar kota. Tempat sangat nyaman dan rekomended untuk dicoba. Fasilitas yang cukup lengkap dan sangat memadai. Harga juga tidak terlalu mahal untuk ukuran hotel sejenis ini, karena tempatnya yang berada di pusat Kota Yogyakarta. Dari Malioboro juga tidak terlalu jauh  sehongha makin menambah daya tarik tersendiri bagi yang mau mencoba untuk menginap di hotel ini.Kamar: 5Layanan: 5Lokasi: 5",hotel letak kota yogyakarta jalan raya strategis mangkubumi mudah akses stasiun kereta bandara terminal nyaman rekomended coba fasilitas lengkap harga mahal ukur jenis pusat malioboro sehongha daya tarik inap,positif
ChZDSUhNMG9nS0VJQ0FnSUNsdFA2UElBEAE,1,"Hotel bintang 5 tapi service kurang baik, masa gak ada bs bantu minta obat paracetamol. Di hotel lain kalau pun gak bisa kasih, itu paling gak dibantu dibeli kan, ini malah sakit2 disuruh ke alfamart di sebrang. Hotel lain malah saya ditawari bantu beli obat, bahkan pernah diantar ke rumah sakit. Sorry, tentrem, gak care sama customer malah nyuruh jalan ke alfamart sebrang.Kamar: 3Layanan: 1Lokasi: 4",hotel bintang service bantu obat paracetamol beli sakit suruh alfamart sebrang tawar rumah sorry tentrem care customer nyuruh jalan,negatif
ChdDSUhNMG9nS0VJQ0FnSUQ1X3U3M3Z3RRAB,5,"Hotel dan kamar bagus tapi checkin lama trus dikasih kamar ngadep tembok..waktu komplen katanya mau dipindahkan tp kita sdh pd males. Trus wkt checkout antri lama padahal mlm kita sdh dikasih surat edaran klu lewat jam 12 kena charge 30%....kita sdh buru2 tp antri lama smp 20menit...
Tdk dibedakan mana yg mau checkin dan checkout ...udah klu checkin itu pd lama banget pelayanan nya...konter FO cuma buka 2 padahal ini jam sibuk.",hotel kamar bagus checkin trus kasih ngadep tembok komplen pindah males checkout antri malam surat edar kena charge buru menit beda udah banget layan konter buka sibuk,positif
ChZDSUhNMG9nS0VJQ0FnSUNZcFBhd0tREAE,5,"Satu kata hotel ini 99% Sempurna. Dari mulai masuk, cari parkir mudah, petugas ramah dan ramah sekali.  Kolam renang luas, ada fasilitas kids station atau playgrlind untuk anak anak. Dan aroma wangi sereh atau rempah, tercium khas sekali pas memasuki area lobby nya.

Makanan nya banyak variasi dan rasanya enak enak... Dari mulai lokal nusantara sampai western... Dari mulai aneka varian mie sampai nasi.. Ada es krim dengan berbagai rasa. Kopi nusantara dari bbrp daerah.

Fasilitas kamar juga bagus, nyaman dan bersih. Disediakan perlengkapan setrika, sandal hotel juga besa dengan sandal hotel lainnya.

Kesimpulan, sangat sangat memuaskan.",hotel sempurna masuk cari parkir mudah tugas ramah kolam renang luas fasilitas kids station playgrlind aroma wangi sereh rempah cium khas pasuk area lobby makan variasi enak lokal nusantara western aneka varian nasi krim kopi daerah kamar bagus nyaman bersih sedia lengkap setrika sandal besa simpul puas,positif
ChdDSUhNMG9nS0VJQ0FnSUN1ODZha2xBRRAB,5,"Hotel Tentrem adalah salah satu hotel terbaik di Jogja. Lokasi juga berada di tempat yang tidak jauh dari Malioboro, UGM, dan beberapa point of interest di area Jogja.
Kalau ingin liburan dan istirahat saja di dalam hotel, fasilitas juga tersedia dengan lengkap, termasuk playground untuk anak-anak.
Fasilitas meeting juga termasuk yang terbaik. Variasi menu untuk makan siang dan coffee break lengkap sekali, termasuk mesin kopi untuk cappuccino.Jenis perjalananBisnisKamar: 5Layanan: 4Lokasi: 4",hotel tentrem salah jogja lokasi malioboro point interest area libur istirahat fasilitas sedia lengkap masuk playground meeting variasi menu makan siang coffee break mesin kopi cappuccino,positif
ChdDSUhNMG9nS0VJQ0FnSUNYc1B1RXF3RRAB,5,Hotel yang memiliki ciri khas wangi daun sereh yang sangat luar biasa.. ingin kembali lagi ..Kamar: 5Layanan: 5Lokasi: 5,hotel milik ciri khas wangi daun sereh,positif
ChdDSUhNMG9nS0VJQ0FnSUQ2NXRuVmpnRRAB,5,"Hotel kelas atas di jogja masih seatap dgn sidomuncul group. Totally mengutamakan kenyamanan tamu. Good service. Karyawan ramah2. Serba high quality, high technologi sebanding dengan rate harganya. Breakfast lengkap dan enak, swimming pool luas dan nyaman, ada kids playground, parking ground luas, fasilitas room oke banget.. overall excellent..👍👍",hotel kelas jogja atap sidomuncul group totally utama nyaman tamu good service karyawan ramah serba high quality technologi banding rate harga breakfast lengkap enak swimming banget luas kids playground parking ground fasilitas room overall excellent,positif
ChdDSUhNMG9nS0VJQ0FnSURUc1pqaHR3RRAB,5,"Kamar bersih,wangi, rapih. Pelayanannya ramah, lokasi mudah terjangkau dekat ke arah tugu.ya walaupun terbilang mahal tp sesuailah sama yg didapat.(25/5/24)Jenis perjalananLiburanGrup perjalananKeluargaKamar: 5Layanan: 5Lokasi: 5KamarKamar nya luas untuk keluarga dengan 2 orang anakAktivitas di sekitarKolam renang, jajanan, cafeMakanan & minumanMenu variatif dan enakSorotan hotelMewah, Romantis, Cocok untuk anak-anak",kamar bersih wangi rapih layan ramah lokasi mudah jangkau arah tugu bilang mahal sesuai luas keluarga orang kolam renang jajan cafe menu variatif enak mewah romantis cocok,positif
ChdDSUhNMG9nS0VJQ0FnSUMxMkxITWlnRRAB,5,Liburan ke jogja dan staycation disini ga pernah salah sih .  Mulai dari FO hingga housekeeping nya ramah tamah banget . Nyesel baru tau hotel ini . Bakalan re-booking lg sih pastiKamar: 5Layanan: 5Lokasi: 5,libur jogja staycation salah housekeeping ramah tamah banget nyesel hotel booking,positif
ChZDSUhNMG9nS0VJQ0FnSUNzaXBUTEd3EAE,5,"Hotel yang super nyaman untuk stay bersama keluarga. Kamar bersih dan luas, fasilitas kamar lengkap, suasananya juga nyaman. Restonya menyediakan variasi sarapan yang banyak. Direkomendasikan mencicipi roti kukusnya, karena enak dan lembut. Ada kids corner juga untuk pilihan sarapan anak-anak.

Di dekat kolam renang terdapat playground yang cukup luas dan permainan yang akan membuat anak-anak betah",hotel super nyaman stay keluarga kamar bersih luas fasilitas lengkap suasana restonya sedia variasi sarapan rekomendasi cicip roti kukus enak lembut kids corner pilih kolam renang playground main betah,positif
ChdDSUhNMG9nS0VJQ0FnSURocUpybG5nRRAB,5,"Sejujurnya ini pengalaman perdana menginap di hotel Tentrem. Sesuai namanya, Tentrem atau tentram, hotel ini membawa kedamaian bagi penghuninya yang menginap.
Dari segi fasilitas, hotel Tentrem menyediakan beragam fasilitas yang lengkap, mulai dari resto, spa, kolam renang, tempat gym, Wi-Fi (udah pastilah), hingga penyewaan sepeda. Belum lagi suguhan pemandangan yang tak kalah ciamik, yakni lanskap gunung yang saya sendiri nggak tau itu gunung apa.
Cadass emang, Tentrem! 🔥Jenis perjalananLiburanGrup perjalananTemanKamar: 4Layanan: 5Lokasi: 5KamarNyaman, bersih, bagus.Sorotan hotelMewah, Pemandangan yang indah, Tenang, Cocok untuk anak-anak",jujur alam perdana inap hotel tentrem sesuai tentram bawa damai segi fasilitas sedia ragam lengkap resto kolam renang wifi udah sewa sepeda suguh pandang kalah ciamik lanskap gunung cadass emang kamar nyaman bersih bagus mewah indah tenang cocok,positif
ChdDSUhNMG9nS0VJQ0FnSUQ3bzdXNjVnRRAB,5,"Pelayanan yang RUAAAARRRBIASAH ramah!!!! dari mulai petugas ckleaning service sampai GMnya. Alhamdulillahirobbil'alamiin menginap disini sangat memuaskan.Jenis perjalananLiburanGrup perjalananKeluargaKamar: 5Layanan: 5Lokasi: 5KamarSoal kammar sih Ruaaaarrbiasah!!!!
bersih sdh tentu dan amanAktivitas di sekitarAktivitas disekitar kondusifKeamananKeamanan sangat terjaga. Salahsatunya ditempat kolam renang, kita tdk hawatir akan kegiatan anak2 dibawah umur karena ada bbrapa orang pengawas yg bertugasSorotan hotelMewah, Pemandangan yang indah, Tenang, Cocok untuk anak-anak",layan ruarbiasah ramah tugas ckleaning service gmnya alhamdulillahirobbil alamiin inap puas kamar kammar ruarrbiasah bersih aman aktivitas kondusif jaga salahsatunya kolam renang hawatir giat umur bbrapa orang awas mewah pandang indah tenang cocok,positif
ChZDSUhNMG9nS0VJQ0FnSUNxX3NmMktnEAE,5,"Udah pasti hotel terbaik di Jogja lah ya. Kan Obama pernah nginep di sini 😁😁😁
Saya menginap 6 malam bersama keluarga. Kamarnya luas, fasilitasnya lengkap, ada play ground anak yg luas dan lengkap juga. Breakfast sangat beragam. Sesuai dengan harga 👌🏻Jenis perjalananLiburanGrup perjalananKeluargaKamar: 5Layanan: 5Lokasi: 5",udah hotel jogja obama nginep inap malam keluarga kamar luas fasilitas lengkap play ground breakfast ragam sesuai harga,positif
ChdDSUhNMG9nS0VJQ0FnSUQxbnVpX3hnRRAB,5,"hotelnya keren fasilitas lengkap cake shope dengan konsep barunya bagus dan banyak variasinya dari roti, kue,choc, ice cteam dll. recomended buat cobain dan take a wayKamar: 5Layanan: 5Lokasi: 5",hotel keren fasilitas lengkap cake shope konsep bagus variasi roti choc cteam recomended cobain take,positif
Ci9DQUlRQUNvZENodHljRjlvT21veVkySmpNREY0VldsTlEzZ3RRazVVUVMxcFdtYxAB,5,Cocok untuk kegiatan volunteer groupJenis perjalananBisnisKamar: 5Layanan: 5Lokasi: 5,cocok giat volunteer group,positif
ChdDSUhNMG9nS0VJQ0FnSURwaXY2NHlnRRAB,5,"Lokasi Jl. Monjali, jalan ga seramai jakal atau gejayan. Parkiran luas dan akses sangat mudah. Security man sangat sangat membantu, hotel bersih dan sangat mewah. view di jembatan menuju ballroom bagusss banget, menghadap timur. sepertinya cocok untuk melihat matahari terbit dari sini.Jenis perjalananBisnisGrup perjalananTunggalLayanan: 5Lokasi: 5Sorotan hotelMewah, Pemandangan yang indah, Romantis, Tenang",lokasi monjali jalan serama jakal gejayan parkir luas akses mudah security bantu hotel bersih mewah view jembatan tuju ballroom bagus banget hadap timur cocok lihat matahari terbit pandang indah romantis tenang,positif
ChZDSUhNMG9nS0VJQ0FnSUNkLU9xelZREAE,5,"Kamar full kalau liburan. Makanan menu nusantara sama terus, main course lain ganti. Jeruknya kurang banyak kalau sadapan udah jam 7.30Kamar: 4Layanan: 5Lokasi: 5",kamar full libur makan menu nusantara main course ganti jeruk sadap udah,positif
ChZDSUhNMG9nS0VJQ0FnSURsdmRhbUtBEAE,5,"pengalaman terbaik bisa nginep d hotel tentrem selama 1 pekan. yg ga bisa d lupain wangi nya hotel ini yg khas. makanan enak, seluruh pegawai benar2 baik ramah dan membantu .Jenis perjalananLiburanGrup perjalananKeluargaKamar: 5Layanan: 5Lokasi: 5Sorotan hotelMewah",alam nginep hotel tentrem pekan lupain wangi khas makan enak pegawai ramah bantu mewah,positif
ChZDSUhNMG9nS0VJQ0FnSURZMU5fWld3EAE,5,"Hotel ini sangatlah bagus. Kolam renangnya luas. Kamarnya luas. Pemandangannya cukup bagus. Pelayanannya sangat baik. Beraneka ragam pilihan disajikan untuk sarapan pagi. Tidak heran jika harganya terbilang cukup lumayan. Overall, hotel ini sangatlah worth it untuk diinapi.",hotel bagus kolam renang luas kamar pandang layan aneka ragam pilih saji sarapan pagi heran harga bilang lumayan overall worth inap,positif
ChdDSUhNMG9nS0VJQ0FnSUNtX09lZDF3RRAB,5,"Salah satu hotel terbaik di kota Yogyakarta untuk menghabiskan akhir pekan anda, maupun untuk kegiatan bisnis, pameran, maupun acara pesta. Memiliki parkir yang luas, hotel ini menjanjikan kenyamanan bagi para tamu yang datang.
Sajian sarapan yang memiliki menu sangat variatif, menjanjikan anda kenyamanan sarapan untuk memulai hari.
Come and get your experience",salah hotel kota yogyakarta habis pekan giat bisnis pamer acara pesta milik parkir luas janji nyaman tamu saji sarapan menu variatif come your experience,positif
ChdDSUhNMG9nS0VJQ0FnSUNObGZxczNRRRAB,5,"Mantap poll ini hotel,bersih nyaman seperti dirumah sendiri,pelayanan nya sangat memuaskan.
Jadi pengen ke sini lagi dehKamar: 5Layanan: 5Lokasi: 5",mantap poll hotel bersih nyaman rumah layan puas,positif
ChZDSUhNMG9nS0VJQ0FnSURXbDZEZE5nEAE,5,"Salah satu Hotel terbaik di Yogya. Suasana yang elegan, bersih, mewah, dengan aroma harum rempah. Menu buka puasanya komplit banget. Plus ada playground buat main anak2 yang luas. Puas banget.",salah hotel yogya suasana elegan bersih mewah aroma harum rempah menu buka puasa lengkap banget plus playground main luas puas,positif
ChZDSUhNMG9nS0VJQ0FnSUQwb1BQeWFBEAE,5,"Buat saya pribadi hotel ini tidak ada kurangnya, semua karyawan disini mulai dari petugas keamanan hingga staf hotelnya ramah dan selalu menyapa dengan bahasa jawa, benar-benar terasa jogja.

Hotelnya bersih dan rapi, hanya agak sedikit jauh dari malioboro kalau ingin jalan kaki, kolam renangnya luas sarapannya sangat beragam dan pastinya banyak makanan internasional yang dipadu dengan makanan lokal yogyakarta.

Kalau sarapan di bawah atau jalan ke ruang rapatnya, di sepankang hall bisa lohat foto-foto para tamu spesial yang pernah datang ke hotel ini seperti Mariah Carey, Barrack Obama dll.

Disini juga tersedia gym dilantai yang sama dengan tempat sarapan, saya juga sangat menyukai ruang sauna yang sangat luas.

Kamarnya juga sanhat rapih dan bersih.
Harga hampir selalu bicara tentang kualitas.
Selalu ingin balik ke hotel ini jika ke Jogja.",pribadi hotel karyawan tugas staf ramah sapa bahasa jawa jogja bersih rapi malioboro jalan kaki kolam renang luas sarapan ragam makan internasional padu lokal yogyakarta ruang rapat sepankang hall lohat foto tamu spesial mariah carey barrack obama sedia lantai suka sauna kamar sanhat rapih harga bicara kualitas,positif
ChZDSUhNMG9nS0VJQ0FnSUNoakpfcE9REAE,5,Ada harga ada rupa sih. Dr dulu rate kamarnya stabil bgt. Paling murah pun dulu pernah di harga 700an dan blm breakfast. Tp kalo ga pake bfast sayang bgt karna bfast hotel sini yg paling enak sejauh ak pernah merasakan bfast hotel. Mengalahkan jw marriot & sheraton surabaya 👌🏻 topp. Semoga next time bisa nginap sini lagi …,harga rupa rate kamar stabil banget murah breakfast kalo pake bfast sayang karna hotel enak kalah marriot sheraton surabaya topp moga next time nginap,positif
ChZDSUhNMG9nS0VJQ0FnSUR4cFlDS0FREAE,5,"Pengalaman yg menyenangkan menginap di hotel Tentrem.
Fasilitasnya sangat istimewa dan menu sarapannya sangat beragam, dan lezaaat...
Terima kasih untuk keramahtamahan yang diberikan selama staycation di sini.Kamar: 5Layanan: 5Lokasi: 5",alam senang inap hotel tentrem fasilitas istimewa menu sarapan ragam lezat terimakasih keramahtamahan staycation,positif
ChdDSUhNMG9nS0VJQ0FnSUNzbDZHa3lBRRAB,5,"hotelnya bagus dan baru. service dari pelayan concierge nya sangat baik. go food diantar oleh comcierge ke kamar. restoran nya sempurna rasanya dan menu, tp saran saya, sebaiknya org yg berkeringat olahraga jgn dibiarkan masuk karena mengganggu kenyamanan customer lain saat makan. kolam renang mungkin bisa lebih bersih lagi, air agak butek atau keruh di dalam saat saya datang 16 feb 2020. bangunan arsitekturnya megah. dan pelayannya responsif, itu yang saya suka. untuk room reservation via telepon saya mengalami kesulitan karena ribet saat mau memesan dari corporate rate. diminta kirim dari email resmi, sudah saya kirimkan, tapi low response, tidak dibalas2. sehingga saya harus menginap di hotel lain dulu saat datang dari jakarta, kehabisan kamar dan tidak ada kejelasan kamar reservasi. kolam renang agak butek, mungkin sedang musim hujan kurang maintenance.",hotel bagus service layan concierge food comcierge kamar restoran sempurna menu saran keringat olahraga biar masuk ganggu nyaman customer makan kolam renang bersih butek keruh februari bangun arsitektur megah responsif suka room reservation telepon alami sulit ribet corporate rate kirim email resmi response balas inap jakarta habis reservasi musim hujan maintenance,positif
ChdDSUhNMG9nS0VJQ0FnSUNHcHRtaDNRRRAB,3,"Booking 2 kamar yg 1 ready jam 4 sore, yg 1 lg sampe jam 6 sore masih blm ready sampe saya hrs tlp berulang x ke reception, tp dr pihak hotel tdk ada permintaan maaf sedikitpun dan saat kmr sudah ready pun kita tdk di tlp pihak hotel. Nilai plus nya hotelnya bagus, kmr luas, kasur bnr² super nyaman dan sarapan ter the best. Utk pelayanan hotel nya semua msh kurang alias lelet.",booking ready sore sampe telepon ulang reception hotel maaf nilai plus bagus luas kasur super nyaman sarapan layan alias lelet,netral
ChZDSUhNMG9nS0VJQ0FnSUNJa2JpelpBEAE,5,"tidak diragukan lagi hotel tentrem adalah hotel terbaik di Jogja. lokasi di tengah kota tapi bukan di jalan yang sering macet. jadi masih mudah dijangkau tapi tidak perlu khawatir terjebak macet. tentrem menawarkan kemewahan maksimal dengan nuansa kolonial bercampur jawa modern. restoran kayumanis, tempat sarapan bagi tamu hotel tentrem adalah yang terbaik. menunya bervariasi dari makanan tradisional hingga asian dan western food, tersaji sempurna di sini. interior kamar juga mewah sekaligus nyaman. furniture terbuat dari kayu solid dengan disain modern minimalis namun masih menampakkan guratan asli dari kayunya. lantainya dari marmer, bed kingkoil yang tebal, bantal pun disediakan 5. favorit saya sendiri l adalah amenities nya, sabun, sampo, conditioner, dan body lotion semua memiliki aroma yg segar dan nyaman utk dipakai. hotel tentrem juga memiliki playground yang sangat besar, saya belum menemukan brand hotel nasional yang memiliki playground lebih baik dari ini.",ragu hotel tentrem jogja lokasi kota jalan macet mudah jangkau khawatir jebak tawar mewah maksimal nuansa kolonial campur jawa modern restoran kayumanis sarapan tamu menu variasi makan tradisional western food saji sempurna interior kamar nyaman furniture kayu solid disain minimal gurat asli lantai marmer kingkoil tebal bantal sedia favorit amenities sabun sampo conditioner body lotion milik aroma segar pakai playground temu brand nasional,positif
ChdDSUhNMG9nS0VJQ0FnSUNycnBxb3lnRRAB,4,"Kamar luas. Kamar mandi luas. Breakfast enak dan beragam. Kolam renang nyaman. Playground lumayan untuk anak.Jenis perjalananLiburanGrup perjalananKeluargaKamar: 5Layanan: 4Lokasi: 4Sorotan hotelMewah, Cocok untuk anak-anak",kamar luas mandi breakfast enak ragam kolam renang nyaman playground lumayan mewah cocok,positif
ChdDSUhNMG9nS0VJQ0FnSURtd2RLbmh3RRAB,5,"+ Nyaman sekali, wangi hotelnya juga khas.
+ Sarapan sangat bervariasi dan enak.
+ Protocol covid saat di resto ada pembagian jam makan, tetapi tetap saja ramai. Bagusnya semua makanan diambilkan oleh pegawai hotelnya.
+ Hotel ini ramah terhadap gofood, bisa dititip ke security basement hotel, lalu makanan akan diantar ke kamar. Atau ambil langsung ke basement juga bisa 👍",nyaman wangi hotel khas sarapan variasi enak protocol covid resto makan ramai bagus ambil pegawai ramah hadap gofood titip security basement kamar langsung,positif
ChdDSUhNMG9nS0VJQ0FnSUNHeGNyeDBRRRAB,4,"Sangat baik. hanya saja security yang agak kurang sopan dalam bicara serta tata krama memberikan informasi, saat saya mau drop keluarga di pintu masuk area parkir, malah jadi berdebat.   Handuk kurang satu setelah kamar di bersihkan. mungkin perlu di cek kembali setelah dibersihkan baik fasilitas di dalam kamarnya.",security sopan bicara tata krama informasi drop keluarga pintu masuk area parkir debat handuk kamar bersih fasilitas,positif
ChZDSUhNMG9nS0VJQ0FnSURpMnRqTGZ3EAE,5,"Termasuk hotel yang terbaik di Jogja banyak tokoh dan artis pernah berkunjung kesini tidak heran karna pelanannya dan fasilitas yang di tawarkan. Kamar cukup luas, Service ok, pelayanan mantap, cukup bersih. Sangat dekat dengan pusat keramaian seperti tugu Jogja dan Malioboro tidak terlalu jauh. Kolam renang bersih dan cukup besar. Hidangan makanan enak",masuk hotel jogja tokoh artis kunjung kesini heran karna pelan fasilitas tawar kamar luas service layan mantap bersih pusat ramai tugu malioboro kolam renang hidang makan enak,positif
ChdDSUhNMG9nS0VJQ0FnSUM2eGVpTmp3RRAB,5,"Sangat berkesan menginap di sini. Pelayanan yang ramah, kamar yang nyaman, makanan yang enak, dan fasilitas lengkap, saya suka! Untuk playground, ada fasilitas yang perlu diperbaiki dan ditingkatkan, seperti kelengkapan mainan, dan kebersihan.

Info :
1. Pastikan menggunakan/membawa kaos kaki jika ingin bermain di playground. Jika lupa, kalian bisa membeli kaos kaki di tempat.Jenis perjalananLiburanGrup perjalananKeluargaKamar: 5Layanan: 5Lokasi: 5",kesan inap layan ramah kamar nyaman makan enak fasilitas lengkap suka playground tingkat main bersih info bawa kaos kaki lupa beli,positif
ChZDSUhNMG9nS0VJQ0FnSURPMGVqQ1dBEAE,5,"Berkesempatan nginap di presiden room krn pas ada job venuenya disini. Fasilitas kamarnya istimewa, tp sy gak tau worth the money gak. Cuma pemandangan keluarnya agak njeglek dgn kemewahan kamar. Yah ini jogja, pinggir code pula, bukan tepi selat bosphorus.Jenis perjalananBisnisGrup perjalananTemanKamar: 5Layanan: 5Lokasi: 4",nginap presiden room venuenya fasilitas kamar istimewa worth money pandang njeglek mewah jogja pinggir code tepi selat bosphorus,positif
ChZDSUhNMG9nS0VJQ0FnSUNtMzRDTGJnEAE,5,"Interior kamar sangat memuaskan (2 kamar dengan connecting door dan 1 balkon).

Breakfast banyak pilihan makanan.

Interior gedung tiap lantai sangat mewah dan harum.

Sangat memuaskan.

Foto: ada sofa di toilet umum lantai LG 🤣",interior kamar puas connecting door balkon breakfast pilih makan gedung lantai mewah harum foto sofa toilet,positif
ChZDSUhNMG9nS0VJQ0FnSURRNHZfOER3EAE,5,Ada harga ada rupa. Overall menyenangkan menghabiskan malam di Jogja dan me ginap di tentrem. Semua pegawai ramah. Kolam renang ok dan pelampung tangan anak yang tersedia memanjakan anak anak yang ingin berenang. Alat fitness pun beragam dan luas.    Anak anak suka menginap disini karena ada Playground sehingga mereka betah. Restoran mungkin bisa diperluas agar terkesan lebih lapang. All minibar include sebagai fasilitas gratis yang bisa dinikmati pengunjung. Welcome drink yang berupa jamu menjadikan hotel ini berbeda dari hotel bintang 5 lainnya.,harga rupa overall senang habis malam jogja tentrem pegawai ramah kolam renang pelampung tangan sedia manja alat fitness ragam luas suka inap playground betah restoran lapang minibar include fasilitas gratis nikmat unjung minum jamu hotel beda bintang,positif
Ci9DQUlRQUNvZENodHljRjlvT2pScllVOVVjMHc0VEhOaFMxUm9iMmQ0TW1SWWFVRRAB,5,bener bener service bintang 5 semuanyaaKamar: 5Layanan: 5Lokasi: 5,bener service bintang semuanyaa,positif
ChZDSUhNMG9nS0VJQ0FnSURPNE9iVmVBEAE,2,"Menginap 4 hari disini, hari ketiga nemenin ponakan berenang. Saya pakai rok dengan hijab g ada niat buat berenang. Cuma ngefoto ponakan yg lagi berenang di pinggir kolam ditegur katanya g boleh di kolam klo g pake baju renang. Siapa juga yg mau renang pake gamis dan bawa hape wkwkkw
Tp ada bapak2 nyemplung kolam pake kolor dan kaos (bukan baju renang) g ditegur.
Minta bersihin kamar dari jam set 8 baru dtg jam setengah 12 itu pun setelah saya telpon 2kali.
Di resto g ditawarin refill teh selayaknya hotel bintang 5 pada umumnya.",inap nemenin ponakan renang pakai hijab niat ngefoto pinggir kolam tegur pake baju gamis bawa hape wkwkkw nyemplung kolor kaos bersihin kamar telpon kali resto ditawarin refill layak hotel bintang,negatif
ChdDSUhNMG9nS0VJQ0FnSUNHMU5UWHBRRRAB,5,"sesungguhnya buat pesepeda motor, parkirnya jauh 😩 dr parkir motor ke resto bisa 10menit sendiri, lebih2 dr kaya mau ke mall 😅

makanan oke, ayam daging bakso ikan sayuran fresh! walau nemu dessert cake choco mint yg kurang pas 😅

tempatnya oke buat pertemuan, cukup kedengeran gaa perlu pake mic

overall ambience bintang 5 sih dapet.

tapi secara fasilitas kamar menurutku kurang nampol hehehe",sungguh sepeda motor parkir resto menit kaya mall makan ayam daging bakso ikan sayur fresh nemu dessert cake choco mint temu kedengeran pake overall ambience bintang dapet fasilitas kamar nampol hehehe,positif
ChZDSUhNMG9nS0VJQ0FnSURTa3ZySE5REAE,4,"Hotel yg menghadirkan rasa nyaman, begitu memasuki hotel, aroma air freshener nya tercium wangi aroma jahe dan serai.
Dikamar tersedia buah2an dan minuman, juga  minuman jamu seduh.
Untuk Breakfast cukup banyak pilihan, dan yg paling cocok dan pas di lidah nasi goreng dgn daging dan omelet telurnya. Sushi cukup enak juga.  Karena sedang pandemi, breakfast diatur jam mkn nya.",hotel hadir nyaman pasuk aroma freshener cium wangi jahe serai kamar sedia buah minum jamu seduh breakfast pilih cocok lidah nasi goreng daging omelet telur sushi enak pandemi atur,positif
ChdDSUhNMG9nS0VJQ0FnSURHNVBDZ253RRAB,5,"Overall good.
Swimming pool bersih dan juga tersedia kids playground yang besar.
Alat fitness lengkap.
Jangan lupa explore ke sekitar lapangan tennis indoor, dari sana bisa melihat matahari terbit.
Kemarin di kamar 507 dapat view Gunung Merapi.",overall good swimming banget bersih sedia kids playground alat fitness lengkap lupa explore lapang tennis indoor lihat matahari terbit kemarin view gunung rapi,positif
ChdDSUhNMG9nS0VJQ0FnSUMxOU42YzFRRRAB,5,"Pengalaman menginap yang menyenangkan, fasilitas hotel tidak perlu diragukan lagi, pelayanan sangat baik, area parkir di basement cukup nyaman, lobby yang luas dan wangi, untuk pengguna kursi roda juga masih sangat nyaman, ruang lift cukup nyaman, ada tempat duduknya, sarapan pagi dengan varian menu yang sangat banyak, tetapi ada sesi menyanyikan lagu Indonesia raya..good si..kamar sangat luas..Jenis perjalananLiburanGrup perjalananKeluargaKamar: 5Layanan: 5Lokasi: 4Sorotan hotelMewah, Tenang, Cocok untuk anak-anak",alam inap senang fasilitas hotel ragu layan area parkir basement nyaman lobby luas wangi kursi roda ruang lift duduk sarapan pagi varian menu sesi nyanyi lagu indonesia raya good kamar mewah tenang cocok,positif
ChZDSUhNMG9nS0VJQ0FnSUMwNV9MZElREAE,4,"Hotel yang nyaman dan sesuai dengan statusnya sebagai hotel bintang 5. Ini kunjungan kami yang ke 3, rasanya perlu diingatkan kembali agar kebersihan dan ketertiban hotel harus terus dijaga. Sudah mulai terlihat sudut sudut koridor/ruangan yang agak kotor kurang tersentuh. Demikian pula saat breakfast, ada tamu yang breakfast dengan pakaian celana boxer mini sangat tidak pantas dilihat. Saya tidak tahu apakah untuk breakfast hotel membolehkan berpakaian seperti itu ya...
Yang lain lain sih ok dan sy tetap akan menginap di hotel Tentrem apabila berkunjung ke Yogya kemudian hari....Hotel Tentrem masih yang terbaik di Yogya....",hotel nyaman sesuai status bintang kunjung bersih tertib jaga lihat sudut koridor ruang kotor sentuh breakfast tamu pakai celana boxer mini inap tentrem yogya,positif
ChZDSUhNMG9nS0VJQ0FnSURDZ01QdGV3EAE,5,"Hote lokal bintang 5 terbaik dengan pelayanan yang ramah dan kamar yang luas serta khas sidomuncul untuk coffee set up di kamar semua produk sido muncul grup , slippernya keren dan unik , kamarnya nyaman , kamar mandi beraih dengan kelengkapan amenities . Menu breakfast cukup variatif dan yang wajib di coba es krim tolak angin  karena hanya ada di hotel ini , ada playkids dan chinese resto juga . Proses cek in dan cek out cepat dengan deposit . Nyaman wangi sereh di lobi hotel .Jenis perjalananBisnisKamar: 5Layanan: 5Lokasi: 5",hote lokal bintang layan ramah kamar luas khas sidomuncul coffee produk sido muncul grup slippernya keren unik nyaman mandi raih lengkap amenities menu breakfast variatif wajib coba krim tolak angin hotel playkids chinese resto proses cepat deposit wangi sereh lobi,positif
ChZDSUhNMG9nS0VJQ0FnSUNEaHBmV2JBEAE,5,"Iftar di tentrem sangat memuaskan,, excellent service dari mas Gusto, mingle ke tamu yg 👍🏼 dan senyum yg ramah ( hopefully i'm not wrong saw from his name tag)
Banyak pilihan dan best service untuk all employee , all well prepare,,
Thank you sudah memanjakan setiap tamu yg berkunjungLayanan: 5Lokasi: 5",iftar tentrem puas excellent service gusto mingle tamu senyum ramah hopefully wrong from name pilih employee well prepare thank manja kunjung,positif
ChZDSUhNMG9nS0VJQ0FnSUNxN3NITFRnEAE,5,"Menghadiri rapat, ruang pertemuannya luas dengan  perlengkapan sound dan juga layar prasentasi yang lebar. Dapat snack 2 kali pagi dan sore rasanya mantap, juga dapat makan siang dengan pilihan lauk ada daging ayam, ikan, sayur tdk lupa sambal, semua rasanya josss... Tempat parkir luas, lokasi tak jauh dari Tugu Jogja. Untuk kamar belum bisa koment.... Nunggu nginap dulu",hadir rapat ruang temu luas lengkap sound layar prasentasi lebar snack kali pagi sore mantap makan siang pilih lauk daging ayam ikan sayur lupa sambal parkir lokasi tugu jogja kamar koment nunggu nginap,positif
Ci9DQUlRQUNvZENodHljRjlvT2xKaE0yVmZUV1pzVUZKMFUxbEpTbkZqYmxOdVgzYxAB,5,Hotel mantap dikota Jogyakarta,hotel mantap kota jogyakarta,positif
ChdDSUhNMG9nS0VJQ0FnSURHcHJDY2l3RRAB,5,"Kebetulan pas kesini pas ulang tahun, kesan pertama datang di sambut receptionist yang super ramah, dan ramahnya itu keliatan tulus dari hati. Kamarnya luas, nyaman, semuanya lengkap, kasur nya enak banget, ambience nyaman banget!!! Kolam renang nya bagus, sarapannya lengkap dan enak apalagi yang dikasih kue ulang tahun. Cobain deh nggak bakal nyesel!!",kesini ulang kesan sambut receptionist super ramah liat tulus hati kamar luas nyaman lengkap kasur enak banget ambience kolam renang bagus sarapan kasih cobain nyesel,positif
ChdDSUhNMG9nS0VJQ0FnSURNOVB1ZTBBRRAB,4,"Lumayan nyaman, waktu ada kegiatan workshop nginep, makanannya lumayan bervariasi, terus suasananya lega... Banyak ukiran- ukiran dan cukup ngademin. Dikamar juga cukup luas, kalau tidur jadi nyenyak.
Luas banget lobbynya, spacious. Kolam renang ditengah hotel, klaau berenang bisa diliat banyak orang dari atas. Di setiap lantai, lantainya pakai karpet tebel, jadi kalau jalan kerasa empuk banget. Kalau nginep agak lama enak juga kayanya untuk berlibur bisa santai santai di kolam renang, kadang ada bule juga yang ikut berenang.Jenis perjalananBisnis",lumayan nyaman giat workshop nginep makan variasi suasana lega ukir ngademin kamar luas tidur nyenyak banget lobby spacious kolam renang hotel klaau liat orang lantai pakai karpet tebel jalan empuk enak kaya libur santai kadang bule,positif
ChZDSUhNMG9nS0VJQ0FnSURnMHVEbmZnEAE,5,"Nyaman kamar luas, sarapan rasanya menurutku nih biasa aja, tapi telurnya mantap, mbanya tukang telurnya juga baek, temanku komplain kok mienya keras amat tidak matang. Dessertnya juga biasa aja, waffle sama pancake nya yah gitu aja rasanya kurang kalau menurutku, Kamar mandi luas n nyaman, yang nomor 1 disini karyawannya super ramah, baek deh pokoknya walau ada 1 2 yang kurang tapi overall amazing",nyaman kamar luas sarapan telur mantap mbanya tukang baek teman komplain mienya keras matang dessertnya waffle pancake gitu mandi nomor karyawan super ramah pokok overall amazing,positif
ChZDSUhNMG9nS0VJQ0FnSUNLNUpqUkJ3EAE,1,"Datang dengan ekspetasi sangat tinggi karena hotel tentrem adalah bintang 5 dan konon katanya terbaik di Yogyakarta tetapi kenyataannya saya kecewa. Kamar saya jauh dari lift, heran sekali sekelas hotel bintang 5 hanya ada 1 akses lift. Kekecewaan saya ditambah pada saat breakfast di hotel, saat itu saya memesan nasi lengko dan meminta tambahan sambal kacang tapi chefnya menjawab ""kalau lengko tidak pakai sambal kacang"" dengan nada yang culas dan tidak disertai senyum. Harga bintang 5 tapi pelayanan jauh dari bintang 5. Mohon untuk management, berikan training lagi kenapa staff nya khususnya untuk staff restoran.",ekspetasi hotel tentrem bintang konon yogyakarta nyata kecewa kamar lift heran kelas akses breakfast nasi lengko sambal kacang chefnya pakai nada culas senyum harga layan mohon management ikan training staff khusus restoran,negatif
ChdDSUhNMG9nS0VJQ0FnSUNTa0liOXdRRRAB,5,"Salah satu hotel terbaik di jogja, hotelnya sangat nyaman, pelayanannya ramah. Dan protokol kesehatannya sangat baik. Untuk ruang meeting setiap jamnya pintu akan dibuka untuk pertukaran udara, dan saat waktu break, ruangan di disinfektan, masing masing meja diberi pembatas transparan. Makanannya juga enak, dan ada beberapa pilihan juga. Kamarnya juga sangat bersih dan bikin tidur nyenyak :)",salah hotel jogja nyaman layan ramah protokol sehat ruang meeting pintu buka tukar udara break disinfektan meja batas transparan makan enak pilih kamar bersih bikin tidur nyenyak,positif
ChdDSUhNMG9nS0VJQ0FnSUNldXB5azR3RRAB,5,"Pelayanan kamarnya baik, ruangannya bersih dan nyaman, lokasi hotel berada ditengah kota sehingga mudah untuk akses ketempat destinasi wisata lainnya , special thanks to Mba Maria dan Mba Murni yang sudah membantu merapikan kamar sayaJenis perjalananBisnisGrup perjalananKeluargaKamar: 5Layanan: 5Lokasi: 5",layan kamar ruang bersih nyaman lokasi hotel kota mudah akses destinasi wisata special thanks maria murni bantu rapi,positif
ChdDSUhNMG9nS0VJQ0FnSURZcGJPSDVBRRAB,5,"Saya suka dengan pegawainya yang ramah ramah, dan kesan pertama memasuki hotel memang adem ayem tentrem, di lobby hotel bau sereh/jamu jamuan (aroma terapi) sangat membuat relax, ini salah satu yang bikin kangen. Makanannya juga enak enak. Di kayu manis bisa makan di samping kolam, instagrammable banget. Toilet bersih wangi dan nyaman (deket kayumanis) ada sofa di dalam toilet,mantap untuk antri toilet jadi nyaman. Cuman saya bingung karena ini hotelnya banyak kelokannya wkwkwk. So far memang recommended lah , sesuai dengan harga.",suka pegawai ramah kesan pasuk hotel adem ayem tentrem lobby sereh jamu aroma terapi relax salah bikin kangen makan enak kayu manis samping kolam instagrammable banget toilet bersih wangi nyaman deket kayumanis sofa mantap antri bingung wkwkwk recommended sesuai harga,positif
ChZDSUhNMG9nS0VJQ0FnSURBLUthUlZnEAE,5,"Seperti namanya, hotel ini benar-benar membuat kita merasa tentrem hatinya. Fasilitas hotel sangat lengkap dan mewah serta pelayanan sangat bagus dan ramah membuat kita betah tinggal di hotel ini. Design dan atmosphere yang bertema Jawa sangat membuat relax. Makanan saat sarapan pilihan sangat banyak dan lengkap sekali. Yang direkomedasikan adalah menicicipi ice cream tolak angin yng rasanya sangat khas berbeda dengan ice cream pada umunya . Terimakasih kepada managment hotel Tentrem yang telah meng-upgrade kamar kami menjadi excecutive suit yang membuat pengalaman menginap kami disini menjadi makin menyenangkan dan tak terlupakan.",hotel tentrem hati fasilitas lengkap mewah layan bagus ramah betah tinggal design atmosphere tema jawa relax makan sarapan pilih direkomedasikan menicicipi cream tolak angin khas beda terimakasih managment meng upgrade kamar excecutive suit alam inap senang lupa,positif
ChdDSUhNMG9nS0VJQ0FnSUQtLXRHUm9RRRAB,5,"Hotelnya bagus, rapi, dan bersih. Check-in sangat cepat, dan staff juga sangat ramah. Sarapan pagi nya luar biasa, banyak pilihan dan enak. Pasti akan kembali ke hotel ini lagi. Terima kasihJenis perjalananBisnis",hotel bagus rapi bersih check cepat staff ramah sarapan pagi pilih enak terimakasih,positif
ChZDSUhNMG9nS0VJQ0FnSUQtcHIyZU9nEAE,5,"I'm having a Very Pleasant stay at this hotel.
Worth every penny.
Cocok buat liburan sendiri, atau dengan keluarga. Sangat nyaman.
Disuguhi cita rasa tradisional yg kental dengan rempah dan jejamuan.
Sukses selalu!Kamar: 5Layanan: 5Lokasi: 4",having very pleasant stay this hotel worth every penny cocok libur keluarga nyaman suguh cita tradisional kental rempah jejamuan sukses,positif
ChZDSUhNMG9nS0VJQ0FnSUQyOEp1aU1nEAE,5,"Tidak perlu diragukan lagi, room, Service dan lokasi sudah ok. Makanan juga enak, s-pool juga ok, bersih. Lokasi dekat ke pusat kota dan dengan area kuliner, didepannya juga ada streetfood apalagi sate didepan hotel pas rasanya juga enak.Jenis perjalananLiburanGrup perjalananTunggalKamar: 5Layanan: 5Lokasi: 5",ragu room service lokasi makan enak banget bersih pusat kota area kuliner streetfood sate hotel,positif
ChZDSUhNMG9nS0VJQ0FnSURncDd2UUJREAE,5,"Pertama kali tau hotel Tentrem ini dari sosial media IG. Lalu di tgl 10 agustus kemaren saya bekesempatan untuk mendatangin hotel bintang 5 tersebut.
.
Kamat di hotel ini ditata semenarik dan seindah mungkin. Dengam view yang kalau beruntung bisa memdapatkan view gunung merapi.
.
Kalau saya kesini, saya merasa jadi kurcaci hahaha karena ruangannya yang megah dan besar serta artsy abisss.
.
Buat yang mau punya acara, lalu punya temen banyak bisa banget pake ballroom di tentrem ini. Karena muat hingga 3.000 orang.
.
Yang menjadi ciri khas hotel ini adalah roti kukus khusus bikinan tentrem ,es krim dengan varian Rasa STMJ, TolakAngin, Roti Marie, dan daek chocolatte lalu ada kopi-kopi nusantara yang langsung dibuatkan oleh barista tentrem.",kali hotel tentrem sosial media agustus kemaren bekesempatan mendatangin bintang kamat tata tarik indah dengam view untung memdapatkan gunung rapi kesini kurcaci ruang megah artsy acara temen banget pake ballroom muat orang ciri khas roti kukus khusus bikin krim varian stmj tolak angin marie daek chocolatte kopi nusantara langsung barista,positif
ChZDSUhNMG9nS0VJQ0FnSUNLMTVDX2FnEAE,5,"Awalnya niat menginap cuma semalam tambah jadi 2 malam, terlalu sayang menginap dihotel ini dalam waktu singkat... Hotelnya super bersih dan ketat dalam prokes C-19, Pelayanan dan keramahan dari staff hotel super sekali.. Terkesan dengan dua kali breakfast mendapat service yg super ramah dan helpful dari mas Oki (kalau ga salah namanya), banyak banget deh nilai plus dari hotel ini. Nasi Lengko, Teh Poci dan Es Krim Tolak Anginnya serta Roti Kukus Original dan keju coklat pada sajian breakfastnya jangan sampai dilewatkan 👍🏻",niat inap malam sayang hotel singkat super bersih ketat prokes layan ramah staff kali breakfast service helpful salah banget nilai plus nasi lengko poci krim tolak angin roti kukus original keju coklat saji breakfastnya,positif
ChZDSUhNMG9nS0VJQ0FnSURoNjR2SktBEAE,5,"Nginep dari rabu-sabtu. Bener2 best hospitality. Bener2 sesuai namanya.
Breakfast nya enak2. Pilihan menu buanyakk. Pelayanan nya ramah semua. ngomong nya halus2. Pas check-in ada welcome drink,bisa pilih ice cream/minuman jamu2an. Pertahankan!Jenis perjalananLiburanGrup perjalananKeluargaKamar: 5Layanan: 5Lokasi: 4KamarSuka banget area balkon di kamar.Aktivitas di sekitarSelama 3hari full pakai fasilitas gym yg disediakan hotel. Sangat baik,dan bagus.KeamananKeluar masuk mobil pakai kartu. 👍Makanan & minumanMenu sarapan nya. Mulai dari Nusantara-internasional ada.Sorotan hotelMewah",nginep rabu sabtu bener hospitality sesuai breakfast enak pilih menu buanyakk layan ramah ngomong halus check minum cream jamu tahan kamar suka banget area balkon full pakai fasilitas sedia hotel bagus masuk mobil kartu sarapan nusantara internasional mewah,positif
ChZDSUhNMG9nS0VJQ0FnSUMtNGR2cGFREAE,5,"Lokasi di tgh kota Jogja. dekat banget tinggal lurus ke arah Malioboro!
Worth to try and visit, utk bermalam di hotel ini. Kalau dari aku, merekomendasikan bermalam benar-benar nikmati hotel ini. Kalau fokus utama ke Jogja: kuliner dan wisata alam, direkomendasikan disini jk budget anda berlebih. If not, alternative budget hotel lbh make sense 🙂👍🏻 .Jenis perjalananLiburanGrup perjalananKeluargaKamar: 5Layanan: 5Lokasi: 5Sorotan hotelMewah, Pemandangan yang indah, Romantis, Tenang, Cocok untuk anak-anak, Harga terbaik",lokasi kota jogja banget tinggal lurus arah malioboro worth visit malam hotel rekomendasi nikmat fokus utama kuliner wisata alam budget alternative make sense mewah pandang indah romantis tenang cocok harga,positif
ChZDSUhNMG9nS0VJQ0FnSUNyeG9fUmJ3EAE,5,"Hotel terbaik di jogja🩷
Welcome drinknya mewah

Ada ice cream rasa tolak angin😆 must try guys.Jenis perjalananLiburanGrup perjalananKeluargaKamar: 5Layanan: 5Lokasi: 5Sorotan hotelMewah, Romantis, Cocok untuk anak-anak",hotel jogja drinknya mewah cream tolak angin must guys romantis cocok,positif
ChdDSUhNMG9nS0VJQ0FnSUNPMDRxdjFRRRAB,5,2 kali dsini. Puas. Hehhee sekitar hotel bnyak rumah makan. Lokasi strategis dket tugu jogja. Pelayanannya sih yg oke bgt. Kalo kmarnya si standart hotel berbintangKamar: 4Layanan: 5Lokasi: 5,kali dsini puas hehhee hotel rumah makan lokasi strategis dket tugu jogja layan banget kalo kmarnya standart bintang,positif
ChdDSUhNMG9nS0VJQ0FnSUN4M2QtanlRRRAB,5,"Sampai saat ini masih hotel termantab sih di Yogya. Pelayanannya super baik, staff sigap dan ramah. Lokasi juga ga terlalu jauh dari tugu, kanan kiri banyak makanan enak.Jenis perjalananBisnisGrup perjalananTunggalKamar: 5Layanan: 5Lokasi: 5Sorotan hotelMewah, Tenang",hotel termantab yogya layan super staff sigap ramah lokasi tugu kanan kiri makan enak mewah tenang,positif
ChZDSUhNMG9nS0VJQ0FnSUQtNl9HTk1REAE,5,"Pengalaman menginap yang menyenangkan, lokasi strategis, kamar bersih, sarapan enak, stafnya ramah, kolam renang bersih. Sy pasti akan menginap kembali di Hotel Tentrem saat sy ke Jogja.Grup perjalananPasanganKamar: 5Layanan: 5Lokasi: 5",alam inap senang lokasi strategis kamar bersih sarapan enak staf ramah kolam renang hotel tentrem jogja,positif
ChdDSUhNMG9nS0VJQ0FnSUNlckpTMXVnRRAB,5,"Terima kasih banyak hotel tentrem untuk birthday cake nya.
Pelayanan nya sangat baik, makanan nya jg sangat enak, minuman fav beras kencur nya seger tenan. Kamar nya bersih dan nyaman. Sukses slalu hotel tentrem.Jenis perjalananBisnisGrup perjalananPasanganKamar: 5Layanan: 5Lokasi: 5",terimakasih hotel tentrem birthday cake layan makan enak minum beras kencur seger kamar bersih nyaman sukses slalu,positif
ChZDSUhNMG9nS0VJQ0FnSURKd2QzVWZ3EAE,5,"Pelayanan hotelnya bagus, kamar luas, untuk sarapannya tersedia berbagai macam dan enak-enak. Tempatnya tenang sekali.",layan hotel bagus kamar luas sarapan sedia enak tenang,positif
ChdDSUhNMG9nS0VJQ0FnSURBaTZyQ19nRRAB,5,"Ini adalah salah satu hotel terbaik di Kota Jogja. Dengan area hotel yang cukup luas serta fasilitas yang memadai. Hotel ini memiliki ballroom yang lumayan besar, mungkin bisa menampung sekitar 2000 - 2500 orang untuk acara dengan konsep standing party. Sajian makanan buffetnya juga enak, memadukan sajian timur dan barat yang bertaut nikmat di lidah. Hotel ini memiliki area parkir yang luas. Dapat menampung bus hingga sekitar lebih dari 5 bus besar.",salah hotel kota jogja area luas fasilitas milik ballroom lumayan tampung orang acara konsep standing party saji makan buffetnya enak madu timur barat taut nikmat lidah parkir,positif
ChZDSUhNMG9nS0VJQ0FnSUMteU1pM1VREAE,5,"Keren bgt desain interior hotelnya dari awal masuk sampai ke kamar tidur 👌🏻
Ini memang worth the price ya dari service, makanan, room sampai hal terkecil utilitas pun diperhatiin. Puas bgt nginep 3 malam disini dan bakal balik lagi kalau ke Jogja❤️ …",keren banget desain interior hotel masuk kamar tidur worth price service makan room utilitas diperhatiin puas nginep malam jogja,positif
ChZDSUhNMG9nS0VJQ0FnSURodWZYN1ZnEAE,4,"Hotel sangat nyaman, lokasi mudah diakses, pelayanan sangat ramah, saya kesini waktu bulan puasa dan makanan saat sahur tidak selengkap saat waktu sarapan biasa, selebihnya pelayanan bagusKamar: 5Layanan: 5Lokasi: 4",hotel nyaman lokasi mudah akses layan ramah kesini puasa makan sahur lengkap sarapan bagus,positif
ChdDSUhNMG9nS0VJQ0FnSURoaDRIMHZ3RRAB,5,"Hotel terbaik se jogja deh ini kyaknya , walaupun belum pernah nginep di sini 😅 luarnya aja bagus, apalagi dalem nya.. heemmm.. semoga bisa nginep di sini suatu saat nanti .Amin 😇Kamar: 5Layanan: 5Lokasi: 5",hotel jogja kyaknya nginep bagus heem moga amin,positif
ChdDSUhNMG9nS0VJQ0FnSURJcElQVnhRRRAB,1,"Hari ini tgl 22 Des 18 pukul 14.45 wib saya dan keluarga check in dan sekitar pukul 15.00 kami masuk kamar no 210.
Kami butuh waktu lebih dari 90 menit untuk menunggu barang2 kami diantarkan ke kamar. Kami sdh cb telp resepsionis dan mereka bilang masih antri, krn menurut kami sdh tdk masuk akal utk menunggu selama itu, pada pukul 15.45 saya turun ke lobby utk mengambil sendiri barang kami. Dan ternyata setelah saya tiba di lobby, ternyata barang2 kami ditumpuk di sudut ruangan tanpa ada yg jaga atau name tag dan sejenisnya.
Saya cuma bingung bagaimana SOP nya dan apakah memang selama itu sampai lebih dari 90 menit kami menunggu?? Itupun saya akhirnya turun utk mengambil barang tsb, seandainya saya tetap menunggu entah sampai brp lama kami harus menunggu? Krn kami lelah perjalanan ingin segera bersih2 badan dan istirahat, apalagi kami bawa baby yg mesti mkn sore dan ganti popok. Dan semua itu dipending 90 menit krn menunggu barang yg tak kunjung diantar.
Kami menempati kamar di lantai 2, tepatnya di kamar no 210. Dan di kamar tsb kami tdk bisa beristirahat dengan nyaman pd malam hari krn kamar tdk kedap suara, suara live music dari lounge/bar terdengar cukup kencang dari kamar ini. Pada saat saya edit ulasan ini, saat ini pukul 12.11 AM, masih berlangsung acara live music tsb.
Mohon management Hotel Tentrem utk dpt menjadi perhatian dan dpt dilakukan perbaikan, terima kasih.",keluarga check masuk kamar butuh menit tunggu barang telp resepsionis bilang antri akal turun lobby ambil nyata tumpuk sudut ruang jaga name jenis bingung lelah jalan bersih badan istirahat bawa baby mesti sore ganti popok pending kunjung lantai nyaman malam kedap suara live music lounge dengar kencang edit ulas langsung acara mohon management hotel tentrem perhati laku terimakasih,negatif
ChdDSUhNMG9nS0VJQ0FnSUNwdGZmRDNRRRAB,5,"Hotel ini selalu jadi pilihan utama kalau ke Yogya. Kamarnya bagus. Sarapannya luar biasa. Kita bisa temukan gudeg dan soto legendaris di siniJenis perjalananLiburanGrup perjalananPasanganKamar: 5Layanan: 5Lokasi: 5Sorotan hotelMewah, Romantis, Tenang, Cocok untuk anak-anak, Harga terbaik",hotel pilih utama yogya kamar bagus sarapan temu gudeg soto legendaris mewah romantis tenang cocok harga,positif
ChZDSUhNMG9nS0VJQ0FnSURsdi1XbVF3EAE,3,"Kamarnya di design dengan semenarik mungkin..,dgn suasana yg khas membuat para tamu merasa betah untuk menghabiskan liburan akhir pekan.., para stafnya juga ramah..Jenis perjalananLiburanGrup perjalananTemanKamar: 4Layanan: 4Lokasi: 3Area untuk berjalan kakiBisa menikmati lingkungan sekitar hotel..,,dgn suasana yg AsriSorotan hotelTenang",kamar design tarik suasana khas tamu betah habis libur pekan staf ramah nikmat lingkung hotel asri tenang,netral
ChZDSUhNMG9nS0VJQ0FnSUNHN3M2aE5BEAE,5,"Entah kenapa, ketika meilhat bangunan hotel ini dari luar, yang pertama kali terlintas di pikiran adalah gaya arsitektur timur tengah di abad ke 14M. Berdiri kokoh dengan tiang-tiang yang tinggi menjulang, memberi impresi yang berbeda ketika kita akan memasukinya. Bayangan saya tidak keliru, karena saat masuk ke hotel ini, serasa memasuki dimensi yang berbeda. Seolah tempat ini adalah antitesis dari suasana kemacetan, kebisingan dan keramaian kota. Nama Tentrem yang digunakan seolah menjadi tagline pelayanan. Staff yang ramah dan profesional,  makanan yang enak, lingkungan kamar dan hotel yang bersih, semua mendukung kenyamanan untuk para tamu untuk berlama-lama tinggal di hotel ini. The last but not least, di sberang jalan ada minimarket, gak perlu khawatir kehabisan stok rokok di malam hari.",meilhat bangun hotel kali lintas pikir gaya arsitektur timur abad kokoh tiang julang impresi beda masuk bayang keliru serasa pasuk dimensi olah antitesis suasana macet bising ramai kota tentrem tagline layan staff ramah profesional makan enak lingkung kamar bersih dukung nyaman tamu tinggal last least sberang jalan minimarket khawatir habis stok rokok malam,positif
ChdDSUhNMG9nS0VJQ0FnSURZN2UzbHZRRRAB,5,"Salah satu hotel terbaik di Yogyakarta. Sesuai namanya Hotel Tentrem, memang bikin tentrem menginap disini. Kamar yang luas untuk berdua, balkon dan fasilitas yang baik disetiap kamarnya. Staff yang sangat helpful. Menu makanan yang variatif dan enak rasanya. Menyenangkan menginap di Hotel Tentrem. Terima kasih.",salah hotel yogyakarta sesuai tentrem bikin inap kamar luas balkon fasilitas staff helpful menu makan variatif enak senang terimakasih,positif
ChZDSUhNMG9nS0VJQ0FnSURrdWF1ZlJBEAE,5,"Hotel bintang 5 terbaik di jogja. Kebetulan dpt kesempatan buat nginep disana. Mulai dari pelayanan, ambience, fasilitas, makanan, kebersihan semuanya perfect. Yg khas adalah ketika masuk aroma sereh dan rempah2 sangat terasa + disapa hangat dan sopan oleh staff. Welcome drink wedang uwuh/jamu yg rasanya enak banget. Kamarnya luas dg ranjang king size. Menu breakfastnya sangat beragam dan semuanya enak sampai kalap. Yg perlu dicoba adalah es Tolak Angin!!",hotel bintang jogja nginep layan ambience fasilitas makan bersih perfect khas masuk aroma sereh rempah sapa hangat sopan staff minum wedang uwuh jamu enak banget kamar luas ranjang king size menu breakfastnya ragam kalap coba tolak angin,positif
ChdDSUhNMG9nS0VJQ0FnSUQwMWJpdy1nRRAB,5,"Hotel bintang 5 yang tidak diragukan lagi, megah, indah, lokasi strategis dan pelayanan yang memuaskan. Lokasinya mudah dicari, mau ke pusat kota juga sangat dekat. Parkiran juga tersedia luas. Masukan saja, untuk rasa makanan di paket meeting sepertinya masih kurang. Masih kalah dengan hotel bintang 4 di sekitar kota jogja.",hotel bintang ragu megah indah lokasi strategis layan puas mudah cari pusat kota parkir sedia luas masuk makan paket meeting kalah jogja,positif
ChdDSUhNMG9nS0VJQ0FnSURnN3FudGpnRRAB,5,"Lokasinya strategis, berada di pusat kota. Dari luar, bangunan hotel terlihat tidak terlalu besar, tetapi didalamnya sangat luas dan nyaman. Parkiran ada di basement yang luas dan aman. Pelayanan hotel sangat baik. Semua makanannya enak. Berbagai artis kelas dunia juga pernah singgah di hotel yang bergaya klasik dan mewah ini",lokasi strategis pusat kota bangun hotel lihat luas nyaman parkir basement aman layan makan enak artis kelas dunia singgah gaya klasik mewah,positif
ChdDSUhNMG9nS0VJQ0FnSURJMnRfRjB3RRAB,5,"Hotel yang bagus, bersih, dan nyaman. Lokasi dekat dengan kuliner dan shopping area. Hotel room nya bersih, dan empuk. Kolam yg luas asri dan nyaman buat duduk bersantai, karena di dekat kolam ada tempat kids playground yg lumayan besar dan bagus, sangat kids friendly dan family friendly. Sarapan nya juga banyak menu, dengan staff hotel yang ramah. Recomended 👍👍👍",hotel bagus bersih nyaman lokasi kuliner shopping area room empuk kolam luas asri duduk santa kids playground lumayan friendly family sarapan menu staff ramah recomended,positif
ChZDSUhNMG9nS0VJQ0FnSUNaOU0tUkZBEAE,4,"Tempatnya oke banget, wangi sereh, interior nuansa kayu dan kesan modern tradisionalnya ciamik, hanya saja bisa diimprove terkait service nya, setelah check in kita gak diarahin naik lift yg mana, jadinya bingung muter2 sendiri 🥲🥲 akhirnya tanya tapi tetap tidak terlalu ngasih tau, akhirnya tersesat lagi, sampe akhirnya dikasi tau 🥹Kamar: 5Layanan: 3Lokasi: 5",banget wangi sereh interior nuansa kayu kesan modern tradisional ciamik diimprove kait service check diarahin lift bingung muter ngasih sesat sampe kasi,positif
ChZDSUhNMG9nS0VJQ0FnSUNldGZ2Y1NnEAE,5,Kopi hitam dan minuman tradisional khas sidomuncul plus produk andalan tolak anginnya tersaji lengkap di kulkas dan laci bawah tv sebagai guest amenities yang mencirikan bahwa hotel ini satu group sama sidomuncul...Kamar: 4Layanan: 5Lokasi: 5,kopi hitam minum tradisional khas sidomuncul plus produk andal tolak angin saji lengkap kulkas laci guest amenities ciri hotel group,positif
ChZDSUhNMG9nS0VJQ0FnSUNRaEpYYlFREAE,5,"Hotel Tentrem Yogyakarta dibangun pada tahun 2012, merupakan salah satu hotel berbintang lima yang ada di kota gudeg. Berada di lokasi sangat strategis, yakni di Jl. AM Sangaji No. 72 A, Depok, Daerah Istimewa Yogyakarta 55233, Indonesia. Cukup dekat dengan kawasan wisata bisnis, Jalan Malioboro Yogyakarta.

Dari Bandara Adi Sucipto membutuhkan waktu perjalanan sekitar 25 menit menggunakan kendaraan. Nama Tentrem diambil dari kosa kata Jawa, yang berarti tenteram, sebuah kata yang digunakan untuk menunjukkan perasaan damai dan ketenangan. Tentu saja pemberian nama Tentrem merupakan filosofi bisnis hotel untuk memberikan tempat menginap yang penuh dengan suasana damai, tenang, dan memberikan kenyamanan seluas-luasnya kepada para tamu. Hotel Tentrem Yogyakarta dikembangkan dengan konsep harmoni antara alam semesta dan manusia, sehingga mampu menyuguhkan pengalaman menginap yang benar-benar sempurna.

Hotel Tentrem dirancang dengan konsep yang benar-benar berbeda dari hotel pada umumnya. Memadukan budaya khas Jawa dengan metode pelayanan modern, sehingga mampu menyajikan kualitas layanan yang istimewa. Dengan konsep tersebut Hotel Tentrem bisa memberikan paradigma baru dalam industri perhotelan, dengan perpaduan suasana tradisional, modern, dan muatan budaya Jawa begitu kental, sehingga dapat membaur dengan nuansa Jawa yang menjadi ikon Kota Yogyakarta. Hotel ini menjadi akomodasi yang ideal bagi Anda yang sedang mengadakan perjalanan bisnis atau liburan bersama keluarga di Yogyakarta. Dengan fasilitas eksklusif, mewah, serta menjamin privasi, akan memberikan pengalaman menginap tak terlupakan.

Ada berbagai fasilitas yang terdapat di Hotel Tentrem, diantaranya : Kayumanis Coffeeshop, spa, kolam renang, tennis court, dan juga fitness centre. Dibagian lobby utama terdapat Sidomuncul artshop tempat dimana kita bisa berbelanja oleh-oleh batik/makanan khas jogja.",hotel tentrem yogyakarta bangun rupa salah bintang kota gudeg lokasi strategis sangaji depok daerah istimewa indonesia kawasan wisata bisnis jalan malioboro bandara sucipto butuh menit kendara ambil kosa jawa arti tenteram buah damai tenang filosofi inap penuh suasana nyaman luas tamu kembang konsep harmoni alam semesta manusia suguh sempurna rancang beda madu budaya khas metode layan modern saji kualitas paradigma industri padu tradisional muat kental baur nuansa ikon akomodasi ideal libur keluarga fasilitas eksklusif mewah jamin privasi lupa kayumanis coffeeshop kolam renang tennis court fitness centre lobby utama sidomuncul artshop belanja batik makan jogja,positif
ChdDSUhNMG9nS0VJQ0FnSUMtODlXY3d3RRAB,2,"Bad experience bgt, tgl 12 nov’22 malem itu tbtb ada suara ledakan dr kamar. Dikirain ada apa, saya lgsg tlp room service karna panik. Lalu teknisi datang sekitar 10 menit, kemudian bertanya saya abis nyalain apa di kamar, padahal posisi saya sedang makan dan nonton tv. Teknisi cek di kamar mandi dan mengendus tp tidak ada bau gosong. Lalu di cek ke mcb dan listrik bagian atas plafon, trnyata ada kabel lampu ruang utama yg putus. Apakah tidak ada cek rutin dsb nya ya? Jujur saya kaget dan panik krn suara meledug nya keras dan listrik kamar lgsg padam. 😩",experience banget malam tbtb suara ledak kamar dikirain lgsg telepon room service karna panik teknisi menit nyalain posisi makan nonton mandi endus gosong listrik plafon trnyata kabel lampu ruang utama putus rutin jujur kaget meledug keras padam,negatif
ChdDSUhNMG9nS0VJQ0FnSUM2dzdQQmlRRRAB,2,"Below expectation.. terutama pd saat breakfast, pd saat minta krecek (gudeg) dikatakan oleh petugasnya nanti akan diisi lagi krn masih ada di dapur, ketika sdh saya tunggu & balik lagi, dikatakan sdh habis..? Kmdn pilihan juice juga dikatakan sdh habis, ketika minta buah-2an juga habis...? Pdhal giliran breakfastnya masih termasuk pagi. Hotel bintang 5 yg mengecewakan.",below expectation utama breakfast krecek gudeg tugas dapur tunggu habis kmdn pilih juice buah pdhal gilir breakfastnya masuk pagi hotel bintang kecewa,negatif
ChZDSUhNMG9nS0VJQ0FnSUN3MXYyWENnEAE,5,"Hotel Tentrem merupakan salah satu hotel bintang lima yang ada di Yogyakarta.  Tempatnya tepat berada di jantung kota Yogyakarta.  Sesuai namanya. Gak diragukan lagi siapapun yang datang ke hotel ini bisa merasakan ketentraman. Ketenangan, dan kehangatan suasananya.  yang pasti enjoy dengan keramahtamahan para stafnya yang menyambut dengan senyuman ramah dan manis.
Hotel ini sangat cocok jika ingin dijadikan tempat sebagai momen kenangan menginap dalam nuansa tradisi jawa, yang membawa  kita serasa dirumah sendiri
Historis hotel ini sangat berkaitan erat dengan jamu sido muncul, tak heran jika memasuki hotel ini tercium aroma harum yang segar dari serbuk sereh.. Di tempat ini fasilitasnya sangat bagus dan mewah, tak heran di tempat ini sering dijadikan alokasii konser dari artis termama seperti Fina P. Raisa Rosa  Afgan sampai ke Dews 19 .",hotel tentrem rupa salah bintang yogyakarta jantung kota sesuai ragu ketentraman tenang hangat suasana enjoy keramahtamahan staf sambut senyum ramah manis cocok momen kenang inap nuansa tradisi jawa bawa serasa rumah historis kait erat jamu sido muncul heran pasuk cium aroma harum segar serbuk sereh fasilitas bagus mewah alokasi konser artis mama fina raisa rosa afgan dews,positif
ChZDSUhNMG9nS0VJQ0FnSUNiazdicEN3EAE,5,Hotelnya mewah banget. Pelayanannya ramah. Dan makanannya enak. Sangat nyaman..,hotel mewah banget layan ramah makan enak nyaman,positif
ChdDSUhNMG9nS0VJQ0FnSUNZaHQzTnNBRRAB,5,"Asli hotelnya bikin tentrem. Kamar luas, pelayanan oke, fasilitas lengkap. Paling suka kalo nginep sini ya fasilitasnya, mulai dari berenang, massage, spa, sampe gym tersedia. Tinggal atur waktu aja. Selain itu, di hotel ini jg ada tokonya gt yang jual batik-batik kualitas kece. Satu lagi yang khas di hotel ini, aromanya kaya bau2 jamu gitu (ya iyalah satu naungan dibawah sidomuncul). Ada hall of fame juga..artis2 atau pejabat yang pernah nginep di hotel ini terpajag foto2nya dan ditandatangani.",asli hotel bikin tentrem kamar luas layan fasilitas lengkap suka kalo nginep renang massage sampe sedia tinggal atur toko jual batik kualitas kece khas aroma kaya jamu gitu naung sidomuncul hall fame artis jabat terpajag foto ditandatangani,positif
ChdDSUhNMG9nS0VJQ0FnSUR5Xy1QYnVRRRAB,5,"Setiap ada agenda meeting pilihan saya meeting dan tinggal di hotel Tentrem Yogja.. Kolam renang yg klo malam hari cantik banget,  kamar yg luas, kamar mandi yang sangat lengkap, nyaman buat istirahat dan staf nya sangat ramah",agenda meeting pilih tinggal hotel tentrem yogja kolam renang malam cantik banget kamar luas mandi lengkap nyaman istirahat staf ramah,positif
ChZDSUhNMG9nS0VJQ0FnSUQtenFYekNREAE,5,"Nginap disini 3 hari saat tugas kantor. Kamarnya bagus dan luas, kelengkapannya mantap semua ada di kamar. Sarapannya so far paling lengkap utk hotel di jogja. Recommended untuk nginap lagi",nginap tugas kantor kamar bagus luas lengkap mantap sarapan hotel jogja recommended,positif
ChZDSUhNMG9nS0VJQ0FnSURlNHZ2SFhBEAE,5,"Datang buat acara kantor jd hanya pakai meeting package aja.
Ruangan nyaman, bersih, rapi, wangi. Toilet bersih bgt & wangi. Makanan enak-enak, apalagi cakenya. Semua cakenya enakk.
Tp sedikit masukan buat yang jaga di tempat makan siang bisa ditraining lg. Karena kalo pas nanya ini makanan apa, suka bingung ngejelasinnya bahkan ada yang gak tau itu apa. Apalagi kalau yg disediain makanan tradisional.Jenis perjalananBisnis",acara kantor pakai meeting package ruang nyaman bersih rapi wangi toilet banget makan enak cakenya masuk jaga siang ditraining kalo nanya suka bingung ngejelasinnya tradisional,positif
ChdDSUhNMG9nS0VJQ0FnSURobG92VXdnRRAB,1,"Hotel Terbaik Bintang 5..
Kamar Bagus & Luas..
Pelayanan Kurang Memuaskannn Masih Menganggap Rendah Orang...
Dan Yg Paling Kurang Sopan Adalah Saat Memasukan Snack Ringan Di Saat Sya Tidak Berada Di Kamar...

Menurut Penilaian Sya Kurang Sopan Di Saat Tamu Tidak Berada Di Kamar.....Jenis perjalananLiburanGrup perjalananPasanganKamar: 5Layanan: 1Detail pentingPetugasnya Tidak Sopan Di Saat Tidak Ada Penghuni Di Kamar..

Maen Masuk Aja",hotel bintang kamar bagus luas layan puas anggap rendah orang sopan pasu snack ringan nilai tamu tugas huni maen masuk,negatif
ChZDSUhNMG9nS0VJQ0FnSUNoMUxlVGJREAE,5,"Love this hotel so much…
Tiap hari bisa makan es krim
tolak angin kesukaanku, makan bonbon & macaron dengan kreasi kearifan lokal, tiap hari dikasih jamu beras kencur…
kamarnya luas dengan fasilitas yg lengkap

Pasti ajan kembali lagi menginap disini",love this hotel much makan krim tolak angin suka bonbon macaron kreasi arif lokal kasih jamu beras kencur kamar luas fasilitas lengkap ajan inap,positif
ChdDSUhNMG9nS0VJQ0FnSURhNU9YOTdBRRAB,5,"1 kata Gila! Selain hotelnya mewah sekali dan nyaman , pelayanannya jg sgt oke, ketika sarapan didepan kolam, pelayannya ada yg melihat meja saya terlalu sempit untuk menampung 2 porsi breakfast saya dgn pasangan, langsung menawari saya untuk pindah meja dan menggeser meja tamu lainnya yg hanya dipakai untuk tas saja.Salut! RESPECT! Sungguh pekaGrup perjalananPasanganKamar: 5Layanan: 5Lokasi: 5",gila hotel mewah nyaman layan sarapan kolam lihat meja sempit tampung porsi breakfast pasang langsung tawar pindah geser tamu pakai salut respect sungguh peka,positif
ChdDSUhNMG9nS0VJQ0FnSURSanZ5Tm5nRRAB,5,"Hotel 1 kali beserta keluarga besar. Dengan kamar yg besar, restaurant. Ada kolam renang nya. Kalau mau beli batik tulis jg ada butik di lantai dasar. Bisa pesan antar ke bandara.Jenis perjalananLiburanGrup perjalananKeluargaKamar: 5Layanan: 4Lokasi: 4Sorotan hotelMewah",hotel kali keluarga kamar restaurant kolam renang beli batik tulis butik lantai dasar pesan bandara mewah,positif
ChdDSUhNMG9nS0VJQ0FnSURadllHVDdBRRAB,5,"Tidak perlu di ragukan kalau hotel yang 1 ini mulai dari masuk di sambut hangat,  tiap sudut wangi nya khas.
Fasikutas lengkap banget.
Luar biasa TENTREM Hotel YogyakartaKamar: 5Layanan: 5Lokasi: 5",ragu hotel masuk sambut hangat sudut wangi khas fasikutas lengkap banget tentrem yogyakarta,positif
ChZDSUhNMG9nS0VJQ0FnSUNUeHR2bFlREAE,5,"Hotelnya bagus, kamarnya nyaman, breakfast nya banyak pilihan. Ada tempat main anak jgJenis perjalananLiburanGrup perjalananKeluargaKamar: 5Layanan: 5Lokasi: 5Sorotan hotelMewah, Romantis, Cocok untuk anak-anak",hotel bagus kamar nyaman breakfast pilih main mewah romantis cocok,positif
Ci9DQUlRQUNvZENodHljRjlvT2xoSVltSnRURWt6ZEY5b2EyWnhNVWRpWkhWcmNXYxAB,5,"Selalu nyaman stay di hotel tentremJenis perjalananBisnisGrup perjalananTunggalKamar: 5Layanan: 5Lokasi: 5Sorotan hotelMewah, Pemandangan yang indah, Tenang",nyaman stay hotel tentrem mewah pandang indah tenang,positif
ChdDSUhNMG9nS0VJQ0FnSURKXzlqb21BRRAB,5,"Makanan enak (breakfast terdiri dair kuliner top Jogja spt Gudeg Yu Djum,Soto Kadipiro dll.
Welcome drinknya unik: gelato ada rasa STMJ dan tolak angin atau jamu beras kencur dan kunyit asem.
Penyaji pakai mouth mica mask spt di drakor😊 keren..
Kamar dan fasilitas terbaik,pelayanan baik dan cepat.
Recommended👍Jenis perjalananBisnisGrup perjalananKeluargaKamar: 5Layanan: 5Lokasi: 5Makanan & minumanEnak2 semuaSorotan hotelMewah, Harga terbaik",makan enak breakfast dair kuliner bagus jogja gudeg djum soto kadipiro drinknya unik gelato stmj tolak angin jamu beras kencur kunyit asem saji pakai mouth mica mask drakor keren kamar fasilitas layan cepat recommended mewah harga,positif
ChdDSUhNMG9nS0VJQ0FnSUQ2eU9EbDBnRRAB,5,"Menghadiri perayaan nikah di ballroom.
Area parkir di basemen, cukup luas dengan penataan rapi.
Ruang bersih dan sejuk, pencahayaan  terang tanpa silau.
Sound system cukup jelas sampai tempat duduk bekakang.
Menunya enak, penyajian dengan sopan dan ramah di tiap meja.
Peralatan makan bersih tertata rapi.
Dekorasi dan tata ruang cukup bagus dan menarik dengan bunga-bunga yang indah segar.
Toilet bersih dengan aroma teraphy yang menyegarkan.",hadir raya nikah ballroom area parkir basemen luas tata rapi ruang bersih sejuk cahaya terang silau sound system duduk bekakang menu enak saji sopan ramah meja alat makan dekorasi bagus tarik bunga indah segar toilet aroma teraphy,positif
ChdDSUhNMG9nS0VJQ0FnSUNKdk02WWd3RRAB,5,"Hotel yang selalu kami singgahi jika berada di kota yogyakarta karena letaknya sangat strategis di tengah kota

Selain itu fasilitas di hotel juga sangat lengkap ada kolam renang, gym, kids playground dll

Kamar juga besar, tempat tidur besar dan fasilitas kamar seperti setrika, kulkas, tv, hair dryer tersedia, kamar mandi besar dengan bathtub dan air hangat yg mengalir  deras

Menu untuk sarapan sangat beragam pilihannya dari western sampai javanese food tersedia dan rasanya juga enak

Tempat parkir besar dan ada layanan vallet (berbayar)

Pelayanan staff sangat ramah dan cekatanJenis perjalananLiburanGrup perjalananKeluargaKamar: 5Layanan: 5Lokasi: 5Sorotan hotelMewah, Cocok untuk anak-anak",hotel singgah kota yogyakarta letak strategis fasilitas lengkap kolam renang kids playground kamar tidur setrika kulkas hair dryer sedia mandi bathtub hangat alir deras menu sarapan ragam pilih western javanese food enak parkir layan vallet bayar staff ramah cekat mewah cocok,positif
ChdDSUhNMG9nS0VJQ0FnSUNLdl9YVXJ3RRAB,5,Sangat baik. Protokol kesehatannya sangat bagus semua bagasi di desinfektan. Ruangan jg di uv dan disterilkan. Pelayanan sangat baik. Request saya utk kamar connecting door jg direspon dgn sangat baik. Sangat recommended. Pasti akan nginap lagi disini jika ke Jogja. Sarapan jg lengkap menu enak2. Lokasi sangat baik.fasilitas kamar jg sangat baik.,protokol sehat bagus bagasi desinfektan ruang steril layan request kamar connecting door direspon recommended nginap jogja sarapan lengkap menu enak lokasi fasilitas,positif
ChZDSUhNMG9nS0VJQ0FnSUNzbGRpSVJnEAE,4,Epic. Suka ambil foto2 setiap sudutnya. Hotel luxury bintang lima yg tidak diragukan  kelengkapan fasilitas & kenyamanan nya. Sedikit saran untuk menjadikan nilai tambah bagi tamu : perlu waitress di tiap pintu entrance yg terbuat dari kayu jati ukir besar yg cukup berat untuk di akses oleh anak2. Pelayanan juga terkesan standar & kurang membuat special bagi tamu.,epic suka ambil foto sudut hotel luxury bintang ragu lengkap fasilitas nyaman saran nilai tamu waiters pintu entrance kayu jati ukir berat akses layan standar special,positif
ChZDSUhNMG9nS0VJQ0FnSURlZ3FhSmRnEAE,5,"Hotel terbaik di jogja, pelayanan sangat ramah dan santun, kamar luas, makanan ada es krim tolak angin 😁, kolam renang, gym semua lengkap. Lokasi ga begitu jauh lah dari pusat kota.Kamar: 5Layanan: 5Lokasi: 5",hotel jogja layan ramah santun kamar luas makan krim tolak angin kolam renang lengkap lokasi pusat kota,positif
ChZDSUhNMG9nS0VJQ0FnSUQ1cHBDZkVREAE,5,"Tempat buat healing yang mantab, dan hebatnya Tentrem sarapan paginya kita disuguhi menu-menu terbaik di kota tersebut sampe bingung ngak muat makan begitu banyak yg enak dan perlu dicobain semua 😂Kamar: 5Layanan: 5Lokasi: 5",healing bagus hebat tentrem sarapan pagi suguh menu kota sampe bingung ngak muat makan enak dicobain,positif
ChdDSUhNMG9nS0VJQ0FnSURvenV2SjBnRRAB,4,my Favorit hotel in Yogyakarta. They have a good pool and food. Cozy place too. Sayang ada beberapa kamar yang berada di atas pub akan berasa bising sampai lewat tengah malam. dan pengalaman saya tidak bisa minta pindah kamar sangat tidak menyenangkan karena mereka bilang full,favorit hotel yogyakarta they have good banget food cozy place sayang kamar bising malam alam pindah senang bilang full,positif
ChZDSUhNMG9nS0VJQ0FnSURZZ2J5YUJ3EAE,5,"Salah satu hotel terbaik di Yogyakarta. Breakfast nya top banget. Fasilitas gym sangat bagus, lengkap dengan kolam renang, jacuzzi, dan sauna. Ada tempat spa nya juga untuk personal, couple, dan bayi. Vanilla lounge di hari2 tertentu ada live music. Tentunya parkiran luas dan nyaman.",salah hotel yogyakarta breakfast bagus banget fasilitas lengkap kolam renang jacuzzi sauna personal couple bayi vanilla lounge live music parkir luas nyaman,positif
ChZDSUhNMG9nS0VJQ0FnSUQyMFlTLUR3EAE,5,"Jujur bagus banget

Kolamnya 24 jam, dan biru bangetttt. Lebih bagus pas malam dibandingkan pagi.
Isi dari minuman pantrynya anget2 khas Sidomuncul

The breakfast toppp, alias kalau mau ayce Indonesian food top banget. Ada sushi roll pula. Jangan lupa gelato rasa jamu

Vibesnya tuh a blend between traditional and modern. Kalau ke Jogja, spending this much for this kind of experience is worth it.Jenis perjalananLiburanGrup perjalananTemanKamar: 5Layanan: 5Lokasi: 5",jujur bagus banget kolam biru malam banding pagi minum pantrynya anget khas sidomuncul breakfast alias ayce indonesian food sushi roll lupa gelato jamu vibesnya blend between traditional modern jogja spending this much kind experience worth,positif
ChZDSUhNMG9nS0VJQ0FnSUNDbGRPdVlBEAE,5,"Saya Review Hotel Ini Karna Saya sudah 2 Minggu Keliling Jawa, Sudah Beberapa Hotel Saya Kunjungi Selama 2 Minggu Dijalan, Saya Datang Dari Jambi, Oke Saya Review HotelNya Dulu. 1. TEMPAT Sangat Bagus Semua Fasilitas Ada, Kolam Renang Bagus, playGroud Anak Ada, 2. KAMAR Sangat2 Nyaman, dan kebetulan saya pakai harga kamar 1,8 Juta Saya Benar2 sangat menikmati fasilitas hotel, 3. LOKASI sangat dekat dengan malioboro jaraknya hanya 1 Km dari hotel. 4. SARAPAN disini jangan takut mencoba semua makan disini, semua enak2, saran saya makan sedikit saja supaya bisa coba semuanya, 5. PELAYANAN soal pelayanan sangat2 baik Ramah Dengan Khas Jawanya. Saya sudah 2 kali ke jogja. Ini hotel yang berbeda saya kunjungi, saya ke jogja 2 hotel yg sangat2 rekomen saya kunjungi dan ini salah satunya",review hotel karna minggu keliling jawa kunjung jalan jambi bagus fasilitas kolam renang play groud kamar nyaman pakai harga juta nikmat lokasi malioboro jarak sarapan takut coba makan enak saran layan ramah khas jawanya kali jogja beda rekomen salah,positif
ChZDSUhNMG9nS0VJQ0FnSUMydXVuakdBEAE,5,Sangat berkesan sekali penjamuan dan pelayanan ketika hendak masuk hotel tentrem yogyakarta disambut dengan sapaan yang baik dan sopan. Saat hendak mengujungi ke lokasi kayu manis diantar hingga lokasi tujuan dan dilayani dengan santun dan sangat membanggakan dihati dan membuat ingin berkunjung kembali tuk melakukan kunjungan diresto kayu manis tuk reservasi bukber bersama keluarga. Terima kasih atas sambutan dan pelayanan yang diberikan kepada saya dan keluarga saya hotel tentrem yogyakarta jasa pelayananmu kubanggakan.Jenis perjalananLiburanLayanan: 5Lokasi: 5,kesan jamu layan masuk hotel tentrem yogyakarta sambut sapa sopan ujung lokasi kayu manis tuju santun bangga hati kunjung laku diresto reservasi bukber keluarga terimakasih jasa,positif
ChdDSUhNMG9nS0VJQ0FnSUNtOTdtZ3ZRRRAB,5,"Salah satu hotel terbaik di jogja dan sangat cocok untuk liburan keluarga karena dilengkapi dengan playground yang sangat besar dan lengkap, kolam renang yang bersih dan besar. Untuk kamar tidak perly di ragukan lagi karena sangat bersih rapi dan wangi rempah rempah yang membuat tubuh relax dan nyaman saat beristirahat",salah hotel jogja cocok libur keluarga lengkap playground kolam renang bersih kamar perly ragu rapi wangi rempah tubuh relax nyaman istirahat,positif
ChdDSUhNMG9nS0VJQ0FnSUQwdGFMZzBnRRAB,5,"Suasana di hotel sesuai dengan namanya, tentrem, damai. Setidaknya itu yang saya rasakan saat saya masuk ke dalamnya.

Lobby-nya luas dengan atap yang tinggi benar benar membuat suasana nyaman. Ada juga area duduk outdoor agak ke belakang dengan pemandangan ke arah kolam renang temoat dudul tersedia dalam jumlah cukup. Pas benar buat ngobrol dengan teman atau tamu sambil menikmati kopi.

Area restoran juga tertata dengan amat rapi dan terlihat elegan.  Dibare lobby jugavada beberapa ruang untuk office dan juga shop.

Senangvberada di sini.",suasana hotel sesuai tentrem damai masuk lobby luas atap nyaman area duduk outdoor pandang arah kolam renang temoat dudul sedia ngobrol teman tamu nikmat kopi restoran tata rapi lihat elegan dibare jugavada ruang office shop senangvberada,positif
ChZDSUhNMG9nS0VJQ0FnSUNCMk42OGN3EAE,5,"Hotelnya bagus, kamarnya sangat nyaman. Gymnya keren banget. Ada playground juga. Staff ramah. Untuk makanan buffet sangat oke banget, variasinya banyak dan enak-enak. Recomended.",hotel bagus kamar nyaman gymnya keren banget playground staff ramah makan buffet variasi enak recomended,positif
ChZDSUhNMG9nS0VJQ0FnSUNnazUtb0RBEAE,2,"Hotel yg bagus.... lokasi tengah kota...

Hotel bintang 5 tp rasa bintang 3

Menginap di hotel ini kurang menyenangkan. Baru kali ini menginap di hotel bintang 5 tp ketika breakfast harus antri.... meja-meja yg pakai sofa sudah diblocked untuk keluarga Pak Irwan Hidayat (owner)...

AC di seluruh ruangan termasuk di kamar tidak dingin....

Yg paling kasian adalah driver ojek Online yang mengantarkan makanan harus copot jaket dan parkir sepeda motor di jalan raya..... aturan yang aneh sepeda motor tidak boleh masuk hotel.... baru kali ini saya liat aturan seperti ini. Saya menginap di bintang 5 lainnya pun, sopir ojek online boleh kok masuk ke lobby hotel....",hotel bagus lokasi kota bintang inap senang kali breakfast antri meja pakai sofa diblocked keluarga irwan hidayat owner ruang masuk kamar dingin kasi driver ojek online makan copot jaket parkir sepeda motor jalan raya atur aneh liat sopir lobby,negatif
ChZDSUhNMG9nS0VJQ0FnSURwOVlTMFdREAE,5,Hotel Tentrem Yogyakarta Sungguh sangat bagus bangat pemandangan ya..  Kamar ya sangat luas bersih . makan yang disajikan bermacam macam dan lezat. Pelayanan ramah bangat.Jenis perjalananLiburanGrup perjalananTemanSorotan hotelMewah,hotel tentrem yogyakarta sungguh bagus bangat pandang kamar luas bersih makan saji lezat layan ramah mewah,positif
ChdDSUhNMG9nS0VJQ0FnSUNBNHE2WHhBRRAB,5,"Aroma wewangian hotelnya khas dan menyenangkan. Makanan enak. Staff ramah. Lokasi ga jauh dari malioboro. Fasilitas di kamar juga cukup lengkap. Air conditionernya dingin banget, bahkan tanpa ac dihidupin juga udah sejuk ruangan. Air hangat berfungsi.",aroma wewangian hotel khas senang makan enak staff ramah lokasi malioboro fasilitas kamar lengkap conditionernya dingin banget dihidupin udah sejuk ruang hangat fungsi,positif
ChZDSUhNMG9nS0VJQ0FnSURNdDhuY1hnEAE,4,"Hotel yang cukup mewah dan berada di Jogja utara, letaknya strategis tidak jauh dari Tugu Yogyakarta. Fasilitas sangat lengkap dan sangat baik. dilengkapi juga dengan Hall yang megah dan bagus. Tempat parkir luas menampung banyak kendaraan pengunjung maupun tamu.",hotel mewah jogja utara letak strategis tugu yogyakarta fasilitas lengkap hall megah bagus parkir luas tampung kendara unjung tamu,positif
ChZDSUhNMG9nS0VJQ0FnSUNvLVBXblVBEAE,5,"Hotel tentrem adalah salah satu hotel terbaik di Jogja. Pelayanannya sangat baik mulai dari proses check in sampai check out. Breakfastnya juara,dari menu tradisional sampai international tersedia. Selain itu rasanya juga sangat enak. Proses pembersihan kamar dalam 1 hari dilakukan 2x, pagi dan malam hari. Pokoknya full service deh....",hotel tentrem salah jogja layan proses check breakfastnya juara menu tradisional international sedia enak bersih kamar laku pagi malam pokok full service,positif
ChZDSUhNMG9nS0VJQ0FnSUNJc3VlVU5nEAE,5,"Hotel terbesar , terbaik dan ternyaman di Jogja. Fasilitasnya lengkap. Pelayanannya baik dan ramah. Kamarnya nyaman. Parkiran juga besar. Lokasinya ga terlalu jauh dari Tugu. Jadi mo ke arah malioboro ga jauh.  Menu makanan buffet untuk breakfastnya enak dan banyak macamnya. Cobain gelato sebelah poolnya. Yg rasa tolak angin. enakkk",hotel nyaman jogja fasilitas lengkap layan ramah kamar parkir lokasi tugu arah malioboro menu makan buffet breakfastnya enak cobain gelato belah poolnya tolak angin,positif
ChdDSUhNMG9nS0VJQ0FnSUNLb2NpWDl3RRAB,4,"Mewah bersih.. Sayang sekali, kekurangan fatal sebuah hotel bintang 5 menurut saya dan keluarga, pool anak dan kids playground bersebelahan dengan smoking area. Saran utk smoking area dipindahkan.  Di area khusus spt basement atau mengarah keluar hotel. Di era pandemi seperti ini mungkin lebih baik lagi dilarang merokok dimanapun.
Ada contoh hotel di Yogya yg lebih baik utk tata peletakan area smoking. Mungkin bisa dipertimbangkan",mewah bersih sayang fatal buah hotel bintang keluarga banget kids playground bahan smoking area saran pindah khusus basement arah pandemi larang rokok contoh yogya tata leta timbang,positif
ChZDSUhNMG9nS0VJQ0FnSUNzM0lLcUlREAE,1,"Hotel bagus, sayang staff tidak profesional dan Lift tidak bisa naik. Dari LG tidak bisa up ke room, harus diakalin turun B dulu kemudian naik. Dan saat malam ni saya review, 21.35 saat keadaan ramai.
Mohon koreksi nya, sebagai guest tamu cukup memberi pengalaman kurang nyamanJenis perjalananLiburanKamar: 3Layanan: 2Lokasi: 5",hotel bagus sayang staff profesional lift room diakalin turun malam review ramai mohon koreksi guest tamu alam nyaman,negatif
ChdDSUhNMG9nS0VJQ0FnSUM2MU1DQjBnRRAB,1,sangat menjengkelkan reception Wahyu. Alasan voucher 200.000. bilang harga turun? alasan lain saat check in sudah diinfokan harga kamar dipotong 200.000.  Kelihatan Bodohnya mana ada voucher makan dipotong harga kamar.Marketing juga tidak jujur tidak memginfokan. setelah ditanyakan lempar ke reception. Sangat menyebalkan.Jenis perjalananLiburan,jengkel reception alas voucher bilang harga turun check info kamar potong lihat bodoh makan marketing jujur memginfokan lempar sebal,negatif
ChZDSUhNMG9nS0VJQ0FnSURlM3UySlFREAE,5,Nyobain fasilitas olahraganya aja.... jadi member.... mantap fasilitasnya. Lapangan tennisnya bagus dan bersih konsepnya semi indoor dan hanya ada 1 lapangan saja. Untuk peralatan fitnessnya juga cukup lengkap...,nyobain fasilitas olahraga member mantap lapang tennisnya bagus bersih konsep semi indoor alat fitnessnya lengkap,positif
ChdDSUhNMG9nS0VJQ0FnSUNxb2J5eXFRRRAB,5,"dapet free upgrade kamar, karena berhubung suami lagi bikin event disini. yang disayangkan, selama 1 minggu menginap disini, semua menu sarapan sama terus, itu lagi itu lagi. rasa masakan juga terlalu asin.

untuk protokol selama pandemi, kami gak khawatir. semua disanitasi sebelum digunakan. terimakasih banyak",dapet free upgrade kamar hubung suami bikin event sayang minggu inap menu sarapan masak asin protokol pandemi khawatir sanitasi terimakasih,positif
ChdDSUhNMG9nS0VJQ0FnSURReWZIWXp3RRAB,4,"Hotel yang ngehits di Yogyakarta, banyak selebriti dan tokoh yang memilih menginap di hotel Tentrem ini.

Desain interiornya cantik, Lobinya pun asyik. Untuk fasilitasnya lengkap, mulai kolam renang, area parkir, restoran, dsb.

Di Bulan Ramadhan ini ada paket all you can eat Rp. 115.000/orang. Untuk bisa menikmati varian menu yang tersedia pada paket all you can eat, sebaiknya sholat maghrib dahulu karena lokasi musholla agak jauh dr restoran dan daya mushollanya tidak banyak, jadi lumanyan antriannya.",hotel ngehits yogyakarta selebriti tokoh pilih inap tentrem desain interior cantik lobi asyik fasilitas lengkap kolam renang area parkir restoran ramadhan paket orang nikmat varian menu sedia sholat maghrib lokasi musholla daya mushollanya lumanyan antri,positif
ChdDSUhNMG9nS0VJQ0FnSURZeTlhTHVRRRAB,5,Hotel 🌟🌟🌟🌟🌟 tempatnya nyaman sekali. Parkir mudah dan luas. Pas masuk ke dalam langsung terlihat sentuhan khas nature seperti kursi yang alami berhentuk belahan kayu. Aroma di dalam juga didominasi oleh aroma serai. Dan yang tidak kalah penting adalah adanya mushola yg cukup mewadahi untuk ukuran hotel. Jarang2 sih ada mushola senyaman dan sebesar ini di hotel. Semua tertata rapi. Cukup merepresentasikan culture Indonesia sih.,hotel nyaman parkir mudah luas masuk langsung lihat sentuh khas nature kursi alami berhentuk bahan kayu aroma dominasi serai kalah mushola wadah ukur jarang tata rapi representasi culture indonesia,positif
ChdDSUhNMG9nS0VJQ0FnSUN3NTVfZ293RRAB,5,Hotel yang menunjukkan keramahan khas Indonesia. Staff yang siap membantu kita. Welcome drink yg unik paduan rasa dari jamu khas sido muncul rasanya menjadikan tempatbygvtidak terlupakan. Kamar dan fasilitas cukup baik serta bersih. View kamar dengan pemandangan gunung atau kita bisa mendapatkan view ke kolam renang. Breakfast menyajikan menu yang sabgat beragam. Menjadikan kita berlama-lama duduk bersantai di pagi hari dengan secangkir kopi dari kopi nusantara.,hotel ramah khas indonesia staff bantu minum unik padu jamu sido muncul tempatbygvtidak lupa kamar fasilitas bersih view pandang gunung kolam renang breakfast saji menu sabgat ragam duduk santa pagi cangkir kopi nusantara,positif
ChdDSUhNMG9nS0VJQ0FnSUM1MWZETXhBRRAB,5,"Good ambience, pelayanan sangat baik, saya ada tertinggal barang di kamar, dan pihak hotel menghubungi untuk dikirimkan kembali..good service!Jenis perjalananLiburanGrup perjalananKeluargaKamar: 5Layanan: 5Lokasi: 5Sorotan hotelMewah, Tenang, Cocok untuk anak-anak",good ambience layan tinggal barang kamar hotel hubung kirim service mewah tenang cocok,positif
ChdDSUhNMG9nS0VJQ0FnSURRNklqRjZRRRAB,5,"Interiornya sangat sangat berkelas, tanpa meninggalkan etnik Jawa yang begitu kental.

Kamarnya didesain dengan amat modern, dan luas.

Makanan lengkap tersedia (western & traditional) dan semuanya enak2.

Fasilitas lengkap, dan terletak tak jauh dari tugu Jogja (sekitar 3 km utara tugu Jogja).

Parkiran luas.

Seluruh staf hotel sangat ramah.

Gak nyesal inap di hotel bintang 5 ini, sekalipun harganya cukup menguras isi kantong.",interior kelas tinggal etnik jawa kental kamar desain modern luas makan lengkap sedia western traditional enak fasilitas letak tugu jogja utara parkir staf hotel ramah nyesal inap bintang harga uras kantong,positif
ChdDSUhNMG9nS0VJQ0FnSURRcTZ6R2tBRRAB,5,"Satu kata untuk hotel ini: MEWAH!
Sebagai hotel milik sido muncul maka aroma jamu sangat mewarnai seluruh bagian hotel ini, mulai dari lobby, lift, sampai hall menuju kamar.
Plafond sangat tinggi sehingga menambah kesan mewah dan luas, selain itu memberi kesan berasa adem.
Lift sudah menggunakan teknologi touch screen, sebuah hal yang berbeda dibanding hotel lainnya (yang pernah saya kunjungi).
Kamar cukup luas dan nyaman, tersedia brankas di lemari, tersedia kulkas di meja dekat tv, ada area kamar mandi dibatasi dengan kaca menuju view tempat tidur.",hotel mewah milik sido muncul aroma jamu warna lobby lift hall tuju kamar plafond kesan luas adem teknologi touch screen buah beda banding kunjung nyaman sedia brankas lemari kulkas meja area mandi batas kaca view tidur,positif
ChZDSUhNMG9nS0VJQ0FnSUNaLXFIQk1nEAE,5,"Saya sangat merekomendasikan hotel ini, karena pelayanannya sangat baik membuat kita seperti berada di rumah. Prmandangan yang disajikanpun sangat indah serta di tambah dekorasi yang sangat mewah.Jenis perjalananLiburanGrup perjalananKeluargaKamar: 5Layanan: 5Lokasi: 5Sorotan hotelMewah, Pemandangan yang indah, Romantis, Tenang, Cocok untuk anak-anak, Harga terbaik, Berteknologi tinggi",rekomendasi hotel layan rumah prmandangan saji indah dekorasi mewah pandang romantis tenang cocok harga teknologi,positif
ChdDSUhNMG9nS0VJQ0FnSUQwdWFIenFnRRAB,3,"Mungkin 99% reviewer bilang ini the best hotel di jogja.. tp tidak dng yg saya alami..
Saya menginap 5hari waktu lebaran 2019
Hari kedua sudah saya pasang tanda untuk kamar dibersihkan, memang dibersihkan tapi tidak diganti sprei dan sarung bantal.. waktu datang jg balkon kotor.. ( langsung dibersihkan ketika saya minta )
Hari ketiga saya telp ke house keeping untuk dibersikan dan diganti sprei dkk.. bahkan saat turun saya titip pesan lagi ke reception untuk diganti sprei dkk karena anak saya bintitan krn kotor dan ternyata permintaan saya tidak diindahkan.. hari ke 4 saya temuin managernya, saya nginep bayar sama spt tamu yg lain tp kok pelayanannya spt ini, akhirnya manager minta maaf dan langsung bersihkan kamar saya.. tp buat saya percuma knp ga dari kemarin2 diganti sarung bantal dan spreinya, harus terjadi sesuatu dulu dan tunggu komplain.. pihak hotel hanya tanya mau dibawa ke dokter? Ya jelas harus saya bawa ke dokter dan saya bayar sendiri biaya dokter di rs panti rapih.
Mohon maaf saya harus sampaikan review ini, smg hotel ini bisa menjadi lebih baik lagi krn ini hotel bintang 5 bukan losmen..
Terimakasih untuk kue dan kartu ucapan permintaan maafnya.. 🙏🙏",reviewer bilang hotel jogja alami inap lebaran pasang tanda kamar bersih ganti sprei sarung bantal balkon kotor langsung telp house keeping dibersikan turun titip pesan reception bintit nyata indah temuin managernya nginep bayar tamu layan manager maaf kemarin tunggu komplain bawa dokter biaya panti rapih mohon review bintang losmen terimakasih kartu,netral
ChZDSUhNMG9nS0VJQ0FnSUNLcWIyYWNBEAE,5,"Bersih, prokes cukup ketat, sarapan juga ada floor manager yang helpful. Sarapan bubur ayamnya enak, gurih, sambalnya juga pas. Ada juga bubur manado. Varian menu lainnya juga cukupbanyak, ada jajanan pasar dan bubur ketan hitam.
Salah satu hotel terbaik yang dekat pusat kota. Ke Tugu hanya selisih 2 perempatan. Di sekitar hotel juga ada beberapa cafe sehingga apabila butuh meeting point atau tempat janjian mudah juga bertemu diluar hotel.",bersih prokes ketat sarapan floor manager helpful bubur ayam enak gurih sambal manado varian menu cukupbanyak jajan pasar ketan hitam salah hotel pusat kota tugu selisih cafe butuh meeting point janji mudah temu,positif
ChZDSUhNMG9nS0VJQ0FnSUNLNDhINERREAE,4,"Hotelnya nyaman dan strategis. Petugasnya ramah ramah banget. Makanannya juga enak enak. Sayangnya tidak ada prosedur evakuasi yang jelas untuk bencana.Waktu saya menginap kebetulan sedang gempa, saya dikamar, begitu keluar kamar mau lari, petugas tidak ada yg mengarahkan untuk evakuasi, petugas yang saya temui justru masih santai bekerja meski tahu ada gempa. Semoga kedepannya lebih baik lagi karena sebenarnya cukup nyaman hotelnya.",hotel nyaman strategis tugas ramah banget makan enak sayang prosedur evakuasi bencana inap gempa kamar lari arah temu santai kerja moga,positif
ChdDSUhNMG9nS0VJQ0FnSUNaNGJQazJBRRAB,5,"pelayanan disini ramah, hotelnya bagus, fasilitas nya memadai, harga nya jg sesuai dgn yg saya mau, makasii hotel tentram yogyakarta✨Kamar: 5Layanan: 5Lokasi: 5",layan ramah hotel bagus fasilitas harga sesuai makasii tentram yogyakarta,positif
ChdDSUhNMG9nS0VJQ0FnSURYdDdPZmx3RRAB,5,"Beberapa kali kesini utk nyobain buffet buka puasanya. Various kind of indonesian food. Super worthedJenis perjalananLiburanGrup perjalananTemanSorotan hotelMewah, Cocok untuk anak-anak, Harga terbaik",kali kesini nyobain buffet buka puasa various kind indonesian food super worthed mewah cocok harga,positif
ChdDSUhNMG9nS0VJQ0FnSUN3dWR1Ymp3RRAB,5,"Hotel bintang lima paling mewah di Jogjakarta, mudah di akses terletak di tengah kota. Pilihan kamar kelas utama, pengamanan hotel terjamin, makanan dan fasilitasnya luar biasa. Hotel ini menyesiakan tempat bermain anak.",hotel bintang mewah jogjakarta mudah akses letak kota pilih kamar kelas utama aman jamin makan fasilitas main,positif
ChZDSUhNMG9nS0VJQ0FnSURabHVycFFREAE,5,"Senang sekali bisa menginap disini selama 2 hari. Pelayanannya sangat baik, kamar luas dan nyaman. Makananpun tidak diragukan lagiKamar: 5Layanan: 5Lokasi: 5",senang inap layan kamar luas nyaman makan ragu,positif
ChdDSUhNMG9nS0VJQ0FnSURna3V6RmdBRRAB,5,"Hotelnya sangat bagus, tempat parkirnya luas, lokasi strategis dan juga sarapan pagi yang disediakan hotel ini lengkap dan variatif.

Selain di atas, pelayanan dan juga karyawan di hotel ini selalu membantu staff apa yang diinginkan kebutuhan tamu.

Ini merupakan pengalam yang tidak terlupakan menginap di Hotel Tentrem Yogyakarta, ini.Jenis perjalananLiburanKamar: 5Layanan: 5Lokasi: 5",hotel bagus parkir luas lokasi strategis sarapan pagi sedia lengkap variatif layan karyawan bantu staff butuh tamu rupa alam lupa inap tentrem yogyakarta,positif
ChZDSUhNMG9nS0VJQ0FnSUNjdGZydk5REAE,5,"Pertama datang...wow keren.
Hotel megah, luas kamar paling kecil adalah 40 M2
Rate per malam berkisar Rp 1,4 Juta
Dan yang paling favorit adalah menu sarapannya, mungkin butuh lebih dari 2 jam kalah mau mencoba semua menunya...hahaha
Yang unik...asa ice cream dengan rasa tolak angin (pemilik hotel adalah yang punya pabrik jamu sido muncul)
Di lobby juga disediakan rental sepeda Rp 50 rb per 4 jam
Di sekitar hotel ada bakpia kukus ( bakpia tugu) dan gudeg yu djum",keren hotel megah luas kamar rate malam kisar juta favorit menu sarapan butuh kalah coba unik cream tolak angin milik pabrik jamu sido muncul lobby sedia rental sepeda bakpia kukus tugu gudeg djum,positif
ChdDSUhNMG9nS0VJQ0FnSUNiM19mU3pRRRAB,5,"Mantap lokasinya strategis tengah kota, saya suka toiletnya lucu. Makananya juga enak, ya sebanding lahJenis perjalananLiburanGrup perjalananTunggalKamar: 5Layanan: 5Lokasi: 5Makanan & minumanAda untuk veganSorotan hotelMewah",mantap lokasi strategis kota suka toilet lucu makananya enak banding vegan mewah,positif
ChZDSUhNMG9nS0VJQ0FnSURBenJqWVRnEAE,3,"Breakfast menu seperti yg sudah2 Superb *two_thumbs*

Sayang layanan kamarnya makin hari makin tidak bagus. Saya & keluarga menginap 4 malam.

Housekeeping tidak isi refill minuman dikulkas & menemukan sikat gigi yang bukan milik kami di kamar mandi (mgkn bekas bersih2 atau apalah, sangat kecewa tdk final cek saat selesai beres2 kamar).
Pindah ke kamar Premier hari terakhir, banyak semut di kamar mandi & meja kamar.",breakfast menu superb thumbs sayang layan kamar bagus keluarga inap malam housekeeping refill minum kulkas temu sikat gigi milik mandi bekas bersih kecewa final selesai beres pindah premier semut meja,netral
ChZDSUhNMG9nS0VJQ0FnSUNUX01UNEJREAE,5,"Kesini cuman makan nongkrong sama temen
Sama bookingin buat client
Kamarnya memang woww
Arena bermain anaknya besarJenis perjalananLiburanGrup perjalananTemanKamar: 5Layanan: 5Lokasi: 5Sorotan hotelMewah, Cocok untuk anak-anak, Harga terbaik",kesini makan nongkrong temen bookingin client kamar woww arena main mewah cocok harga,positif
ChdDSUhNMG9nS0VJQ0FnSUM4d3F6YXJ3RRAB,5,"Kamarnya nyaman, pelayanannya sangat ok, sarapannya duhhhhhhhh terbaik di jogja lah, enak enak semuaaaa ga plain suka ada menu"" khas daerah dan itu rasanya bener"" mewakili jangan lupa roti kukusnya juaraaaaa!!! Kesini cuma buat renang dan ngopi santai juga enak lohhh, snacknya enak juga..oh iya, tempat gym cukup nyaman dan spa nya enaaaaak..",kamar nyaman layan sarapan jogja enak plain suka menu khas daerah bener wakil lupa roti kukus juara kesini renang ngopi santai snacknya,positif
ChZDSUhNMG9nS0VJQ0FnSUN3bzhYUU9nEAE,4,"Sudah kali kedua menginap di hotel Tentrem. Aroma sereh begitu melekat ketika masuk ke pintu hotel ini. Kamar bagus rapi bersih. Makanan kurang menggoyang lidah tetapi baksonya enak. Breakfast di pagi hari padat dan spertinya kurang tertangani. Tamu yang akan makan sampai ngantri cukup panjang. Aneka juice kosong tidak diisi lagi. Tetamu yang sudah duduk terutama di luar ruang makan, terlupakan tidak diberi teh/kopi. Pegawai harus dipanggil baru dituangkan.",kali inap hotel tentrem aroma sereh lekat masuk pintu kamar bagus rapi bersih makan goyang lidah bakso enak breakfast pagi padat tangan tamu ngantri aneka juice kosong tetamu duduk utama ruang lupa kopi pegawai panggil tuang,positif
ChZDSUhNMG9nS0VJQ0FnSUNvMHVlbGNREAE,5,"kamarnya nyaman (dapat kamar dgn view gunung-gunung, seger), dibersihkan 2 kali per hari, ada compliment minuman dan buah tiap hari, menu sarapan bervariasi dan enak-enak, kolam renangnya bagus, ada kids room untuk bermain anak-anak, gojek gofood friendly kalau perlu makanan dari luar. muantappp.",kamar nyaman view gunung seger bersih kali compliment minum buah menu sarapan variasi enak kolam renang bagus kids room main gojek gofood friendly makan muantap,positif
ChZDSUhNMG9nS0VJQ0FnSURJdW9xREZ3EAE,5,Suka bgtz sama wangi sereh di hotel ini. Sarapannya enak dan menu variasi nya banyak. Mulai dr jajanan kampung sampe makanan international. Dan buat yg lagi diet gak usa khawatir krn ad menu sarapan buat yg diet. Gelato tolak angin nya it's a must try. Sounds weird but taste good. Love it.,suka bgtz wangi sereh hotel sarapan enak menu variasi jajan kampung sampe makan international diet khawatir gelato tolak angin must sounds weird taste good love,positif
ChdDSUhNMG9nS0VJQ0FnSURWdnB6ejZBRRAB,5,"Hotel termewah bintang lima terkerren di jogja, adem, sejuk, fasilitas mewah lengkap, ada playground anak, makanan mewah yang variatif, dekat Malioboro dan worth it bangetJenis perjalananLiburanGrup perjalananKeluargaKamar: 5Layanan: 5Lokasi: 5",hotel mewah bintang terkerren jogja adem sejuk fasilitas lengkap playground makan variatif malioboro worth banget,positif
ChZDSUhNMG9nS0VJQ0FnSUNoc3Z6WVNBEAE,1,"Dapet pengalaman kurang menyenangkan dari staff atau orang yg jaga event hari ini. Kebetulan ada 2 event J&J dan Abbott. Slesai acara normal lah ya kami foto2 buat vidio. Tiba2 ada staff dengan kasarnya Seolah2 mengusir, Saran saya Seloww aja Pak, Sama2 kerja ga usah Nyolot !!! Anda Slow kita bisa lebih seloww. Sayang bgt Hotel Sebagus Tentrem Ada staff kyk gt.Grup perjalananTeman",dapet alam senang staff orang jaga event abbott slesai acara normal foto vidio kasar olah usir saran seloww kerja nyolot slow sayang banget hotel bagus tentrem,negatif
ChZDSUhNMG9nS0VJQ0FnSUNLMjVHV0VnEAE,5,"Kamar dan balkonnya luas, lokasi strategis, area kolam renangnya enak banget buat leyeh2 cantik, sarapannya paling suka sama bubur sumsum maduranya dan ada fresh juice by request.",kamar balkon luas lokasi strategis area kolam renang enak banget leyeh cantik sarapan suka bubur sumsum maduranya fresh juice request,positif
ChdDSUhNMG9nS0VJQ0FnSURROVpQajlBRRAB,5,"Semalam di tentrem hotel sebenarnya tak cukup utk menikmati fasilitas nya..  Tempat tidur yg sangat nyaman, hotel yg bersih.  Makanan enak meski sy rasa kurang lengkap variasi nya.  Kids club menyenangkan utk anak2, hanya saja ruangan kids club ac nya tidak dingin.pool dan jaccuzi airnya bersih, kamar mandi bersih. Staff nya ramah dan helpfull. Wangi sereh dimana2..  N i love it at all,  Wes pokoknya sdh bagus, kami puas di tentrem.",malam tentrem hotel nikmat fasilitas tidur nyaman bersih makan enak lengkap variasi kids club senang ruang dingin banget jaccuzi kamar mandi staff ramah helpfull wangi sereh love pokok bagus puas,positif
ChdDSUhNMG9nS0VJQ0FnSUMta2V1Y2xRRRAB,5,"really nice place to stay! bener² kualitas bintang 5 dari segi service, fnb, rooms, dan ambiencenya. pelayanannya ramah ramah bgt, makanannya enak² banget chefnya keren sii, parkiran luas, meeting rooms nyaman skalii, banquetnya dabestt! really worth the priceSorotan hotelMewah, Pemandangan yang indah",really nice place stay bener kualitas bintang segi service rooms ambiencenya layan ramah banget makan enak chefnya keren parkir luas meeting nyaman skalii banquetnya dabestt worth price mewah pandang indah,positif
ChdDSUhNMG9nS0VJQ0FnSUNnbTlQTl93RRAB,5,"Hotel bintang 5 di JOGJA ini asli nyaman banget, pelayanannya juga super super ramah. Harga juga gak terlalu mahal dibandingkan dengan fasilitas dan kenyamanan kita disana. Breakfastnya banyak bgt pilihan menu, di lobby maupun di kamar free berbagai macam makanan dan minuman, ada juga jamu jamu produk sidomuncul yang juga free untuk tamu tamunya. Yang paling menyenangkan, di hotel ini juga menyediakan tempat bermain anak (playground) yang juga free.. Excellent bgt deh 😍😍😍",hotel bintang jogja asli nyaman banget layan super ramah harga mahal banding fasilitas breakfastnya pilih menu lobby kamar free jamu produk sidomuncul tamu senang sedia main playground excellent,positif
ChdDSUhNMG9nS0VJQ0FnSUNRMHJYRnd3RRAB,5,"Hotel bintang 5 yang nyaman untuk disinggahi. Ada kolam renangnya juga bagi yang ingin berenang disana. Kamarnya bersih, toiletnya bersih, ruang meetingnya besar, parkirannya pun luas. Tidak heran artis-artis luar negeri pernah mampir kesini. Pssstt, kalau tidak salah Mr. Barack Obama sudah pernah mampir kesini juga lhoo ~",hotel bintang nyaman singgah kolam renang kamar bersih toilet ruang rapat parkir luas heran artis negeri mampir kesini pstt salah barack obama lhoo,positif
ChdDSUhNMG9nS0VJQ0FnSURBMjctVHBnRRAB,4,"Secara keseluruhan baik, hanya ada beberapa masukan untuk lebih baik lagi kedepannya.
1. model kran shower putar kurang baik, krn disaat mandi & tangan penuh busa akan sulit utk menyalakan atau mematikan kran dgn cara memutar krn sangat licin.
2. sealent dibathtub sdh berjamur, sebaiknya diganti, kurang sedap dipandang mata.
3. Biasanya saya mendapati hotel bintang 5 lantainya dengan karpet, tp ini menggunakan parquet, sedikit mengurangi kesan mewahnya.
4. secara keseluruhan kebersihan harus lebih ditingkatkan karena karpet kecil dikamar terlihat kurang bersih, bernoda, begitu pula dengan kain sofa & curtainnya.

Selain yang saya sebutkan diatas semuanya sdh cukup baik, makanan variatif & enak, pegawai yang ramah, sprei & tempat tidur cukup bersih & nyaman...",masuk model kran shower putar mandi tangan penuh busa sulit nyala mati licin sealent dibathtub jamur ganti sedap pandang mata hotel bintang lantai karpet parquet kesan mewah bersih tingkat kamar lihat noda kain sofa curtainnya makan variatif enak pegawai ramah sprei tidur nyaman,positif
ChdDSUhNMG9nS0VJQ0FnSURzbElmVzZRRRAB,5,"Nginep disini udah lama banget, tpi masih Amazed banget sama hotel nya. Masuk ke lobby nya aroma sereh langsung kecium, ada toko souvenir nya. Lobby nya besar, kamar nya bagus, makanan nya juga bervariasi. Kalo utk makanan sih lebih ke makanan daerah gitu ya, trs ada es krim nya juga rasa tolak angin ini enak banget :'( gasempet berenang tapi agaknya bagus, fotogenik banget. Cmn ya agak serem aja sih Krn hotel Jawa, agak remang dan sepi di lorong. Tpi overall cinta banget!",nginep udah banget amazed hotel masuk lobby aroma sereh langsung cium toko souvenir kamar bagus makan variasi kalo daerah gitu krim tolak angin enak gasempet renang fotogenik jawa remang sepi lorong overall cinta,positif
ChZDSUhNMG9nS0VJQ0FnSUN3bGE2Vk1nEAE,5,"Dua malam dan blessing dpt kamar yg ternyata ada bathup nya, meski tidak reservasi khusus. View paginya keren dg matahari terbit dan view merapi di pagi hari. Malamnya kota jogja terlihat dr balkon kamar ini.
Lainnya, apa yg perlu dijelaskan lagi hotel ini. Makanan 5/5, keramahan staf sdh alam bawah sadar.
Karena masa pandemi, kids corner dan summer palace tutup.",malam blessing kamar nyata bathup reservasi khusus view pagi keren matahari terbit rapi kota jogja lihat balkon hotel makan ramah staf alam sadar pandemi kids corner summer palace tutup,positif
ChdDSUhNMG9nS0VJQ0FnSURiNW9uZ3NnRRAB,5,"Tempat yg enak buat stay

Emang signature hotel
Yg lihat foto langsung tahu kalo ini hotel tentremJenis perjalananLiburanGrup perjalananTemanKamar: 5Layanan: 5Lokasi: 5Sorotan hotelMewah",enak stay emang signature hotel lihat foto langsung kalo tentrem mewah,positif
Ci9DQUlRQUNvZENodHljRjlvT20xSVkwTkJNMDVLY2s1WlVqTkVhWFZuWkcxWVIxRRAB,5,Kamar oke bersih nyamanJenis perjalananBisnisGrup perjalananKeluargaKamar: 5Layanan: 5Lokasi: 5Sorotan hotelMewah,kamar bersih nyaman mewah,positif
ChZDSUhNMG9nS0VJQ0FnSUQxcEp5V0RREAE,3,"Hotel dengan fasilitas bagus, nyaman dan bersih. Pelayanan ramah. Dekat dengan tempat wisata dan strategis. Rekomended 👍👍👍Kamar: 3Layanan: 3Lokasi: 4",hotel fasilitas bagus nyaman bersih layan ramah wisata strategis rekomended,netral
ChZDSUhNMG9nS0VJQ0FnSURpektqVEdREAE,5,"Hotel ini posisinya dekat dengan tugu dan stasiun tugu Jogja. Suasananya nyaman, fasilitasnya lengkap, sesuai dengan harganya yang cukup premium. Jika anda pelancong berkantong tebal yang kebetulan berkunjung ke Jogja, hotel ini menawarkan akses ke sarana transportasi umum yang baik (kecuali bandara), kamar yang nyaman, dan pelayanan yang ramah. Saya puas bermalam di hotel ini.",hotel posisi tugu stasiun jogja suasana nyaman fasilitas lengkap sesuai harga premium lancong kantong tebal kunjung tawar akses sarana transportasi kecuali bandara kamar layan ramah puas malam,positif
ChdDSUhNMG9nS0VJQ0FnSUNPNzlySmhRRRAB,5,Termasuk dlm hotel ternama dan mewah di Kota Jogja memberikan tempat menginap yg nyaman dgn fasilitas lengkap dan menu makanan yg lezat serta pelayanan yg ramah. Pengalaman menginap disini sangat menyenangkan. Recommended..Jenis perjalananBisnisGrup perjalananKeluargaKamar: 5Layanan: 5Lokasi: 5,masuk hotel nama mewah kota jogja inap nyaman fasilitas lengkap menu makan lezat layan ramah alam senang recommended,positif
ChZDSUhNMG9nS0VJQ0FnSUN1Z3VfRVJ3EAE,2,"Dari pertama proses cek in tgl 23 juli 2022 agak kurang suka dengan pelayanan nya

Tidak ada bellboy yg standby untuk membantu membawakan barang dari mobil ke kamar (boro2 berharap ada yg bantu buka pintu mobil saat dateng)

Setelah agak lama menunggu baru dateng petugas bellboy yg bantu angkat barang,tapi kita tidak diberikan tag untuk tas nya,sehingga setelah dapet kamar sempat kebingungan dimana barang kita tadi disimpan yang ternyata cuma di gletakin di lantai pojokan (padahal banyak trolly kosong berjajar di samping nya) akhirnya barang kita ambil dan bawa sendiri ke kamar

Saat proses cek in ada seorang wanita yg sepertinya manager atau apa ngedumel karena ada tamu hotel yg minta pindah kamar???so rude dibahas di depan tamu lain (bad atitude)

Pagi hari
Staff hotel sangat tidak membantu
Tidak ada doorman yg standby di depan pintu masuk lobby sementara handle pintu hanya ada di bagian luar...

Saat sarapan susah untuk cari sendok garpuuuu ketika yg di meja sudah dipakai mau ganti harus minta sama perugas yg muter2 lamaa

Rasa sarapan nya yaa lumayan tapi lokasi sarapan nya crowded

Pelayanan hotel yg katanya bintang 5 tapi sepertinya banyak yg masih harus diperbaiki  terutama untuk staff front office karena mereka akan jadi penilaian pertama dari para tamu yg datangJenis perjalananLiburanKamar: 5Layanan: 2Lokasi: 5",proses juli suka layan bellboy standby bantu bawa barang mobil kamar boro harap buka pintu dateng tunggu tugas angkat dapet bingung simpan nyata gletakin lantai pojok trolly kosong jajar samping ambil orang wanita manager ngedumel tamu hotel pindah rude bahas atitude pagi staff doorman masuk lobby handle sarapan susah cari sendok garpu meja pakai ganti perugas muter lamaa lumayan lokasi crowded bintang utama front office nilai,negatif
ChZDSUhNMG9nS0VJQ0FnSUN4NVB2cWRnEAE,5,"Hotel bintang 5 yang menurut aku emang keren banget dari harga yang normal untuk kelas bintang 5

Dengan checkin jam 15.00 check out jam 12.00
Fasilatas yang lengkap dengan ornamen hotel yang bergaya tradisional megah

Bisa dapet free eskrim untuk 2 tamu ada fasiltas palyground buat main anak anak , dan yang ga biasa di dapet di hotel lain welcome snack di kamar free ada buah , minuman kulkas, dan coklat

Pokonya rekomended banget",hotel bintang emang keren banget harga normal kelas checkin check fasilatas lengkap ornamen gaya tradisional megah dapet free eskrim tamu fasiltas palyground main snack kamar buah minum kulkas coklat poko rekomended,positif
ChdDSUhNMG9nS0VJQ0FnSUN5LUpic3BBRRAB,3,"Kami menginap tgl 17 jan 2021 namun sayang breakfastnya tidak buffe,hanya dikasih box bento tidak seperti biasanya ,dimana breakfast di hotel tentrem menjadi salah satu keunggullan karena banyak variasi makanan dan rasanya enak.sedangkan rate nya tinggi dibanding hotel lain.",inap januari sayang breakfastnya buffe kasih bento breakfast hotel tentrem salah keunggullan variasi makan enak rate banding,netral
ChdDSUhNMG9nS0VJQ0FnSURrMjl1UjBRRRAB,5,"Lokasi mudah di jangkau
Pada waktu proses check in mudah , bisa minum wellcome drink beras kencur.

Kebetulan di pinggir pool ada coffe shop. Ada gellato tolak angin harga 2 scoop Rp 35,000.- enak rasanya.

Kamar luas , tiap kamar diberi buah segar yang dapat di santap. Di lemari pendingin dapat free beberapa minuman seperti soft drink. Untuk air mineral diberikan 4 botol ukuran 600ml.

Overall sangat memuaskan👍👍👍👍",lokasi mudah jangkau proses check minum wellcome beras kencur pinggir banget coffe shop gellato tolak angin harga scoop enak kamar luas buah segar santap lemari dingin free soft mineral botol ukur overall puas,positif
ChZDSUhNMG9nS0VJQ0FnSUNmOUtudlNBEAE,5,"Service memuaskan sekali, kayaknya terbaik yang pernah didapat di kota Yogya, kelas internasional beneranJenis perjalananLiburanGrup perjalananKeluargaKamar: 5Layanan: 5Lokasi: 5Sorotan hotelMewah, Pemandangan yang indah, Cocok untuk anak-anak, Harga terbaik",service puas kayak kota yogya kelas internasional beneran mewah pandang indah cocok harga,positif
ChdDSUhNMG9nS0VJQ0FnSURCb05ETDJnRRAB,5,"Salah satu pengalaman terbaik bisa bermalam di sini. Layanan breakfast nya juga luar biasa, pilihan yang variatif dan menggugah selera. Semoga mendapatkan kesempatan menginap di lain waktu.Jenis perjalananLiburanGrup perjalananKeluargaKamar: 5Layanan: 5Lokasi: 5Area untuk berjalan kakiBisa difasilitasi untuk area berjalan kaki santai.Sorotan hotelMewah, Tenang",salah alam malam layan breakfast pilih variatif gugah selera moga inap fasilitas area jalan kaki santai mewah tenang,positif
ChdDSUhNMG9nS0VJQ0FnSURDMXV1NXZBRRAB,5,"Jika ada pilihan bintang sampai 7, pasti saya kasi bintang 7 karena pelayanan yang superrrr mantab dan keren. Hotel bersih, nyaman, semua staff sangat baik. Bahkan ada surprise ulangtahun saya. Perhatian dan pelayanan yang luar biasa. Hotel bagus banyak. Tapi yang ramah dan perhatian tidak semua. Sukses dan tambah terkenal buat Hotel Tentrem Yogyakarta.Jenis perjalananLiburanKamar: 5Layanan: 5Lokasi: 5",pilih bintang kasi layan super bagus keren hotel bersih nyaman staff surprise ulangtahun perhati ramah sukses kenal tentrem yogyakarta,positif
ChZDSUhNMG9nS0VJQ0FnSUNLcEtlMVJREAE,5,Selalu sukaaaa tmp ini.   suka poolnya dimalam hari. keren bgt.  kamarnya luas. bednya besar2. breakfastnya ok.  kebersihan ok.  staff ramah semua.   depan hotel juga byk tmpt makan yg 👍. Rekomended bgt buat yg mau staycation...👍 …,suka poolnya malam keren banget kamar luas bednya breakfastnya bersih staff ramah hotel tmpt makan rekomended staycation,positif
ChdDSUhNMG9nS0VJQ0FnSUNDcnItQ2l3RRAB,4,"Hotelnya guede buangettt!! Dari drop off area, parkiran, lobby, lorong2 koridor, sampe kamarnya guede puoll!! Keliatan kalo hotel mahal. Pilarnya aja gede2 jadi bikin hotelnya tambah megah! Makanannya juga enak! Cuman channel TVnya dikit, butuh hiburan kayak nonton film tpi gak ada channel yg bagus",hotel guede buanget drop area parkir lobby lorong koridor sampe kamar puoll liat kalo mahal pilar gede bikin megah makan enak channel tvnya dikit butuh hibur kayak nonton film bagus,positif
ChdDSUhNMG9nS0VJQ0FnSUNlMzZ1RTl3RRAB,5,"Sangat OK pelayanan Guest Relation dengan nama Ms Dea yang membantu pada saat Checkin, ramah dan sopan. Begitu pula pelayanan yang lain juga sudah memberikan kesan yang baik.
Recomended untuk stay di Tentrem Yogyakarta.Jenis perjalananLiburanGrup perjalananKeluargaKamar: 5Layanan: 5Lokasi: 5",layan guest relation bantu checkin ramah sopan kesan recomended stay tentrem yogyakarta,positif
ChZDSUhNMG9nS0VJQ0FnSUNqOXZmd0dREAE,5,"Menginap di hotel tentrem Yogya memuaskan. Real bintang 5. Apalagi sop buntut goreng dan lidah cabe ijo.Jenis perjalananLiburanGrup perjalananKeluargaKamar: 5Layanan: 5Lokasi: 4KamarBersih, tenang dan nyamanMakanan & minumanMakanan di restoran enak bangetSorotan hotelMewah, Tenang",inap hotel tentrem yogya puas real bintang buntut goreng lidah cabe kamar bersih tenang nyaman makan restoran enak banget mewah,positif
Ci9DQUlRQUNvZENodHljRjlvT2pNMlF6aHpMVFJNWmxsQ1FsRjJURE5SWDFSaVYxRRAB,5,Bagus banget palayanannyaKamar: 5Layanan: 5Lokasi: 5,bagus banget palayanannya,positif
ChZDSUhNMG9nS0VJQ0FnSUNlbHU3bENnEAE,5,"Hotel dengan konsep Javanese Architecture yang terrepresentasikan melalui interioritas dan penyajian karawitan Gending Jawa yang kental Jogja. Attitude karyawan dalam pelayanan kepada tamu hotel juga sangat mencitrakan ke-istimewa-an Jogja. Berlokasi di Jalan AM Sangaji, yang kota banget suasananya di Jogja. Keren! 👍Jenis perjalananBisnisGrup perjalananTunggalKamar: 5Layanan: 5Lokasi: 5",hotel konsep javanese architecture terrepresentasikan interioritas saji karawitan gending jawa kental jogja attitude karyawan layan tamu citra istimewa lokasi jalan sangaji kota banget suasana keren,positif
ChdDSUhNMG9nS0VJQ0FnSURncHZmbXJ3RRAB,5,"Hotel paling mantap, gagah dan nyaman seJogyakarta. Kamarnya asyik asyik. Tapi yang paling berkesan adalah citarasa makan paginya.. ragam menu sangat banyak. Dari yg tradisional sampai ala luar negri juga ada. Pokoknya super komplit kalo dibanding Hotel lainnya. Buat rasa..ehmmm..bikin ga mau berhenti makan. Ada kolam renang yg bagus dan lumayan luas. Cari Taxi gampang, tempat jajan enak banyak disekitar Hotel. Dan dekat dengan jl Malioboro.",hotel mantap gagah nyaman jogyakarta kamar asyik kesan cita makan pagi ragam menu tradisional negri pokok super lengkap kalo banding bikin henti kolam renang bagus lumayan luas cari taxi gampang jajan enak malioboro,positif
ChdDSUhNMG9nS0VJQ0FnSURDcmRyeTRnRRAB,5,"Hotelnya besar, megah, dan bersih. Bangunan juga sangat kokoh , total kamar ada 207 . Rata rata perkamar harga 1,5 juta . Ada juga kamar president suit yang harganya bisa 30 juta permalam. Di sesi sebelah utara tempat parkir mobil dan pintu keluar dari parkiran. Untuk masuk ke dalam hotel harus melalui pintu utara. Dan pintu keluarnya di buat searah melalui sisi selatan",hotel megah bersih bangun kokoh total kamar harga juta president suit malam sesi belah utara parkir mobil pintu masuk arah sisi selatan,positif
ChdDSUhNMG9nS0VJQ0FnSUMwbTV6YzNRRRAB,5,Hotel terbaik di Jogja salah satunya ya hotel ini. Begitu masuk ke dalam langsung terasa kemegahan dan kemewahan. Pantas saja mantan presiden Obama dan keluarganya pernah menginap di sini. Kamarnya mewah dan nyaman. Yg spesial di restoran adalah menu bebeknya yg juara banget!,hotel jogja salah masuk langsung megah mewah mantan presiden obama keluarga inap kamar nyaman spesial restoran menu bebek juara banget,positif
ChdDSUhNMG9nS0VJQ0FnSURnanJpMHBBRRAB,5,"Sesuai namanya, menginap di Hotel Tentrem bikin tidur jadi tentrem (nyenyak). Kamar mandi cukup luas & nyaman. Makan pagi ada banyak variasi menu & jamu keliling. Staf layanan hotel juga sangat ramah & cepat tanggap. Wewangian aromaterapi yang digunakan juga sangat khas & bikin rileks.",sesuai inap hotel tentrem bikin tidur nyenyak kamar mandi luas nyaman makan pagi variasi menu jamu keliling staf layan ramah cepat tanggap wewangian aromaterapi khas rileks,positif
ChZDSUhNMG9nS0VJQ0FnSUNnMF9pTFBBEAE,5,The best hotel in the town! Bangunannya megah dan apik. Nuansa tradisional terasa. Servis ramah dan cepat. Welcome drink nya dapat jamu tradisional yang segar. Ada kolam renang d tengah bangunan. Lobi nyaman dan luas. Tersedia toko souvenir yang menyediakan berbagai souvenir khas jogja mulai dari batik hingga kerajinan. Terdapat spa dan gym. Ada ruang meeting dan hall yang biasa digunakan untuk acara resepsi pernikahan. Ada kids playground juga. Restaurant menyediaman seasonal food mulai dari tradisional hingga modern. Dekat dengan pusat kota dan dilalui kendaraan umum seperti trans jogja. Dekat dengan alfamart serta beberapa restaurant dan ATM,hotel town bangun megah apik nuansa tradisional servis ramah cepat minum jamu segar kolam renang lobi nyaman luas sedia toko souvenir khas jogja batik rajin ruang meeting hall acara resepsi nikah kids playground restaurant diam seasonal food modern pusat kota kendara trans alfamart,positif
ChdDSUhNMG9nS0VJQ0FnSURBbnZfcWxnRRAB,5,"Hotel bintang 5 paling ngehits di jogja tahun ini.  Lokasinya di jantung kota, fasilitas lengkap,  & pelayanan bagus. Paling asik jika nongkrong di ebony bar & lounge nya,  ada live musik yg tematik tiap malamnya,  tempatnya yang lega, pilihan food & beverage yg beragam & berkelas.  Recomended pokoknya.",hotel bintang ngehits jogja lokasi jantung kota fasilitas lengkap layan bagus asik nongkrong ebony lounge live musik tematik malam lega pilih food beverage ragam kelas recomended pokok,positif
ChZDSUhNMG9nS0VJQ0FnSUNveGV5NExBEAE,4,"Hotelnya bagus, pemandangan oke, bersih juga. Nicelah. Kasih bintang 4 karena makanannya kurang enak. Saya suka sekali pasta, tp pasta di hotel ini kurang mantul. Selain itu, pesan lemon juice tapi rasa yg dominanya air mineral. Hehee. Diperbaiki aja di makananya. Selain itu, semuanya oke.  😊🙏 …",hotel bagus pandang bersih nicelah bintang makan enak suka pasta mantul pesan lemon juice dominanya mineral hehee makananya,positif
ChdDSUhNMG9nS0VJQ0FnSUNtNllqWHB3RRAB,5,"Jamu masih menjadi favorit minuman untuk orang Indonesia.
Sy selalu minum jamu jika disediakan di hotel tempat menginap.
Seperti Tentrem Hotel ini menyediakan makanan yang lengkap dan tidak ketinggalan welcome drink. Staycation asik dan seru bersama baby kota pelajar. I will comeback soon.",jamu favorit minum orang indonesia sedia hotel inap tentrem makan lengkap tinggal staycation asik seru baby kota ajar will comeback soon,positif
ChZDSUhNMG9nS0VJQ0FnSUM0NUtyald3EAE,5,"kamarnya luas dan ada complimet minuman yang ada di dalem kulkas terus abis check in masih dikasih buah. kebetulan stay pas ramadan jadi menunya ikut yang sahur, pelayanan luar biasa menu juga enak macem-macem. yang paling luar biasa adalah THEY GOT NUTELLA FOR THE BREAD!!!!!Jenis perjalananBisnisKamar: 5Layanan: 5Lokasi: 5",kamar luas complimet minum kulkas check kasih buah stay ramadan menu sahur layan enak macem they nutella bread,positif
ChdDSUhNMG9nS0VJQ0FnSURCc2JUNmhRRRAB,4,"Tempat yg nyaman buat liburan,menu breakfast yg luar biasa lengkap dan enak. Cuma sedikit masukan buat manajemen hotel kamar yg kita tempati bau rokokKamar: 4Layanan: 5Lokasi: 5",nyaman libur menu breakfast lengkap enak masuk manajemen hotel kamar rokok,positif
ChdDSUhNMG9nS0VJQ0FnSUNacUlDOXFBRRAB,5,"Hotel ternyaman dari segi pelayanan di Jogja. Setiap tinggal di Hotel Tentrem merasa sangat puas dengan pelayanannya, kamar yang luas, dan sarapannya yang enakKamar: 5Layanan: 5Lokasi: 5",hotel nyaman segi layan jogja tinggal tentrem puas kamar luas sarapan enak,positif
ChdDSUhNMG9nS0VJQ0FnSURtX2NuMzZnRRAB,5,"Hotelnya bagus apalagi yang Keraton Suite ,cuma sayang SPA nya Asal²an massage stone seperti bingung gak bisa massage harga lumayan 700 k tambah creambath 400 k gak jelas juga sebaiknya di bagusin spa nya gaharu spa kalo gak salah itu nama spa nya kasihan tamu bayar mahal tp standar spa nya tidak bagus",hotel bagus keraton suite sayang massage stone bingung harga lumayan creambath bagusin gaharu kalo salah kasihan tamu bayar mahal standar,positif
ChdDSUhNMG9nS0VJQ0FnSURndFB1dDRnRRAB,5,"Memuaskan. Kamar besar. Kolam renang bagus. Pelayanan memuaskan. Apalagi Sarapannya, variasinya banyak. Harga kamar sebanding.  Hanya memang kurang kedap, suara dari luar kamar bisa kedengaran. Secara Keseluruhan sangat bagus. Sangat recommended.",puas kamar kolam renang bagus layan sarapan variasi harga banding kedap suara dengar recommended,positif
ChZDSUhNMG9nS0VJQ0FnSURtNHZhWlBBEAE,5,"Very comfy, i like the balcon indeed. The staff was friendly and nice place to short escape for a while. Semoga bisa balik lagi nginep disini yaa, meskipun harganya pricey tapi worth it sekali. Mimpi apa coba bisa nginep di sini. Recommended!",very comfy like balcon indeed staff friendly nice place short escape while moga nginep harga pricey worth mimpi coba recommended,positif
ChdDSUhNMG9nS0VJQ0FnSUN4bl9xTjJnRRAB,5,"Stafnya ramah, pelayanannya bagus dan responsif sebanding dgn fasilitas yg diberikan...breakfast menunya variatif dan enak sekali...Kamar: 5Layanan: 5Lokasi: 5",staf ramah layan bagus responsif banding fasilitas breakfast menu variatif enak,positif
ChdDSUhNMG9nS0VJQ0FnSUMyNzlQUXdBRRAB,4,"Setelah mencoba Tentrem semarang, lanjut ke Tentrem Jogja hari berikutnya, sampai disana malam hari krn mampir ke umbul mulkti dulu.

Ternyata Tentrem Jogja lebih besar dari Tentrem Semarang, melewati koridor dari Ballroom terpajang foto2 selebritis dunia yang pernah performance atau menginap di sini

Untuk kamar cukup luas dan nyaman walau bersama anak2, interior dan furniturenya bagus

Tidak sempat mencoba pool n breakfastnya krn sibuk mencari dompet yang hilang 😩

Staff hotel sangat sigap membantu dan mengantarkan ke polsek terdekat untuk membuat laporan hilang.

Over all jika nanti ke Jogja lagi, pasti akan bermalam disini lagi.Jenis perjalananLiburanGrup perjalananKeluargaKamar: 5Layanan: 5Lokasi: 5",coba tentrem semarang jogja malam mampir umbul mulkti nyata koridor ballroom pajang foto selebritis dunia performance inap kamar luas nyaman interior furniturenya bagus banget breakfastnya sibuk cari dompet hilang staff hotel sigap bantu polsek lapor over,positif
ChZDSUhNMG9nS0VJQ0FnSUQtcGRLdENBEAE,5,"Pertama nginep disini dan emang hotelnya bagus bgt, pegawai resepsoinis nya baik dan ramah, pelayanan house kiping nya juga bagus dan rapih terima kasih untuk mbak Maria dan  mas Afiq.Jenis perjalananBisnisKamar: 5Layanan: 5Lokasi: 4",nginep emang hotel bagus banget pegawai resepsoinis ramah layan house kiping rapih terimakasih maria afiq,positif
ChdDSUhNMG9nS0VJQ0FnSUNLazluOHVBRRAB,4,"Saya bukber di kayumanis coffeeshop tempat nyaman dan luas. Menu bukbernya juga enak. Ada indonesian food dan arab food. Utk dessertnya jg enak² ada es teler, es campur, kue², puding, kolak, dll. Sy tdk mencoba semua karena sudah kekenyangan.",bukber kayumanis coffeeshop nyaman luas menu buka enak indonesian food arab dessertnya teler campur puding kolak coba kenyang,positif
ChdDSUhNMG9nS0VJQ0FnSURBN0tpNGpBRRAB,4,"Hotel Tentrem ini adalah hotel di Jogja yang sangat eksklusif. Saya suka sekali dengan interior yang khas dengan kebudayaan Jawa. Selain itu, semua petugas sangat menjunjung tinggi nilai ramah-tamah yang bisa membuat para tamu nyaman. Overall, semuanya bersih dan wangi. Namun, perlu perhatikan lagi kebersihan kamar mandi di kolam renang karena waktu tempo hari saya kesanan, kondisinya cukup bau.",hotel tentrem jogja eksklusif suka interior khas budaya jawa tugas junjung nilai ramah tamah tamu nyaman overall bersih wangi perhati kamar mandi kolam renang tempo kesan kondisi,positif
ChZDSUhNMG9nS0VJQ0FnSUNkclB5amVREAE,5,"Bagus banget hotelnya. Wangi sereh dimana2.
Mudah2an bisa nginep di hotel ini lagi sama istri dan anak2 klo ke jogja. AamiinnJenis perjalananLiburanGrup perjalananTemanKamar: 5Layanan: 5Lokasi: 5KamarBagus banget kamarnya.KeamananSecurity nya mantap.Sorotan hotelMewah, Pemandangan yang indah, Romantis, Tenang, Cocok untuk anak-anak, Harga terbaik, Berteknologi tinggi",bagus banget hotel wangi sereh mudah nginep istri jogja aamiinn kamar security mantap mewah pandang indah romantis tenang cocok harga teknologi,positif
Ci9DQUlRQUNvZENodHljRjlvT2preVVGcDRiamxKT0MxWlRqUk1VM1pLY3psWGJsRRAB,5,Tempat strategis dekat Malioboro istimewaKamar: 5Layanan: 5Lokasi: 5,strategis malioboro istimewa,positif
Ci9DQUlRQUNvZENodHljRjlvT2xoRldWSjZkRjl3Y0ZkSmRtRXpWRWh4YWpVd1FrRRAB,5,Hotel favorit di kota yogyakartaJenis perjalananLiburanGrup perjalananKeluargaKamar: 5Layanan: 5Lokasi: 5Sorotan hotelMewah,hotel favorit kota yogyakarta mewah,positif
ChZDSUhNMG9nS0VJQ0FnSURZbEszSklnEAE,2,"FYI, the wall of the room is too thin. I can hear most of the annoying sounds from either above or next to my room. Yang kayak gini bikin rating turun menurutku, no offense but that's my honest review about this hotel. Kalau yg lainnya menurutku udah okelah, dengan harga segitu kalo sampe fasilitas ancur ya kebangetan. Mungkin perlu dipertebal lagi dindingnya, bener2 bikin ga bisa tidur karna suara berisik kamar sebelah dan suara orang lari2 di lantai atas.",wall room thin hear most annoying sounds from either above next kayak bikin rating turun offense that honest review about this hotel udah harga segitu kalo sampe fasilitas ancur banget tebal dinding bener tidur karna suara berisik kamar belah orang lari lantai,negatif
ChdDSUhNMG9nS0VJQ0FnSURuX3NMUDRnRRAB,5,bagus huat acara cuma sayang mushalanya terlalu kecil untuk kegiatan dengan banyak pesertaKamar: 5Layanan: 5Lokasi: 5,bagus huat acara sayang mushalanya giat,positif
ChdDSUhNMG9nS0VJQ0FnSUNJMXQyNnJBRRAB,5,"Suatu pengalaman yang menyenangkan bisa merasakan makanan saat breakfast di kayu manis coffee shop, dan dimsum brunch di summer palace. Semua makanan nya enak, dan menjadi hal menarik disana. Tempat nya sangat asik untuk berfoto, toiletnya nyaman dan bersih. Kolam renang nya cukup luas.",alam senang makan breakfast kayu manis coffee shop dimsum brunch summer palace enak tarik asik foto toilet nyaman bersih kolam renang luas,positif
ChdDSUhNMG9nS0VJQ0FnSURJcEliWW5BRRAB,5,"Lobbynya luas sampe ada bajaj parkir (?) Masuk2 ke lobby langsung disuguhi aroma jamu2 khas sido muncul. Liftnya juga luas jadi gak perlu desek2an kalo bawa banyak barang. Servisnya juga oke. Tapi restorannya kerasa penuh dan padet, kayanya gara2 atapnya gak tinggi dan layout mejanya mepet2. Makanan enak, yg paling favorit itu roti kukus pake eskrim. Fyi ada eskrim buat orang pinter alias rasa tolak angin",lobby luas sampe bajaj parkir masuk langsung suguh aroma jamu khas sido muncul lift desek kalo bawa barang servis restoran penuh padet kaya atap layout meja mepet makan enak favorit roti kukus pake eskrim orang pinter alias tolak angin,positif
ChdDSUhNMG9nS0VJQ0FnSUN6bnVyZXRBRRAB,4,"Internet di Ballroom tidak stabil dan bisa jadi sangat lambat, tidak bisa diandalkan padahal jadi salah satu kebutuhan penting saat Meeting.Jenis perjalananBisnisGrup perjalananPasanganLayanan: 5Lokasi: 5Sorotan hotelMewah, Pemandangan yang indah, Romantis, Tenang",internet ballroom stabil lambat andal salah butuh meeting mewah pandang indah romantis tenang,positif
ChZDSUhNMG9nS0VJQ0FnSUNHbVBHREZBEAE,5,"Hotel yang luas, indah, dan nyaman. Staff nya ramah dan helpful. Banyak spot cantik untuk foto. Ruangan bersih. Makanan dan minuman enak, lezat; harga ya harga hotel bintang 5. Recommended utk keluarga.",hotel luas indah nyaman staff ramah helpful spot cantik foto ruang bersih enak lezat harga bintang recommended keluarga,positif
ChZDSUhNMG9nS0VJQ0FnSUREOGVTZElREAE,5,"Bener2 dbuat tentrem menginap disini. Pelayanan mmuaskan , menu2nya ccok dlidah, fasilitas lgkap . Topp😍Kamar: 5Layanan: 5Lokasi: 5",bener dbuat tentrem inap layan mmuaskan menu ccok dlidah fasilitas lgkap topp,positif
ChZDSUhNMG9nS0VJQ0FnSUNabVlXeVVBEAE,5,"Sudah jelas, hotel terbaik di Jogja. Worth the price. Staffs ramah semua. Breakfast variatif, komplit, enak semua. Simply the best.Jenis perjalananBisnisGrup perjalananKeluargaKamar: 5Layanan: 5Lokasi: 5Sorotan hotelMewah, Romantis, Cocok untuk anak-anak, Harga terbaik",hotel jogja worth price staffs ramah breakfast variatif lengkap enak simply mewah romantis cocok harga,positif
ChZDSUhNMG9nS0VJQ0FnSUNxbzZtYUpBEAE,5,"Luar biasaa...., sangat pantas menyandang bintang 5.

Kamar lapang, swimming pool luas, breakfast super lengkap dari western hingga lokal. Parkir basement relatif selalu available

Semua staf sangat ramah dan helpful. Bravo mas YuliantoJenis perjalananLiburanGrup perjalananKeluarga",biasaa sandang bintang kamar lapang swimming banget luas breakfast super lengkap western lokal parkir basement relatif available staf ramah helpful bravo yulianto,positif
ChdDSUhNMG9nS0VJQ0FnSURYenJ1bHdRRRAB,5,"Ballroom nya luar biasa,nyaman meski banyak pengunjung AC ttp efektif. Keren🤩🤩Grup perjalananTemanLayanan: 4Lokasi: 5Sorotan hotelTenang",ballroom nyaman unjung efektif keren tenang,positif
ChdDSUhNMG9nS0VJQ0FnSUR1dk1qNDJ3RRAB,5,"Pelayananya bgs,kita puas hotel sangat nyaman, dan tidak lupa dengan kebersihan kamar yang di bersihkan oleh mbak frisca dan mas tabarico.pembersihan kamar rapi dan ramah,,,tidak lupa dengan masakan restonya sangat enak dan kondisi bersihJenis perjalananBisnisKamar: 5Layanan: 5Lokasi: 5",pelayananya puas hotel nyaman lupa bersih kamar frisca tabarico rapi ramah masak restonya enak kondisi,positif
ChZDSUhNMG9nS0VJQ0FnSUNveE5DVkdREAE,4,"Lobbynya besar dan luas. Welcome drink nya jamu.

Kamar lumayan luas, ada sofa tidurnya. Cermin make up ada di toilet dan lemari di pojok belakang pintu. Lemari besar tapi kurang menampung banyak. Ada sandal plus baju mandi. Setrikaan disiapin.

Sabun, shampoo, conditioner, handbody, toothbrush, toothpaste, sisir, cutton bud, shower cap, lengkap. Showernya terpisah sama toiletnya jadi ga becek. Ada hairdryer.

Mineral water, tea, sugar, ada berbagai minuman, tersedia juga tolak angin. Ada buah juga free.

Handle showernya keren, beda sama yang lain, tapi sayangnya klo tangan licin, susah bwt muternya.

Ga ada kapas lempengan yang biasa bwt bersihin muka.",lobby luas minum jamu kamar lumayan sofa tidur cermin make toilet lemari pojok pintu tampung sandal plus baju mandi setrika disiapin sabun shampoo conditioner handbody toothbrush toothpaste sisir cutton shower lengkap showernya pisah becek hairdryer mineral water sugar sedia tolak angin buah free handle keren beda sayang tangan licin susah muternya kapas lempeng bersihin muka,positif
ChZDSUhNMG9nS0VJQ0FnSURRdUotQmZnEAE,5,"Superluv banget sama hotel ini
Sebagai penganut paham staycation yang doyan makan, disini banyak banget stall nya.
Pelayanan super ramah
Fasilitas superbanyak
Cuma kelemahannya satu, kalau pesan melalui pihak ketiga, kita harus konfirmasi ke pihak hotel sendiri jauh jauh hari apa yg kita inginkan biar fasilitasnya bisa kita optimalkan.",superluv banget hotel anut paham staycation doyan makan stall layan super ramah fasilitas superbanyak lemah pesan konfirmasi biar optimal,positif
ChZDSUhNMG9nS0VJQ0FnSURld0xfV0d3EAE,5,"kamarnya luas, bersih dan rapi. interior terlihat mewah, hidangan sarapan yang disajikan juga beragam dan enak-enak. staff hotel pun ramah-ramah.Kamar: 5Layanan: 5Lokasi: 5",kamar luas bersih rapi interior lihat mewah hidang sarapan saji ragam enak staff hotel ramah,positif
Ci9DQUlRQUNvZENodHljRjlvT2sxSlpVZGZTRGw0VTA1cWVqRkJha0pEWkVOR1RWRRAB,5,Hotel mewah dengan khas JogjaKamar: 5Layanan: 5Lokasi: 4,hotel mewah khas jogja,positif
ChZDSUhNMG9nS0VJQ0FnSUNZb3ZHQkNnEAE,4,"Hotel bintang lima terbaik menurut saya di jogja, akses sangat mudah dijangkau dari tugu jogja, resepsionis sampai satpam sangat rama dan sangat membantu, masakan yang ditawarkan sangat enak. Sebanding dengan harga yang diberikan. Kolam renang memiliki pemandangan yang bagus",hotel bintang jogja akses mudah jangkau tugu resepsionis satpam bantu masak tawar enak banding harga kolam renang milik pandang bagus,positif
ChZDSUhNMG9nS0VJQ0FnSUNiLUt6VkRnEAE,5,"Ini hotel bagus banget, sumpah. Nyaman dan sangat rekomended untuk semua orang.",hotel bagus banget sumpah nyaman rekomended orang,positif
ChZDSUhNMG9nS0VJQ0FnSUNKd3NyNWJREAE,5,"Semua terasa sempurna, mulai dr complimentary, checkin tepat waktu, staff yg cekatan dan ramah, breakfast, fitness center hingga ke personel security yg profesional.Kamar: 5Layanan: 5Lokasi: 5",sempurna complimentary checkin staff cekat ramah breakfast fitness center personel security profesional,positif
ChZDSUhNMG9nS0VJQ0FnSURRdHNyak93EAE,4,Air panas kurang oke. Padahal bukan jam sibuk mandi. Untuk hotel selevel bintang lima msh harus di improve. Pada saat check in kita di kasih kamar pojok. Pd saat minta ganti sempet diskusi lama. Tapi akhirnya di ksh kamar lain.,panas sibuk mandi hotel level bintang improve check kamar pojok ganti sempet diskusi,positif
ChZDSUhNMG9nS0VJQ0FnSUNRNXNmdVB3EAE,5,"Salah satu hotel favorit yaa di jogja. Suka banget dengan tentrem, 2x stay di sini selalu bagus. Hotel ini ciri khasnya aromanya herba-herba, kayak sereh gitu. Wangi segar di setiap sudutnya, enggak apek. Sangat unik. Pelayanan di hotel ini sangat ramah dan memuaskan. Arsitekturnya pun bagus, perpaduan modern otentik gitu. Recommended buat yang ingin sensasi hotel terbagus dan berbeda di jogja.",salah hotel favorit jogja suka banget tentrem stay bagus ciri khas aroma herba kayak sereh gitu wangi segar sudut apek unik layan ramah puas arsitektur padu modern otentik recommended sensasi beda,positif
ChdDSUhNMG9nS0VJQ0FnSUNCNC1ySHhBRRAB,4,"Lokasinya strategis, bangunannya juga sangat menarik.
Kamarnya sangat nyaman , bersih , staff juga friendly.
Salah satu highlights hotel ini adalah breakfastnya , deliciousJenis perjalananLiburanGrup perjalananTemanKamar: 4Layanan: 4Lokasi: 4KamarComfyMakanan & minumanTastySorotan hotelPemandangan yang indah, Cocok untuk anak-anak",lokasi strategis bangun tarik kamar nyaman bersih staff friendly salah highlights hotel breakfastnya delicious comfy tasty pandang indah cocok,positif
ChdDSUhNMG9nS0VJQ0FnSURJbjRyN2lnRRAB,5,"Interior hotel bagus memanjakann mata even toiletnya cantik untuk selfie wkwk
Aroma semacam rempah (mngkin) yang enak dan bikin rilex memenuhi hotel. Asli sih aromanya itu enak bgt gatau nmanya apa tpi ngangenin hahaha
Kamarnya bagus dan nyaman, pegawainya ramah dan profesional. Ruang tunggu dekat resepsionist nyaman bgt.
Diluar depan hotel ada alfamart deket counter pulsa. Mau nyebrang aja dibantuin pak satpam nicee.
Keseluruhan ni hotel bagus bgt dan rekomen 👍",interior hotel bagus memanjakann mata even toilet cantik selfie wkwk aroma rempah mngkin enak bikin rilex penuh asli banget gatau nmanya ngangenin kamar nyaman pegawai ramah profesional ruang tunggu resepsionist alfamart deket counter pulsa nyebrang dibantuin satpam nicee rekomen,positif
ChZDSUhNMG9nS0VJQ0FnSUNLeWRYWlJ3EAE,5,"Tempatnya nyaman, proses check in dan dan check out cepat, kamar setiap hari dibersihkan, buah dan minuman jika habis selalu diisi, pelayanan ramah, helpfull, bersih, protokol kesehatan sangat baik. Sangat recommended
👍👍 …",nyaman proses check cepat kamar bersih buah minum habis layan ramah helpfull protokol sehat recommended,positif
ChZDSUhNMG9nS0VJQ0FnSUNBdnZTWUNREAE,5,"Sangat nyaman utk menginap di sini. Kamarnya cukup luas, tenang, menu makanannya cukup bervariasi & rasanya juga enak. Recommended deh utk yg mau berlibur di Jogja. Di sekitar hotel pun banyak penjual makanan.",nyaman inap kamar luas tenang menu makan variasi enak recommended libur jogja hotel jual,positif
ChdDSUhNMG9nS0VJQ0FnSURtZ0szb3JnRRAB,3,"Memang hotel bintang 5 , tetapi menurut saya banyak kurangnya saya harusnya dapet kamar di jam 3 tetapi baru dapat di jam 6 , harga dengan kamar tidak sesuai biasa saja , terima kasih , semoga bisa lebih baik",hotel bintang dapet kamar harga sesuai terimakasih moga,netral
ChZDSUhNMG9nS0VJQ0FnTURRdloyak5nEAE,5,"Makan cukup enak, selera Indonesia, pelayanan bagus, tempat juga bersiKamar: 5Layanan: 5Lokasi: 5",makan enak selera indonesia layan bagus bersi,positif
ChdDSUhNMG9nS0VJQ0FnSUQtbS02WDd3RRAB,5,"Hotel yg sangat amat rekomended, bf lengkap, kolam bersih, staff ramah, playground menyenangkan bs dibawa pulang hasilnya. Thank you.Jenis perjalananLiburanGrup perjalananKeluargaKamar: 5Layanan: 5Lokasi: 5Sorotan hotelMewah, Pemandangan yang indah, Romantis, Cocok untuk anak-anak, Harga terbaik",hotel rekomended lengkap kolam bersih staff ramah playground senang bawa pulang hasil thank mewah pandang indah romantis cocok harga,positif
ChZDSUhNMG9nS0VJQ0FnSUNvbWViU1BREAE,4,"Hotel dgn bangunan yg cukup megah dan elegant. Design arsitekturalnya jg cukup indah dgn pernak pernik ornamen di dinding dan pilar yg sangat menawan.
Fasilitas Ballroom yg disediakan jg cukup banyak.
Dan utk harga yas sesuai dgn rate hotel ini...",hotel bangun megah elegant design arsitekturalnya indah pernak pernik ornamen dinding pilar tawan fasilitas ballroom sedia harga sesuai rate,positif
ChZDSUhNMG9nS0VJQ0FnSUQ2bUl2ekpBEAE,5,"wow pokoknya, wow, wow, dan wow terus menerus pokoknya, kamar nyaman, luas, kolam renang bersih dan luas, jacuzzi dan sauna yang mantap, permainan anak yang banyak ada playground, billiard, fitnessnya juga sip banget nget nget. pokoknya pasti aakn saya ulangi lagi lagi dan lagi menginap di sini.",pokok kamar nyaman luas kolam renang bersih jacuzzi sauna mantap main playground billiard fitnessnya banget nget aakn ulang inap,positif
ChZDSUhNMG9nS0VJQ0FnSUNLMk5qSVdBEAE,5,"Nyamannsih, cmn penasaran aja itu basement dikasih karpet gt biar ga licin sebenernya bagus, tp kalau kondisi kering tidak hujan alas kaki vs karpet itu bikin jalan kurang nyaman dan di telinga agak berisik",nyamannsih penasaran basement kasih karpet biar licin sebenernya bagus kondisi kering hujan alas kaki bikin jalan nyaman telinga berisik,positif
ChZDSUhNMG9nS0VJQ0FnSURnNElUY1p3EAE,5,"Hotel ini bagus arsitekturnya krn setiap lantai bnyk hiasan2 unik,kamar nyaman krn bed dan ukuran kmr bsr,kmr mandi bsr lgkp alat2 mandinya,pelayanannya ramah2 apa yg kt mnta lngsung cpt di respon, stiap kmr ada minibar dan kta mndapatkan minuman botol dan kleng scra gratis stiap harinya,dpt minuman sachet endorse dri tolak angin stiap hari, resto sarapan pagi super lngkp baik dlm negri maupun luar dan mkanannya buat sya hmpir smua enak, sya ska eskrim tolak anginnya, ktika kita chek in dpt minuman selamat datang kunyit asam dan alang sari. pling kita ska dsni bsa sauna gratis fasilitas hotel. Pokoknya hotel tentrem ini is the besst.",hotel bagus arsitektur lantai bnyk hias unik kamar nyaman ukur mandi lgkp alat layan ramah mnta lngsung respon stiap minibar mndapatkan minum botol kleng scra gratis sachet endorse tolak angin resto sarapan pagi super lngkp negri mkanannya hmpir enak eskrim ktika chek selamat kunyit asam alang sari pling dsni sauna fasilitas pokok tentrem besst,positif
ChdDSUhNMG9nS0VJQ0FnSUNnZ3FxWml3RRAB,5,Makanan enak.. pool suhunya anget bs renang malam nyaman. Wlpun twin bed tp besar. Kmr luas.. bersih. Outdoor area pool ga ada nyamuk.. luar biasa. Bersih.,makan enak banget suhu anget renang malam nyaman wlpun twin luas bersih outdoor area nyamuk,positif
ChdDSUhNMG9nS0VJQ0FnSUN3dGJIc21BRRAB,4,"Saya haya sebentar datang kemana untuk melihat dan minum dengan beberapa teman..... service bagus, harga nggak murah untuk ukuran Yogya. Kursi2 sudah banyak yang terkelupas di lounge nya. Nice beer.... Hotel di Yogya tapi musik di lounge nya kok musik dugem siang pula....",haya sebentar lihat minum teman service bagus harga murah ukur yogya kursi kelupas lounge nice beer hotel musik dugem siang,positif
ChdDSUhNMG9nS0VJQ0FnSUNJdjR5NjlnRRAB,5,"Lokasi cukup strategis ditengah tengah kota Jogja , pelayanannya bagus , variasi makanan breakfast lengkap  mulai dari makanan tradisional lokal tahu kupat , cetil , tiwul , pecel , jamu jawa , kue , makanan internasional .
Desain interiornya bagus ... tapi kenapa ada kendaraan Bajaj dipajang di lobby hotel ? .... jadi penasaran",lokasi strategis kota jogja layan bagus variasi makan breakfast lengkap tradisional lokal kupat cetil tiwul pecel jamu jawa internasional desain interior kendara bajaj pajang lobby hotel penasaran,positif
ChdDSUhNMG9nS0VJQ0FnSURoaE9YczFnRRAB,5,"Salah satu hotel terbaik yang pernah saya singgahi... nuansa jawa modern amat sangat kental di sini.. romantic banget... 😊
Room bintang 5, dan yang paling mengesankan selain pelayanan adalah menu breaaakkfaaaassstt.... asli ini beda dengan hotel lain, biasanya rasa masakan hotel sudah terstandar.. tetapi di Tentrem Hotel akan menemukan rasa yang berbeda... misal bakso, rasanya bener bener bakso gerobakan tapi dengan rasa premium... 😊..dan masakan lain.. banyak bothnya, harus dicoba satu-satu... intinya jangan makan nasi dulu biar gak kekenyangan...  yakin dan sila di coba.. come to hotel tentrem... punya sido munculJenis perjalananLiburanGrup perjalananTunggalKamar: 5Layanan: 5Lokasi: 5KamarStandar room hotel bintang 5... five stars hotel premiumMakanan & minumanMenu Masakan lokal dan internasionalSorotan hotelMewah, Pemandangan yang indah, Romantis, Tenang, Cocok untuk anak-anak, Harga terbaik",salah hotel singgah nuansa jawa modern kental romantic banget room bintang kesan layan menu breakkfastt asli beda masak standar tentrem temu bakso bener goba premium bothnya coba inti makan nasi biar kenyang sila come sido muncul kamar five stars lokal internasional mewah pandang indah romantis tenang cocok harga,positif
ChZDSUhNMG9nS0VJQ0FnSURPNG9yRmFnEAE,3,Sebenarnya enakkkk banget sih kamarnya n service nya yg luar biasa..pasti balik sini lg..cuma 1 yg bikin agak sebel n kecewa itu..kita nginap 5 hari 4 malam pas mau extend dksh hrga 8jt smlm..pdhl kita udh mlm dsni..masa dsamain sama yg baru booking hari itu..kita kan udh 4mlm gt..Jenis perjalananBisnisGrup perjalananKeluargaKamar: 5Layanan: 5Lokasi: 5,enak banget kamar service bikin sebel kecewa nginap malam extend dksh hrga smlm pdhl dsni dsamain booking,netral
ChdDSUhNMG9nS0VJQ0FnSURPMWVUVjJBRRAB,5,"Hotel yg plg di Rekomen kalau nginap di Jogja , Bersih & Kamar Besar serta seluruh gedung wangi daun sereh , karyawan yg Ramah semua nya , serta Jangan lupa utk beli Batik di toko Batik di dlm hotel Tentram , corak nya Bagus2 serta harga nya bila di bandingkan dgn tmpt lain msh lbh murah .
Sy pernah tanya mbak yg jaga , katanya koleksi Batik sutra yg ada di toko semua nya adalah pilihan lsg dari owner nya .Jenis perjalananLiburan",hotel rekomen nginap jogja bersih kamar gedung wangi daun sereh karyawan ramah lupa beli batik toko tentram corak bagus harga banding tmpt murah jaga koleksi sutra pilih owner,positif
ChZDSUhNMG9nS0VJQ0FnSUNnazZIT1NREAE,3,"Waktu itu ikutan seminar sih di sini. Ballroom nya nyaman, pendingin ruangannya jga gk terllu dingin. Rasanya sejuk2 gitu. Toiletnya luas banget dan bersih banget. Tapi hati2 ya kalo jalan di toiletnya. Kadang suka hampir kepleset krn pas saya ksna kondisinya becek.
Tapi di antara itu smua yg pling penting adl makanannya.. Wuaahh. Nampooll. Uwenakk banget!! Recomended lah kalo mau bikin acara dsni...",seminar ballroom nyaman dingin ruang terllu sejuk gitu toilet luas banget bersih hati kalo jalan kadang suka kepleset ksna kondisi becek pling makan wuaahh nampooll uwenakk recomended bikin acara dsni,netral
ChdDSUhNMG9nS0VJQ0FnSURXa3FTS3N3RRAB,5,"Pelayanan sangat baik dan ramah, kamar sangat bersih dan harum, fasilitas lengkap, ada complimentary buah dan minuman, makanan enak semua, ada smart TV yg bisa dipakai untuk akses YouTube juga, sangat recommended.",layan ramah kamar bersih harum fasilitas lengkap complimentary buah minum makan enak smart pakai akses tube recommended,positif
ChdDSUhNMG9nS0VJQ0FnSUNnOV9INzFnRRAB,5,"Hotel secara keseluran bagus dan enak, pelayanan sangat baik mulai dari cleaning service sampai receptionis guards dl.
Makanan secara keseluruhan enak cuma ham rasanya kurang hanya asin saja...
Yang paling berkesan tempat tidur,bantal betul2 nyaman...
Kebersihan juga sangat bersih...
Kartu untuk lift kadang2 kesulitan indikatornya kurang jelas...
Sekian terimakasih..",hotel keseluran bagus enak layan cleaning service receptionis guards makan asin kesan tidur bantal nyaman bersih kartu lift kadang sulit indikator sekian terimakasih,positif
ChdDSUhNMG9nS0VJQ0FnSUNUbmFTcDZ3RRAB,5,"Kamar oke, pelayanan mantap
Ga ada handuk petugas lgsung gercep dateng dan minta maaf, semua staff ramahJenis perjalananBisnisGrup perjalananTunggalKamar: 4Layanan: 5Lokasi: 5Sorotan hotelMewah, Pemandangan yang indah, Cocok untuk anak-anak, Harga terbaik",kamar layan mantap handuk tugas lgsung gercep dateng maaf staff ramah mewah pandang indah cocok harga,positif
ChdDSUhNMG9nS0VJQ0FnSUNaaW92S3d3RRAB,5,Hotel mewah dengan pelayanan yang terbaik. Kamar mandi mewah elegan. dapat minuman produk sidomuncul. paling suka kopi jahenya mantapKamar: 5Layanan: 5Lokasi: 5,hotel mewah layan kamar mandi elegan minum produk sidomuncul suka kopi jahe mantap,positif
ChZDSUhNMG9nS0VJQ0FnSUMxNXQzWGFBEAE,5,"Makasih mb Diani dan mas Andika udh bikin kamar bersih dan fresh lagi setiap hari.. makin betah z nih. Hehe..
Sehat² ya kalian, Aamiin..

Jogja, 291223 pagi..Grup perjalananPasanganKamar: 5Layanan: 5Lokasi: 5KamarNyamanMakanan & minumanEndolita..Sorotan hotelRomantis",makasih andika bikin kamar bersih fresh betah sehat aamiin jogja pagi nyaman endolita romantis,positif
ChdDSUhNMG9nS0VJQ0FnSUNSNk9maDF3RRAB,5,"Sempet garap event pertemuan kecil disini bareng GSP multimedia, Tempat nyaman, rapi bersih dan para staff juga ramah , hanya saja jalan dari lift loading barang sampai keruangan agak horor si wkwkwk jauh banget rasanya padahal deket.",sempet garap event temu bareng multimedia nyaman rapi bersih staff ramah jalan lift loading barang ruang horor wkwkwk banget deket,positif
ChdDSUhNMG9nS0VJQ0FnSURJalpIVHJ3RRAB,5,"Updated 2022:
Pertama kali ke small meeting roomnya, yah oke juga, seperti biasa service oke, ke sini untuk job ke sekian kalinya, biasa wedding di ball roomnya yg gede, kali ini untuk meeting saja. so far so good.

___
a huge ball room in this hotel makes me feel so small, really. so huge!Jenis perjalananBisnisLayanan: 4Lokasi: 5",updated kali small meeting room service sekian wedding ball gede good huge this hotel makes feel really,positif
ChZDSUhNMG9nS0VJQ0FnSUMwanNIMktBEAE,5,Tempat di tengah kota. Hotel nyaman dgn desain marmer di dinding yg berkesan mewah. Makanan enak dibanding dgn yg lain. Ruang pertemuan jg sgt nyaman. Rekomendasi unt acara2 besar. Hanya AC ruangan sgt terasa dingin sampai terasa menggigil.,kota hotel nyaman desain marmer dinding kesan mewah makan enak banding ruang temu rekomendasi acara dingin gigil,positif
ChdDSUhNMG9nS0VJQ0FnSURnd1lqN2p3RRAB,5,"Hotel mewah yang sedang naik daun atau hits. Kuaitas sama dengan harga, hotel mewah ini juga mengusung nilai nilai tradisional, ruangannya saja berbau jawa jawa. Untuk hotel tentrem saya kasih bintang lima. Sangat senang dengan pelayanannya ramah dan sopan.",hotel mewah daun hits kuaitas harga usung nilai tradisional ruang jawa tentrem bintang senang layan ramah sopan,positif
ChdDSUhNMG9nS0VJQ0FnSUNVNjZqOGxnRRAB,5,"Bagus banget, furniturnya mewah, dan setiap pelayanannya memuaskan. Sarapan paginya beragam dan banyak menu-menu tradisional indonesia khususnya jawa. Dari kamar saya pagi-pagi baru bangun tidur bisa langsung lihat gunung merapi, sangat indah sekali.Grup perjalananKeluargaKamar: 5Layanan: 5Lokasi: 5",bagus banget furnitur mewah layan puas sarapan pagi ragam menu tradisional indonesia khusus jawa kamar bangun tidur langsung lihat gunung rapi indah,positif
ChdDSUhNMG9nS0VJQ0FnSUNkMFBhTW53RRAB,5,"Gedung dan kamar nya mewah, bersih serta nyaman

Makanan breakfast nya banyak pilihan dan enak

Memang sesuai kelas bintang 5Kamar: 5Layanan: 5Lokasi: 5",gedung kamar mewah bersih nyaman makan breakfast pilih enak sesuai kelas bintang,positif
ChdDSUhNMG9nS0VJQ0FnSURtaHJTQnN3RRAB,5,"tempatnya sangat luaaassss... sangat nyamaaaannn... sangat bersiiihhh... memuaskaaaannn... gak bosen lah tiap disuruh jemput tamu di hotel ini...
Karyawan hotel sangat ramah,,senyum salam sapa...Jenis perjalananBisnisGrup perjalananTemanKamar: 5Layanan: 5Lokasi: 5Sorotan hotelMewah",luas nyaman bersih puas bosen suruh jemput tamu hotel karyawan ramah senyum salam sapa mewah,positif
ChZDSUhNMG9nS0VJQ0FnSURnNGUtMmNREAE,5,"Hotelnya besar, kamar besar dan nyaman. Gym dan kolam renangnya juga besar. Minibar free, dpt welcome fruit di kamar dan ucapan selamat datang di layar TV.
Petugas hotel ramah2

Sangat puas menginap di hotel tentrem",hotel kamar nyaman kolam renang minibar free fruit selamat layar tugas ramah puas inap tentrem,positif
ChZDSUhNMG9nS0VJQ0FnSUNtOXZ1SURBEAE,5,"kamarrr luasss
ada sofaaa panjang
kamar mandi luasss
ada bath tub
free drink di kulkas
free buah2an
free tolak angin herbal
breakfast free untuk anak di bawah 8 taon.
breakfast komplit dari indonesian, western, japanese. ada ice cream nya juga lho.",kamar luas sofa mandi bath free minum kulkas buah tolak angin herbal breakfast taon lengkap indonesian western japanese cream,positif
ChdDSUhNMG9nS0VJQ0FnSUNpd3BqUzhRRRAB,5,"Kamar oke bangeet, dpt kamar yg balkonnya di depan dan di samping🤩 super ramah, helpful, bersih, makanan enak, semua fasilitas bs dipake, ga bosenin, dan sesuai protokol kesehatan. 4 hari 3 malam di sana alhamdulillah menyenangkan... …",kamar bangeet balkon samping super ramah helpful bersih makan enak fasilitas dipake bosenin sesuai protokol sehat malam alhamdulillah senang,positif
ChZDSUhNMG9nS0VJQ0FnSUNHMU9hWFJnEAE,5,"Menyenangkan sekali bisa staycation di hotel tentrem, pegawainya mulai dari security hingga room service ramah banget. Parkiran di basement luas, lobbynya mewah,cocok banget punya nama tentrem. Semoga ada kesempatan menginap lagi di tentrem baik di jogja maupun semarang :)",senang staycation hotel tentrem pegawai security room service ramah banget parkir basement luas lobby mewah cocok moga inap jogja semarang,positif
Ci9DQUlRQUNvZENodHljRjlvT2tSeGJVc3lNRnAxY21sSlpIUjNaVUpYVTFneGNtYxAB,5,Sesuai namanya tentrem...tenang👍👍 …,sesuai tentrem tenang,positif
ChdDSUhNMG9nS0VJQ0FnSUMydU1fcHpBRRAB,5,"Hotelnya bagus, pelayanannya juga bagus tapi sayang saat menukarkan kupon welcome drink dicuekin dan nggak dilayanin karena gratis. Karena berbarengan ada yg beli minuman berbayar.Jenis perjalananLiburanGrup perjalananKeluargaKamar: 5Layanan: 4Lokasi: 5",hotel bagus layan sayang tukar kupon minum dicuekin dilayanin gratis bareng beli bayar,positif
ChZDSUhNMG9nS0VJQ0FnSUNaa2IteExREAE,5,"Kamarnya luas,sangat nyaman,bersih. Bakal sering² sini deh
Cs ramah,hamble
Lokasi strategis dari pusat wisatanyaJenis perjalananLiburanGrup perjalananPasanganKamar: 5Layanan: 5Lokasi: 5Sorotan hotelMewah, Pemandangan yang indah, Romantis, Tenang, Cocok untuk anak-anak, Harga terbaik, Berteknologi tinggi",kamar luas nyaman bersih ramah hamble lokasi strategis pusat wisata mewah pandang indah romantis tenang cocok harga teknologi,positif
ChZDSUhNMG9nS0VJQ0FnSURrMl9ydkJREAE,5,"Ketika cek in. Dapat kamar di lantai 2 , saya berfikir dilantai 2 tidak ada pemandangan yang asik diluar hotel. Namun ternyata saya salah , justru ku temukan pemandangan yang bagus. Yakni Gunung Merapi Merbabu dan Sumbing.. silahkan berkhayal gimana asiknya",kamar lantai berfikir pandang asik hotel nyata salah temu bagus gunung rapi merbabu sumbing silah khayal gimana asiknya,positif
ChdDSUhNMG9nS0VJQ0FnSURSaGR1Sm9RRRAB,5,"Interior mewah, parkir gratis, makanan enak, pelayanan sangat ramah. Kurangnya mungkin tidak ada taman yang luas atau khas yang lain tapi lokasinya di tengah kota banget jadi gampang ke mana-mana.Jenis perjalananLiburanGrup perjalananKeluargaKamar: 5Layanan: 5Lokasi: 4KamarKamarnya mewah banget.Aktivitas di sekitarDekat dengan Stasiun Tugu Yogyakarta dan Malioboro.Makanan & minumanMakanannya enak.Detail pentingInteriornya mewah banget.Sorotan hotelMewah",interior mewah parkir gratis makan enak layan ramah taman luas khas lokasi kota banget gampang kamar stasiun tugu yogyakarta malioboro,positif
ChdDSUhNMG9nS0VJQ0FnSUMyMjhEbHdBRRAB,4,Hotel Tentrem Yogyakarta adalah hotel bintang lima yang nyaman untuk tinggal. Para staff ramah seperti para staff hotel-hotel di Bali. Fasilitas merah dan bersih. Housekeeping nya super duper bersih dalam mengurus kamar-kamar hotelnya.Jenis perjalananLiburanGrup perjalananKeluargaKamar: 4Layanan: 5Lokasi: 4,hotel tentrem yogyakarta bintang nyaman tinggal staff ramah fasilitas merah bersih housekeeping super duper urus kamar,positif
ChZDSUhNMG9nS0VJQ0FnSURJOVlPcVJnEAE,4,Saya datang kesini untuk mengikuti pameran pendidikan. Pameran berlangsung di meeting room UG. Antusiasme pelajar yang datang sangat tinggi dan pihak hotel sangat peka untuk menyediakan kursi bagi pengunjung. Sayangnya meeting room yang dipakai cukup sempit sehingga kurang nyaman bagi saya untuk menikmati pameran. Semoga pameran berikutnya bisa menggunakan tempat yang lebih luas.,kesini pamer didik langsung meeting room antusiasme ajar hotel peka sedia kursi unjung sayang pakai sempit nyaman nikmat moga luas,positif
ChdDSUhNMG9nS0VJQ0FnSUNaM0tlZXJ3RRAB,5,"Hotelnya bagus, nyaman, pelayanan ramah dan fasilitas memadai. Cocok untuk tempat bermalamKamar: 5Layanan: 5Lokasi: 5",hotel bagus nyaman layan ramah fasilitas cocok malam,positif
ChdDSUhNMG9nS0VJQ0FnSUN3c2RIMW5nRRAB,4,"Kolam renang sangat rekomendasi. Sauna nya bersih dan terawat. Kamarnya rapi. Alternatif tempat gym di hotel yg bisa jadi pilihan karena alatnya lengkap, setelah ngegym bisa langsung renang atau menikmati sauna. Ada lapangan tenis yg besar. Kalao mau meeting banyak ruangan yang tersedia sesuai kebutuhan.",kolam renang rekomendasi sauna bersih awat kamar rapi alternatif hotel pilih alat lengkap ngegym langsung nikmat lapang tenis kalao meeting ruang sedia sesuai butuh,positif
ChdDSUhNMG9nS0VJQ0FnSUNpbW9hZ3lRRRAB,5,"Bangunan bagus, fasilitas kamar oke. Cma balkon tdk ada kursi santai. Harga diatas 1jt,  parkir ada 3, P1, B1 dan B2. Paling dekat dengan kamar dan lobby p1. B1 dan 2 agak jauh.",bangun bagus fasilitas kamar balkon kursi santai harga parkir lobby,positif
ChdDSUhNMG9nS0VJQ0FnSURRenB6eG93RRAB,5,"Hotelnya cakep, kamar yg luas, makanannya sgt variatif, kamar mandi ya jg bagus, air panas ada, kemarin kebetulan free snack dan soft drink yg ada di lemari pendingin di kamar, televisinya jg keren, mantaplah pokonya Tentrem Hotel, Yogyakarta.",hotel cakep kamar luas makan variatif mandi bagus panas kemarin free snack soft minum lemari dingin televisi keren mantap poko tentrem yogyakarta,positif
ChZDSUhNMG9nS0VJQ0FnSURHNm9EQ1lnEAE,3,"Lebih megah dan lebih besar dr tentrem semarang.kamar2 nya mirip.khas tentrem.mdel tempat tidur nya jg mirip.cukup nyaman nginap di tentrem.SAYANG HOTEL MEGA INI MULAI TERASA KUSAM.KOLAM RENANG YG BESAR BS BUAT OLAHRAGA RENANG,AIRNYA KURANG TERAWAT.KARPET KAMAR HOTEL DAN LORONG HOTEL SSAAGGAATT KUSAM .CLOSET GOYANG,KERAMIK DINDING KAMAR MANDI TDK DIBERSIHKAN SAMPAI ATAS.MKIN KRN PANDEMI AT RAMAI,PERAWATAN KURANG MAKSIMAL..BANTAL2 PUN SDH TDK NYAMAN LAGI...SAYANG...BEDA KONDISINYA DG 2TH YANG LALU...kl tenntrem semarang masih segar .di jogja,kursi sofa panjang di ruang makan,sdh banyak bercak,spt di cafe2 pinggiran...jauh bda dg yg disemarang walaupun tarip lebih murah.kl nginap di tentrem jogja,suasana kamar lebih segar di lantai yg tinggi dpd yg bawah.mkin tamu2 kebanyakan pilih lantai bawah.dilantai2 atas lebih baik segalanya.",megah tentrem semarang khas mdel tidur nyaman nginap sayang hotel mega kusam kolam renang olahraga awat karpet kamar lorong ssaaggaatt closet goyang keramik dinding mandi bersih mkin pandemi ramai maksimal bantal beda kondisi tenntrem segar jogja kursi sofa ruang makan bercak cafe pinggir disemarang tarip murah suasana lantai tamu pilih,netral
ChdDSUhNMG9nS0VJQ0FnSUNuaUlyS29BRRAB,5,"Lokasi strategis, tempat aesthetic dan wangi, kamar bagus, pelayanan ramah.Jenis perjalananLiburanGrup perjalananKeluargaKamar: 5Layanan: 5Lokasi: 5",lokasi strategis aesthetic wangi kamar bagus layan ramah,positif
ChZDSUhNMG9nS0VJQ0FnSUNCcHZHN1NBEAE,5,"Bener2 hotel bintang 5 masuk lobby aja terasa aroma wewangian yang khas dan restonya amat luas,untuk menu breakfastnya sangat banyak pilihan...Jenis perjalananLiburanGrup perjalananTemanKamar: 5Layanan: 5Lokasi: 5Sorotan hotelMewah, Pemandangan yang indah, Romantis, Tenang, Cocok untuk anak-anak, Berteknologi tinggi",bener hotel bintang masuk lobby aroma wewangian khas restonya luas menu breakfastnya pilih mewah pandang indah romantis tenang cocok teknologi,positif
ChZDSUhNMG9nS0VJQ0FnSUMxcEltZUFREAE,1,"Checkin lama sampe jam 5 sore
Jam 7 ac bocor sampe banjir
Besoknya jam 12 balik kamar, masih blm dibersihin listrik matiJenis perjalananLiburanGrup perjalananKeluargaKamar: 1Layanan: 1Lokasi: 1",checkin sampe sore bocor banjir besok kamar dibersihin listrik mati,negatif
ChdDSUhNMG9nS0VJQ0FnSUMwaXRLc2pBRRAB,5,Assllammualaikumm. Tempatnya lumayan bagus juga. Soalnuya hotel tentrem itu termasuk hotel yang sudah lama gitu kan itupun hotel tentremnyapun banyak penampakan penampakan juga disana. Dan itu yang di ganti hanyalah barang barang kamar yang dari kamar hotel tersebut. Dan itu benar benar merinding banget. Yang bagian kolam renang itu bisa disebut seperti hutan hutan juga tentunya.,assllammualaikumm lumayan bagus soalnuya hotel tentrem masuk gitu tentremnyapun ganti barang kamar merinding banget kolam renang hutan,positif
ChZDSUhNMG9nS0VJQ0FnSUNkMDUzVUJ3EAE,5,"sangat menyenangkan
pelayanan ramah
bersih
besar dan luas
makanan enak murah
dekat tempat wisata dan hiburanJenis perjalananBisnisGrup perjalananKeluargaKamar: 5Layanan: 5Lokasi: 5Kamarbersih totalAktivitas di sekitarkerenKeamananaman.:: menyenangkanArea untuk berjalan kakijalan aman dan penuh petunjukMakanan & minumanmakanan minuman enak…Sorotan hotelMewah, Pemandangan yang indah, Romantis, Tenang, Cocok untuk anak-anak, Harga terbaik, Berteknologi tinggi",senang layan ramah bersih luas makan enak murah wisata hibur kamarbersih total aktivitas sekitarkeren keamananaman area jalan kakijalan aman penuh minumanmakanan minum mewah pandang indah romantis tenang cocok harga teknologi,positif
ChdDSUhNMG9nS0VJQ0FnSUNRM3QyZnN3RRAB,5,"Hotel baru dengan fasilitas yang sangat lengkap dan luas2 untuk setiap ruangnya, kamar yang luas, tempat gymnya bagus dan lengkap sekali, makanan dengan menu yang lezat dan komplit... ada es krim tolak angin (hotel pemilik dari perusahaan sido muncul).",hotel fasilitas lengkap luas ruang kamar gymnya bagus makan menu lezat krim tolak angin milik usaha sido muncul,positif
ChZDSUhNMG9nS0VJQ0FnSUQyOTdiRGR3EAE,5,"Cakep banget hotelnya. Super nyaman. Pelayanannya super super bagus, staffnya ramah dan helpful semua. MAKANANNYA ENAK ENAK BANGET PARAH. Kalo ga acara kantor kayanya ga mampu nginep disini, tapi kalo punya duit udah pasti milihnya tentrem.Jenis perjalananBisnisKamar: 5Layanan: 5Lokasi: 5",cakep banget hotel super nyaman layan bagus staff ramah helpful makan enak parah kalo acara kantor kaya nginep duit udah milihnya tentrem,positif
ChZDSUhNMG9nS0VJQ0FnSUNROGRMVGZnEAE,5,"Hotel favorit di Yogyakarta. Begotu masuk hotel ini, langsung kecium wangi khasnya, aroma sereh yang kuat. Kamar, makanan, service OK banget. Tapi untuk kamar ada 1 kekurangan, yaitu kurang kedap suara. Kalau ke yogya lagi pasti mau balik nginep disini",hotel favorit yogyakarta begotu masuk langsung cium wangi khas aroma sereh kuat kamar makan service banget kedap suara yogya nginep,positif
ChZDSUhNMG9nS0VJQ0FnSURRZ3RHaFNBEAE,5,Parkir gak terlalu luas tapu selalu dapet parkiran. Kamar besar. Ada playground anak. Kolam renang besar. Pelayan ramah. Makanan enak dan variatif. Free minibar. Gak jauh dr minimarket.,parkir luas tapu dapet kamar playground kolam renang layan ramah makan enak variatif free minibar minimarket,positif
ChZDSUhNMG9nS0VJQ0FnSUNZd2ViLU5BEAE,5,"Hotel berkelas dengan cita rasa lokal. Aroma jahe  bisa ditemukan di mana-mana. Sabun, shampoo, conditioner, semua aroma jahe. Kalo sarapan, jangan lupa coba roti kukusnya. Mantul. Saya suka. Kerja cleaning servicenya juga cepat, ramah dan cekatan. Saya tinggal sarapan, pas balik lagi kamar uda bersih dan segala peralatan mandi dan teh kopi dkk sudah direfill lagi.",hotel kelas cita lokal aroma jahe temu sabun shampoo conditioner kalo sarapan lupa coba roti kukus mantul suka kerja cleaning service cepat ramah cekat tinggal kamar bersih alat mandi kopi direfill,positif
ChZDSUhNMG9nS0VJQ0FnSURNek1EMVpBEAE,5,Hotel bintang lima yang terletak di kota yogyakarta memberikan pelayanan yg sangat baik interior yang mewah membuat setiap orang yang menginap di hotel ini merasa nyaman. Makan yang disuguhkan pun sangat beragam dan lezat.,hotel bintang letak kota yogyakarta layan interior mewah orang inap nyaman makan suguh ragam lezat,positif
ChZDSUhNMG9nS0VJQ0FnSUMtODVDeWJREAE,5,"HOTEL TERBAIK DI YOGYA
interiornya keren, kasurnya besar besar kamarnya juga besar jadi nyaman..ada balkon yang viewnya bisa liat kota dan merapi,kamar mandinya besar...breakfastnya super enak terutama rawon dan lupis, prokes nya masih ketat, kalo ambil makanan pas breakfast harus pake masker..hanya saat makan aja dibuka..cuma masukannya tolong satpamnya pake baju jawa aja biar nyaman ke tamu...soalnya kaya ngawasin terus bikin ga nyaman...Jenis perjalananLiburanGrup perjalananKeluargaKamar: 5Layanan: 5Lokasi: 5Sorotan hotelMewah, Pemandangan yang indah, Romantis, Tenang, Cocok untuk anak-anak, Harga terbaik, Berteknologi tinggi",hotel yogya interior keren kasur kamar nyaman balkon viewnya liat kota rapi mandi breakfastnya super enak utama rawon prokes ketat kalo ambil makan breakfast pake masker buka masuk tolong satpam baju jawa biar tamu kaya ngawasin bikin mewah pandang indah romantis tenang cocok harga teknologi,positif
ChdDSUhNMG9nS0VJQ0FnSUNVMVA3ZF9BRRAB,5,"Kesini pas lagi buka bersama. Semua makanannya enak. Dessert nya juga enak. Tempatnya luas banget, kalo duduk di luar view nya langsung kolam renang.

Rame banget bukber di sini.. untuk yg indoor luas banget.

Harganya lumayan mahal tapi worth it lahh sama yg di dapet..

Pas mau buka puasa ada yg bunyiin bedug gitu..",kesini buka makan enak dessert luas banget kalo duduk view langsung kolam renang rame bukber indoor harga lumayan mahal worth dapet puasa bunyiin bedug gitu,positif
ChZDSUhNMG9nS0VJQ0FnSURrNTZLNVdREAE,5,"Tempatnya luas, nyaman, dan bernuansa tradisional. Lapangan parkir tamu juga luas, ada di underground. Dulu ke sini karena ulang tahun temen di bar (kalau gak salah). Ballroomnya, luas dan bagus. Makanannya enak. Cocok untuk nikahan dan acara lainnya.",luas nyaman nuansa tradisional lapang parkir tamu underground ulang temen salah ballroomnya bagus makan enak cocok nikah acara,positif
ChZDSUhNMG9nS0VJQ0FnSUNndTRUOGVBEAE,4,Hotel yang bagus dengan parkir yang luas dan lobby yang sangat nyaman. Untuk naik ke kamar hotel dibutuhkan card atau bisa juga minta tolong ke bagian resepsionis jika anda tidak memiliki card dan ada keperluan atau menemui kolega atau teman atau keluarga yang menginap,hotel bagus parkir luas lobby nyaman kamar butuh card tolong resepsionis milik temu kolega teman keluarga inap,positif
ChdDSUhNMG9nS0VJQ0FnSURlejZYbDZ3RRAB,5,"Kamar nyaman dan lengkap fasilitasnya, breakfast di resto lengkap dan enak, ada playground luas utk anak dan gym di dekat kolam renangJenis perjalananBisnisKamar: 5Layanan: 5Lokasi: 5",kamar nyaman lengkap fasilitas breakfast resto enak playground luas kolam renang,positif
ChdDSUhNMG9nS0VJQ0FnSUM0Mk55UHRnRRAB,5,"Hotel yang recommanded sebagai alternatif terbaik untuk menginap, bersantai dengan sajian menu-menu pilihan maupun juga untuk bisnis & acara wedding/ gathering.
Apalagi didukung dengan view yang estetik & pelayanan terbaik dari team Hotel Tentrem Yogyakarta.Jenis perjalananBisnisGrup perjalananTemanKamar: 5Layanan: 5Lokasi: 5Sorotan hotelMewah, Pemandangan yang indah, Romantis, Tenang, Cocok untuk anak-anak, Harga terbaik, Berteknologi tinggi",hotel recommanded alternatif inap santa saji menu pilih bisnis acara wedding gathering dukung view estetik layan team tentrem yogyakarta mewah pandang indah romantis tenang cocok harga teknologi,positif
ChZDSUhNMG9nS0VJQ0FnSUQ5c0thclV3EAE,5,"Menikmati suasana hotel bintang lima yang ekslusif di tengah kota Jogja, sekarang tambah luas karena ada bangunan baru..Jenis perjalananBisnisGrup perjalananKeluargaKamar: 5Layanan: 5Lokasi: 5Makanan & minumanEnak gelato tolak angin nya...Sorotan hotelMewah",nikmat suasana hotel bintang ekslusif kota jogja luas bangun enak gelato tolak angin mewah,positif
ChZDSUhNMG9nS0VJQ0FnSUNnanEzVmVBEAE,4,"hotel ini berbintang 5 dekat circle k, jalan sebentar sdh ada pasar tradisional.
kolam renang lumayan luas, dan kolam anak kecil  dengan view kamar bangunan mewah.
restoran hotelnya enak dengan berbagai macam makanan",hotel bintang circle jalan sebentar pasar tradisional kolam renang lumayan luas view kamar bangun mewah restoran enak makan,positif
ChdDSUhNMG9nS0VJQ0FnSUN5c1BQd3ZnRRAB,5,"Hotel termewah bernuansa madani diJogjakarta. Harus merogoh kocek dalam2 ketika menginap disini,tak akan membuat kecewa. Dengan suguhan arsitek kamar yang serba lux, berpadu padan sama fasilitas makan pagi yang berkelas, menjadikan pilihan yang tepat bagi anda saat berkunjung ke Jogka",hotel mewah nuansa madani jogjakarta rogoh kocek inap kecewa suguh arsitek kamar serba padu padan fasilitas makan pagi kelas pilih kunjung jogka,positif
ChdDSUhNMG9nS0VJQ0FnSUNxeXJtRmxnRRAB,5,"Hotelnya bagus, kamarnya luas dan nyaman
Apalagi menginapnya bareng pasangan tambah lengkap
Jangan lupa sedia dan bawa terus VITAMALE nya

Bila membutuhkannya bisa hubungi saya wa :0813-3002-3070",hotel bagus kamar luas nyaman inap bareng pasang lengkap lupa sedia bawa vitamale butuh hubung,positif
ChZDSUhNMG9nS0VJQ0FnSUNnNzR6Z2ZBEAE,5,"2x pengalaman buka bersama di kayu manis resto, tempatnya luas, pelayanan mantab, tiap piring kosong langsung di angkut, jadi meja selalu bersih, tidak menumpuk piring2nya, keren pokoknya. Sayang terakhir kesini makan di pool bar nya suasananya kurang nyaman alias sumuk alias gerah, ada kipas angin tapi mati, jadi harus ke pool nya kalau cari udara semilir...hihihi. Pelayanan kenyamanan resto di pool bar nya ditingkatkan ya? Biar sama2 sejuk gt tempatnya, terimakasih.",alam buka kayu manis resto luas layan bagus piring kosong langsung angkut meja bersih tumpuk keren pokok sayang kesini makan banget suasana nyaman alias sumuk gerah kipas angin mati cari udara milir hihihi tingkat biar sejuk terimakasih,positif
ChZDSUhNMG9nS0VJQ0FnSUNkbEp1N0hREAE,5,"Baru pertama ke hotel ini untuk acara kantor, hotelnya luas, luxury,

Saya jadi mengenang makan di belakang tentrem waktu kuliah. 😂Jenis perjalananBisnisGrup perjalananTunggalKamar: 5Layanan: 5Lokasi: 5Sorotan hotelMewah, Tenang",hotel acara kantor luas luxury kenang makan tentrem kuliah mewah tenang,positif
ChZDSUhNMG9nS0VJQ0FnSUNzeDh6b0hnEAE,5,"Pengalaman menginap yg luar biasa di hotel tentrem.. lokasi strategies,  kamar luas,  welcome fruit yg diantar ke kamar,  free minibar, breakfast super lengkap dari traditional to western, kolam renang luas dengan ph 7,6 bikin ga mau udahan berenangnya,  parkiran cukup luas.. Thank u hotel tentrem ..",alam inap hotel tentrem lokasi strategies kamar luas fruit free minibar breakfast super lengkap traditional western kolam renang bikin udahan parkir thank,positif
ChZDSUhNMG9nS0VJQ0FnSUNtN3R5MlVBEAE,5,"suasana hotel yang cozy, mewah, bersih. room service yang ramah, fast respond. menu breakfast yang banyak variasinya terutama lokal kuliner nya.",suasana hotel cozy mewah bersih room service ramah fast respond menu breakfast variasi utama lokal kuliner,positif
ChdDSUhNMG9nS0VJQ0FnSURPeUtQVzVBRRAB,5,"Tempatnya bagus, bersih dan nyaman. Pelayanannya juga memuaskan, ramah dan sopan. Makanannya bersih juga enak sekali tentunya, kebetulan kemarin bisa menikmati Nasi Goreng Kambing. Pengalaman yang menyenangkan bisa berkunjung disini.Jenis perjalananLiburanGrup perjalananTemanLayanan: 5",bagus bersih nyaman layan puas ramah sopan makan enak kemarin nikmat nasi goreng kambing alam senang kunjung,positif
ChdDSUhNMG9nS0VJQ0FnSUNRM3JfYnF3RRAB,5,"Hotel yg satu ini di Yogya memang berkelas...selain bersih,nyaman,aromanya juga khas banget rempah2 kayu manis yg bikin kita makin fresh and rileks...selain itu Hotel Tentrem jadi tempat favorit artis2 Ibukota bila singgah ke Yogyakarta",hotel yogya kelas bersih nyaman aroma khas banget rempah kayu manis bikin fresh rileks tentrem favorit artis ibukota singgah yogyakarta,positif
ChdDSUhNMG9nS0VJQ0FnSURTa3JhS3NnRRAB,4,"Fasilitas lengkap,makanan nya juga enak & banyak pilihan.
Tapi sayang, dikamar yg saya tempati gelas teh nya ada yg kotor *bekas seduh jamu,kurang teliti dan bersih mencucinya.",fasilitas lengkap makan enak pilih sayang kamar gelas kotor bekas seduh jamu teliti bersih cuci,positif
ChZDSUhNMG9nS0VJQ0FnSUNJcDduYkpnEAE,5,"Hotel bintang 5 yg dekat dg stasiun tugu jogjakarta. Menu makanannya sangat beragam, sajian lokal juga ada. kamar luas dengan bed besar meskipun dg setting twin bed.",hotel bintang stasiun tugu jogjakarta menu makan ragam saji lokal kamar luas setting twin,positif
ChdDSUhNMG9nS0VJQ0FnSUR1NUppSHFBRRAB,5,"Kamarnya terlalu jauh untuk orang tua, nubgkin bisa lebih dekat.
Kebersihan oke, pelayanan bintang 5, terutama mas wayan di poolbarGrup perjalananKeluargaKamar: 5Layanan: 5Lokasi: 5",kamar orang nubgkin bersih layan bintang utama wayan poolbar,positif
ChdDSUhNMG9nS0VJQ0FnSUREdDVYUjJRRRAB,4,"Mewah sekali dan nyaman.
Namun sayangnya petunjuk akses masuk bagi pengendara motor kurang jelas, jadi bingung harus masuk dari mana... Untung security nya kooperatif.Jenis perjalananLiburanGrup perjalananKeluargaSorotan hotelMewah",mewah nyaman sayang akses masuk kendara motor bingung untung security kooperatif,positif
ChZDSUhNMG9nS0VJQ0FnSUR3LTg2VWFREAE,5,"Hotel di pusat kota, kamar kuas, sayang tidak dapat kamar dengan Bathtub mungkin karena hotel penuh, minibar termasuk dalam harga kamar aka gratis, pilihan makan paginya sangat memuaskan, tersedia produk jamu dan kopi tradisional.",hotel pusat kota kamar kuas sayang bathtub penuh minibar masuk harga gratis pilih makan pagi puas sedia produk jamu kopi tradisional,positif
ChZDSUhNMG9nS0VJQ0FnSURrNmM3alN3EAE,4,"hotel nya mewah, elegant, pelayanan juga baik, yang sulit kadang bingung mau ke arah balroom dan lobby nyq posisinya agak unik menurut saya, makanannya enak enak dan bervariasi harga sesuai dengan kualitas",hotel mewah elegant layan sulit kadang bingung arah balroom lobby posisi unik makan enak variasi harga sesuai kualitas,positif
ChdDSUhNMG9nS0VJQ0FnSUQwNnBxdHF3RRAB,5,"Sy beri bintang 5 sesuai dengan statusny sbg hotel bintang 5. Kamar luas, bersih dan nyaman. Para stafnya pun ramah2. Breakfast banyak ragamnya bahkan makanan daerah pun ada.",bintang sesuai statusny hotel kamar luas bersih nyaman staf ramah breakfast ragam makan daerah,positif
ChdDSUhNMG9nS0VJQ0FnSUNJNXVhWnRRRRAB,5,"Hotel yang menjadi pilihan banyak orang penting dan terkenal, misal : Obama, Mariah Carey dan para menteri. Membuktikan bahwa tingkat keamanan hotel ini sangat bagus walaupun letaknya di pinggir jalan. Kamar luas dan fasilitas hotel yang lengkap",hotel pilih orang kenal obama mariah carey menteri bukti tingkat bagus letak pinggir jalan kamar luas fasilitas lengkap,positif
ChZDSUhNMG9nS0VJQ0FnSUR5eVBucVpREAE,5,"Hotel yg nyaman buat ngajak anak² , deket kemana² , staff nya cpt tanggap & jg ramah .
makanan nya jg enak². untuk harga 1.6jt /night worthed bgt deh ..",hotel nyaman ngajak deket staff tanggap ramah makan enak harga night worthed banget,positif
ChdDSUhNMG9nS0VJQ0FnSURWcnRLd3ZnRRAB,4,"sangat menikmati,puas,nyaman,makanan juga lumayan lengkap dan banyak,berada dipusat kota,dekat dengan rumah utinya anak2 diPogung,mewah",nikmat puas nyaman makan lumayan lengkap pusat kota rumah utinya pogung mewah,positif
ChdDSUhNMG9nS0VJQ0FnSUR4X1BpbXp3RRAB,5,"pelayanan super ramah dan helpfull banget, menu makanannya enak semua & banyak variasi..sukses terus hotel tentremJenis perjalananLiburanGrup perjalananKeluargaKamar: 5Layanan: 5Lokasi: 5Sorotan hotelMewah, Cocok untuk anak-anak, Harga terbaik",layan super ramah helpfull banget menu makan enak variasi sukses hotel tentrem mewah cocok harga,positif
ChZDSUhNMG9nS0VJQ0FnSUR0azRxM1BREAE,4,"Hotel terbaik di pusat kotaa Jogja..sangat dekat dengan tugu jogja..tg tugu.. Malioboro..
Hanya 3 manitan dari tugu Jogja
Kamar hotel sangat nyaman..pelayanan sangat okee sekaliJenis perjalananLiburanGrup perjalananKeluargaKamar: 5Layanan: 4Lokasi: 4Sorotan hotelMewah",hotel pusat kotaa jogja tugu malioboro manitan kamar nyaman layan mewah,positif
Ci9DQUlRQUNvZENodHljRjlvT2toTk5XSjNkazk0Ym1ocFVGQlZSRTgyVWtsWFRHYxAB,5,"Sangat suka dengan fasilitas yang disediakan
PerfectKamar: 5Layanan: 5Lokasi: 5",suka fasilitas sedia perfect,positif
ChZDSUhNMG9nS0VJQ0FnSUNVcjZiZURREAE,5,"Hotel mewah dan elit di kawasan Jalan AM Sangaji, terletak tidak jauh sekitar 1 kilometer arah utara dari Tugu Jogja. Termasuk penginapan bintang 5. Harga sesuai. Pelayanan juga OK.
Posisi terbilang strategis. Terlihat bangunannya juga elegan.",hotel mewah elit kawasan jalan sangaji letak kilometer arah utara tugu jogja masuk inap bintang harga sesuai layan posisi bilang strategis lihat bangun elegan,positif
ChZDSUhNMG9nS0VJQ0FnSURNdEtYU2FnEAE,5,Hotel bintang lima yg nyaman banget.. Kamar nya luas bersih... Pelayanan nya ramah2 cepat tanggap... Untuk sarapan pagi nya lengkap.. Tradisional dan western.. Rasanya enak2... Yg paling berkesan es krim tolak angin nyaJenis perjalananBisnisKamar: 5Layanan: 5Lokasi: 5,hotel bintang nyaman banget kamar luas bersih layan ramah cepat tanggap sarapan pagi lengkap tradisional western enak kesan krim tolak angin,positif
ChZDSUhNMG9nS0VJQ0FnSUN3bzlUMUdnEAE,5,"Hotel mewah yang keren banget. Siapkan kartu kredit atau kartu debit dengan isi minimal 1 juta rupiah sebagai jaminan. Kalau tidak ada, tidak boleh menginap walau sudah lunas bayar di traveloka. Aroma rempah dan dupa sangat terasa di lobby dan lift. Suka tidak suka harus cium.",hotel mewah keren banget kartu kredit debit minimal juta rupiah jamin inap lunas bayar traveloka aroma rempah dupa lobby lift suka cium,positif
ChZDSUhNMG9nS0VJQ0FnSURka096RUJnEAE,1,"Hotel boleh bagus tpi pengelolaan untuk drop off penumpang masa ya di pinggir jalan, mana barang bawaan banyakKamar: 1Layanan: 1Lokasi: 1",hotel bagus kelola drop tumpang pinggir jalan barang bawa,negatif
ChZDSUhNMG9nS0VJQ0FnSURZM0wtMVlBEAE,5,"Tempatnya nyaman , semua fasiltas yang tersedia dapat di katakan sebagai hotel yang berkelas , pelayanannya juga cukup memuaskan ....yang bikin pengen kembali aroma minyak sereh yang semerbak di antara koridor hotel",nyaman fasiltas sedia hotel kelas layan puas bikin aroma minyak sereh semerbak koridor,positif
ChZDSUhNMG9nS0VJQ0FnSUNwX2RUM1dnEAE,5,"Hotel bagus, kamar bagus&luas keluar jendela lihat kota salatiga, pelayanan bagus.
Mantep lah pokok èKamar: 5Layanan: 5Lokasi: 5",hotel bagus kamar luas jendela lihat kota salatiga layan mantep,positif
ChZDSUhNMG9nS0VJQ0FnSURVOHFyTFlBEAE,4,"Hotel yang bagus, kolam renang luas. Tapi area kolam anak dekat dengan smoking room, kasian anak yang berenang. Kamar bagus dan nyaman. Tempat makan bagus, enak dan ramah karyawannya. Playground anak bagus dan disukai anak saya.",hotel bagus kolam renang luas area smoking room kasi kamar nyaman makan enak ramah karyawan playground suka,positif
ChZDSUhNMG9nS0VJQ0FnSUN5djVEQlhREAE,5,"Nyaman dan luas, ga bosen pas didalam. Bisa jalan-jalan sama anak-anak sy yg masih kecil-kecil di area hall dan kolam renang. Untuk parkir mobil juga banyak, sy parkir di dalam waktu itu.Grup perjalananKeluargaKamar: 5Layanan: 5Lokasi: 5",nyaman luas bosen jalan area hall kolam renang parkir mobil,positif
ChdDSUhNMG9nS0VJQ0FnSUNsdnRpRnRRRRAB,5,"Hotel terbaik di kota Yogyakarta.. memiliki kamar yang nyaman, pelayanan yang memuaskan dan restaurant dengan menu-menu yang lezatJenis perjalananBisnisGrup perjalananTunggalKamar: 5Layanan: 5Lokasi: 5Sorotan hotelMewah, Pemandangan yang indah, Romantis, Tenang, Berteknologi tinggi",hotel kota yogyakarta milik kamar nyaman layan puas restaurant menu lezat mewah pandang indah romantis tenang teknologi,positif
ChZDSUhNMG9nS0VJQ0FnSURRN2VfX1JnEAE,3,"Hotel yang bagus, artistik, lokasi strategis.
Customer servicenya ramah, helpfull banget.
Menu makanannya banyak macamnya dan rasanya enak, kursinya nyaman, betah duduk berlama-lama.
Hanya sayangnya securitynya terkesan tidak ramah yah...",hotel bagus artistik lokasi strategis customer service ramah helpfull banget menu makan enak kursi nyaman betah duduk sayang securitynya,netral
ChZDSUhNMG9nS0VJQ0FnSUN5OEwtSkd3EAE,4,"Sepi ya saat covid, datang pas bukan waktu holiday cuma buat makan aja. Mau sholat Maghrib lorong dan jembatan menuju Musholla sudah gelap gulita. Jadi pakai senter hp. Sampai Musholla nya juga gelap gulita. Akhirnya sholat di luar hotel hehehe. Hotel keren dengan menu andalan Sido Muncul",sepi covid holiday makan sholat maghrib lorong jembatan tuju musholla gelap gulita pakai senter hotel hehehe keren menu andal sido muncul,positif
ChdDSUhNMG9nS0VJQ0FnSUNRM2RLY2l3RRAB,5,"Hotel Tentrem merupakan sebuah hotel yang beralamat di Jl. AM Sangaji No. 72 A, Cokrodiningratan, Jetis, Cokrodiningratan, Jetis, Kota Yogyakarta, Daerah Istimewa Yogyakarta 55233. Hotel ini merupakan salah satu hotel berkelas bernuansa klasik Jawa, yang konon kabarnya merupakan sebuah hotel yang dimiliki oleh pemimpin perusahaan jamu tradisional Sido Muncul. Proses syuting iklan jamu anti masuk angin Tolak Angin cair Sido Muncul pernah dilakukan di sini dengan bintang Maudy Ayunda. Hotel Trentem menawarkan beragam tipe kamar yang berkelas, berkesan mewah, dan elegan. Pengunjung dapat memesan kamar (booking) langsung melalui telepon, online, atau pun melalui aplikasi dari ponsel dengan beragam tawaran menarik dan diskon spesial. Interior yang dipakai di dalam Hotel Trentem sangat menimbulkan kesan mewah, glamour, namun tetap klasik dan berkelas. Saat pengunjung memasuki lobi, pengunjung akan merasakan sensasi ketenangan dan kenyamanan karena aromatherapy yang disebarkan di sepanjang area loby. Fasilitas yang ditawarkan di Hotel Tentrem sangat beragam, seperti kolam renang, welcoming address yang penuh keramahan khas Indonesia dari seluruh jajaran staf dan karyawan Hotel Tentrem, fitness centre, akses internet wifi, dan sebagainya.",hotel tentrem rupa buah alamat sangaji cokrodiningratan jetis kota yogyakarta daerah istimewa salah kelas nuansa klasik jawa konon kabar milik pimpin usaha jamu tradisional sido muncul proses syuting iklan anti masuk angin tolak cair laku bintang maudy ayunda trentem tawar ragam tipe kamar kesan mewah elegan unjung booking langsung telepon online aplikasi ponsel tarik diskon spesial interior pakai timbul glamour pasuk lobi sensasi tenang nyaman aromatherapy sebar area loby fasilitas kolam renang welcoming address penuh ramah khas indonesia jajar staf karyawan fitness centre akses internet wifi,positif
ChZDSUhNMG9nS0VJQ0FnSUNpaE9mOFBnEAE,5,"Nyaman, luas, fasilitas oke. Cuman ya agak creepy aja lorong-lorongnya hehehe. Pas nginep sini pas masa pandemi jadi yaa lampu-lampu terlihat kurang terang yaaa di lobby dan lorong. Tapi okelah yg penting nyaman guys.",nyaman luas fasilitas creepy lorong hehehe nginep pandemi lampu lihat terang lobby guys,positif
ChdDSUhNMG9nS0VJQ0FnSUNnaU95UDVRRRAB,5,"Hotel nyaman luar biasa, pelayanan yang diberikan memuaskan, dari penjaga satpam hingga pelayanan kamarnya luar biasa ramah-ramah, sesuai dengan kocek yang dikeluarkan. Tidak nyesel deh. Tidak rekomended kalau buat backpakeran soalnya mihilnya lumayan bisa buat seminggu di yogya. Sarapannya enak menu nya variatip, fasilitas yang ditawarkan pun luar biasa.",hotel nyaman layan puas jaga satpam kamar ramah sesuai kocek nyesel rekomended backpakeran mihilnya lumayan minggu yogya sarapan enak menu variatip fasilitas tawar,positif
ChZDSUhNMG9nS0VJQ0FnSUNJM3AtcURBEAE,5,Saya sudah beberapa Kali kesini. Biasanya karena arrange event rapat kantor Dan memang sudah jadi favorit kami. Jadi Kali ini liburan keluarga di jogja pun rasanya gak lengkap tanpa nginap di Tentrem. Mulai dari lobby Dan segala fasilitas sampai kamar (yang terutama ya) sangat lah mengesankan. Gak akan nyesel kl kesini. Worth it!,kali kesini arrange event rapat kantor favorit libur keluarga jogja lengkap nginap tentrem lobby fasilitas kamar utama kesan nyesel worth,positif
ChZDSUhNMG9nS0VJQ0FnSURZcGJxZUVBEAE,5,"Pelayanan ramah dan sangat nyaman. Hotel dgn pengalaman terbaik, sudah banyak baik artis maupun orang-orang berpengaruh dunia yang memilih hotel ini sebagai penginapan.",layan ramah nyaman hotel alam artis orang pengaruh dunia pilih inap,positif
ChdDSUhNMG9nS0VJQ0FnSURXN1pQX3N3RRAB,5,"Pelayanan oke bgt, hotel prokes jalan. Nyaman enak , sarapan jg beraneka dan rasanya enak. Staycation 2 malem sm doi puas ❤👍 bersih . Best moment  547awp 29300322Jenis perjalananLiburanGrup perjalananPasanganKamar: 5Layanan: 5Lokasi: 5",layan banget hotel prokes jalan nyaman enak sarapan aneka staycation malam puas bersih momen,positif
ChRDSUhNMG9nS0VJQ0FnSURBaUt4NBAB,5,"Waktu itu ke sana karena akan menghadiri sebuah acara seminar. Ke sana naik motor, masuk lewat pintu selatan dan parkir di basement ballroom di sisi selatan hotel. Untuk masuk ke loby, dari basement kami harus jalan kaki keluar ke arah pintu masuk yang jaraknya cukup lumayan karena tidak adanya jalan penghubung untuk masuk ke dalam hotel.
Saat menginjakkan kaki di Lobby hotel, aroma serai memenuhi ruangan. Di sisi kanan dua (klo ga salah) bajay dipajang rapi. Bellboy dg ramah membukakan pintu & mengarahkan kami ke tempat tujuan.
Ada Restaurant, bar area yg menghadap ke kolam renang, fitness center dan arena bermain anak yang dijamin bikin anak betah berlama2 di sini.
Jangan tanya kamar, karena kami tidak ke kamar, hihihi.. Tapi liftnya sangat nyaman. Lift terbaik yg pernah saya naiki. #lebay",hadir buah acara seminar motor masuk pintu selatan parkir basement ballroom sisi hotel loby jalan kaki arah jarak lumayan hubung injak lobby aroma serai penuh ruang kanan salah bajay pajang rapi bellboy ramah buka tuju restaurant area hadap kolam renang fitness center arena main jamin bikin betah kamar hihihi lift nyaman lebay,positif
ChdDSUhNMG9nS0VJQ0FnTURvbzRDOGlRRRAB,5,"NYAMAAAAANNNNN BANGET BANGEEETTTTTTYTT. di lobby nya juga super wangii
definisi worth the price sihhh😻😻😻Jenis perjalananLiburanGrup perjalananKeluargaKamar: 5Layanan: 5Lokasi: 5Sorotan hotelMewah, Romantis, Berteknologi tinggi",nyaman banget bangetytt lobby super wangi definisi worth price mewah romantis teknologi,positif
ChdDSUhNMG9nS0VJQ0FnTUNneE9QdnN3RRAB,5,Mas uta & doni gercep bersihinnya tau aja mau istirahat nyaman..keren pelayanan nya 🤭👍Jenis perjalananBisnisKamar: 5Layanan: 5Lokasi: 5,doni gercep bersihinnya istirahat nyaman keren layan,positif
ChZDSUhNMG9nS0VJQ0FnSUNBMlpqWGVBEAE,5,"This hotel is the best hotel in Yogyakarta. Kamarnya dan kamar mandinya luas. Fasilitas Sauna,Gym dan Kolam Renang nya free dan memuaskan. Sarapan nya beragam dari Western sampai traditional.",this hotel yogyakarta kamar mandi luas fasilitas sauna kolam renang free puas sarapan ragam western traditional,positif
ChZDSUhNMG9nS0VJQ0FnSURXdUx1ZUJREAE,3,"Menginap 2 hari 2 malam disini ..!!sangat Puas dengan Pelayanan yang ada ..Tapi di Sarapan hari terakhir ada Teman/Tamu kamar yang menggunakan Sarung berkaus dan berpeci sedang sarapan....Saat keluar dari Resto salah seorang Staaf penjaga pintu masuk menghampiri untuk Meminta Jangan Menggunakan Sarung lagi ketika Sarapan....!!Saya Heran.,Kenapa Tamu Hotel yang juga ikut Bayar seperti tamu yang Lain,dan berbusana cukup Sopan diminta mengganti Bajunya ...!!bagaimana Standartnya..?mohon di perhatikan..karna ini terkait Kenyamanan Tamu Hotel.Jenis perjalananBisnisKamar: 5Layanan: 3Lokasi: 5",inap malam puas layan sarapan teman tamu kamar sarung kaus peci resto salah orang staaf jaga pintu masuk heran hotel bayar busana sopan ganti baju standartnya mohon perhati karna kait nyaman,netral
Ci9DQUlRQUNvZENodHljRjlvT25KTGNVTTNabXRLWjJ0S1pUTldha28wWWxnd2ExRRAB,5,Hotel terbaik di jogjakartaJenis perjalananBisnisKamar: 5Layanan: 5Lokasi: 5,hotel jogjakarta,positif
ChZDSUhNMG9nS0VJQ0FnSUNkcktXWENnEAE,5,"Pelayanan nya bagus... ramah.. cekatan
Mulai dari
Sekuriti, bellboy, FO sampai bag resto nya... luar biasa... terimakasih atas pelayanannya
Istimewa....👍👍Jenis perjalananBisnisKamar: 5Layanan: 5Lokasi: 5Sorotan hotelMewah, Romantis, Tenang",layan bagus ramah cekat sekuriti bellboy resto terimakasih istimewa mewah romantis tenang,positif
ChdDSUhNMG9nS0VJQ0FnSUQ2MDhtUXhnRRAB,5,"tempatnya nyaman,luas dg alunan musik gending jawa.staf dan penunjuk jalan ramah.taat prokes..sdh ada scan barcode pedulilindungi utk stp tamu yg akan masuk hotel.",nyaman luas alun musik gending jawa staf jalan ramah taat prokes scan barcode pedulilindungi tamu masuk hotel,positif
ChZDSUhNMG9nS0VJQ0FnSURBdTZhQk1BEAE,5,"Hotel yang menjadi rujukan para wisatawan dan tamu undangan baik skala nasional maupun internasional. Akses dari tugu jogja kurang lebih 350 meter. Ke UGM kurang lebih 400 m, dan akses pertokoan lainnya juga dekat. Untuk acara skala nasional dan internasional juga bisa digelar di tempat tersebut. Parkir luas, room driver juga ada dan luas, musholla ada di basement dan hotelnya, akses toko2 kecil banyak. Pokonya lengkap dan harganya jelas menunjukkan kualitasnya. Mantap!",hotel rujuk wisatawan tamu undang skala nasional internasional akses tugu jogja meter toko acara gelar parkir luas room driver musholla basement poko lengkap harga kualitas mantap,positif
ChZDSUhNMG9nS0VJQ0FnSUMxZ011OFRBEAE,5,"Hotel bintang 5 yg nyaman lounge ny jg Enk bgt buat santai 🥂cocok buat staycation dg keluargaJenis perjalananLiburanGrup perjalananKeluargaKamar: 5Layanan: 5Lokasi: 5Sorotan hotelMewah, Pemandangan yang indah, Romantis, Tenang, Cocok untuk anak-anak",hotel bintang nyaman lounge banget santai cocok staycation keluarga mewah pandang indah romantis tenang,positif
ChZDSUhNMG9nS0VJQ0FnSUMxNEtfTFRREAE,5,"Hotelnya spt namanya tentrem dan nyaman, pegawainya juga ramah dan cepat datang kalau kita butuh sesuatu.Jenis perjalananLiburanGrup perjalananPasanganKamar: 5Layanan: 5Lokasi: 5",hotel tentrem nyaman pegawai ramah cepat butuh,positif
ChdDSUhNMG9nS0VJQ0FnSURTdVpIYzVBRRAB,5,Kamar nya bagus . Tempat tidurnya pun besar. Bahkan yg ukuran Twin pun. Menu sarapan pagi nya lengkap. Mulai dr tradisional food lengkap dgn jamu nya smp Internasional food,kamar bagus tidur ukur twin menu sarapan pagi lengkap tradisional food jamu internasional,positif
ChdDSUhNMG9nS0VJQ0FnSUNpbUt6SW1RRRAB,5,"Tempat yg indah dan mevvah utk liburan, business trip, dan staycation. Arsitektur modern dan artsy serta nuansa jawa yg kental. Makanan sarapan sangat memuaskan, tasty, variatif, dan pelayanan yg humanis. Untuk sarapan juga disediakan menu tradisional yg wajib utk dicicipi, seperti gudeg, dawet ireng, laksa, soto manado, gado gado, dan masih banyak hidangan lainnya",indah mewah libur business trip staycation arsitektur modern artsy nuansa jawa kental makan sarapan puas tasty variatif layan humanis sedia menu tradisional wajib cicip gudeg dawet ireng laksa soto manado gado hidang,positif
ChZDSUhNMG9nS0VJQ0FnSUR0emZTaWRnEAE,5,"Staycation 2 hari disini
Hotel mewah, Pool bersih, F&B puas
Staff the best sangat ramah khas Jogja
Amenities cukup lengkap dan berkualitasJenis perjalananLiburanGrup perjalananPasanganKamar: 5Layanan: 5Lokasi: 4Sorotan hotelMewah, Harga terbaik",staycation hotel mewah banget bersih puas staff ramah khas jogja amenities lengkap kualitas harga,positif
ChZDSUhNMG9nS0VJQ0FnSUNNMTZfeU9nEAE,5,"Enggak nginep di hotelnya sih,  cuma makan di kayu manis.
Pegawai ramah,  makanannya jug enak banget
Harga nya reasonable kok sama tempat, suasna dan rasanya.  Nggak nyesel
Walaupun dari parkiran mau ke kayu manis agak ribet jalan nya karena mutermuter,  tapi oke banget overall.",nginep hotel makan kayu manis pegawai ramah enak banget harga reasonable suasna nyesel parkir ribet jalan mutermuter overall,positif
ChdDSUhNMG9nS0VJQ0FnSUN3MmItd293RRAB,5,"Hotelnya bersih dan wangi rempah/jawa. Mengusung konsep traditional jawa dengan jamu-nya. Sampai permennya saja permen tolak angin, minuman yg disediakan juga ada berbau jamu 😁. Sarapannya anaak dengan berbagi menu pilihan dari appetizers-main course-sampai desert. Ada beberapa makanan tradisional yang berganti2 setiap hari dengan siklus 1 minggu. Ada gudeg, mi koclok Cirebon, dawet hitam tegal DLL. Roti bakarnya juga enak. Stafnya ramah2, khas Yogya. Sukaa stay di situ meski agak jauh dari malioboro tapi okelah. Ada banyak becak motor samaYang umum yang lewat depan hotel💜. Yuk coba stay di Tentrem kalau ke Yogya guys. Kalau ke Yogya pengen stay di sana lagi.",hotel bersih wangi rempah jawa usung konsep traditional jamu permen tolak angin minum sedia sarapan anaak menu pilih appetizers main course desert makan tradisional ganti siklus minggu gudeg koclok cirebon dawet hitam tegal roti bakar enak staf ramah khas yogya sukaa stay situ malioboro becak motor coba tentrem guys,positif
ChdDSUhNMG9nS0VJQ0FnSUNDbV9qTy1nRRAB,5,"Hotel nyaman, sangat nyaman, bersih, cocok untuk berlibur bersama keluarga, ballroomnya oke buat bikin acara. Sangat bagus sekali. Lokasi sangat strategis. Pelayanan sangat ramah.",hotel nyaman bersih cocok libur keluarga ballroomnya bikin acara bagus lokasi strategis layan ramah,positif
ChZDSUhNMG9nS0VJQ0FnSURPc2Mza0FREAE,4,"interior lobby dan kamar terkesan mewah, rapih dan bersih, menu breakfast lumayan enak reguler hotel pada biasanya. the wifi is a bit slow though",interior lobby kamar mewah rapih bersih menu breakfast lumayan enak reguler hotel wifi slow though,positif
ChdDSUhNMG9nS0VJQ0FnSUMtNzRybDNnRRAB,4,Makanannya biasa aja. Khusus lantai shower kurang dalam menanmpung air. Tanpa kita sadar buka pintu tumpah ke ruang sebelah. Becek. Apa semua lantai alami yg sama?,makan khusus lantai shower menanmpung sadar buka pintu tumpah ruang belah becek alami,positif
ChZDSUhNMG9nS0VJQ0FnSUQ2am9Pd0VREAE,5,"Gede yg pasti hotelnya hehe,  untuk harga ya pasti ada harga ada kualitas ya guys,  pas kesini katanya ada kunjungan presiden,  penjagaannya ketat,  tapi katanya cuman kan gak ketemu hehe,  pelayanan nya bagus, 👍👍silahkan di coba,  oh ya hanya bisa ambil foto dafi depan,  gak sempet foto …",gede hotel harga kualitas guys kesini kunjung presiden jaga ketat ketemu layan bagus silah coba ambil foto dafi sempet,positif
ChdDSUhNMG9nS0VJQ0FnSURvenQydGxnRRAB,3,Kamar nya besar dan bersih hanya saja kurang kedap suara... Breakfast banyak pilihan dan enak2 rasa nya. Ballroom masih yg terbesar di Jogjakarta pas untuk acara besar.,kamar bersih kedap suara breakfast pilih enak ballroom jogjakarta acara,netral
ChdDSUhNMG9nS0VJQ0FnSUNPcXRQSHJ3RRAB,5,"Tempatnya aesthetic si.... Bener-bener bangunan yang cantik, pelayanannya oke, petugasnya ramah, makanannya enak, kamarnya besar dan bersih. Worth it sekali dengan harga dan pengalaman.",aesthetic bener bangun cantik layan tugas ramah makan enak kamar bersih worth harga alam,positif
ChZDSUhNMG9nS0VJQ0FnSURNLWNtNVRBEAE,5,"Salah satu Hotel Terbaik dan termegah di Yogya punya nya Sidomuncul satu grup dengan Hotel Chanti, Untuk.Harga sebanding dengan kualitas dan layanan. Saran saya kalau mau menginap dihotel ini booking lebih awal atau jauh jauh hari karna rate nya lumayan hehe. Bau Hotel khas sama seperti di Hotel Chanti Semarang. Bau Rempah. Kamar Luas, Fasiltas Hotel oke. Makanan oke.",salah hotel megah yogya sidomuncul grup chanti harga banding kualitas layan saran inap booking karna rate lumayan khas semarang rempah kamar luas fasiltas makan,positif
ChdDSUhNMG9nS0VJQ0FnSURJaXFQWDFBRRAB,5,"Pelayanan crew hotel semua ramah, welcome drink segar dan bervarian. Harga sebanding dengan pelayanan dan kenyamanan di hotel, lokasi juga strategis sekali dekat dengan tempat wisata maupun stasiun.",layan crew hotel ramah minum segar varian harga banding nyaman lokasi strategis wisata stasiun,positif
ChdDSUhNMG9nS0VJQ0FnSUQwdmNHRDl3RRAB,5,"Bener2 tentrem, sesuai dengan naman Hotelnya. Ada yg unik dari menu makanannya yg disajikan. Semua minuman yg ditambah jamu herbal tolak angin cocok banget. Oiya satu yg spesial, es krim tolak anginnya.. JUARAAAAA... kalo saya sukanya tanpa ditambah toping.. mmmm beneran enak bgt. Puas banget deh, nginep disini. 💋💋😍 …",bener tentrem sesuai naman hotel unik menu makan saji minum jamu herbal tolak angin cocok banget oiya spesial krim juara kalo suka toping beneran enak puas nginep,positif
ChZDSUhNMG9nS0VJQ0FnSUNVcmJTR2VnEAE,5,"Walaupun belum pernah nginep disini..tapi aku sering lewat..xixi
Letaknya yang strategis bisa jadi referensi untuk tempat nginep kalian nie gaess,.
Kalau mau ke tugu Deket banget,yang suka foto2,
Mau ke Malioboro juga deket.,yang suka belanja-belanja,
Stasiun tugu Deket..
Tempat nongkrong yang asik sekitar hotel juga banyak,instagramable

Although I have never stayed here ... but I often pass by ... xixi
Its strategic location can be a reference for where you want to stay. If you want to go to ""tugu"" that is an icon of Jogja Deket really, who likes photos, Want to go to Malioboro too near, who likes shopping, Deket monument station ... Lots of cool hangouts around the hotel, Instagramable",nginep xixi letak strategis referensi gaess tugu deket banget suka foto malioboro belanja stasiun nongkrong asik hotel instagramable although have never stayed here often pass strategic location reference where want stay that icon jogja really likes photos near shopping monument station lots cool hangouts around,positif
ChdDSUhNMG9nS0VJQ0FnSUM2LTd1YXZ3RRAB,5,Hotel bintang 5 yg palinh bagus di yogyakarta. Fasilitas serba lengkap standart internasional. Tempat nya jg strategis bgt. Tamu Mau kemana2 tdk terlalu jauh. Pasti nyaman sekali,hotel bintang palinh bagus yogyakarta fasilitas serba lengkap standart internasional strategis banget tamu nyaman,positif
ChdDSUhNMG9nS0VJQ0FnSUN3NEp1aC1BRRAB,4,"udah lama gak main ke hotel tentrem kali ini buka puasa bareng suami di kayu manis resto. Menunya macem-macem lho

Paling recomended sama bebeknya nya ini endes banget sampai antri-antri. Tapi tenang gak usah takut pasti kebagian kok bebeknya. Pokoknya mantap banget di hotel tentrem sukak",udah main hotel tentrem kali buka puasa bareng suami kayu manis resto menu macem recomended bebek endes banget antri tenang takut pokok mantap sukak,positif
ChdDSUhNMG9nS0VJQ0FnSUN4NzZtUC1RRRAB,5,"Hotelnya bagus mewah banget, pelayanannya sgt ramah, lokasi dipusat kota, akses kmn2 mudahKamar: 5Lokasi: 5",hotel bagus mewah banget layan ramah lokasi pusat kota akses mudah,positif
ChdDSUhNMG9nS0VJQ0FnSUM2NTRXeDF3RRAB,4,"Kolam Renang nya yg luas, asri nan mewah membuat saya betah berenang hampir 2 jam full tanpa istirahat luar biasa asyieknya, tempat bilasnya jg representatif luas dan nyaman ada mandi sauna dan kolam air panas yg mewah juga,  kamar tidur dan balkonnya juga luas nyaman ditempati untuk bersantai, makanannya juga enak dg aneka menu yg menggoda selera  pengennya semua dicicipi tp keterbatasan perut blm semua dicicipi, tp yg jelas bakso ikan dan siomaynya maknyus bgt rugi kalau blm nyoba loh...masih pengen kesana lagi kapan yaa..",kolam renang luas asri mewah betah full istirahat asyieknya bilas representatif nyaman mandi sauna panas kamar tidur balkon santa makan enak aneka menu goda selera cicip batas perut bakso ikan siomaynya maknyus banget rugi nyoba kesana,positif
ChdDSUhNMG9nS0VJQ0FnSURZN3B5THZBRRAB,5,"Hotel yg bagus, aksitektur modern. Serta gampang ditemukan dipinggir jalan. Kamar bersih dan pelayanannya pun baik. Untuk hidnagna restauran pun banyak pilihan. Saya tidak sempat foto kemarin.",hotel bagus aksitektur modern gampang temu pinggir jalan kamar bersih layan hidnagna restauran pilih foto kemarin,positif
ChdDSUhNMG9nS0VJQ0FnSURTejZXc3VnRRAB,4,"Sebenere suka banget nginep disini kamarnya besar ada teras view kolam lagi,,cuma pas ganti baju renang diruang ganti poolnya kok kurang terawat ya mungkin terlewatkan dak dibersihkan dan diberi pengharum karena dipojok mungkin ya..yg punya anak kecil yg mau bermain diplay kidroom mesti bawa kaos kaki klau endak mesti beli 20rb biar bs main &untuk makn breakfast pagi sangat beragam dan enak walau tambah biaya untuk makan anak lanang usia 10th, lumayan mahal jg😀😬..terimakasih untuk pengalaman menginap yg luar biasa di sini.🥰",sebenere suka banget nginep kamar teras view kolam ganti baju renang ruang poolnya awat bersih harum pojok main diplay kidroom mesti bawa kaos kaki endak beli biar makn breakfast pagi ragam enak biaya makan lanang usia lumayan mahal terimakasih alam inap,positif
ChdDSUhNMG9nS0VJQ0FnSUMwLWFMTXNRRRAB,4,"Lobbynya bagus, nuansa jawanya sangat kental. Sedikit tips, jangan pernah menghilangkan kartu parkir, soalnya dendanya agak ribet. Kebersihan adalah hal yang diutamakan di hotel bintang 5 ini",lobby bagus nuansa jawanya kental tips hilang kartu parkir denda ribet bersih utama hotel bintang,positif
ChZDSUhNMG9nS0VJQ0FnSURwM2JTMVlREAE,5,"Poll hotelnyaa
The best

Suasananya nyaman, jawa sekali
Sarapannya juga bervarian, ada gudeg yu djum, gudeg sagan, soto kadipiro, dkkKamar: 5Layanan: 5Lokasi: 5",poll hotelnyaa suasana nyaman jawa sarapan varian gudeg djum sagan soto kadipiro,positif
ChZDSUhNMG9nS0VJQ0FnSUN3d1B5T01REAE,5,"Hotel bintang 5 di jogja. Lokasinya cukup strategis tidak begitu jauh dari malioboro. Kondisi kamar cukup luas, rapi, bersih, fasilitasnya lengkap dan pelayanannya ramah serta memuaskan.
Silahkan mencoba dan selamat bersenang senang di Jogjakarta yaaa.  ^^",hotel bintang jogja lokasi strategis malioboro kondisi kamar luas rapi bersih fasilitas lengkap layan ramah puas silah coba selamat senang jogjakarta,positif
ChZDSUhNMG9nS0VJQ0FnSUMwa3VPamNBEAE,4,"Datang buat event ini saja sih, sound system agak bermasalah, selain itu sih oke, petugasnya ramah, fasilitas lain sekelas bintang 5 ya sudah bagus lah. Hotel ini kalau dari luar kentara banget karena arsitektur yang khas dan paling mejulang.",event sound system tugas ramah fasilitas kelas bintang bagus hotel kentara banget arsitektur khas mejulang,positif
ChdDSUhNMG9nS0VJQ0FnSUNHMHNfcDlnRRAB,5,"Tempat sangat nyaman dan bersih...sudah 3 kali nginap di sini...Rumahku sama Jogja sebenarnya gak jauh cuma sekitar 45 kilo dr pusat kota...tapi memang sering nyantai di Jogja,, sekedar cari suasana yg agak berbeda 😀😀 …",nyaman bersih kali nginap rumah jogja kilo pusat kota nyantai cari suasana beda,positif
ChZDSUhNMG9nS0VJQ0FnSUNnNTlHV2RREAE,4,"ruang tunggu sangat nyaman dan kamar yang luas serta sangat bersih, saya suka. makanan juga enak untuk breakfastnya disertai pelayanan staf yang profesional. harga yang dibayarkan sangat sesuai dengan pelayanan dan fasilitas yang didapat. good job",ruang tunggu nyaman kamar luas bersih suka makan enak breakfastnya layan staf profesional harga bayar sesuai fasilitas good,positif
ChdDSUhNMG9nS0VJQ0FnSUNpc3EyZHJRRRAB,4,"Almost perfect, Mohon perbaiki Colokan USB di kamarnya
, pancuran showernya sudah agak miring, Mohon di ganti hairdryer nya yg baru agar lbh bagus, terimakasih 🇮🇩 …",almost perfect mohon colok kamar pancur showernya miring ganti hairdryer bagus terimakasih,positif
ChdDSUhNMG9nS0VJQ0FnSUNnX3Q3cXJRRRAB,5,"one of the best hotel yang pernah saya kunjungi. lobi hotel luas, kamar sangat nyaman, ada cafe, wifi, amenities lengkap, swimming pool, cafe, gym, playground, hall pertemuan, pegawai hotel cekatan dan ramah. breakfastnya juaraaa (super recommended), sampai ada eskrim tolak angin.",hotel kunjung lobi luas kamar nyaman cafe wifi amenities lengkap swimming banget playground hall temu pegawai cekat ramah breakfastnya juara super recommended eskrim tolak angin,positif
ChZDSUhNMG9nS0VJQ0FnSUN3X3Y3NWRBEAE,5,"Hotelnya nyaman, kamar mandi pastinya bersih dunk, mewah..harus dicoba yah...kolam renangnya instagramable banget..pokoknya harus dicoba deh...kalau harga kamar bisa di cek di traveloka atau di google langsung...",hotel nyaman kamar mandi bersih dunk mewah coba kolam renang instagramable banget pokok harga traveloka google langsung,positif
ChZDSUhNMG9nS0VJQ0FnSURHbzZXR0hnEAE,5,"Hotel mewah yang nyaman dengan fasilitas yg sangat lengkap. Ruang parkir luas, hall untuk acara besar sangat luas, dan tersedia banyak meeting room untuk acara workshop dll",hotel mewah nyaman fasilitas lengkap ruang parkir luas hall acara sedia meeting room workshop,positif
ChZDSUhNMG9nS0VJQ0FnSURwazlDWFVnEAE,5,"Luar biasa.
Sangat nyaman dan pelayanannya pun sangat baik dan ramah.ayo berkunjung di hotel tentram Yogyakarta,di jamin 💯 puas dan tidak bakal nyesal.Kamar: 5Layanan: 5Lokasi: 5",nyaman layan ramah kunjung hotel tentram yogyakarta jamin puas nyesal,positif
ChZDSUhNMG9nS0VJQ0FnSURTLW9McWVBEAE,5,"Belum sempat menginap. Hanya menggunakan fasilitas meeting package. Layanannya oke. Menerapkan protokol kesehatan dengan baik. Semoga pandemi segera berakhir, sehingga meeting package berikutnya include dengan room...😗 …",inap fasilitas meeting package layan terap protokol sehat moga pandemi include room,positif
ChZDSUhNMG9nS0VJQ0FnSURBNjYzbmFREAE,5,"Mampir ke sini hanya untuk sarapan pagi. Jadi yg saya review hanya Kayu Manis Restaurant saja.
Makanan lengkap, ada stall khusus makanan khas Indonesia, roti2 ala menu Western, dessert melimpah sampe es krim juga ada. Desain interior apik dan nyaman.",mampir sarapan pagi review kayu manis restaurant makan lengkap stall khusus khas indonesia roti menu western dessert limpah sampe krim desain interior apik nyaman,positif
ChZDSUhNMG9nS0VJQ0FnSURJMk1yR1ZREAE,5,Super great place to stay. So elegant. So pricey. Lokasinya strategis. Harga kamarnya sesuai lah dengan facilities yg ada. Ballrooms nya jg mewah. Air supply aja pernah konser disini. Nice :),super great place stay elegant pricey lokasi strategis harga kamar sesuai facilities ballrooms mewah supply konser nice,positif
ChZDSUhNMG9nS0VJQ0FnSURJemEyNmRnEAE,5,Hotel mewah di Yogyakarta dan jelas bintang 5 pelayanan nya karena pernah dipakai nginep Obama saat main di Indonesia. Dengan gaya arsitektur Jawa juga fasilitas nyaman. Hotel ini cocok bagi para kalangan atas untuk menginap di jogjakarta. Sering juga dipakai untuk keperluan Seminar,hotel mewah yogyakarta bintang layan pakai nginep obama main indonesia gaya arsitektur jawa fasilitas nyaman cocok kalang inap jogjakarta seminar,positif
ChdDSUhNMG9nS0VJQ0FnSUNndVp6RS1RRRAB,5,"Hotel paling mewah dan megah serta paling mahal, ada boot penjualan kain batik tulis dari tangan2 terkenal, kalau mau ngrasain jamu, dan aroma terapi yg jarang ditemui di jogya. Tempat dan kamar luas, sesuai harga.",hotel mewah megah mahal boot jual kain batik tulis tangan kenal ngrasain jamu aroma terapi jarang temu jogya kamar luas sesuai harga,positif
ChZDSUhNMG9nS0VJQ0FnSURtMmUzc2FREAE,4,"Hotelnya luas.
Bersih dan luas.
Lokasi mudah di cari.
Untuk para pengantar tidak usah khawatir karena ada lokasi untuk menunggu. Jajan dan shalat jd gak bingung.",hotel luas bersih lokasi mudah cari khawatir tunggu jajan shalat bingung,positif
ChdDSUhNMG9nS0VJQ0FnSURXNExlOTdRRRAB,5,Luar biasa....hotelnya bagus...ga sia2 bayar mahal...tempatnya romantis dan pas masuk ke dalam kamar ada kue ultah buat papa tersayang,hotel bagus bayar mahal romantis masuk kamar ultah papa sayang,positif
ChZDSUhNMG9nS0VJQ0FnSUNBOHN6dWZBEAE,5,"Parkirnya sangat luas, dan aksesnya gampang jadi mudah ditemukan. Tapi ingat jika membawa motor pintu masuknya yg sebelah selatan, bukan yg utara, nanti langsung turun lalu belok kanan, parkir basement disebelah gedung serbaguna-nya.
Mungkin bagi yg belum pernah kesini agak membingungkan jalan dr parkiran motor ke lobby hotel.

Interiornya sangat mewah, staff-nya sangat ramah dari sekuriti diluar hingga pelayan yg didalam.
Makanannya pun enak.",parkir luas akses gampang mudah temu bawa motor pintu masuk belah selatan utara langsung turun belok kanan basement gedung serbaguna kesini bingung jalan lobby hotel interior mewah staff ramah sekuriti layan makan enak,positif
ChdDSUhNMG9nS0VJQ0FnSUNBMUp5X3hnRRAB,5,"Sebagai venue bintang lima, hotel Tentrem is the best. Mulai dari interior di setiap sudut ruangan kamar, ballroom, meeting room, lobby sampai restroom nya, juaraaaa. Ballroom Tentrem 1,2,3 membuat saya takjub, pelayanan juga sangat memuaskan.",venue bintang hotel tentrem interior sudut ruang kamar ballroom meeting room lobby restroom juara takjub layan puas,positif
ChZDSUhNMG9nS0VJQ0FnSURDdUxpV1VREAE,5,"Hotel bintang 5. Sering digunakan untuk acara acara besar. Makananya enak2. Semua staff sudah ahli di bidangnya dan ramah. Mantap banget pokoknya.
Walaupun mahal tapi keamanan dan kenyamanan no wahid. Sangat rekomen pokoknya",hotel bintang acara makananya enak staff ahli bidang ramah mantap banget pokok mahal nyaman wahid rekomen,positif
ChZDSUhNMG9nS0VJQ0FnSUNRdE5QREFnEAE,4,"Hotel nya oke, kamar oke, sarapan oke...tetapi seminggu nginep pasti bosan dengan menu sarapannya...nyobain sauna nya oke..tapi jadi ilfeel karena ada member yg makan didalam kolam...dan penjaganya tidak ada yg negor..jangan2 airnya kotor nih...waduh....kasih 4 dengan hati berat",hotel kamar sarapan minggu nginep bosan menu nyobain sauna ilfeel member makan kolam jaga negor kotor hati berat,positif
ChZDSUhNMG9nS0VJQ0FnSUR4NUlIa2ZREAE,5,Service ok..dan sangat layak disebut dengan hotel bintang 5. Sangat memuaskan bagi Anda yang ingin cari tempat istirahatKamar: 5Layanan: 5Lokasi: 5,service layak hotel bintang puas cari istirahat,positif
ChdDSUhNMG9nS0VJQ0FnSUQ4c3B1OC1RRRAB,5,Ni hotel termewah yg pernah gw kunjungin di jogja fasilitasnya juga lengkap ada tempat fitnes 2 resto mini bar kolam renang area parkir luas tempat bermain anak/ kida funs tempatnya bersih pelayanan juga memuaskan,hotel mewah kunjungin jogja fasilitas lengkap fitnes resto mini kolam renang area parkir luas main kida funs bersih layan puas,positif
ChZDSUhNMG9nS0VJQ0FnSUQyNG9fYUZREAE,5,"Hotel yang pelayanannya Buaguuss banget

Sampe mau nyeberang masuk aja dibantuin 🤩

Banyak spot untuk foto juga hehehe...

Mau berenang ada kok.

Ada 1 lukisan yang menarik banget..jadi saya ambil.",hotel layan buaguuss banget sampe nyeberang masuk dibantuin spot foto hehehe renang lukis tarik ambil,positif
ChZDSUhNMG9nS0VJQ0FnSUMwOW9UQ1VREAE,4,"Fasilitas hotel sangat baik, makanan enak dan variatif tetapi pelayanan kamar msh kurang optimal, saya memesan sandal baru diantar 1 jam kemudian.",fasilitas hotel makan enak variatif layan kamar optimal sandal,positif
ChdDSUhNMG9nS0VJQ0FnSUNtcVBXNTB3RRAB,4,"Terkahir ke sini waktu pas baru2nya hotel tentrem buka. Waktu itu di lantai bawah ada restoran Duck King, kami makan di sana. Perjalanan dari tempat parkir menuju restoran sangat amat nyaman. Semua staf ramah, kamar mandi di dekat lobby juga sangat bersih dan wangi. Ngga ada cela.",terkahir hotel tentrem buka lantai restoran duck king makan jalan parkir tuju nyaman staf ramah kamar mandi lobby bersih wangi ngga cela,positif
ChZDSUhNMG9nS0VJQ0FnSUNHd3JybUlnEAE,5,Hotel Bintang 5 paling keren di Jogja. Kamar nya besar dan luas 👍. Fasilitas nya banyak. Kids Friendly. Makanan nya pun enak. Patut dicoba kawan …,hotel bintang keren jogja kamar luas fasilitas kids friendly makan enak patut coba kawan,positif
ChdDSUhNMG9nS0VJQ0FnSUNJcXJ1U2h3RRAB,5,"Sering diadakan konser"" besar di hotel ini... Terdapat spa dan tempat kebugaran. Tempatnya pun nyaman, cocok untuk tempat menginap saat berlibur, letaknya pun tidak jauh dari pasar malioboro. Serta nyaman untuk menginap keluarga saat perjalanan jauh...",konser hotel bugar nyaman cocok inap libur letak pasar malioboro keluarga jalan,positif
ChZDSUhNMG9nS0VJQ0FnSUNxX2RYRllREAE,5,"Hotelnya nyaman, lokasi hotel tengah kota, kamarnya besar, staf ramah, breakfastnya mantul😁, fasilitas ok banget, spot foto di kolam renang bagus banget. 9/10 …",hotel nyaman lokasi kota kamar staf ramah breakfastnya mantul fasilitas banget spot foto kolam renang bagus,positif
ChZDSUhNMG9nS0VJQ0FnSUMwdUpYTWFREAE,5,"Hotelnya nyaman banget, anak aku betah, jd ninggalin meeting seminggu anaknya bisa berenang atau main di kids corner.. semua makanan di dalam kamar gratis dan refill ;)",hotel nyaman banget betah ninggalin meeting minggu renang main kids corner makan kamar gratis refill,positif
ChdDSUhNMG9nS0VJQ0FnSUQwaVBfYjVnRRAB,5,"Bersih dan bagus.
Spt terlihat di foto.
Ambil kamar yg ada balkonnya krn gw perokok.
Breakfastnya banyak macam makanan indonesia,enak2.",bersih bagus lihat foto ambil kamar balkon okok breakfastnya makan indonesia enak,positif
ChdDSUhNMG9nS0VJQ0FnSUNPZ192R3B3RRAB,5,"Hotel yang menyenangkan
Hospitality nya itu lhoo..JUARA 👏🏻👏🏻
Menu resto maupun room servicenya sama2 enak
Jangan lupa nyicip gelato tolak anginnya, one of a kind 😁😁 …",hotel senang hospitality lhoo juara menu resto room service enak lupa nyicip gelato tolak angin kind,positif
ChdDSUhNMG9nS0VJQ0FnSUNtNi1PWXB3RRAB,5,"spectacular stay

senang dgn kamar premier hotel ini krn ada balcony lengkap dengan sofa untuk bersantai... kebersihannya memang meet to expectation, breakfast variation nya juara dan staff FO nya ramah2... thanks yah mbak Dea - FO buat servicenya....

sayang banget eboni lounge udah tidak ada live music nya mangkanya jadi anyep banget eboni lounge nya ....

fitness center, sauna dan kolam rendam air panas dan air dinginnya jempol pokok e",spectacular stay senang kamar premier hotel balcony lengkap sofa santa bersih meet expectation breakfast variation juara staff ramah thanks service sayang banget eboni lounge udah live music mangkanya anyep fitness center sauna kolam rendam panas dingin jempol,positif
ChZDSUhNMG9nS0VJQ0FnSURrNDVHSVdnEAE,5,"Hotel bintang 5 dengan service excellent, F&B yg disajikan semua enak & lengkap, good view, cozy place, fasilitas lengkap ada ballroom besar yg terpisah dari hotel. Overall sangat puas stay disini.",hotel bintang service excellent saji enak lengkap good view cozy place fasilitas ballroom pisah overall puas stay,positif
ChZDSUhNMG9nS0VJQ0FnSUNRcHFHZVJBEAE,5,Hotel yg cukup exclusive. asri dan nyaman dengan menu oriental/eropa/nusantara yg lengkap. Lokasi sangat strategis suasana tenang hanya 5 menit saja ke arah selatan menuju Tugu Utara sbg titik pusat Kota Yogyakarta.,hotel exclusive asri nyaman menu oriental eropa nusantara lengkap lokasi strategis suasana tenang menit arah selatan tuju tugu utara titik pusat kota yogyakarta,positif
ChZDSUhNMG9nS0VJQ0FnSUNBd3F6bkl3EAE,5,bagus.....hotel yg exotic dan sangat seuai dg lebel tentrem (sebuah nama dr bhs jawa) yg berarti sejuk aman dan kita bisa istirahat dg penuh ketenangan hingga bisa pulih kembali rasa cape dan penat setelah beraktifitas seharian. trims,bagus hotel exotic lebel tentrem buah jawa arti sejuk aman istirahat penuh tenang pulih cape penat beraktifitas trims,positif
ChdDSUhNMG9nS0VJQ0FnSUNBN1BuMzRnRRAB,5,"Hotel yang sangat berkualitas, pelayanannya luar biasa. Makanan yang dihidangkan spektakuler dan menggugah selera. Arsitekturnya sangat kokoh dan kuat, instagramable dan sangat terjaga kebersihannya.",hotel kualitas layan makan hidang spektakuler gugah selera arsitektur kokoh kuat instagramable jaga bersih,positif
ChdDSUhNMG9nS0VJQ0FnSURPdUk2dTlRRRAB,4,"Kamar nyaman, luas, fasilitas kamar lengkap, ada swimmingpoll, ada kids corner yg lumayan lengkap. Menu breakfast lumayan lengkap, rasa jg lumayan.Jenis perjalananLiburanGrup perjalananKeluargaKamar: 4Layanan: 4Lokasi: 4",kamar nyaman luas fasilitas lengkap swimmingpoll kids corner lumayan menu breakfast,positif
ChdDSUhNMG9nS0VJQ0FnSURRd2RIUXF3RRAB,5,Hotel terbaik di Jogja. Breakfastnya super lengkap  & enak. Di Loby ada bemo yang digunakan oleh Pak Jokowi dan Jusuf Kalla saat mendaftarkan diri sebagai capres pada pemilu tahun 2014.,hotel jogja breakfastnya super lengkap enak loby bemo jokowi jusuf kalla daftar capres milu,positif
ChZDSUhNMG9nS0VJQ0FnSUQyazgyLUp3EAE,5,"Pelayanan sangan ramah, room bersih, lokasi dekat dengan tugu dan statsiun, kalau mau cari makan juga banyak di sebrang hotel enak enakJenis perjalananLiburanGrup perjalananPasanganKamar: 5Layanan: 5Lokasi: 5",layan sangan ramah room bersih lokasi tugu statsiun cari makan sebrang hotel enak,positif
ChdDSUhNMG9nS0VJQ0FnSUN3OVlENzd3RRAB,5,"Hotelnya nyaman, kamarnya luas dg pemandamgan kota krn dindingnya kaca,, paling suka aroma kayu manisnya..tp sayang ruangan kamar ga kedap suara, suara2 diluar kedengeran jelas..",hotel nyaman kamar luas pemandamgan kota dinding kaca suka aroma kayu manis sayang ruang kedap suara kedengeran,positif
ChZDSUhNMG9nS0VJQ0FnSURXbnA3SWR3EAE,5,"Hotel mewah mandiri dg nama tentrem, bangunan interior exteriornya top markotop, high class, pelanggannya para pejabat dan pebosnis local maupun international, pernah 5 x merasakan nikmatnya menginap di hotel bintang 5 dg segala kemegahannya.",hotel mewah mandiri tentrem bangun interior exteriornya bagus markotop high class langgan jabat pebosnis local international nikmat inap bintang megah,positif
ChZDSUhNMG9nS0VJQ0FnSUR4ajhUeE5REAE,4,"Hotel nya OK banget tp ada receptionist cewek yg gak pernah senyum, kalo di tanya ketus banget, untung gak AQ foto hihihiJenis perjalananBisnisKamar: 5Layanan: 4Lokasi: 5Sorotan hotelMewah, Pemandangan yang indah, Romantis, Tenang, Cocok untuk anak-anak, Harga terbaik, Berteknologi tinggi",hotel banget receptionist cewek senyum kalo ketus untung foto hihihi mewah pandang indah romantis tenang cocok harga teknologi,positif
ChZDSUhNMG9nS0VJQ0FnSUQtcU5QRlB3EAE,5,"Sudah tdk perluvbanyak komentar
Suasana, lokasi, lobby sampai ke kamar semua perfect dan berkelas

Belum lagi sarapannya... wauw benar benar berkelasJenis perjalananBisnisKamar: 5Layanan: 5Lokasi: 5",perluvbanyak komentar suasana lokasi lobby kamar perfect kelas sarapan wauw,positif
ChZDSUhNMG9nS0VJQ0FnSURDdTZqWlhBEAE,5,"Kamarnya luas, nyaman dan tentunya memiliki staff yang ramah. Tapi yang paling saya suka adalah menu2 sarapan dan makan malamnya yang memang sesuai dengan harganya",kamar luas nyaman milik staff ramah suka menu sarapan makan malam sesuai harga,positif
ChZDSUhNMG9nS0VJQ0FnSUQycUk3UFNBEAE,5,Tempat yg cocok utk kumpul dan makan malam bersama keluarga besar. Hampir tiap tahun sejak awal buka hotelnya. Recommended (IG: @benz_montague)Grup perjalananKeluarga,cocok kumpul makan malam keluarga buka hotel recommended benz montague,positif
ChZDSUhNMG9nS0VJQ0FnSURrczlYWGRBEAE,5,Sudah bbrp kali kami menginap disini bersama keluarga untuk liburan pelayanannya memuaskan kamar yg besar dan bersih makanan juga enak..semoga tentrem tetap tentrem spt namanyaJenis perjalananLiburanGrup perjalananKeluargaKamar: 5Layanan: 5Lokasi: 5,kali inap keluarga libur layan puas kamar bersih makan enak moga tentrem,positif
ChZDSUhNMG9nS0VJQ0FnSURBM3EtSVl3EAE,5,"TempaT yg nyaman. Jgankan nginap u/berlibur. Kerja ditemPat iNi saja rasanya senanG😊😊

Hotel dg nuansa jogja yg kenTal. Dg aroma rempah2. . Ada jG mini bUtik yg mnyediakan baTik jogja dan pernak perniknya. Ada kolam luar ruangan dan play ground. .

Hotelnya bersih dan rapi. Bnyak lukisan besar terpampang di tempat ini. Pelyanan ramah. .😊

Nb: tolong ditambai lagi papan informasi

Terkadang bnyak oraNg kebingungan mencari musolla. Trmksh😊😉",tempa nyaman jgankan nginap libur kerja hotel nuansa jogja aroma rempah mini utik mnyediakan pernak pernik kolam ruang play ground bersih rapi lukis pampang pelyanan ramah tolong ditambai papan informasi terkadang bingung cari musolla trmksh,positif
ChdDSUhNMG9nS0VJQ0FnSURlb2NDY3N3RRAB,5,"Hotel tentrem dengan kamar luas, tenang, harga ya lumayan, tapi sebanding dengan pelayanan yg baik. Menu nya mewah.Jenis perjalananLiburanGrup perjalananKeluargaKamar: 5Layanan: 4Lokasi: 4Sorotan hotelTenang",hotel tentrem kamar luas tenang harga lumayan banding layan menu mewah,positif
ChZDSUhNMG9nS0VJQ0FnSUNkNkxyZWR3EAE,5,"Hotel yang recommended untuk menginap, pelayanan, fasilitas ok, bisa jadi langganan kalo k yogya lagi.Jenis perjalananLiburanGrup perjalananKeluargaKamar: 5Layanan: 5Lokasi: 5Sorotan hotelPemandangan yang indah, Tenang, Cocok untuk anak-anak",hotel recommended inap layan fasilitas langgan kalo yogya pandang indah tenang cocok,positif
ChZDSUhNMG9nS0VJQ0FnSUMwdjZ6a2NREAE,5,"Lokasinya yang sangat dekat dengan jalan Malioboro dan menjangkau daerah Yogyakarta secara keseluruhan. ❤️
Tempatnya yang sangat luas, area parkir yang cukup luas, tidak terlalu sempit jarak parkirnya, dan berada di dalam gedung. ❤️
Suasana hotel yang sangat nyaman, bersih, dan bagus sekali ditambah dengan kenyamanan dari pelayanan disana yang sangat ramah dan sopan ❤️
Sangat memuaskan bisa berlibur disana ❤️❤️❤️Jenis perjalananLiburanGrup perjalananKeluargaKamar: 5Layanan: 5Lokasi: 5",lokasi jalan malioboro jangkau daerah yogyakarta luas area parkir sempit jarak gedung suasana hotel nyaman bersih bagus layan ramah sopan puas libur,positif
ChZDSUhNMG9nS0VJQ0FnSURDOXFQaWJnEAE,5,untuk all you can eat restorannya enak banget pilihannya juga banyak.... untuk parkir motor rada susah sih agak jauh dikit hehehe cuma kalo untuk kamarnyaa mohon maaf belum pernah karna ga sesuai kantong wkwkw tapi bagus sih lobby nya besar banget keren,restoran enak banget pilih parkir motor rada susah dikit hehehe kalo kamarnyaa mohon maaf karna sesuai kantong wkwkw bagus lobby keren,positif
ChdDSUhNMG9nS0VJQ0FnSUR0bjRiajNBRRAB,5,"Hotel yanh sangat bagus, mewah. Ada jàmu Sidomuncul, coklat dàn teh Tolak Angin, tradisionàl vibe 👍Jenis perjalananLiburanGrup perjalananKeluargaKamar: 5Layanan: 5Lokasi: 5Sorotan hotelMewah, Romantis, Tenang",hotel yanh bagus mewah sidomuncul coklat tolak angin tradision vibe romantis tenang,positif
ChdDSUhNMG9nS0VJQ0FnSURwcTUtUWdRRRAB,5,"Hotel yang nyaman dengan fasilitas lengkap, pelayanan yang sangat memuaskan, keluarga betah nginap di sini.Jenis perjalananLiburanGrup perjalananKeluargaKamar: 5Layanan: 5Lokasi: 5Sorotan hotelMewah, Pemandangan yang indah, Harga terbaik",hotel nyaman fasilitas lengkap layan puas keluarga betah nginap mewah pandang indah harga,positif
ChZDSUhNMG9nS0VJQ0FnSURDMUtMS1FnEAE,4,"Tempatnya nyaman, pelayanan ramah
Tema budayanua oke bgt.
Lumayan mahal untuk ukuran kamar yg tidak terlalu besar dan kualitas standar.

Makanan enak tapi belum banget 😂",nyaman layan ramah tema budayanua banget lumayan mahal ukur kamar kualitas standar makan enak,positif
ChdDSUhNMG9nS0VJQ0FnSURvNHN5TndRRRAB,5,"Hotel bintang 5 yang bagus, pelayannya ramah ramah, lobynya luas, kamarnya luas, kolam renangnya luas dan bagus (tp aturannya harus pakai baju renang) es krim tolak anginnya enak, ada jacuzi juga sama sauna dah gratis dan wangi ruangannya enak.",hotel bintang bagus layan ramah lobynya luas kamar kolam renang atur pakai baju krim tolak angin enak jacuzi sauna gratis wangi ruang,positif
ChZDSUhNMG9nS0VJQ0FnSUNTOEk2cVd3EAE,5,"Pelayanannya sangat bagus, sangat ramah, apa yang kita butuhkan segera terlayani dengan baik, akomodasi diluar kamar dan di dalam kamar sangat lengkap, kamar nyaman, luas dan bersih, makanan yang disajikan enak dan beragam",layan bagus ramah butuh akomodasi kamar lengkap nyaman luas bersih makan saji enak ragam,positif
ChdDSUhNMG9nS0VJQ0FnSURBdXZhSGxBRRAB,5,"Hotel tentrem Jogja  ,
wow   kolam renang  nya   sipp,
breakfast / makan  pagi  nya  sangat  puas.
lapangan  tennis  nya  , memuaskan.
room , tempat  tidur   sooo   menyenangkan.
fitness centre  dan  jacusi / air hangat / sauna ,  wahhh  eunakkk.
kami sekeluarga  , rencana  bermalam  lagi di
hotel tentrem  pada  25-27  maret 2016.
semoga  pelayanan  dan kebersihan  nya  di pertahankan.",hotel tentrem jogja kolam renang breakfast makan pagi puas lapang tennis room tidur senang fitness centre jacusi hangat sauna eunak keluarga rencana malam maret moga layan bersih tahan,positif
ChZDSUhNMG9nS0VJQ0FnSURXd1lPR0JnEAE,5,"Istimewa sekali tempatnya,,
Pelayanan welcome sekali,,
Ruang meeting yg luas dan elegan,,
Menu makanan yg enak,,
Kamar berkelas,,
Lampu hiasan yg unik dan sangat elegan,,
Direkomendasikan buat destinasi menginap apabila berkunjung ke Jogja,,
Overall SANGAT MEMUASKAN
Semoga selalu dijaga pelayanan dan keunikan yg ada diHotel ini,,",istimewa layan ruang meeting luas elegan menu makan enak kamar kelas lampu hias unik rekomendasi destinasi inap kunjung jogja overall puas moga jaga hotel,positif
ChdDSUhNMG9nS0VJQ0FnSUNBMzc2NHlRRRAB,5,"kamarnya bersih dan mewah pelayanan ok, sarapan ok ada untuk bayi jika kami kejogja kami ingin kembali nginap di tentrem, terima kasih udah upgrade kamar kami dari deluxe ke executive suite",kamar bersih mewah layan sarapan bayi kejogja nginap tentrem terimakasih udah upgrade deluxe executive suite,positif
ChdDSUhNMG9nS0VJQ0FnSUQzN0lqRXlRRRAB,5,"Tentrem lahir bathin disini.
Terima kasih atas pelayanannya.
Semoga bisa kembali kesini lagi.Jenis perjalananBisnisGrup perjalananTemanKamar: 5Layanan: 5Lokasi: 5Sorotan hotelMewah, Pemandangan yang indah, Romantis, Tenang, Harga terbaik, Berteknologi tinggi",tentrem lahir bathin terimakasih layan moga kesini mewah pandang indah romantis tenang harga teknologi,positif
ChdDSUhNMG9nS0VJQ0FnSUNLd0tlNWt3RRAB,5,"Hotel yang sangat bagus sekali, sayang sedikit di Security yg kurang wawasan bagaimana cara pelayanan terhadap tamu, mohon lebih diberi edukasi lagi, terima kasih",hotel bagus sayang security wawas layan hadap tamu mohon edukasi terimakasih,positif
ChdDSUhNMG9nS0VJQ0FnSUNzbGFMMHpnRRAB,5,"Wow, kids playground nya cukup besar, dan breakfast nya enak, lengkap, dan cukup unik, dgn sajian jamu2dr sidomuncul, bahkan ada ice cream rasa tolak angin hahaha. Cocok untuk keluarga, great service and hospitality as well",kids playground breakfast enak lengkap unik saji jamu sidomuncul cream tolak angin cocok keluarga great service hospitality well,positif
ChZDSUhNMG9nS0VJQ0FnSUNxeWYtZkZBEAE,5,"Mewah dan exclusive, tempat yang benar benar bagus dan pelayanan nya extra memuaskan, salah satu hotel terbagus di jogja, sudah tidak perlu di ragukan lagi, dari fasilitas dan service nya sangat memuaskan, serba mewah dan sangat luar biasa kualitas nya",mewah exclusive bagus layan extra puas salah hotel jogja ragu fasilitas service serba kualitas,positif
ChZDSUhNMG9nS0VJQ0FnSUM2bnZ2ZURBEAE,5,"Mantap luar biasa, suatu pengalaman istimewa bisa berkunjung ke hotel ini dan menikmati fasilitas dan pelayanan premium dari staf Tentrem, Good job and it's a honour.",mantap alam istimewa kunjung hotel nikmat fasilitas layan premium staf tentrem good honour,positif
ChdDSUhNMG9nS0VJQ0FnSURncG9TTml3RRAB,5,"Salah satu hotel yang terbaik di Yogyakarta
Pelayanan yang sangat ramah and very helpful at all
Makanannya cukup bervariasi dan kamarnya juga enak
Walau sedikit ada noda dan bercak di sana sini tp at all sangat memuaskan
Terima masih Tentrem Hotel
Next time will be here again",salah hotel yogyakarta layan ramah very helpful makan variasi kamar enak noda bercak puas terimakasih tentrem next time will here again,positif
ChZDSUhNMG9nS0VJQ0FnSURNeG9PZUh3EAE,5,"such an amazing hotel..
pelayanan ramah banget,,standby 24 jam,,cepet bgt klo kita butuh apa,,,tapi wajar saja kalau high season gini,,kamar penuh semua
rekomendasi salah satu hotel terbaik di yogyakarta, indonesia",such amazing hotel layan ramah banget standby cepet butuh wajar high season kamar penuh rekomendasi salah yogyakarta indonesia,positif
ChZDSUhNMG9nS0VJQ0FnSURRel9tOGNnEAE,3,"Pernah makan malam di sini, waktu itu menunya seafood, all you can eat. Rasanya biasa aja. Mungkin kalau pesan dari menu yg ala carte gitu lebih enak.
Oh iya, dan kolam renangnya cuman buat tamu.",makan malam menu seafood pesan carte gitu enak kolam renang tamu,netral
ChdDSUhNMG9nS0VJQ0FnSUNzd2U2a3J3RRAB,5,"Ngomongin hotel dengan kelas pejabat , nihh ada hotel Tentrem. Dari pelayanan pasti oke punya. Tempat yang strategis dan deket dari pusat kota Jogja . Mau ke tugu Jogja bisa tinggal jalan kaki aja, karna tidak terlalu jauh. Pokoknya ini hotel mantepp.",ngomongin hotel kelas jabat nihh tentrem layan strategis deket pusat kota jogja tugu tinggal jalan kaki karna pokok mantepp,positif
ChdDSUhNMG9nS0VJQ0FnSURrMHJPMmtBRRAB,4,Best !!! Fasilitasnya ok bgt!! Untuk bbrp pelayannya kurang ramah menurut saya.. kamarnya ok bgttttttt!!!! Makanannya jg enak”.. tmpt main anaknya jg ok.. kolam renangnya ok..  dan lokasinya cukup strategis.. overall ok !!!,fasilitas banget layan ramah kamar makan enak tmpt main kolam renang lokasi strategis overall,positif
ChdDSUhNMG9nS0VJQ0FnSUR4Xy1IRTRBRRAB,5,"Bagus, kamar oke, pelayanan ramah, ada welcome drink gelato dan jamu2, ada compliment snack Jogja bakpia, yangko. Definitely will be back soonJenis perjalananLiburanGrup perjalananKeluargaKamar: 5Layanan: 5Lokasi: 5Sorotan hotelMewah, Pemandangan yang indah, Romantis, Tenang, Cocok untuk anak-anak",bagus kamar layan ramah minum gelato jamu compliment snack jogja bakpia yangko definitely will back soon mewah pandang indah romantis tenang cocok,positif
ChZDSUhNMG9nS0VJQ0FnSUNPbG91cFRnEAE,4,"Tempat tidurnya luas, ada jakusi dan jg sauna nya ,breakfast nya variatif, staff nya ramah2, fasilitas kamar nya komplit, sandal hotelnya keren, ada baju handuk jg utk sehabis berenang.Saya pesen 2 kamar.Satu untuk mertua satu lg untuk kami ber lima karena tempat tidurnya besar2 dan jg ada sofa bed nya alhasil nggak jadi mau pesrn extrabed lagi.Jenis perjalananLiburanLayanan: 4Lokasi: 4",tidur luas jakusi sauna breakfast variatif staff ramah fasilitas kamar lengkap sandal hotel keren baju handuk habis renang mertua sofa alhasil pesrn extrabed,positif
ChdDSUhNMG9nS0VJQ0FnSUNZbW9lTmd3RRAB,5,"Hotel yg sgt nyaman dengan fasilitas bintang 5. Puas menginap disini. Semua nya baik,  termasuk makanan nya pun enak. Tempat mudah ditemukan.",hotel nyaman fasilitas bintang puas inap masuk makan enak mudah temu,positif
ChZDSUhNMG9nS0VJQ0FnSUM2NzZTdGNREAE,4,"Hotelnya nyaman, tentram, bersih dan ramah untuk pelayanan nya oke untuk Liburan keluarga kita di yogja mantaapp...👍..Jenis perjalananLiburanGrup perjalananKeluargaKamar: 5Layanan: 5Lokasi: 5Sorotan hotelMewah, Pemandangan yang indah, Tenang, Harga terbaik",hotel nyaman tentram bersih ramah layan libur keluarga yogja mantaapp mewah pandang indah tenang harga,positif
ChZDSUhNMG9nS0VJQ0FnSURwM2FHZGVnEAE,5,Hotelnya sangat bagus dan juga pelayanannya sangat memuaskan dengan dilengkapi pemandangan yg indah di sore hariKamar: 5Layanan: 5Lokasi: 5,hotel bagus layan puas lengkap pandang indah sore,positif
ChdDSUhNMG9nS0VJQ0FnSURJNHY3U3FnRRAB,5,"Visual hotel dari luar, kokoh dan wah. Pelayanan top. Kamar cukup besar. Tersedia jacuzzi, sauna, billiard dan pool. Varian breakfast sangat banyak. Liburan yang menyenangkan.",visual hotel kokoh layan bagus kamar sedia jacuzzi sauna billiard banget varian breakfast libur senang,positif
ChZDSUhNMG9nS0VJQ0FnSURocjliak1REAE,5,"Hotel nya masih bagus
Kebersihan terjaga
Kami dinner di kayu manis
Enak semua makanan nya
Pelayanan sangat ramah",hotel bagus bersih jaga dinner kayu manis enak makan layan ramah,positif
ChdDSUhNMG9nS0VJQ0FnSURRaGNHVnNBRRAB,5,"Hotel yg sangat nyaman, modern, terawat dgn baik, bersih, staff yg helpful, ramah, kamar luas, dgn fasilitas utk anak yg sangat memadai. Namun sayang free wifi yg diberikan koneksinya sangat buruk, putus sambung dan sangat lemot.",hotel nyaman modern awat bersih staff helpful ramah kamar luas fasilitas sayang free wifi koneksi buruk putus sambung,positif
ChdDSUhNMG9nS0VJQ0FnSUNzdFpXYzFBRRAB,5,"Awal dengar nama hotel nya aku udah nangis🙏🙏🙏...  Begitu sampai aku mlongo 😄😄
Keluar masuk hotel security nya sigap n safety...
Kamar nya uuuuuich jos pokok e
Makanan serba ada menurut ku,  rasanya jg yummy...  Gak sadar bobot tubuhku naik nginep disini 3 malam
OB nya sopan2...",dengar hotel udah nang mlongo masuk security sigap safety kamar uich makan serba yummy sadar bobot tubuh nginep malam sopan,positif
ChZDSUhNMG9nS0VJQ0FnSUNaeE56U0NREAE,5,"hotelnya keren dan nyaman, kamarnya jg bagus dan servicenya mantepp banget, bakal kesini lagi di next tripKamar: 5Layanan: 5Lokasi: 5",hotel keren nyaman kamar bagus service mantepp banget kesini next trip,positif
ChdDSUhNMG9nS0VJQ0FnSURpc0lqQzRRRRAB,5,"Masyaallah hotelnya sesuai dgn namanya tentrem datang kt langsung dsambit dgn pelayan prima n bikin betah nginap Dsni nyaman bgtz...mkanannya juga enak2, pokoknya mantap 👍😍🥰 …",masyaallah hotel sesuai tentrem langsung dsambit layan prima bikin betah nginap dsni nyaman bgtz mkanannya enak pokok mantap,positif
ChZDSUhNMG9nS0VJQ0FnSURBOG9fVmVBEAE,5,"Mengenang wedding anniversary di chinese summer,masakannya sangat memuaskan kami sekeluarga,eh pulang msh dpt bingkisan kue tart weeding anniversary,terimakasih hotel tentrem...",kenang wedding anniversary chinese summer masakan puas keluarga pulang bingkis tart weeding terimakasih hotel tentrem,positif
ChZDSUhNMG9nS0VJQ0FnSUNRcGNUZ1d3EAE,5,"Suite room presidential sungguh sangat luar biasa.
Nyaman dan waitres , house kipingnya ramah.
Clear up ,set up room sangat cepat dan profesional.
Rabu 22 maret 2017.
Pas hari ulang tahunku.",suite room presidential sungguh nyaman waitres house kipingnya ramah clear cepat profesional rabu maret ulang,positif
ChZDSUhNMG9nS0VJQ0FnSUNJZ2RTUkp3EAE,4,"Hotel yg sangat nyaman,homie dan terkesan elegan,kelas bintang 4 ,di kafe nya ada live band dihari tertentu. Suasana room nya khas berbau herbal, menyejukkan dan menenangkan pikiran. Recomended kalo py dana berlebih tdr untuk mencari refreshing dan kemudahan akses",hotel nyaman homie elegan kelas bintang kafe live band suasana room khas herbal sejuk tenang pikir recomended kalo dana cari refreshing mudah akses,positif
ChZDSUhNMG9nS0VNSGk1T2ZRM2JpV1BBEAE,5,"Pelayanan, kamar, restoran luar biasa.Jenis perjalananLiburanGrup perjalananKeluargaKamar: 5Layanan: 5Lokasi: 5Sorotan hotelMewah, Pemandangan yang indah, Romantis, Tenang, Cocok untuk anak-anak, Harga terbaik, Berteknologi tinggi",layan kamar restoran mewah pandang indah romantis tenang cocok harga teknologi,positif
ChZDSUhNMG9nS0VJQ0FnSUMwMWUzN0ZnEAE,5,"Lokasi mudah dijangkau. Kamarnya bagus, kebersihan Dan kerapihannya terjaga. Makanannya enak Dan bersih.
Suasananya etnik modern Dan feels like home.
Pelayanannya baik Dan ramah.
Jagoan banget hotel ini...",lokasi mudah jangkau kamar bagus bersih kerapihannya jaga makan enak suasana etnik modern feels like home layan ramah jago banget hotel,positif
ChdDSUhNMG9nS0VJQ0FnSUM1M1B1RXRBRRAB,5,Hotel Yang Sangat Mewah . Fasilitas Lengkap. Cocok Untuk Event Besar. Pelayanan Kualitas Tinggi . GG Ini Hotel Gak Ada LawanKamar: 5Layanan: 5Lokasi: 5,hotel mewah fasilitas lengkap cocok event layan kualitas lawan,positif
ChZDSUhNMG9nS0VJQ0FnSUQ3bk5xdUlREAE,5,"Makanannya enak banget, pelayanannya layak dikasih bintang 7, bersih dan nyaman bangetJenis perjalananBisnisGrup perjalananPasanganKamar: 5Layanan: 5Lokasi: 5Makanan & minumanEnak semuaSorotan hotelMewah, Tenang",makan enak banget layan layak kasih bintang bersih nyaman mewah tenang,positif
ChZDSUhNMG9nS0VJQ0FnSUMwMzRfTGF3EAE,5,"5 stars hotel nomor 1 di Jogja. Beruntung sih bs masuk ke Hotel Tentrem dlm acara APEKSI. Bangunannya keren, lantai dinding dr batuan marmer semua. Pelayanannya super oke dan ramah.",stars hotel nomor jogja untung masuk tentrem acara apeksi bangun keren lantai dinding batu marmer layan super ramah,positif
ChdDSUhNMG9nS0VJQ0FnSURENmJLQWl3RRAB,5,"Mantap, di depan hotel ada pilihan makanan utk dinner, lunch, atau sekedar ngopi.Jenis perjalananBisnisGrup perjalananTemanKamar: 5Layanan: 5Lokasi: 5Sorotan hotelMewah",mantap hotel pilih makan dinner lunch ngopi mewah,positif
ChZDSUhNMG9nS0VJQ0FnSUNHMFpuSkpBEAE,5,Puas banget menginap di hotel tentrem. Pelayanan dan fasilitas oke. Menu bfast lengkap dan enak. Terimakasih sdh memberikan pelayanan yg mengesankan.,puas banget inap hotel tentrem layan fasilitas menu bfast lengkap enak terimakasih kesan,positif
ChdDSUhNMG9nS0VJQ0FnSURZMS1IOHB3RRAB,5,"hotel tentrem yang menurut gw harusnya kalo bsa  bintang 6 🤣, tempatnya nyaman aroma tempatnya khas banget, kalo mau makan sekeluarga besar atau sekedar tidur istirahat dri luar kota cocok banget dijamin, menunya enak2 all you can eat, recomended! …",hotel tentrem kalo bintang nyaman aroma khas banget makan keluarga tidur istirahat kota cocok jamin menu enak recomended,positif
ChdDSUhNMG9nS0VJQ0FnSURJenJqa3RRRRAB,5,"Paling favorit. Breakfast ok,ngobrol dkt pool ok, kamar ok bgt . Tdr nyenyak bgt disini hehe , sauna spa n gymnya ok bgt, lobby jg enak buat ngobrol2 . Smua serba nyaman",favorit breakfast ngobrol banget kamar nyenyak sauna gymnya lobby enak serba nyaman,positif
ChZDSUhNMG9nS0VJQ0FnSUNnb3JYZWNREAE,5,"Buaguss banget hotelnya dari interior ruangannya sangat mewah ala eropa, namun tetap kuat nuansa jawanya. Dan yang paling ane seneng nih pas masuk pengamanannya juga ketat, trus pas masuk loby, alaaamaaakkk pewangi ruangannya aroma rempah2 jawa, sekilas mirip serai atau apa tapi kurang paham ane, tapi bikin tentrem tenan kayak namanya. Joss lahhh",buaguss banget hotel interior ruang mewah eropa kuat nuansa jawanya neng masuk aman ketat trus loby alamak wangi aroma rempah jawa kilas serai paham bikin tentrem kayak,positif
ChZDSUhNMG9nS0VJQ0FnSURabkx5WWRREAE,5,Mantap tempat beristirahat yg super oke letak di tengah kota dan dilengkapi sarana olahraga yang keren dan letaknya persis didepan toko kami semoga tambah laris manis bersama terima kasihKamar: 5Layanan: 5Lokasi: 5,mantap istirahat super letak kota lengkap sarana olahraga keren persis toko moga laris manis terimakasih,positif
ChdDSUhNMG9nS0VJQ0FnSUNHbk0zNXpnRRAB,5,"Nyaman, bersih dan petugasnya ramah...
Cuman mungkin perlu lebih me-monitor visitors terkait prokes terutama dalam hal pakai masker.",nyaman bersih tugas ramah monitor visitors kait prokes utama pakai masker,positif
ChZDSUhNMG9nS0VJQ0FnSUNSbGFTMVpBEAE,5,"ingin balik lagi buat berenang aja tapi sayang gadibuka untuk umum 🥲🥲🥲 overall very nice, kamar mandinya luas banget, everything went smoothly 💓 …",renang sayang gadibuka overall very nice kamar mandi luas banget everything went smoothly,positif
ChdDSUhNMG9nS0VJQ0FnSUNsbnVheHVBRRAB,5,"Lokasi strategis,Room and bed besar, breakfast super heboh, gym komplit ada jacuzzi and sauna jg, recommend hotel deh when You visit YKJenis perjalananLiburanGrup perjalananTemanKamar: 5Layanan: 5Lokasi: 5Sorotan hotelMewah",lokasi strategis room breakfast super heboh lengkap jacuzzi sauna recommend hotel when visit ykjenis jalan libur mewah,positif
ChZDSUhNMG9nS0VJQ0FnSURJc09PQmVBEAE,5,"Eksterior dan interior hotel cukup mewah dengan harga ""best price."" Kamar luas dengan amenities yang cukup lengka0m Mini bar banyak dan FREE!!! Menu sarapan cukup lengkap.",eksterior interior hotel mewah harga price kamar luas amenities lengka mini free menu sarapan lengkap,positif
ChZDSUhNMG9nS0VJQ0FnSUNBdXZmcldREAE,5,"Tempatnya arstiktik banget..dan seluruh ruangannya di hiasin sama dinding2 Granit yg sangat menawan..kamarnya jg nyaman banget bwat ditinggalin, bgitu juga kamar mandi nya jg kerennn..walau ada minusnya  jg krn dinding KM pame kaca, jd bs diintip dr luar.",arstiktik banget ruang hiasin dinding granit tawan kamar nyaman bwat ditinggalin bgitu mandi keren minus pame kaca intip,positif
ChdDSUhNMG9nS0VJQ0FnSURleGEtazJnRRAB,5,"Pengalaman yg menyenangkan menginap di sini. Pelayanan yg ramah, kamar hotel bersih dan bebas bau rokok.Jenis perjalananLiburanGrup perjalananKeluargaKamar: 5Layanan: 5Lokasi: 5Makanan & minumanRagam makanan banyak sekali dan rasa juga enak2.Sorotan hotelMewah, Tenang, Harga terbaik",alam senang inap layan ramah kamar hotel bersih bebas rokok ragam makan enak mewah tenang harga,positif
ChZDSUhNMG9nS0VJQ0FnSURXOFlHaktBEAE,5,"Hotel keren banget dari depan aja udah waw. Begitu masuk, interiornya memukau. Sayang keisini cuma numpang hadir meeting aja ☺️",hotel keren banget udah masuk interior pukau sayang keisini numpang hadir meeting,positif
ChdDSUhNMG9nS0VJQ0FnSUMyeThTS3ZBRRAB,5,"Tempatnya luas, nyaman, bersih dan  tertata selayaknya hotel bintang 5 plus. Fasilitas lengkap, kamar oke.Jenis perjalananLiburanGrup perjalananKeluargaKamar: 5Layanan: 5Lokasi: 5",luas nyaman bersih tata layak hotel bintang plus fasilitas lengkap kamar,positif
ChZDSUhNMG9nS0VJQ0FnSUR4ak1tYmVBEAE,5,"Makanan : mie ayam bangka , siomay , sosis , soto betawi dan paru babatnya enak banget
Minuman : semua jenis susu enak (soya , low fat milk , coklat)Jenis perjalananLiburanGrup perjalananKeluargaKamar: 5Layanan: 5Lokasi: 5Sorotan hotelMewah, Romantis, Berteknologi tinggi",makan ayam bangka siomay sosis soto betawi paru babat enak banget minum jenis susu soya milk coklat mewah romantis teknologi,positif
ChdDSUhNMG9nS0VJQ0FnSUNOazRLU3VBRRAB,5,"Room rapih bersih nyaman. Service nya juga cepat, responsive kalau saya telpon. Lokasi strategis dan jauh dari kebisinganJenis perjalananLiburanGrup perjalananTunggalKamar: 5Layanan: 5Lokasi: 5Kamarruangan rapih dan terjangkauKeamanansangat amanArea untuk berjalan kakimudah dijangkauSorotan hotelTenang, Harga terbaik",room rapih bersih nyaman service cepat responsive telpon lokasi strategis bising kamarruangan jangkau keamanansangat aman area jalan kakimudah tenang harga,positif
ChZDSUhNMG9nS0VJQ0FnSUNIXzZYSlVBEAE,5,kami bagian dr vendor yg beberapa  kali menangani event dgn aukae di bllroom hotel ini..Jenis perjalananBisnisGrup perjalananTemanLokasi: 5Sorotan hotelMewah,vendor kali tangan event aukae bllroom hotel mewah,positif
ChdDSUhNMG9nS0VJQ0FnSUNJdjY2Qjh3RRAB,5,"Saya sdh 2x disini. Hotelnya bagus banget, modern tapi tetap kental dg pernak pernik tradisional jawa. Pelayannya ramah dan servisnya cukup memuaskan.",hotel bagus banget modern kental pernak pernik tradisional jawa layan ramah servis puas,positif
ChZDSUhNMG9nS0VJQ0FnSUNJN05xZFVREAE,5,"Datang ke ke hotel Tentrem ketika acara dari Kominfo dan PGI tentang bahaya HOAX, hotel Tentrem memiliki pelayanan yang baik untuk tamu dan gedung bangunannya bagus dan tempatnya luas. Hotel ini bisa jadi rekomendasi bagi Anda yang dari luar kota untuk menginap di jogja untuk merasakan kenyamanan. Hotel Tentrem juga tidak jauh dari Tugu dan Malioboro sebagai ikon kota Jogjakarta.",hotel tentrem acara kominfo bahaya hoax milik layan tamu gedung bangun bagus luas rekomendasi kota inap jogja nyaman tugu malioboro ikon jogjakarta,positif
ChZDSUhNMG9nS0VJQ0FnSURHOGFDWVRnEAE,5,"Mewah..😊😊
Semua sudut bersih dan terawat dengan sangat baik..
Kesini karna ikut seminar, makanannya juga enak, pramusajinya prokes dan bersih
Tempat parkir juga luas banget jadi gak perlu takut kepenuhan …",mewah sudut bersih awat kesini karna seminar makan enak pramusaji prokes parkir luas banget takut penuh,positif
ChdDSUhNMG9nS0VJQ0FnSUNJOGJtMzZBRRAB,5,"Salah 1 hotel mewah dan megah djogja. Sudah pasti berkelas, dengan pelayanan yang sesuai dengan stardartnya. Harga pasti sesuai jg dengan pelayanan dan fasilitas. Tepat dtengah kota jogja, dekat dengan tugu, malioboro, dengan akses yang mudah untuk menuju lokasi. Strategis, jadi memudahkan anda menuju tempat wisata yang anda tuju.",salah hotel mewah megah djogja kelas layan sesuai stardartnya harga fasilitas dtengah kota jogja tugu malioboro akses mudah tuju lokasi strategis wisata,positif
ChdDSUhNMG9nS0VJQ0FnSUQwbWU2LTdBRRAB,5,"Pertama kali nginep disini. Setelah biasanya klo nginep di Jogja pasti di tmpt laen. Akhirnya bisa dapat kamar disini. So far ini hotel yg nyaman. Dari pelayanan, kamar, breakfast nya, playgorund buat anak2. Yg pasti sy akan kembali nginep disini",kali nginep jogja tmpt laen kamar hotel nyaman layan breakfast playgorund,positif
ChZDSUhNMG9nS0VJQ0FnSUN3bEt2elpREAE,4,"Setelah menginap 4 hari

Plus :
* Kamar super luas dan nyaman
* Kasur dan bantal sangat nyaman
* Staff ramah
* Kamar dan Hotel bersih

Minus :

Makanan breakfast/buffet tidak enak, penilaian saya dan keluarga :

> Main Course lumayan 7.5/10
> Counter Telur 9/10
> Counter Sushi 1/10 sangat tidak enak
> Counter mie ayam+bakso 5/10 asin
> Counter Batagor/siomay 7/10
> Counter Buah 8.5/10
> Counter makanan tradisional (gudeg+nasi liwet) 5/10 asin semua
> Counter Roti 8/10
> Counter ice cream 9/10 paling enakGrup perjalananKeluargaKamar: 5Layanan: 5Lokasi: 4",inap plus kamar super luas nyaman kasur bantal staff ramah hotel bersih minus makan breakfast buffet enak nilai keluarga main course lumayan counter telur sushi ayam bakso asin batagor siomay buah tradisional gudeg nasi liwet roti cream,positif
ChZDSUhNMG9nS0VJQ0FnSUR3cUtETE9REAE,5,"Uwaouuuuw,  hotel terbauk yg pernah saya masuki,  bintang 5 dan semua bangunan ditutup marmer impor kualitas utama,  pelayanan ramah,  makanannya enak,  ruang makan besar,  parkir luas,  ruang pertemuan sangat luas,  toilet beraih modern minimalis dan wangi selalu.",uwaouw hotel bauk masuk bintang bangun tutup marmer impor kualitas utama layan ramah makan enak ruang parkir luas temu toilet raih modern minimal wangi,positif
ChZDSUhNMG9nS0VJQ0FnSURtMmVpbUt3EAE,5,"Salah satu HOTEL BINTANG 5 Terbaik di Jogja … Nyaman sekali dan semuanya tercukupi bersama keluarga, baik dari breakfast, playground anak2 dan pelayanan baik sekali, soal plus minus pasti ada namun lebih ke PLUS PLUS sih hahahaJenis perjalananLiburanKamar: 5Layanan: 5Lokasi: 5",salah hotel bintang jogja nyaman keluarga breakfast playground layan plus minus,positif
ChZDSUhNMG9nS0VJQ0FnSUMydy1YVE5REAE,5,"dibanding yg lokasi semarang sepertinya ini lebih duluan lahir, mampir disini pas ramadhan dalam perjalanan pulkam, menyempatkan diri juga gabung dalam perhelatan ifthar di restonya dan ... makanan malam itu LUWAR BIASAJenis perjalananLiburanGrup perjalananKeluargaKamar: 5Layanan: 5Lokasi: 5",banding lokasi semarang duluan lahir mampir ramadhan jalan pulkam gabung helat ifthar restonya makan malam luwar biasajenis libur,positif
ChdDSUhNMG9nS0VJQ0FnSURoMFltMnhBRRAB,2,"Sebenarnya secara overall baik..
Hanya untuk pelayanannya masih kurang..
Terlebih petugas langsung masuk ke kamar saat penghuni tdk ada..Grup perjalananPasanganKamar: 5Layanan: 2Lokasi: 5",overall layan tugas langsung masuk kamar huni,negatif
ChdDSUhNMG9nS0VJQ0FnSURzb051MDd3RRAB,5,Bener bener bintang 5. Kolam renang panjang. Gymnya besar banget ada kolam jacuzinya yg gede pula. Breakfast paling komplit. Twin bed dgn bed yg gede padahal twin bed. Pokoknya juoosss,bener bintang kolam renang gymnya banget jacuzinya gede breakfast lengkap twin pokok juoos,positif
ChZDSUhNMG9nS0VJQ0FnSURXOXFtNWF3EAE,5,Hotel yg bgus dng karyawan yg ramah2.kmr dan fasilitas lainnya bersih.menu sarapannya sngt beragam dn lezat2,hotel bgus karyawan ramah fasilitas bersih menu sarapan sngt ragam lezat,positif
ChdDSUhNMG9nS0VJQ0FnSUNpdnE2SDZ3RRAB,5,"Staff yang luar biasa. Hangat dan sangat membantu 👍👍.
Breakfast dengan banyak pilihan makanan nusantara. Suka banget. Sayangnya hari kedua disini telat bangun dan terpaksa sarapan di kamar. …",staff hangat bantu breakfast pilih makan nusantara suka banget sayang telat bangun paksa sarapan kamar,positif
ChZDSUhNMG9nS0VJQ0FnSUNaNEltdlRnEAE,5,Saya sngat bhgia sekali bisa mnginap d hotel ini krna sangat cocok untuk berlibur bresma keluarga tercinta,sngat bhgia mnginap hotel cocok libur bresma keluarga cinta,positif
ChdDSUhNMG9nS0VJQ0FnSURBMnZXRjJnRRAB,5,"Sebelum ke Hotel ini, saya tidak punya bayangan bakwa ada Hotel bagus seperti ini di Jogya. Maklum sudah lama sekali saya tidak ke Jogya... Pada saat saya di hotel ini, ada rombongan berjumlah sekitar 150orang dari Singapura. Datang sekaligus sehingga memenuhi lobby hotel...",hotel bayang bakwa bagus jogya maklum rombong orang singapura penuh lobby,positif
ChZDSUhNMG9nS0VJQ0FnSUNlczd6OERnEAE,5,"Pengalaman nginep di Hotel Tentrem Yogyakarta sangat Recommend sekali, mulai dari pelayanan hingga kamar ,
Check in dan check out dilayani sama mb Dea, ramah sekali dan sangat jelas … thanks atas pelayanan nya……Jenis perjalananLiburanKamar: 5Layanan: 5Lokasi: 5",alam nginep hotel tentrem yogyakarta recommend layan kamar check ramah thanks,positif
ChZDSUhNMG9nS0VJQ0FnSUROaGNmbEJ3EAE,3,Hotel Tentrem Yogyakarta menjadikan liburanmu makin terasa penuh cinta. Nyaman dan sangat memuaskan.Kamar: 3Layanan: 3Lokasi: 3,hotel tentrem yogyakarta libur penuh cinta nyaman puas,netral
ChdDSUhNMG9nS0VJQ0FnSURnbXBDTmdBRRAB,5,Hotel yg nyaman untuk menghabiskan waktu liburan.. suasana dan kamar hotel ok bangett.. recomended. Pelayanan ok.. menu buffet untuk dinner bener2 variatif.. pelayanan ok..,hotel nyaman habis libur suasana kamar banget recomended layan menu buffet dinner bener variatif,positif
ChdDSUhNMG9nS0VJQ0FnSUQydG9DcHBnRRAB,3,"Tempat serta pelayanannya bagus dan saya puas tapi maaf, karpet yang di dalam kamar sangat kotor (bernoda hitam)
Kamar 224, stay 14-15 may 2022",layan bagus puas maaf karpet kamar kotor noda hitam stay,netral
ChdDSUhNMG9nS0VJQ0FnSURNMjZ5ODV3RRAB,5,"Hotel favorit..
Parkirannya nyaman luas bingit kyak di Mall.😀
Interior dan exterior nya ajib bgt.
Kagak nyesel dah..👍👍👍
Klo pas musim liburan, kudu booking jauh2 hari dah, kamar sebanyak itu sering full broo..",hotel favorit parkir nyaman luas bingit kyak mall interior exterior ajib banget kagak nyesel musim libur kudu booking kamar full broo,positif
ChdDSUhNMG9nS0VJQ0FnSURRNE91aTVBRRAB,5,"Sesuai dengan peringkat hotelnya yang bintang 5, hotel tentrem benar benar memberikan pelayanan yang menurut saya sangat memuaskan, semua staff disana sangat ramah, sewaktu check-in staff disana menawarkan dan mengantarkan welcome drink dengan sapaan yang sangat sopan, beberapa kali saya meninggalkan card ruangan di dalam kamar, tetapi recepcionist dengan ramahnya selalu membuatkan card baru kepada saya, security juga ramah sekali setiap kali keluar masuk hotel selalu memberikan senyum dan sapa yang ramah, sewaktu saya breakfast di kayumanis resto hotel tentrem, staff sangat welcome dan menawarkan minuman yang mungkin saya ingin minum dan mengantarkannya ke meja saya dengan senyum, hanya saja flush toilet tidak berfungsi dengan baik tetapi mungkin itu karna seringnya ruangan terisi dan tidak ada yang memberi feedback kepada pihak hotel, tetapi kemarin sudah saya berikan feedback mengenai flush toilet yang kurang berfungsi dengan baik, tentunya saya percaya mereka akan mengatasi masalah itu dengan cepat mengingat pelayanan para staff disana yang sangat profesional",sesuai peringkat hotel bintang tentrem layan puas staff ramah check tawar minum sapa sopan kali tinggal card ruang kamar resepsionis security masuk senyum breakfast kayumanis resto meja flush toilet fungsi karna feedback kemarin ikan kena percaya cepat profesional,positif
ChZDSUhNMG9nS0VJQ0FnSUNtb3BleWNREAE,5,"Hotel yang nyaman sekali, staf ramah, room service OK, fasilitas lengkap. Menunya OK..... Top banget.",hotel nyaman staf ramah room service fasilitas lengkap menu bagus banget,positif
ChdDSUhNMG9nS0VJQ0FnSURwMVkzdHJ3RRAB,5,"“All good”

“Luar biasa,kamar dan pelayanannya ok banget..hotel favorit anak2”

“Breakfast variatif.”",good kamar layan banget hotel favorit breakfast variatif,positif
ChdDSUhNMG9nS0VJQ0FnSURlanJTQ3FRRRAB,5,"Hotel Tentrem bagus, nyaman, bersih, harum, makanannya enak, fasilitas OK. Recommended bangett buat yg ke Jogja 👍 …",hotel tentrem bagus nyaman bersih harum makan enak fasilitas recommended banget jogja,positif
ChZDSUhNMG9nS0VJQ0FnSUR5NTdDSE9BEAE,1,"Hari ini saya lagi menginap bersama Keluarga di hotem tentrem kmr 746 & 747, rencana 3 hari, hal buruk terjadi ketika td sarapan anak saya yg satu di cegal masuk sama pelayan restoran bernama Herra, karena harus bayar dl, dihadapan org banyak sungguh memalukan bagi saya, dompet di kmr, pdhl bisa setelah makan dulu, ada masuk cash room juga, baru kali ini hotel bintang 5 dipelalkukan seperti hotel murahan, jadi badmood 2 hari kedapan, rencana mo pindah hotel...thanx for badmoodnya holidaynya hotel tentrem.Jenis perjalananLiburanGrup perjalananKeluargaKamar: 1Layanan: 1Lokasi: 1",inap keluarga hotem tentrem rencana buruk sarapan cegal masuk layan restoran nama herra bayar hadap sungguh malu dompet pdhl makan cash room kali hotel bintang dipelalkukan murah badmood kedap pindah thanx badmoodnya holidaynya,negatif
ChdDSUhNMG9nS0VJQ0FnSURtX3VDTnJnRRAB,5,"Hotel bintang 5 terbaik d kawasan jogja,, rapih bersih semua pelayanan ramah. d setiap details hotel sangat menarik utk d buat spot foto dan nyaman dipandang.",hotel bintang kawasan jogja rapih bersih layan ramah details tarik spot foto nyaman pandang,positif
ChZDSUhNMG9nS0VJQ0FnSUN3MzdtLUJnEAE,4,"Pertama kali ke hotel megah ini mengikuti acara seminar....
Ballroomnya nyaman Acnya pas, hidangannya mantab enak sekali 👍👍👍
*tapi pas begitu saya makan sayur capcai gitu dilipatan daun sawi putihnya tuh ada ulatnya ""ya ok positif thinking justru itu mungkin lebih sehat bebas pestisida👍👍👍
Toilet bersih&kering terus. Karna petugas toiletnya selalu standby...

T
A
P
I
........sepulang mengikuti acara tersebut, saya ditahan Pak Satpam gara-gara saya lupa nyimpen kartu parkirnya padahal saya sudah menunjukkan surat kendaraan saya.....OMG😲😲😲😲  PANIK!!!! saya dipinjami kartu lagi&disuruh baca peraturan yg ada dibalik kartu tersebut&mata saya langsung tertuju pada nominal Rp100.000 😲😲😲😲

&&&& saya berkali-kali terus mencari didalam tas alhasil kartu parkir terselip diHP....

Finally telat kuliah deh...

Semoga tidak terulang lagi ya bagi pengunjung yg lain...😊😊😊
Terima kasih",kali hotel megah acara seminar ballroomnya nyaman acnya hidang bagus enak makan sayur capcai gitu lipat daun sawi putih ulat positif thinking sehat bebas pestisida toilet bersih kering karna tugas standby pulang tahan satpam lupa nyimpen kartu parkir surat kendara panik pinjam suruh baca atur mata langsung tuju nominal cari alhasil selip finally telat kuliah moga ulang unjung terimakasih,positif
ChdDSUhNMG9nS0VJQ0FnSUNock4zWjBnRRAB,5,"Hotel bintang 5 dengan interior dan pelayanan pegawainya yang sangat baik dan ramah, rekomendasi hotel bintang 5 di Yogyakarta, bila untuk mengadakan event juga sangat rekomendasi hotelnya..benar benar bikin Tentrem ;)Jenis perjalananBisnisGrup perjalananPasanganKamar: 5Layanan: 5Lokasi: 5Sorotan hotelMewah, Tenang, Harga terbaik",hotel bintang interior layan pegawai ramah rekomendasi yogyakarta event bikin tentrem mewah tenang harga,positif
ChZDSUhNMG9nS0VJQ0FnSURJemJXUlZ3EAE,5,"Pelayanannya sangat ramah. Saya walau tidak menginap dilayani sangat baik. Bahkan saya bisa menitipkan barang tanpa meminta. Interior ruangannya mewah. Fasilitas yang tersedia lengkap, tersedia toilet untuk disabilitas. Tempatnya sangat bersih. Kemananan sangat baik.",layan ramah inap titip barang interior ruang mewah fasilitas sedia lengkap toilet disabilitas bersih kemananan,positif
ChdDSUhNMG9nS0VJQ0FnSUNvcllTYXdnRRAB,1,"Katanya Ini Hotel pemenang perhargaan tapi Pelayanaan Payah dpet Kupon Welcome Drink tapi Tidak bs dipakai terus Reception yg Pagi yg Inisialnya ""DA"" Tidak ada senyumannya sama sekali terus kolam Renangnya Tidak Aman Tidak welcome pdhala biasanya yg Namanya Tamu Hotel itu Bebas mau kapan aj Renang ini sy mau renang sore jm 4 DILARANG sama Pegawainya mereka Bilang Diperbaiki tp mana sy sama tidak melihat adanya Perbandingan cukup sekali aja dan kalo mau lihat Buktikanya Monggo Lihat My Vlog :@Jungtravels_28 ada videonya betapa menyedihkannya Ini Hotel bintang 5 yg katanya Pemenang Perhargaan",hotel menang harga pelayanaan payah dpet kupon minum pakai reception pagi inisial senyum kolam renang aman pdhala tamu bebas sore larang pegawai bilang lihat banding kalo buktikanya monggo vlog jungtravels video betapa sedih bintang,negatif
ChdDSUhNMG9nS0VJQ0FnTUNnX2VUWDdnRRAB,5,Pelayannya oke acara meeting di ballroom lncar good semuanyaKamar: 5Layanan: 5Lokasi: 5,layan acara meeting ballroom lncar good,positif
ChZDSUhNMG9nS0VJQ0FnSUR4dnZEd0xREAE,5,Hotel bintang 5 yang bagus di yogyakarta..kamarnya nyaman pelayanannya bagus petugasnya ramah..lokasinya juga sangat  strategis berada di pusat kota..recommendedKamar: 5Layanan: 5Lokasi: 5,hotel bintang bagus yogyakarta kamar nyaman layan tugas ramah lokasi strategis pusat kota recommended,positif
ChZDSUhNMG9nS0VJQ0FnSUNtNk5pZmNnEAE,5,"Menginap yg kedua kalinya.... pelayan prima, mantap. Kebersihan room oke punya. breakfast byk pilihan ....keseluruhan mantul dah.",inap kali layan prima mantap bersih room breakfast pilih mantul,positif
ChdDSUhNMG9nS0VJQ0FnSUNncDRMTXNBRRAB,5,Hotel Tentrem adalah salah satu hotel terbaik di Jogjakarta. Hotel dibangun dengan menyerap tradisi dan kebudayaan Indonesia. Fasilitas lengkap termasuk tersedia kamar suite. Tempat parkir luas.,hotel tentrem salah jogjakarta bangun serap tradisi budaya indonesia fasilitas lengkap masuk sedia kamar suite parkir luas,positif
ChZDSUhNMG9nS0VJQ0FnSURHdllTZ1N3EAE,4,"Bantal dan kasurnya enakk, worth to pay, pelayanannya juga bagus, cuma breakfastnya rada kurang ya ga ada yang istimewa, paling es kopinya aja enak sisanya biasa aja apalagi nasi hainamnya",bantal kasur enak worth layan bagus breakfastnya rada istimewa kopi sisa nasi hainamnya,positif
ChdDSUhNMG9nS0VJQ0FnSUNGdS1lVS1nRRAB,5,"Pilihan batiknya sangat banyak dan bervariatif, staffnya sangat ramah dan informatif saya di handle dengan mba ulfi, zahra , dan nisa
Topp 👍Kamar: 5Layanan: 5Lokasi: 5",pilih batik variatif staff ramah informatif handle ulfi topp,positif
ChZDSUhNMG9nS0VJQ0FnSURDdkxpNUpBEAE,3,"Desain tempat ketel air listrik agak ribet, klo mau pake mesti ditarik keluar traynya jadi menghalangi jalan, tapi klo ditutup uap airnya menuhin ruangan laci.
Kurang efisien",desain ketel listrik ribet pake mesti tarik traynya halang jalan tutup menuhin ruang laci efisien,netral
ChZDSUhNMG9nS0VJQ0FnSURZaTRxb0tREAE,3,"Nginep belom pernah karena memang tinggal di jogja, ke tentrem baru 2 kali yang pertama mau reservasi buat bukber dan naik mobil, pas naik mobil securitynya ramah2 sampe nunjukin harus kemana aja biar bisa sampe ke kayu manis resto, pas bukbernya sengaja naik motor karena takut telat jam buka puasa, perlakuannya bedaaaaaaaaaaaaaa banget securitynya judes dan galak juga pelit informasi, nanya baik2 parkiran motor dan jalan ke restonya gimana jawabannya,""yaudah kesana aja nanti ketemu""🙄🙄🙄
Padahal bayar lohhh kami ga lg minta sumbangan, negur salah masuknya (karena sebelumnya pake mobil, ternyata pintu masuk mobil sama motor beda, jalan masuk mobil=jalan keluar motor, jalan  masuk motor=jalan masuk mobil) juga galak banget
Duhhh padahal hotelnya bagus, fasilitas oke dan makanannya juga enak sayangnya securitynya pilih kasih😅😏",nginep tinggal jogja tentrem kali reservasi bukber mobil securitynya ramah sampe nunjukin biar kayu manis resto buka sengaja motor takut telat puasa laku beda banget judes galak pelit informasi nanya parkir jalan restonya gimana yaudah kesana ketemu bayar sumbang negur salah masuk pake nyata pintu hotel bagus fasilitas makan enak sayang pilih,netral
ChdDSUhNMG9nS0VJQ0FnSUQ2MEpfb3p3RRAB,4,Sempet nginep disini pas job di jogja kmaren hotel kategori bintang lima di jogja vasilitas ok lah.pelayanannya baik pegawai hotelnya ramah-ramah sayang menu breakfast kurang fariatif rasanya biasa aja tuh,sempet nginep jogja kmaren hotel kategori bintang vasilitas layan pegawai ramah sayang menu breakfast fariatif,positif
ChZDSUhNMG9nS0VJQ0FnSUNHbWVlemJnEAE,5,"Harga dan kualitas sesuai bgt. Dimasa pandemi, hotel ttp menjalankan proses seppp. Pelayanan dari crew hotel jg luar biasa, dari pintu masuk hotel sampe mau masuk kamar hotel.... By Kirani karpet masjid.",harga kualitas sesuai banget pandemi hotel jalan proses layan crew pintu masuk sampe kamar kiran karpet masjid,positif
ChZDSUhNMG9nS0VJQ0FnSUNoam9TcFJ3EAE,5,"Ballroomnya bisa dijadikan venue yg memadai untuk beberapa event seperti wedding, meeting, conference, gala dinner bahkan konser..Jenis perjalananBisnisGrup perjalananTemanLokasi: 5Sorotan hotelMewah, Pemandangan yang indah",ballroomnya venue event wedding meeting conference gala dinner konser mewah pandang indah,positif
ChZDSUhNMG9nS0VJQ0FnSUNSMVBEY2FBEAE,5,"Lokasi hotel bagus, staff ramah, kamar cukup luas, kebersihan baik dan variasi makanan baik.Jenis perjalananBisnisGrup perjalananTunggalKamar: 5Layanan: 5Lokasi: 5KamarBersih dan nyaman.Makanan & minumanCukup bervariasi.Sorotan hotelMewah",lokasi hotel bagus staff ramah kamar luas bersih variasi makan nyaman mewah,positif
ChZDSUhNMG9nS0VJQ0FnSUNzcDdEc1dBEAE,5,"Hihihi cuman mampir lobby nya sih.. Tp alhamdulillah nyaman bgt.. Masih tema palentin gtu.. Bakakak.. Seru sih, lucu ada pajangan wedangan gtu di salah satu sudut lobbynya.. Juarakkkkk.. Masuk sini aroma sereh keciumm.. Hihi",hihihi mampir lobby alhamdulillah nyaman banget tema palentin bakakak seru lucu pajang wedang salah sudut juarak masuk aroma sereh keciumm hihi,positif
ChZDSUhNMG9nS0VJQ0FnSURndmZMZE53EAE,5,"1. secara disain tentrem sangat berkelas/mewah.
2. fasilitas hotel mewah dan sangat memanjakan
anak2.
3. staff hotel sangat ramah dan informatif, dan
selalu menyapa dan senyum. ( ini top banget).

semoga bisa dipertahankan keramahan staff dan kenyamanan pengunjung.

wass.",disain tentrem kelas mewah fasilitas hotel manja staff ramah informatif sapa senyum bagus banget moga tahan nyaman unjung wass,positif
ChdDSUhNMG9nS0VJQ0FnSURNdUlYWW9nRRAB,5,"Hotel luxury, mau keluar dari hotel ini sayang.. Mahal sih! Kamarnya jelas waah!!... Fasilitas OK lah utk kelas hotel seperti ini.. Cuman interior depan terasa gelap... Gak kelihatan mahal sesuai dg harga inap nya😎 …",hotel luxury sayang mahal kamar waah fasilitas kelas interior gelap lihat sesuai harga inap,positif
ChZDSUhNMG9nS0VJQ0FnSUQ4cjZlY1FREAE,5,Hotelnya bagus bersih pelayanan cepat dan variasi makanaya ok juga interior bagus jempol 5 buat tentrem deh...semoga lain kali dapat discon,hotel bagus bersih layan cepat variasi makanaya interior jempol tentrem moga kali discon,positif
ChZDSUhNMG9nS0VJQ0FnSUNzcHVqa1JnEAE,5,"tempatnya nyaman, makanannya enak, viewnya bagus, puas deh disini, swimming pool nya oke, ada jaccusi, sauna, gym, dll suka bgt sama tentrem kalo ada acara disini ga mengecewakan",nyaman makan enak viewnya bagus puas swimming banget jaccusi sauna suka tentrem kalo acara kecewa,positif
ChdDSUhNMG9nS0VJQ0FnSURtcUtHTXNRRRAB,5,"Hotel yang sangat bagus banget dengan makanan yang sangat enak.

Hotel yang bagus ini kepunyaan Sido Muncul, ada galeri khusus jamu dan batik di lobi

Hotel yg bagus ini sebanding dengan harga nya",hotel bagus banget makan enak sido muncul galeri khusus jamu batik lobi banding harga,positif
ChdDSUhNMG9nS0VJQ0FnSUN3OHFYWWlBRRAB,5,"Ada harga ada barang, kebetulan saya mendapatkan harga promo, hotel dengan kamar yg luas dan bersih, makanan dgn berbagai variasi dan pastinya yg paling penting adalah tempat bermain anak yg sangat luas layaknya permainan anak di mall, very recommended hotel.",harga barang promo hotel kamar luas bersih makan variasi main layak mall very recommended,positif
ChZDSUhNMG9nS0VJQ0FnSURBX3JqRmV3EAE,1,"Hari ini saya check in dgn dilayani front office dengan nama *ALEX* yang TANPA SENYUM,....TANPA SAPA....BERJANJI MEMBERITAHUKAN BILA KAMAR READY  TP TIDAK DILAKUKAN SEHINGGA SAYA YG HRS BERTY ULANG PADAHAL KAR SUDAH READY PADA SAAT SAYA YG BERTY..... PD SAAT REQUEST KAMAR VIEW POOL..TIDAK MENJAWAB IYA ATAUPUN TIDAK ...TIDAK MEMERITAHUKAN DI MANA TEMPAT BREAKFAST....

Excelent service for five star hotel 👍

So, how much star do you think I have to give??",check layan front office alex senyum sapa janji memberitahukan kamar ready laku berty ulang request view banget memeritahukan breakfast excelent service five star hotel much think have give,negatif
ChdDSUhNMG9nS0VJQ0FnSURtbVpHQXlBRRAB,4,hotel bagus tapi jumlah pelayan berkurang ... saya mau nitip barang ke tamu tapi krn pelayan sedikit saya harus naik kelantai atas sendiri meski lift dibukakan,hotel bagus layan nitip barang tamu lantai lift buka,positif
ChZDSUhNMG9nS0VJQ0FnSUNYbWZMTEh3EAE,1,"Layanan laundry nya lama sekali, sampai check out belum selesai.Kamar: 5Layanan: 2Lokasi: 2",layan laundry check selesai,negatif
ChZDSUhNMG9nS0VJQ0FnSUR3bUs3dEh3EAE,5,"Hotel Tentrem, interior loby dan eksterior bergaya mewah dengan pilar-pilar yang besar seperti di sebuah istana yang agung. Jangan lihat namanya yang terkesan sederhana seperti yang pernah saya duga sebelumnya. Sejak saya menginap pertama kali beberapa tahun lalu kini menjadi hotel bagi pilihan keluarga kami bila sedang ke Yogya.",hotel tentrem interior loby eksterior gaya mewah pilar buah istana agung lihat sederhana duga inap kali pilih keluarga yogya,positif
ChZDSUhNMG9nS0VJQ0FnSURZdzluaVV3EAE,5,"Selama bulan puasa menyediakan paket buka puasa bersama. Tempat bersih. Pilihan makanan dan minuman cukup banyak.

Tersedia mushola, restroom, dan parkir baik kendaraan roda 2 atau 4 yang cukup",puasa sedia paket buka bersih pilih mushola restroom parkir kendara roda,positif
ChZDSUhNMG9nS0VJQ0FnSUNna0p2UVZ3EAE,5,"Salah satu hotel terkenal di Jogja..
Nuansa jawanya sangat kental, cocok banget bagi wisatawan non Jawa atau mancanegara.
Dengar-dengar dari karyawan, bosnya galak-galak. Dan saya liat banyak anak magang juga, njuk itu kasihan yang magang dikasih uang jajan, wong hotel tentrem itu termasuk hotel mahal. Masa magang 6 bulan ga dikasih uang saku..",salah hotel kenal jogja nuansa jawanya kental cocok banget wisatawan jawa mancanegara dengar karyawan galak liat magang njuk kasihan kasih uang jajan tentrem masuk mahal saku,positif
ChZDSUhNMG9nS0VJQ0FnSUNRM1pxVGRREAE,5,"Hotel Tentrem menawarkan beberapa fasilitas yang unggul seperti: parkir dan wifi gratis, restoran, sarapan gratis, spa, bar, kolam renang, binatu, pusat kebugaran, bak air panas, dapur kamar, dan penjemputan bandara. alamat hotel di Jl. AM. Sangaji.",hotel tentrem tawar fasilitas unggul parkir wifi gratis restoran sarapan kolam renang binatu pusat bugar panas dapur kamar jemput bandara alamat sangaji,positif
ChdDSUhNMG9nS0VJQ0FnSUMteFBXejFBRRAB,2,"Pelayanan ramah, kamar bersih tapi tengah malam 26 okt ada suara ketok². Esoknya lapor ke N dibilang ada tkg kerja di kamar sebelah (?).Jenis perjalananLiburanKamar: 4Layanan: 2Lokasi: 4",layan ramah kamar bersih malam suara ketok esok lapor bilang kerja belah,negatif
ChdDSUhNMG9nS0VJQ0FnSUNnMTRLNmpnRRAB,4,"Pertama kali berkunjung ke Hotel ini mengikuti acara Penandatanganan MoU Pemerintah Kabupaten dengan STPI begitu megah dan luas area Hotel, pantas mantan Presiden Obama menginap disini selama waktu liburan di Indonesia",kali kunjung hotel acara penandatanganan perintah kabupaten stpi megah luas area mantan presiden obama inap libur indonesia,positif
ChZDSUhNMG9nS0VJQ0FnSUMxcXNLdE1BEAE,5,"Dari dulu hotel dan room nya masih bagus dan terawat. Lokasi strategis.Jenis perjalananLiburanGrup perjalananKeluargaKamar: 5Layanan: 5Lokasi: 5Sorotan hotelMewah, Cocok untuk anak-anak",hotel room bagus awat lokasi strategis mewah cocok,positif
ChZDSUhNMG9nS0VJQ0FnSUN3cmZTS1BBEAE,5,"Hotel paling wah ini. Udah luas, gedhe, mahal pula. Kolamnya asik. Keamanan terjamin. Pemeriksaan lewat gerbang metal detector dan x-ray barang bawaan, pasti dilakukan.
Yang low budget jangan pernah ngimpi masuk sini yak...",hotel udah luas gedhe mahal kolam asik jamin periksa gerbang metal detector barang bawa laku budget ngimpi masuk,positif
ChdDSUhNMG9nS0VJQ0FnSURnd3JLaS1nRRAB,5,"Resepsi mantenan Pak Sofyan di Ballroom. Ruangan cukup besar, makanan komplet.
Tapi ketika tamu sudah mencapai peak, akhirnya ruangan jadi padat juga. Apalagi kalau tamu yang datang terlebih dahulu tidak kunjung mau pulang karena sibuk mencicipi aneka suguhan.",resepsi manten sofyan ballroom ruang makan komplet tamu capai peak padat kunjung pulang sibuk cicip aneka suguh,positif
ChZDSUhNMG9nS0VJQ0FnSUR4MzRfQ0hREAE,5,"Sebelah hotel ada tempat ngupi enak Tugu Lor, adem rindang pepohonan, tempat alternatif buat kerja setelah bosen di hotelJenis perjalananBisnisGrup perjalananTunggalKamar: 5Layanan: 4Lokasi: 4Sorotan hotelMewah",belah hotel ngupi enak tugu adem rindang pohon alternatif kerja bosen mewah,positif
ChdDSUhNMG9nS0VJQ0FnSURJdHRfdXpRRRAB,5,"Memang sangat baik hotel ini. Dari layanannya hingga fasilitas sangat komplit. Kamarnya juga luas, ranjang twin juga lebar hingga 2 dewasa dan 2 anak dapat beristirahat dengan nyaman.",hotel layan fasilitas lengkap kamar luas ranjang twin lebar dewasa istirahat nyaman,positif
ChdDSUhNMG9nS0VJQ0FnSUQydmVmLTJ3RRAB,5,"Nyaman buat staycation dengan keluarga, apalagi buat anak2.  . Ada playground, pool. ..  yg pengen kerja pusat bisnisnya bisa buat meeting 4 - 6 orangKamar: 5Layanan: 5Lokasi: 5",nyaman staycation keluarga playground banget kerja pusat bisnis meeting orang,positif
ChZDSUhNMG9nS0VJQ0FnSURRNTdqN1NBEAE,5,"Salah satu hotel terbaik yg pernah saya kunjungi di kota yogyakarta, menyajikan tradisional dalam balutan kemewahan. Banyak hal unik dari hotel ini mulai dari interios hingga jenis makanannya dan yang paling recommended gelato tolak angin.",salah hotel kunjung kota yogyakarta saji tradisional balut mewah unik interios jenis makan recommended gelato tolak angin,positif
ChdDSUhNMG9nS0VJQ0FnSURJaXFTcDVRRRAB,4,"Hotelnya bagus, no doubt. Tapi kadang suka kurang ""ramah"" sama pengendara sepeda motor. Berapa kali sendiri aku dpt perlakuan kurang menyenangkan dr satpam, kayak agak meremehkan. Padahal aku kesitu on the behalf of mass media, krn mau press conference.",hotel bagus doubt kadang suka ramah kendara sepeda motor kali laku senang satpam kayak remeh kesitu behalf mass media press conference,positif
ChZDSUhNMG9nS0VJQ0FnSUNsdllEV2NBEAE,5,"Hanya makam siang di rest kayu manis, pesen sup buntut bakar, iga sambel bener enak2.Layanan: 5",makam siang rest kayu manis buntut bakar sambel bener enak,positif
ChZDSUhNMG9nS0VJQ0FnSURVNy02TGRREAE,5,"Hotel bintang5+ groub sido muncul ini pernah disinggahi mantan presiden AS Barrac Obama kala itu ,disini cukup nyaman ,bagi yg ingin menginap dijogja dg nuansa bintang silahkan coba.",hotel bintang groub sido muncul singgah mantan presiden barrac obama nyaman inap dijogja nuansa silah coba,positif
ChZDSUhNMG9nS0VJQ0FnSUNXaXRLR2V3EAE,5,Hotel yg nyaman dan tentrem dengan fasilitas lengkap makanan enak pelayanan ramah lokasi lumayan strategis tidak terlalu jauh dari tugu dan malioboro,hotel nyaman tentrem fasilitas lengkap makan enak layan ramah lokasi lumayan strategis tugu malioboro,positif
ChZDSUhNMG9nS0VJQ0FnSUNnaEwyTmNREAE,5,"Salah satu hotel dengan pengalaman menginap yang paling hebat selama di Jogja, fasilitas super lengkap dan modern.  Pool & gymnya super oke, hampir semua lokasi instagramable banget! Mewah.",salah hotel alam inap hebat jogja fasilitas super lengkap modern banget gymnya lokasi instagramable mewah,positif
ChZDSUhNMG9nS0VJQ0FnSUNpMWNqSENnEAE,4,"hotel nya besar, ukuran kamar juga luas,
kasurnya gede..

tapi kemarin nginap waktu long weekend,
jadi kaya kurang bersih gitu bantal agak bau2 apek..

pool nya rameeeeee banget,
ada ke jacuzzi tapi kurang panas airnya..

untuk breakfast ada dikasih pilihan jam,
biar ga trlalu padat/rame ya di ruangannya..

kalau additional breakfast nambah 210rb/orang,
tapi menurut saya rasa dan variasi makanannya standard sekali..",hotel ukur kamar luas kasur gede kemarin nginap long weekend kaya bersih gitu bantal apek banget rame jacuzzi panas breakfast kasih pilih biar trlalu padat ruang additional nambah orang variasi makan standard,positif
ChZDSUhNMG9nS0VJQ0FnSURmcV8tNVBREAE,2,Kolam renang kotor karena sirkulasi air jarang dihidupkan,kolam renang kotor sirkulasi jarang hidup,negatif
ChZDSUhNMG9nS0VJQ0FnSUN1cDVqM1RBEAE,5,"Ruangannya bagus utk rapat, model jawa2 gt. Hanya internet tidak rekomend kecepatan hanya 5-10 mbps saja saat rapat. Pas zoom sering layar mengecilLayanan: 4Lokasi: 5",ruang bagus rapat model jawa internet rekomended cepat mbps zoom layar,positif
ChZDSUhNMG9nS0VJQ0FnSUR5OGJyRmFREAE,4,"Lama nda kesini...kesininya malah paa pandemi...
Jd suasane sangat lenggang... Selooo
Masakan di Eboni wenak...salmon nya rekomended
Utk kopinya (kopi eboni kl nda salah) berhub pakai skm jd krg begitu sreg... Seandainya bisa jd non sugar & no skm...pasti lebh enak lagi",kesini pandemi suasane lenggang selo masak eboni wenak salmon rekomended kopi salah berhub pakai sreg sugar lebh enak,positif
ChdDSUhNMG9nS0VJQ0FnSUNaeVp1QjV3RRAB,5,Buat traveling yang suka nuansa Jogja yang kental dan klasik cocok nih apalagi pelayanan dan kamarnya juga lumayan bagus dengan harga segitu memuaskan,traveling suka nuansa jogja kental klasik cocok layan kamar lumayan bagus harga segitu puas,positif
ChZDSUhNMG9nS0VJQ0FnSURCcG9pN0p3EAE,4,"Salah satu hotel mewah di Jogja. Aku dateng kesini ngonser dan tempat ballroomnya enak, nyaman. Recommended sih buat jadi tempat konser lagi.",salah hotel mewah jogja dateng kesini ngonser ballroomnya enak nyaman recommended konser,positif
ChZDSUhNMG9nS0VJQ0FnSUNHenU3Rkp3EAE,5,"Hotel Tentrem memang terkenal mahal yah, bahkan salah satu hotel termahal di Yogya. Tapi memang kualitas berbicara..

Breakfast, pelayanan, dan bangunannya memang bagus.",hotel tentrem kenal mahal salah yogya kualitas bicara breakfast layan bangun bagus,positif
ChdDSUhNMG9nS0VJQ0FnSUNKdjhxaHlRRRAB,5,"Karna hanya di ballroom tempat bagus bersih ac dingin kamar madi besar ruangan disekitar terlihat mewah megahJenis perjalananBisnisGrup perjalananTemanLayanan: 5Lokasi: 5Sorotan hotelMewah, Cocok untuk anak-anak",karna ballroom bagus bersih dingin kamar madi ruang lihat mewah megah cocok,positif
Ci9DQUlRQUNvZENodHljRjlvT21jNE9EQkZRWEJDU20xZmExWnhTRTVFUTIxbmJsRRAB,5,Hotel bergaya kelasik jawa.,hotel gaya kelasik jawa,positif
ChZDSUhNMG9nS0VJQ0FnSURCdFpuYVhBEAE,5,"5 star hotel jadi untuk harga range 1,5 - 40jtan (tapi banyak promo dan harga bisa affordable), kamar nya besar, bersih, pelayanan nya juga ok, ada kids play corner yang gede banget 👍, room Service agak mahal (but its 5star 😁) menu breakfast pendapat pribadi kurang banyak variasi y (but overall great and delicious) , tempat meeting banyak dan gede, ballroom gede..one of the one hotel that will consider coming back to stay 👍Jenis perjalananBisnisKamar: 5Layanan: 5Lokasi: 5",star hotel harga range jtan promo affordable kamar bersih layan kids play corner gede banget room service mahal menu breakfast pribadi variasi overall great delicious meeting ballroom that will consider coming back stay,positif
ChdDSUhNMG9nS0VJQ0FnSUNOeGY3VmdnRRAB,5,Jangan khwatir kalau lagi liburan gag ngerasain tidur yg nyenyak. Disini fasilitasnya dijamin oke banget 🥳Kamar: 5Layanan: 5Lokasi: 5,khwatir libur ngerasain tidur nyenyak fasilitas jamin banget,positif
ChZDSUhNMG9nS0VJQ0FnSUNBc1BPbkx3EAE,5,"Sangat nyaman tenang .. dan oke liburan dgn anak"""" ... sayang anak saya takut dgn gambar octopus yg ada di kolam renang .. dia bilang octopus nya srpti asli .. jadi dia berenang seperti mau di makan octopus nya ..",nyaman tenang libur sayang takut gambar octopus kolam renang bilang srpti asli makan,positif
ChdDSUhNMG9nS0VJQ0FnSUNneHFyTnlBRRAB,5,"Hotel bintang 5 yg Keren!  Menu buffet nya Banyaaaak! Dan enak!  Cocok buat acara reuni, konser, pernikahan dan pesta lainnya. Susananya juga elok #wd. 2017",hotel bintang keren menu buffet enak cocok acara reuni konser nikah pesta susananya elok,positif
ChdDSUhNMG9nS0VJQ0FnSURzM3ZEMndBRRAB,5,"Hotel yang nyaman,, makanan enak enak  cuma pas mau chek.in molor 1 jam  tp habis itu dikasih kaos sama buku sebgai permintaan maaf,, thanks hotel tentrem",hotel nyaman makan enak chek molor habis kasih kaos buku sebgai maaf thanks tentrem,positif
ChdDSUhNMG9nS0VJQ0FnSURza0pxdXBBRRAB,5,"Pengalamnku seminggu di tentrem acara meetinh kantor di Hotel Bintang lima ini, cukup nyaman bersih, aroma therapynya  seger, lobbynya ok, wellcome drinknya dan yang pasti restorantnya menu maupun rasa mantap, yang kurang kolam renangnya aja kurang cozy, buat meeting juga cukup reprentative, kamar biasa seperti bintang lima lainnya.",pengalamnku minggu tentrem acara meetinh kantor hotel bintang nyaman bersih aroma therapynya seger lobby wellcome drinknya restorantnya menu mantap kolam renang cozy meeting reprentative kamar,positif
ChdDSUhNMG9nS0VJQ0FnSUNxX0lUc21BRRAB,5,"Nyaman dan tentrem bgt bisa menginap di sini, sesuai namanya hotel tentrem...breakfastnya pun enak2, bnyk macamnya...protokol kesehatan pun tetap ketat.",nyaman tentrem banget inap sesuai hotel breakfastnya enak bnyk protokol sehat ketat,positif
ChdDSUhNMG9nS0VJQ0FnSURPcExDMXlRRRAB,5,"Hotel tentrem adalah salah satu hotel yang terbaik di Yogyakarta, saya menginap disini sungguh sangat menyenangkan, terutama sarapan paginya, makanaya enak-enak semuanya. Thx u",hotel tentrem salah yogyakarta inap sungguh senang utama sarapan pagi makanaya enak,positif
ChZDSUhNMG9nS0VJQ0FnSUNBbEtyWEdBEAE,5,"Hotel paling baik di Yogja
Pelayanan dan makanannya TOP
Kamar bersih
Pelayanan dan keramahtamahan staff sangat baik
Parkir luas dan indoor
Dan....ada banyak Jamu Sidomuncul gratisan saat breakfast menambah semangat dan menghilangkan rasa capek
Kalo ke Yogja kudu nginep disini...dijamin ketagihan",hotel yogja layan makan bagus kamar bersih keramahtamahan staff parkir luas indoor jamu sidomuncul gratis breakfast semangat hilang capek kalo kudu nginep jamin tagih,positif
ChdDSUhNMG9nS0VJQ0FnSURrLWJxSTBnRRAB,5,Suka banget sama pelayanan dan fasilitas dari hotel ini yg super lengkap. Makanan di restonya juga enak. Emang bener2 bintang 5 deh,suka banget layan fasilitas hotel super lengkap makan restonya enak emang bener bintang,positif
ChdDSUhNMG9nS0VJQ0FnSURHdGVHUWhRRRAB,5,"Keramahan semua petugasnya juara, fasilitas hotelnya juga lengkap, tempat main anak2 juga tersedia. Bikin betah nginep lama disini. Tentrem bangeet..hehehe",ramah tugas juara fasilitas hotel lengkap main sedia bikin betah nginep tentrem bangeet hehehe,positif
ChZDSUhNMG9nS0VJQ0FnSUMydU5XaUNREAE,5,Menu sahur dan breakfastnya berbeda.. lebih banyak menu di breakfast.. agak sedih sih.. selebihnya sangat memuaskan stay di tentrem..Jenis perjalananBisnisGrup perjalananTemanKamar: 5Layanan: 5Lokasi: 5,menu sahur breakfastnya beda breakfast sedih puas stay tentrem,positif
ChZDSUhNMG9nS0VJQ0FnSURabG9YaUd3EAE,2,Tiap dtg slalu room blm siap... dtg selalu di bawah jam 15.00 tp tetap menunggu berjam2 karena room blm siap...Kamar: 5Layanan: 1Lokasi: 5,slalu room tunggu,negatif
ChdDSUhNMG9nS0VJQ0FnSUR3N3BEYndBRRAB,5,Hotel bintang ini sama dengan namanya. Bener2 tentrem banget. Kita dijamu dengan vasilitas yg super bagus. Makanan yg bervariasi. Tempat tidur yg luas banget dan tak lupa kita dimanjakan juga dengan buah2 dikamar,hotel bintang bener tentrem banget jamu vasilitas super bagus makan variasi tidur luas lupa manja buah kamar,positif
ChdDSUhNMG9nS0VJQ0FnSURrZ19iSDRBRRAB,5,"Luas dan mewah, kemaren full book jadi gak nginep situ. Tempat meeting banyak dan luas. Di lorongnya dipajang artis2 kepala negara yg udah nginep disitu.",luas mewah kemaren full book nginep situ meeting lorong pajang artis kepala negara udah,positif
Ci9DQUlRQUNvZENodHljRjlvT2tkcmVqbHZSMlF5UTNoeGNHSkJSekJrYURZMGNHYxAB,4,Ballroom nya bagusJenis perjalananBisnisGrup perjalananTeman,ballroom bagus,positif
ChdDSUhNMG9nS0VJQ0FnSUNaNE51RjB3RRAB,5,Hotel yang sangat bagus layanan kelas atas fasilitas baik yang pasti tidak menguras kantong terlalu dalamGrup perjalananPasanganKamar: 5Layanan: 5Lokasi: 5,hotel bagus layan kelas fasilitas uras kantong,positif
ChdDSUhNMG9nS0VJQ0FnSUREME5QbjJRRRAB,5,"staycation di jogja, ganti2 hotel
ini salah satu yg paling top
dari makanan nya, staffnya, servicenya & kamarnya
above expectations!Jenis perjalananLiburanGrup perjalananKeluargaKamar: 5Layanan: 5Lokasi: 5Sorotan hotelMewah, Cocok untuk anak-anak, Harga terbaik, Berteknologi tinggi",staycation jogja ganti hotel salah bagus makan staff service kamar above expectations mewah cocok harga teknologi,positif
ChdDSUhNMG9nS0VJQ0FnSURYcmFHWnZ3RRAB,5,"Nyaman, ramah anak sekali, makanannya juga enak dan staff helpfull sekaliGrup perjalananKeluargaKamar: 5Layanan: 5Lokasi: 5Sorotan hotelMewah, Cocok untuk anak-anak",nyaman ramah makan enak staff helpfull mewah cocok,positif
ChZDSUhNMG9nS0VJQ0FnSUNnby1TUFdnEAE,1,"Menjadi 10% hotel terbaik.. Tapi aneh ini hotel ini.. Bisa memotong trotoar untuk pejalan kaki.. Bisa memasang rambu lalu lintas untuk tdk berhenti (walau sejenak) didepan jalan hotel.. Ada apa dengan hotel ini???/
Pengalaman saya , saya berhenti di jalan dimana hotel ini berada, dimana saya melihat trotoar untuk pejalan kaki di dipotong demi si hotel ini. Saya kemudian ditegur oleh satpam yg berjaga. Sambil terheran heran saya bertanya memang nya ada apa. Satpam tersebut menjawab itu larangan berhenti nya ada.. Saya tanya itu siapa yg pasang.. Satpam menjawab hotel yang pasang... Whats????????? Ada apa dengan hotel ini. Saya berhenti di istana negara saja tidak kena tegur. Saya berhenti disekitaran kraton saja tidak ditegur. Tapi berhenti didepan hotel ini , yg sudah menyalahi aturan ditegur.. Berpikirlah sebagai mana mesti nya.. Apakah layak menginap dihotel seperti ini?? Besok saya akan posting fotonya..",hotel aneh potong trotoar pejal kaki pasang rambu lintas henti jenak jalan alam lihat tegur satpam jaga heran larang whats istana negara kena kraton salah atur pikir mesti layak inap besok posting foto,negatif
ChZDSUhNMG9nS0VJQ0FnSUNveXZ5OWJREAE,5,"Ballroom sangat baik, petugas lapangan yang sangat tanggap melayani, kebersihan dangat baik, kualitas LCD Projector sangat baik, makanan enak, kualitas profesional, saya sangat berterimakasih dapat menggunakan ballroom  ini untuk kapasitas lebih dari 80 orang",ballroom tugas lapang tanggap layan bersih dangat kualitas projector makan enak profesional berterimakasih kapasitas orang,positif
ChZDSUhNMG9nS0VJQ0FnSUNPcHF1WVBnEAE,5,Tempatnya enak dan nyaman. Kamar mandi top lah pokoknya clean dan mewah..Recommend banget buat yang mau nginep di JogjaJenis perjalananBisnisGrup perjalananTemanLokasi: 5,enak nyaman kamar mandi bagus pokok clean mewah recommend banget nginep jogja,positif
ChZDSUhNMG9nS0VJQ0FnSURNbnJ5ckF3EAE,5,"Hotelnya kepunyaan bos sido muncul..
Hotel berbintang 5 yg berlokasi didepan kodim Yogyakarta di tengah kota jogja..
Sangat dekat dr tugu jogja..
Terdapat 2 bajaj yg dinaiki presiden Jokowi dan JK saat pilpres 2014.",hotel sido muncul bintang lokasi kodim yogyakarta kota jogja tugu bajaj presiden jokowi pilpres,positif
ChZDSUhNMG9nS0VJQ0FnSUNPbk1hY1F3EAE,5,"Bagus bgt tempatnya. Kerasa sangat menghargai budaya bangsa. Ada jamu2an di mini bar, minuman tradisional saat welcome drink.Kamar: 5Layanan: 5Lokasi: 5",bagus banget harga budaya bangsa jamu mini minum tradisional,positif
ChdDSUhNMG9nS0VJQ0FnSUNBcDVfazN3RRAB,5,"secara keseluruhan hotel tentrem sangat bagus, nyaman, bersih, ranjang twinnya jg besar, sarapannya enak, byk macamnya jg...pokoknya saya puas..saya pasti akan kembali ke tentrem lg

buat saya yg kurang cuma masalah harga kamar...kurang banyak discountnya",hotel tentrem bagus nyaman bersih ranjang twinnya sarapan enak pokok puas harga kamar discountnya,positif
ChdDSUhNMG9nS0VJQ0FnSURreDZEQ3VRRRAB,5,Berada di jalan pangeran mangkubumi jetis yogyakarta hotel mewah pool bagus breakfast lengkap service bagus akses ke malioboro sangat mudah juga ke pusat kota nya sangat rekomended buat nginap bersama keluarga,jalan pangeran mangkubumi jetis yogyakarta hotel mewah banget bagus breakfast lengkap service akses malioboro mudah pusat kota rekomended nginap keluarga,positif
ChZDSUhNMG9nS0VJQ0FnSURKMTczN1BBEAE,5,Smua ok. Tapi lantai di sekitar kolam mungkin bs d ganti dengan yang lebih safety. Yang skrg agak licin kalo dalam kondisi basah.Jenis perjalananLiburanGrup perjalananKeluargaKamar: 5Layanan: 5Lokasi: 5Sorotan hotelMewah,lantai kolam ganti safety skrg licin kalo kondisi basah mewah,positif
ChdDSUhNMG9nS0VJQ0FnSURSbkxPSmpnRRAB,5,"Aku disini ada acara bukber, tempatnya nyaman sekali, dan bersih. Makanannya juga enak semuanya sih, banyak pilihannya.
Nice lah pokoknyaGrup perjalananKeluargaLayanan: 5Lokasi: 5Sorotan hotelMewah",acara bukber nyaman bersih makan enak pilih nice pokok mewah,positif
ChZDSUhNMG9nS0VJQ0FnSURzcWNYRWJREAE,5,"Hotel yg nyaman buaguss kerenn dan letaknya ditengah kota pulak!

Dimsum buffe nya tiap minggu jg yahuddd bangatt jaminnn okeee, wenak pake banged!",hotel nyaman buaguss keren letak kota pulak dimsum buffe minggu yahud bangatt jamin wenak pake banged,positif
ChZDSUhNMG9nS0VJQ0FnSUNScVltQVRREAE,5,"Check in cepat, welcome drink banyak pilihan, kamar nyaman dan cukup kedap suara, sahur makanannya tidak selengkap breakfast 🥲Jenis perjalananBisnisGrup perjalananKeluargaKamar: 4Layanan: 5Lokasi: 4",check cepat minum pilih kamar nyaman kedap suara sahur makan lengkap breakfast,positif
ChdDSUhNMG9nS0VJQ0FnSUQyOXRyWTJnRRAB,3,Untuk hotel dengan rate rata2 2 juta per malam selain ukuran ruangannya saya merasa ngga ada sesuatu yang sangat istimewa di sana. So.. so lah..,hotel rate juta malam ukur ruang ngga istimewa,netral
ChdDSUhNMG9nS0VJQ0FnSURpc05mdDdRRRAB,4,"Pelayanan oke, fasilitas oke, kamarnya nyaman, cuma kamarnya ga kedap suara jadi kedengeran kalo ada orang ngobrol/jalan/berisik hehehe.",layan fasilitas kamar nyaman kedap suara kedengeran kalo orang ngobrol jalan berisik hehehe,positif
ChdDSUhNMG9nS0VJQ0FnSUMwOV9IOS1nRRAB,5,"Hotel bintang 5 yg ekslusif.
Banyak mantan pejabat dan pejabat yg sering nginap di hotel ini, diantaranya pak Jokowi,Obama, Mahatir Muhammad,artis juga byk,serta sering utk konser musik artis terkenal,baik dr dlm negeri maupun luar negeri.",hotel bintang ekslusif mantan jabat nginap jokowi obama mahatir muhammad artis konser musik kenal negeri,positif
ChZDSUhNMG9nS0VJQ0FnSUNxbzctS1hnEAE,5,"Kamarnya bagus, bersih, kamar mandi juga bagus, pelayanannya ramah, bagus buat honeymoon, jangan lupa persiapannya dengan obat kuat NF VITAMALE hubungi aja WA 089682070294",kamar bagus bersih mandi layan ramah honeymoon lupa obat kuat vitamale hubung,positif
ChZDSUhNMG9nS0VJQ0FnSURJbVBlTFdBEAE,5,"Hotel yang sangat rekomen untuk family, room nya besar dengan twin bed yg besar cukup untuk kami sekeluarga, breakfastnya komplit dan enak, playgroundnya lengkap. Restorannya rekomen",hotel rekomen family room twin keluarga breakfastnya lengkap enak playgroundnya restoran,positif
ChRDSUhNMG9nS0VJQ0FnSURNbmVvaxAB,5,"Hotel dengan pelayanan yang baik, santun dan ramah, masakannya enak2, ketemu afgan disini, hehe
Fasilitas playground yang besar shg cocok bagi yang membawa anak balita, kolam renang utk anak2 pun ada, syukaaaaa pokoknya, hotel dengan sandal kamar terrrniat, bagus pokoknya, gak sekedar sandal2 hotel pada umumnya yang tipis dan gampang mlengkung sobek deh...",hotel layan santun ramah masakan enak ketemu afgan fasilitas playground cocok bawa balita kolam renang syuka pokok sandal kamar niat bagus tipis gampang mlengkung sobek,positif
ChZDSUhNMG9nS0VJQ0FnSURnX1lfMlpnEAE,5,Hotel yg bagus banget untuk keluarga dan anak kecil...kita pesen premier deluxe di upgrade jadi executive room freee...aduuh seneng nya....😍😍😍😍trims tentrem... …,hotel bagus banget keluarga premier deluxe upgrade executive room aduuh neng trims tentrem,positif
ChdDSUhNMG9nS0VJQ0FnSURNczdIVmtnRRAB,5,"One of best 5Star hotel in Jogja. Kamar nyaman, luas, bersih, pegawai ramah2. Lokasi premium di tengah kota deket tugu. Stay for 2nights on Jan2020, booking through traveloka.",star hotel jogja kamar nyaman luas bersih pegawai ramah lokasi premium kota deket tugu stay nights januari booking through traveloka,positif
ChZDSUhNMG9nS0VJQ0FnSUN3Nk9mWVNBEAE,5,Menu buffet buka puasa beragam dan enak-enak sesuai dg harganya. Anak-anak senang karena ada kids playground yg cukup luas.,menu buffet buka puasa ragam enak sesuai harga senang kids playground luas,positif
ChZDSUhNMG9nS0VJQ0FnSURNdmZMbFBREAE,5,"Bintang 5 cocok disandang hotel ini, semua staf ramah luar biasa dari mulai datang ,chek-in ,sampe masuk kamar kita dibuat bak raja dengan pelayananya ,LUAR BIASA",bintang cocok sandang hotel staf ramah chek sampe masuk kamar raja pelayananya,positif
ChdDSUhNMG9nS0VJQ0FnSUQwdUlPanl3RRAB,5,"Tempat yag nyaman untuk istirahat bersama pasangan (acara kantor 3 hari 3 malam), cuma kalau ke Malioboro lumayan jauh..
Makanan , kamar dan pelayanan standar *5 lah, excellenceGrup perjalananKeluargaKamar: 5Layanan: 5Lokasi: 4",nyaman istirahat pasang acara kantor malam malioboro lumayan makan kamar layan standar excellence,positif
ChZDSUhNMG9nS0VJQ0FnSUNDbkwySVV3EAE,2,"Sebenarnya ini hotel bagus
Tapi sayang...
Gak kedap suara utk ruangannya
Apalagi kalau ada anak-anak yg berlarian di koridor dan ada orang-orang berbicara
Kedengaran sampai di dalam kamar
Masa kelas bintang 5
Suara masih tembus ke dalam kamar

Parkir kurang memadai utk pengunjung hotel
Namanya tentrem
Tapi gak bikin tentrem yg menginap
Cukuplah menginap di sini

Masih enak royal ambarukmo",hotel bagus sayang kedap suara ruang lari koridor orang bicara dengar kamar kelas bintang tembus parkir unjung tentrem bikin inap enak royal ambarukmo,negatif
ChZDSUhNMG9nS0VJQ0FnSURJMnNYYVd3EAE,5,"Sesuai dengan namanya, hotel ini tentrem banget suasananya. Staffnya ramah, makanannya enak banget dan fasilitasnya mewah. Tidak ada keluhan kecuali suhu AC yang tidak bisa diatur, dingiinn banget...",sesuai hotel tentrem banget suasana staff ramah makan enak fasilitas mewah keluh kecuali suhu atur dingiinn,positif
ChdDSUhNMG9nS0VJQ0FnSUNJdjRDZGlRRRAB,4,"Hotel bintang 5 fasilitas minim, kamar luas nyaman tapi sepi tanpa hiasan lukisan,lokasi strategis , breakfast oke lengkap, pelayanan ramah , transportasi mudah , rata2 bagus, cafe di lobby suara kedengaran sampai kamar lantai 2-3 berisik mengganggu istirahat, room servicenya ok to sore ada petugas masuk kamar pada saat tdr mengganggu TDR urusan g jelas",hotel bintang fasilitas minim kamar luas nyaman sepi hias lukis lokasi strategis breakfast lengkap layan ramah transportasi mudah bagus cafe lobby suara dengar lantai berisik ganggu istirahat room service sore tugas masuk urus,positif
ChdDSUhNMG9nS0VJQ0FnSUNaNFotQnZ3RRAB,5,Hotel rekomendasi paling oke seyogyakarta sih menurutku.pelayanan dan fasilitas semua memusakan. MantappKamar: 5Layanan: 5Lokasi: 5,hotel rekomendasi seyogyakarta layan fasilitas pusa,positif
ChZDSUhNMG9nS0VJQ0FnSURwaUt1c2RREAE,5,"Sangat menikmati suasana hotel...breakfast nya okey banget, banyak pilihan ...Kamar: 5Layanan: 5Lokasi: 5",nikmat suasana hotel breakfast okey banget pilih,positif
ChZDSUhNMG9nS0VJQ0FnSUQ2Z05DakpnEAE,5,"Hotel mewah yang sangat berkelas. Kamar luas dan elegan, makanan lengkap dan enak-enak semua, staff nya juga ramah-ramah dan helpful",hotel mewah kelas kamar luas elegan makan lengkap enak staff ramah helpful,positif
ChdDSUhNMG9nS0VJQ0FnSUM0Z2ZpYjl3RRAB,5,"Mantap sekali,. Pelayanan dll, cuma breakfast saja yg mahal, saat libur lebaran braekfast 200rb,. Memang hotel berkelas,. 1kamar 10 orgpun tidak apa apa,. Mantap tap tap",mantap layan breakfast mahal libur lebaran braekfast hotel kelas orgpun,positif
ChZDSUhNMG9nS0VMZTAzY0RDLXZEdkVnEAE,5,Luas banget ada spklunya tapi kok dijalan ya,luas banget spklunya jalan,positif
ChZDSUhNMG9nS0VJQ0FnSUR3eFlyblZREAE,5,"Tempat nya nyaman, isian lengkap. Kamar standard dengan double bed saja sudah luas, bisa buat ber5 atau lebih. Jangan lupa untuk breakfast di sini",nyaman lengkap kamar standard double luas lupa breakfast,positif
ChZDSUhNMG9nS0VJQ0FnSUNwLXFHYUJ3EAE,5,Semua nya sangat bagus. Dr semua staff  pelayanan. Security lokasi dan welcome drink bisa ganti gelato.,bagus staff layan security lokasi minum ganti gelato,positif
ChZDSUhNMG9nS0VJQ0FnSURBNjl2c0J3EAE,4,"Di bagian belakang Hotel Tentrem ada restoran yang namanya SUMMERPALACE RESTO disini setiap minggu ada ALL YOU CAN EAT DIM SUM cuma 75.000 dan ini harga nya oke banget. Gak kemalahan tapi rasanya juga da best.

Antri nya banyak, lebih baik kalau reservasi dulu sebelumnya",hotel tentrem restoran summerpalace resto minggu harga banget antri reservasi,positif
ChZDSUhNMG9nS0VJQ0FnSUM2MGR1d1BREAE,5,"Terimakasih sudah memberikan pengalaman menginap yang sangat nyaman, bersih, wangi, fasilitas lengkap, dan makanan yang enak, very very recomended",terimakasih alam inap nyaman bersih wangi fasilitas lengkap makan enak very recomended,positif
ChdDSUhNMG9nS0VJQ0FnSURZbEx6X2lnRRAB,4,"Hotel bagus, aman, mkn an ok, kelengkapan dikamar kurang mungkin bisa compare dg hotel2 sekelasnya, bantal gak enk gampang kempes",hotel bagus aman lengkap kamar compare kelas bantal gampang kempes,positif
ChZDSUhNMG9nS0VJQ0FnSURJMGVIQ0JnEAE,5,Hotel bintang 5 class international...... fasilitas yg diberikan sesuai harga..... mewah.... elegan.... & modern..... membuat para tamu merasa senang & nyaman..... sehingga merasa betah utk tinggal berlama lama.... dihotel ini.... disamping itu pelayanan & service yg ramah.... menambah suasana keakraban.... yg membawa kearah kekeluargaan shingga terasa seperti berada dirumah sendiri.... jadi kangen.... utk menginap kembali dihotel ini.... mw jalan2 pun tempatnya jg banyak moda transportasi.... tinggal pilih.....,hotel bintang class international fasilitas sesuai harga mewah elegan modern tamu senang nyaman betah tinggal samping layan service ramah suasana akrab bawa arah keluarga shingga rumah kangen inap jalan moda transportasi pilih,positif
ChZDSUhNMG9nS0VJQ0FnSUNBOE83Y1JnEAE,4,"Lokasi Deket dengan tugu Jogja, kalo bosen sama makanan hotel tinggal nyeberang aja banyak pilihan ,dari soto, sampe ramen ada.

Minimarket tepat di depan nya.

Tapi lumayan krodit lalu lintas di depan hotel, tapi cuman di jam"" tertentu saja
Untuk ATM ada di mini market",lokasi deket tugu jogja kalo bosen makan hotel tinggal nyeberang pilih soto sampe ramen minimarket lumayan krodit lintas mini market,positif
ChdDSUhNMG9nS0VJQ0FnSURMejZYSDh3RRAB,5,"Hotel mewah kamar besar pelayanan bagus lokasi strategis👍👍👍fitness room lengkapJenis perjalananLiburanGrup perjalananKeluargaKamar: 4Layanan: 5Lokasi: 5Sorotan hotelMewah, Cocok untuk anak-anak",hotel mewah kamar layan bagus lokasi strategis fitness room lengkap cocok,positif
ChdDSUhNMG9nS0VJQ0FnSUNJcmFiMGxBRRAB,5,"Pelayanan ramah, kamar nyaman, kolam renang bagus.
Minus: pengangkatan piring saat sarapan sedikit terlambat terkadang ada piring menumpuk di meja",layan ramah kamar nyaman kolam renang bagus minus angkat piring sarapan lambat terkadang tumpuk meja,positif
ChZDSUhNMG9nS0VJQ0FnSUNncklXNFFnEAE,5,"Hotel bintang 5 paling baru di Jogja, bangunan megah wah berkelas, lokasi di kota tidak jauh dari Malioboro, area parkir luas, ballroom juga megah, untuk kamar memang standar *5",hotel bintang jogja bangun megah kelas lokasi kota malioboro area parkir luas ballroom kamar standar,positif
ChdDSUhNMG9nS0VJQ0FnSUNRNnJubW5nRRAB,4,"Minggu 20 Agustus 2017. Makan malam di Summer Palace , menu bebek , tofu , bihun , ayam , ikan , sayur , nasi dengan minuman Sido muncul. Semua enak - lupa pesan sambal sebagai  penendang rasa. Salam",minggu agustus makan malam summer palace menu bebek tofu bihun ayam ikan sayur nasi minum sido muncul enak lupa pesan sambal tendang salam,positif
ChdDSUhNMG9nS0VJQ0FnSURBdHV6cWpRRRAB,5,"Lokasi sangat strategis,harga sesuai dengan kualitas yg diberikan,tempat nyaman,makanan enak.sangat recomended untuk liburan keluarga.parkir luas dan ada gedung ballroom untuk acara yg representatif",lokasi strategis harga sesuai kualitas nyaman makan enak recomended libur keluarga parkir luas gedung ballroom acara representatif,positif
ChdDSUhNMG9nS0VJQ0FnSUNaLWJEVHd3RRAB,5,"Bagus ajalah, namanya juga dibayarin kantor. Rate-nya 1,6 semalam. Karyawannya ramah ramah. Kamar furniture nya full jatiKamar: 5Layanan: 5Lokasi: 5",bagus dibayarin kantor rate malam karyawan ramah kamar furniture full jati,positif
ChZDSUhNMG9nS0VJQ0FnSURtd3FXSktREAE,4,"Hotelnya besar dan cukup bersih, breakfast bervariasi tp standard aja rasanya. Lokasi deket pusat Kota.",hotel bersih breakfast variasi standard lokasi deket pusat kota,positif
Ci9DQUlRQUNvZENodHljRjlvT2swM2VqbFZZbWhSYldkcFZEVTNSVUpyY0hCd0xWRRAB,5,"Tolak angin ice cream MAKNYUSSSSJenis perjalananLiburanGrup perjalananKeluargaKamar: 5Layanan: 5Lokasi: 5Sorotan hotelMewah, Cocok untuk anak-anak",tolak angin cream maknyusjenis jalan libur mewah cocok,positif
ChdDSUhNMG9nS0VJQ0FnSUNoLXBXWXBBRRAB,4,"Lampu kamar 305 kedap kedip dan kamar tidak terlalu kedap suara.

Room service hari sebelum bisa di charge ke room tapi besoknya tidak bisa di charge.Jenis perjalananBisnisKamar: 3Layanan: 4Lokasi: 5",lampu kedap kedip kamar suara room service charge besok,positif
ChdDSUhNMG9nS0VJQ0FnSUNNdS16cDJnRRAB,5,hanya mampir makan All U Can Eat Dimsum... tempat nyaman dan luas..ada free mainan anak tapi harus bawa kaos kaki.. free dari pagi sd siang jam 2an.,mampir makan dimsum nyaman luas free main bawa kaos kaki pagi siang,positif
ChZDSUhNMG9nS0VJQ0FnSUNRbVl6U1B3EAE,5,"good place and good food tapi sayang agak susah nyari makanan di luar hotel, tapi lumayan dekat dengan Malioboro. aroma hotelnya enak bikin pengen nginep mulu hahaha",good place food sayang susah nyari makan hotel lumayan malioboro aroma enak bikin nginep mulu,positif
ChZDSUhNMG9nS0VJQ0FnSURBdnFpSkRREAE,5,"Hotel yg sangat recommended. Terletak ditengah kota, untuk aktifitas bisnis dan janji ketemu dengan relasi merupakan tempat yg sangat representatif. Kamar mewah dgn fasilitas lengkap dan sangat bersih.",hotel recommended letak kota aktifitas bisnis janji ketemu relasi rupa representatif kamar mewah fasilitas lengkap bersih,positif
ChdDSUhNMG9nS0VJQ0FnSUNBOHZ6cy1RRRAB,5,"Hotel sangat nyaman dan menyenangkan, baik untuk keperluan bisnis maupun liburan bersama keluarga. Setiap staff hotel yang kami temui, semua sangat membantu.",hotel nyaman senang bisnis libur keluarga staff temu bantu,positif
ChZDSUhNMG9nS0VJQ0FnSUNMeHAzQ1NBEAE,1,"Bersih, pelayanan ramah dan pak security nya ramah dan sopan trimakasih hotel tentrem",bersih layan ramah security sopan trimakasih hotel tentrem,negatif
ChdDSUhNMG9nS0VJQ0FnSUNNbWIteDFRRRAB,5,"Nyaman luas enak, pelayanannnya super ramah dan baik hati banget. Kalau puasa recommended buat buka bersama all you can eat di Kayumanis Restaurant nya.",nyaman luas enak pelayananya super ramah hati banget puasa recommended buka kayumanis restaurant,positif
ChZDSUhNMG9nS0VJQ0FnSUNNdm9maGNnEAE,5,"Hotel ini dekat Malioboro.
Berada di jalan Mangkubumi. Lokasi strategis. Utk menuju ballrom dan parkiran harus turun karena lokasi ada di bawah.
Pernah dipakai BWCF 20 19.",hotel malioboro jalan mangkubumi lokasi strategis tuju ballrom parkir turun pakai bwcf,positif
ChdDSUhNMG9nS0VJQ0FnSUR3d3ZqTXhRRRAB,5,Hotel yang sangat premium. Cocok banget nih buat anda yg ingin tempat menginap elegant dan mewah. Ballroom nya juga oke sekali.,hotel premium cocok banget inap elegant mewah ballroom,positif
ChZDSUhNMG9nS0VJQ0FnSURBb2Yzd2NnEAE,4,Hotel tentrem empatnya cozy strategis Deket pusat jajan Malioboro..pelayanan cukup ramah..but swimming pool nya bisa di upgrade seluncuran shg anak2 lebih betah renang thanks..,hotel tentrem cozy strategis deket pusat jajan malioboro layan ramah swimming banget upgrade seluncur betah renang thanks,positif
ChdDSUhNMG9nS0VJQ0FnSUN3NE9qbnN3RRAB,5,Sangat super nyaman menginap dsini. Begitu masuk lobby aroma jamu dan aroma terapi khas Sidomuncul tak dapat dibohongi. Best konsep Indonesian Hotel Style.,super nyaman inap dsini masuk lobby aroma jamu terapi khas sidomuncul bohong konsep indonesian hotel style,positif
ChdDSUhNMG9nS0VJQ0FnTURva3F6dmxRRRAB,5,"Staff ramah. Kamar luas, bersih dan wangi.Jenis perjalananLiburanGrup perjalananTemanKamar: 5Layanan: 5Lokasi: 5Sorotan hotelMewah, Pemandangan yang indah, Romantis, Tenang, Cocok untuk anak-anak, Harga terbaik, Berteknologi tinggi",staff ramah kamar luas bersih wangi mewah pandang indah romantis tenang cocok harga teknologi,positif
ChZDSUhNMG9nS0VJQ0FnSUNnaWJpMUp3EAE,5,Saya kebetulan ga nginap jd ga sempet explore kamar hihi jd crtanya ksini itu pas ada acara meetup so yg saya datengin adalah pool n sumer palace nya aja suasanya seh homy ya baguss pelayanan juga oke makanan enak n variatif syukaakk 💞....#letsguide …,nginap sempet explore kamar hihi crtanya ksini acara meetup datengin banget sumer palace suasa homy bagus layan makan enak variatif syukaakk letsguide,positif
ChZDSUhNMG9nS0VJQ0FnSUNLX296eVRnEAE,5,"Room meeting nya oke banget,Prokesnya 👍👍. Tadinya takut takut mau datang diacara seminar ternyata Prokesnya meyakinkan. Alhamdulillah …",room meeting banget prokesnya takut acara seminar nyata alhamdulillah,positif
ChZDSUhNMG9nS0VJQ0FnSUR3MHBTOVhBEAE,5,"Hotelnya bener bener mantap,viewnya juga bagus, tempatnya lumayan strategis karena dekat dengan ringroad yaitu jalan utama kalau ingin ke magelang atau ke solo, cocok untuk menginap atau ngadain acara nikahan dan lainnya karena luas, tempat parkirnya luas, dari depan terlihat tidak ada parkirannya, tapi dibelakang terdapat parkiran yang cukup luas, bisa untuk beberapa bis dan mobil
Pokoknya mantep hotelnya, bintang 5",hotel bener mantap viewnya bagus lumayan strategis ringroad jalan utama magelang solo cocok inap acara nikah luas parkir lihat mobil pokok mantep bintang,positif
ChZDSUhNMG9nS0VJQ0RzOUNwb09TeFp3EAE,5,Hotel terbaik di jogja dengan menu makanan tradisional yang sangat enak.,hotel jogja menu makan tradisional enak,positif
ChdDSUhNMG9nS0VJQ0FnSUR3MnByVmhRRRAB,5,"Kalau bisa ada 1 bintang lagi pasti saya beri tempat ini 6 bintang.. fasilitas memuaskan,kamar besar.😍😍😍😍 Pelayanan super ramah. Good job Hotel Tentrem Yogyakarta.. saya pasti akan berkunjung kembali ke sini. …",bintang fasilitas puas kamar layan super ramah good hotel tentrem yogyakarta kunjung,positif
ChZDSUhNMG9nS0VJQ0FnSUN3eVphT0NREAE,5,"very very recommended untuk wisatawan yang memiliki budget lebih. terdabestttt dari sekian banyak hotel yang pernah dikunjungi. baik dari ragam kamar, fasilitas, restoran dengan citarasa makanan yang enak",very recommended wisatawan milik budget terdabest sekian hotel kunjung ragam kamar fasilitas restoran cita makan enak,positif
Ci9DQUlRQUNvZENodHljRjlvT2tkcE5VMWZTM2xTUzI5amNHVXhZWEZhZDNRM2VWRRAB,5,Hotel mewah dan kerenKamar: 5Layanan: 5Lokasi: 5,hotel mewah keren,positif
ChdDSUhNMG9nS0VJQ0FnSUQyb3NlNnFnRRAB,2,Waktu chek in jam 3 masih harus menunggu hampir 1jam dan pelayanan cs yg tidak pasti ketersediaan kamar. Sangat berbeda dengan yg di semarangJenis perjalananLiburanKamar: 3Layanan: 1Lokasi: 2,chek tunggu layan sedia kamar beda semarang,negatif
ChZDSUhNMG9nS0VJQ0FnSURBOVp2WFNnEAE,5,Tempat yang nyaman buat menginap buat 1 atau 2 malam dijogja dengan harga per kamar yang cukup 1 juta dengan kualitas yang baik standar hotel bintang 5 yang ada dijogja,nyaman inap malam dijogja harga kamar juta kualitas standar hotel bintang,positif
ChZDSUhNMG9nS0VJQ0FnSUQweklhQlNnEAE,5,"Mei 2018. Waktu itu ada area bermain anak deket kolam renang, Sayang masuknya harus pakai kaos kaki. Ponakan lupa ngga bawa.Kamar: 5Layanan: 5Lokasi: 5",area main deket kolam renang sayang masuk pakai kaos kaki ponakan lupa ngga bawa,positif
ChZDSUhNMG9nS0VJQ0FnSUNOb05HQUNBEAE,5,Hunian Hotel yg Exclusif ditengah Kota Jogjakarta....dari tampilan kamarnya ...kita dimanjakan selayaknya Ratu di jaman dulu....,huni hotel exclusif kota jogjakarta tampil kamar manja layak ratu jaman,positif
ChZDSUhNMG9nS0VJQ0FnSUNRaGVqM1h3EAE,5,"Meskipun agak mahal namun so much worth it to try! Semua peralatan hotel disimpan di dalam laci dan lemari, breakfast amat sangat banyak pilihan, aroma hotel dan suasana khas jogja membuat super confy!",mahal much worth alat hotel simpan laci lemari breakfast pilih aroma suasana khas jogja super confy,positif
ChdDSUhNMG9nS0VJQ0FnSUNZMi1yV2tRRRAB,5,"hotel bintang 5..sudah lah pasti nyaman untuk menginap disini.
menu sarapan nya banyak masakan nusantara.fasilitas gym jacuzi kolammrenang playground",hotel bintang nyaman inap menu sarapan masak nusantara fasilitas jacuzi kolammrenang playground,positif
ChZDSUhNMG9nS0VJQ0FnSURwdzlDVUJREAE,5,"Ada acara gathering HP. Pelayanan ok bgt. Petugas ramah. Yang bingung cuma jalan keluar kebetulan kesana naik motor. Gedung bersih dan ademJenis perjalananBisnisGrup perjalananTemanKamar: 5Layanan: 5Lokasi: 5Sorotan hotelMewah, Harga terbaik",acara gathering layan banget tugas ramah bingung jalan kesana motor gedung bersih adem mewah harga,positif
ChZDSUhNMG9nS0VJQ0FnSUNVajRTZ1RnEAE,5,"Sudah terkenal hotel ini memang memuaskan. Tempat ballroom, meeting roomnya bagus banget, luas banget. Stafnya sigap.",kenal hotel puas ballroom meeting room bagus banget luas staf sigap,positif
ChZDSUhNMG9nS0VJQ0FnSUNzc05EZ2J3EAE,5,"Bagus banget, hotel bintang 5 puas banget. Sayang lupa nyobain kolam renangnya. Saya ke malioboro jalan aja dr tentrem, mnrt sy masih deket sih...",bagus banget hotel bintang puas sayang lupa nyobain kolam renang malioboro jalan tentrem mnrt deket,positif
ChdDSUhNMG9nS0VJQ0FnSURHbXB1bjNBRRAB,4,"Yg kurang dari ini hotel cuma peredaman suara d kamar aja sih yg suka bocor alias tetangga bisa denger, sama view outdoor nya.",hotel redam suara kamar suka bocor alias tetangga denger view outdoor,positif
ChdDSUhNMG9nS0VJQ0FnSURKcTQ3ZnFnRRAB,5,"Salah satu hotel paling top dan mewah di jogja. Pelayanan baik, ballroom besar dan tempatnya luasJenis perjalananBisnisGrup perjalananTemanKamar: 5Layanan: 5Lokasi: 5Sorotan hotelMewah, Pemandangan yang indah",salah hotel bagus mewah jogja layan ballroom luas pandang indah,positif
ChZDSUhNMG9nS0VJQ0FnSURhd1liSUpBEAE,5,"Luxury. Masuk ke dalam hotel, menuju ke lantai atas, pasti akan terpesona oleh Gold Mirror nya pintu Lift. Memang basically nuansa interior adalah gold. Dan perpaduan gold itu dipakailah banyak material sperti: kayu solid, kaca2/bidang yg bersifat reflecting, dan semuanya itu excellent!!  Don't forget to spent time with fams to the Garden Pool and the Restaurant..amazing lighting, interior and surprise....😃😃",luxury masuk hotel tuju lantai pesona gold mirror pintu lift basically nuansa interior padu pakai material sperti kayu solid kaca bidang sifat reflecting excellent forget spent time with fams garden banget restaurant amazing lighting surprise,positif
ChdDSUhNMG9nS0VJQ0FnSUR5OV9PY2lnRRAB,5,Ini hotel yg sering saya rekomen buat teman2 kl ke jogja tp sekarang kualitas sarapannya beda jauh dgn tahun lalu... Sayang sekali ya...Kamar: 4Layanan: 4Lokasi: 4,hotel rekomen teman jogja kualitas sarapan beda sayang,positif
ChZDSUhNMG9nS0VJQ0FnSURVbGVENWR3EAE,5,"Tempatnya nyaman banget dan hotel inindemgan pelayanan yang ramah serta sangat bersih sekali, bisa buat acara event dan meeting juga 😍 …",nyaman banget hotel inindemgan layan ramah bersih acara event meeting,positif
ChZDSUhNMG9nS0VJQ0FnSUNRemFxQ1h3EAE,4,"Secara keseluruhan baik, masukkan dari saya shower airnya kecil, dan di putar ke yg paling dinginpun yang keluar air panas...tempat duduk closet harus di perbaiki, sudah goyang goyang. untuk yang lainnya memuaskan. terima kasih",masuk shower putar dingin panas duduk closet goyang puas terimakasih,positif
ChdDSUhNMG9nS0VJQ0FnSUNtbTl2NGhBRRAB,5,"Hotel 👍👍👍👍👍
Baru kali ini perokok di manusia kan....
Biasanya perokok selalu terbully

Pelayanan okay.....memanusiakan perokok
Keadilan social bagi seluruh tamu

Bintang 5 dah",hotel kali okok manusia terbully layan adil social tamu bintang,positif
ChZDSUhNMG9nS0VJQ0FnSUNBanVlWEJnEAE,5,"Parkiran luas, pelayanan sangat ramah, menu nya berkualitas dan berkelas, interiornya etnik banget, dan hotelnya bagus! Wajib dikunjungi..... Gak bakal nyesel bayar mahal untuk kenyamanan ekstra",parkir luas layan ramah menu kualitas kelas interior etnik banget hotel bagus wajib kunjung nyesel bayar mahal nyaman ekstra,positif
ChdDSUhNMG9nS0VJQ0FnSURKZ3ZfX3pnRRAB,4,"Kamar bersih,service bagus,staf / pegawai ramah, cocok buat bawa keluarga Kamar luasGrup perjalananPasanganKamar: 4Layanan: 5Lokasi: 4Sorotan hotelMewah",kamar bersih service bagus staf pegawai ramah cocok bawa keluarga luas mewah,positif
ChZDSUhNMG9nS0VJQ0FnSUQ5MHB1OFV3EAE,5,"One of the best hotels so far, gelato dan choco nya juga enak. Es cendol hitam nya juaraJenis perjalananBisnisGrup perjalananTunggalKamar: 5Layanan: 5Lokasi: 5Sorotan hotelMewah",hotels gelato choco enak cendol hitam juara mewah,positif
ChZDSUhNMG9nS0VJQ0FnSURvNHVPS0dBEAE,5,"Lokasi luas, cocok untuk acara-acara yg memuat jlh yg banyak orang seperti pertemuan ilmiah. Pelayan ramah, lokasi bersih dan nyaman. Makanan lumayan enak.",lokasi luas cocok acara muat orang temu ilmiah layan ramah bersih nyaman makan lumayan enak,positif
ChdDSUhNMG9nS0VJQ0FnSURKN2UzZWx3RRAB,5,"The best lah, utk driver ada ruang rehat, mushola, kantin dan toilet.. security ramah, parkiran luas.. istimewa pokoknya..Kamar: 5Layanan: 5Lokasi: 5",driver ruang rehat mushola kantin toilet security ramah parkir luas istimewa pokok,positif
ChZDSUhNMG9nS0VJQ0FnSUNocUxUVEl3EAE,5,"Salah satu hotel bintang lima terbaik di jogja, lokasi strategis, kamar bagus, makanan enakKamar: 5Layanan: 5Lokasi: 5",salah hotel bintang jogja lokasi strategis kamar bagus makan enak,positif
ChdDSUhNMG9nS0VJQ0FnSUNaeWZ1M2lnRRAB,5,"Kamarnya bersih dan nyaman,layanan yg ramah serta lokasinya strategis.recommend Banget!Jenis perjalananLiburanGrup perjalananKeluargaKamar: 5Layanan: 5Lokasi: 5Sorotan hotelMewah, Pemandangan yang indah, Tenang, Cocok untuk anak-anak, Harga terbaik",kamar bersih nyaman layan ramah lokasi strategis recommend banget mewah pandang indah tenang cocok harga,positif
ChZDSUhNMG9nS0VJQ0FnSUMxMWVEd1ZnEAE,4,Hotel ini sesuai dengan kebutuhan sekarang estetik dengan sentuhan modern. Pelayanan bagus.Kamar: 5Layanan: 4Lokasi: 5,hotel sesuai butuh estetik sentuh modern layan bagus,positif
ChdDSUhNMG9nS0VJQ0FnSUNyanVYRnZnRRAB,5,"Sangat istimewa fasilitas dan pelayanan yang diberiikan hotel tentrem 🫶Jenis perjalananLiburanGrup perjalananKeluargaKamar: 5Layanan: 5Lokasi: 5Sorotan hotelMewah, Romantis, Tenang, Cocok untuk anak-anak, Berteknologi tinggi",istimewa fasilitas layan diberiikan hotel tentrem mewah romantis tenang cocok teknologi,positif
ChdDSUhNMG9nS0VJQ0FnSUNCMGRhSndRRRAB,4,"Hotel bersih dan makanannya bervariasi, Rasa masakannya biasa saja menurut saya...Jenis perjalananLiburanGrup perjalananKeluargaKamar: 4Layanan: 4Lokasi: 3Sorotan hotelTenang",hotel bersih makan variasi masakan tenang,positif
ChZDSUhNMG9nS0VJQ0FnTURnbDhtWWFnEAE,3,Tidak ada tempat istirahat sopir dan buat bersihin mobilKamar: 5Layanan: 5Lokasi: 5,istirahat sopir bersihin mobil,netral
ChdDSUhNMG9nS0VJQ0FnSUQ2N29mel9nRRAB,5,"Hotel favorit kalau nginap di Jogja. Hotelnya nyaman, bersih. Kolam renang dan tempat gym juga luas dan keren. Makanan2 hotelnya enak2. Sukaaaaaa.. 😍😍😍 …",hotel favorit nginap jogja nyaman bersih kolam renang luas keren makan enak suka,positif
ChZDSUhNMG9nS0VJQ0FnSUNVMC1uZll3EAE,5,"Sebanding lah dengan harganya...fasilitas ok, pelayanan ok, hanya lift cuman satu jd jarak kamar ke lift lumayan jauh tp its ok.....overall mantabh",banding harga fasilitas layan lift jarak kamar lumayan overall mantabh,positif
ChdDSUhNMG9nS0VJQ0FnSUNPbTRQUGhBRRAB,5,"Follow Me On InstaGram : awakdoyankuliner
Dan
Jangan Lupa Support & Subscribe Youtube Rizki Yamani

Hotel Langganan Nginep Tiap Kali Ke Jogja, Selain Luxury Tempatnya Juga Nyaman Buat Keluarga

⚠️ Beda Lidah, Beda Rasa, Beda Selera⁣Jenis perjalananLiburanKamar: 5Layanan: 5Lokasi: 5",follow insta gram awakdoyankuliner lupa support subscribe youtube rizki yamani hotel langgan nginep kali jogja luxury nyaman keluarga beda lidah selera,positif
ChZDSUhNMG9nS0VJQ0FnSUNHOFBqU0d3EAE,1,"October 18,2021 apakah ada aturan baru, check in baru bisa jam 15.00 , kita tunggu dari jam 14.17 disuruh tunggu 30 menit dan sampai jam 15.15 masih disuruh tunggu 15 menit....

Jadi kapok inap disini....apa karena kita bukan direct booking

Untuk sekelas tentrem....mengecewakanJenis perjalananLiburanLayanan: 2Lokasi: 5",october atur check tunggu suruh menit kapok inap direct booking kelas tentrem kecewa,negatif
ChdDSUhNMG9nS0VJQ0FnSURQeXZHT19RRRAB,5,"Pelayanan bagus,Kamar nyaman,Lokasi bagus, Pemandangan indah, Terimakasih 🙏♥️😍Kamar: 5Layanan: 5Lokasi: 5",layan bagus kamar nyaman lokasi pandang indah terimakasih,positif
ChdDSUhNMG9nS0VJQ0FnSUNnaDY3d2h3RRAB,5,Hmm..semua pegawainya ramah..temoatnya bagus nyaman dan tenang..begitu masuk harum serai Indonesia banget..terasa sekali kl hotel ini nguri uri budaya jawa..tradisional jawa..matur nuwun Tentrem.,pegawai ramah temoatnya bagus nyaman tenang masuk harum serai indonesia banget hotel nguri budaya jawa tradisional matur nuwun tentrem,positif
ChZDSUhNMG9nS0VJQ0FnSUNBMEtQZUlnEAE,5,"Hotel Bintang 5 bertaraf internasional di Jogjakarta, 8 km dari Bandara Adisucipto dan 1,5 km dari Stasiun Tugu atau Malioboro.
Siapkan budget yang lebih untuk nginap disini. 😊
Jogja memang istimewa... 😀 …",hotel bintang taraf internasional jogjakarta bandara adisucipto stasiun tugu malioboro budget nginap jogja istimewa,positif
ChZDSUhNMG9nS0VJQ0FnSUNxM1BiaVNBEAE,5,"Tempatnya nyaman,rapi & bersih
Kebetulan saya sering codan vitamel
Obat herbal kuat tahan lama.di situ..untuk yg pingin order bisa langsung wa admin wa 083843314516",nyaman rapi bersih codan vitamel obat herbal kuat tahan situ pingin order langsung admin,positif
ChdDSUhNMG9nS0VJQ0FnSUNnNzl1ei1BRRAB,5,"Hotel yg menyediakan berbagai fasilitas terbaik dengan pelayanan yang sangat memuaskan,, sehingga hotel ini akan menjadikan pengalaman anda untuk bermalam yang tidak terlupakan",hotel sedia fasilitas layan puas alam malam lupa,positif
ChdDSUhNMG9nS0VJQ0FnSURRa2YzazR3RRAB,5,"Kamarnya besar, pelayanannya excellent mulai dari cek in hingga cek out, harga menu room service dan restaurant/bfast consider reasonable for 5* hotel.jika dibandingkan dgn bali ya...the best part jika suka batik...toko yg ada di lower ground have great selection....ga perlu lagi cari2 batik ke tmpt lain..pilihan disini  TOP",kamar layan excellent harga menu room service restaurant bfast consider reasonable hotel banding part suka batik toko lower ground have great selection cari tmpt pilih bagus,positif
ChZDSUhNMG9nS0VJQ0FnSUNPZ3RieVJBEAE,5,"Luxury banget kawan, letak cuma 1menit 3/4 detik dari tugu jogja. Kalaw kalian cuma punya budget 5 jt unt 1 malam udah kesini aja.Jenis perjalananBisnisGrup perjalananTunggalKamar: 5Layanan: 5Lokasi: 5",luxury banget kawan letak menit detik tugu jogja kalaw budget malam udah kesini,positif
ChdDSUhNMG9nS0VJQ0FnSUMwazhTZTJ3RRAB,5,"Hotel yg bagus arsitekturnya, pelayanan ramah dan makanannya juga terbilang enak. Walaupun ada di pinggir jalan pun, ketika kita didalam terasa tenang dan nyaman.",hotel bagus arsitektur layan ramah makan bilang enak pinggir jalan tenang nyaman,positif
ChdDSUhNMG9nS0VJQ0FnSUNpOU55X3hnRRAB,5,"Hotel bagus, nyaman, pelayanan sangat ramah, sarapan lengkap dan enak. Es krim tolak anginnya mantul",hotel bagus nyaman layan ramah sarapan lengkap enak krim tolak angin mantul,positif
ChdDSUhNMG9nS0VJQ0FnSUN5bC11U293RRAB,5,"Pegawai dan staff ramah, lobby bersih dan wangi, harga yang ditawarkan sangat worth it dengan fasilitas yang diberikan. Kalau kesana jangan lupa coba gelato tolak angin yang ada di lantai LG.",pegawai staff ramah lobby bersih wangi harga tawar worth fasilitas kesana lupa coba gelato tolak angin lantai,positif
ChdDSUhNMG9nS0VJQ0FnSURBOTdTRi1RRRAB,5,"Baru sadar kalau weekend harganya mahal y, dibayarin jadi ngga ngeh, anyway cocok dengan standar bintang 5, pelayanan terbaik, menurut q hotel bintang 5 terbaik yg q pernah tiduri di Jogja",sadar weekend harga mahal dibayarin ngga ngeh anyway cocok standar bintang layan hotel tidur jogja,positif
Ci9DQUlRQUNvZENodHljRjlvT21KWmRFZGlSMUpWUWtSNWRHVnlWR2RNU0dob1JrRRAB,5,Pelayanan sangat baik,layan,positif
ChZDSUhNMG9nS0VJQ0FnSUNtOXBENVdnEAE,5,"Hotel yang sangat nyaman dan recomended banget buat santai karna bisa liat pemandangan dari balkon, gk nyesel kesini sih",hotel nyaman recomended banget santai karna liat pandang balkon nyesel kesini,positif
ChZDSUhNMG9nS0VJQ0FnSUNiaF9mX0xREAE,5,Nyaman tenang bersih harum ramah.. Gym luas kolam bersih 👍Kamar: 5Layanan: 5Lokasi: 5,nyaman tenang bersih harum ramah luas kolam,positif
ChdDSUhNMG9nS0VJQ0FnTURJbDlESmlRRRAB,3,Hotel bintang 5 tapi tv kok jadul gada youtube heranJenis perjalananLiburanGrup perjalananKeluargaKamar: 5Layanan: 2Lokasi: 5,hotel bintang jadul gada youtube heran,netral
ChdDSUhNMG9nS0VJQ0FnSUNPdnRfeS13RRAB,3,"Dahulu ini hotel punya excellent hospitality
Tapi sekarang sudah mulai turun standardnya, khususnya resto, housekeeping, security. Jadi standard hospitality bintang 3",hotel excellent hospitality turun standardnya khusus resto housekeeping security standard bintang,netral
ChdDSUhNMG9nS0VJQ0FnSURRb2JEVXRnRRAB,5,"Hotel bintang lima dengan fasilitas termewah di Daerah Istimewa Yogyakarta. Sangat mudah diakses dari luar kota Yogyakarta maupun dari Bandara Adisutcipto. Perjalanan dari hotel menuju ke objek wisata di Daerah Istimewa Yogyakarta dilayani dengan mobil rental atau bisa juga dengan kendaraan umum, Pak Obama pernah bermalam di sini.",hotel bintang fasilitas mewah daerah istimewa yogyakarta mudah akses kota bandara adisutcipto jalan tuju objek wisata layan mobil rental kendara obama malam,positif
ChdDSUhNMG9nS0VJQ0FnSURRbWNHZjF3RRAB,5,Hotel..yg buat ...buat hati serasa Tenteram...interiornya mewah...elegan..wangi semerbak aroma rempah2 mendominasi...serasa...wangi..yg eksotis....Room nya nyaman....Front office nya ramah ramah....familiar... restoranya...untuk break fast...menu.....komplit dr western sd lokal menu/ tradisional menu......mungkin krn saya sdh lebih 4 thn bersama sama kita berteman....Sukses Htl Tentrem...bu Ilus mbak Indri..terimakasiih,hotel hati serasa tenteram interior mewah elegan wangi semerbak aroma rempah dominasi eksotis room nyaman front office ramah familiar restoranya break fast menu lengkap western lokal tradisional teman sukses tentrem ilus indri terimakasiih,positif
ChZDSUhNMG9nS0VJQ0FnSUR3N3JlNWJBEAE,5,"The best hotel ever. Lengkap! Kalo bf jangan pakai sandal hotel ya, pakai sepatu atau sandal pribadi. Ada kids zone nya. Terbaique lah pokoknya. Harga sesuai kualitas yh ditawarkan ya",hotel ever lengkap kalo pakai sandal sepatu pribadi kids zone terbaique pokok harga sesuai kualitas tawar,positif
ChdDSUhNMG9nS0VJQ0FnSUNyMnZXUC1BRRAB,5,Tidak jauh dari pusat kota namun tidak ada salah nya menikmati taman hutan kecil sambil ngopi di sini,pusat kota salah nikmat taman hutan ngopi,positif
ChZDSUhNMG9nS0VJQ0FnSUNvOFlpdEtREAE,5,"good exoperince, kolam renang nya nyaman, makanan nya mantap, fitness center nya alatnya kumplit, terdapat sauna dan whirpool nya,, signature nya adalah welcome drink jamu dan di kamar terdapat jamu sebagai complimentary drink nya..top!",good exoperince kolam renang nyaman makan mantap fitness center alat kumplit sauna whirpool signature minum jamu kamar complimentary bagus,positif
ChZDSUhNMG9nS0VJQ0FnSURzcWJ1bUZREAE,5,"Hotel yg sangat nyaman.. kamar yg luas dan bersih, staf2nya yg super ramah2 dan menu sarapan yg bervariasi...",hotel nyaman kamar luas bersih staf super ramah menu sarapan variasi,positif
ChZDSUhNMG9nS0VJQ0FnSUNaMEphYVhnEAE,5,"Tempat nya nyaman dengan desain interior yang lux menambah kesan mewah dan elegan tempat ini, ditambah staf2 nya ramah dalam melayani konsumen...",nyaman desain interior kesan mewah elegan staf ramah layan konsumen,positif
ChZDSUhNMG9nS0VJQ0FnSUNneExXQkNBEAE,5,"Dari luar terlihat seperti arsitektur romawi, tapi begitu masuk nuansa jawanya terlihat. Mulai dari bemo di depan pintu lobby, motif batik di dinding, hingga aroma sereh yang sering saya temui di beberapa hotel di jogja. Sangat nyaman berada disana walaupun hanya sekedar bertamu.",lihat arsitektur romawi masuk nuansa jawanya bemo pintu lobby motif batik dinding aroma sereh temu hotel jogja nyaman tamu,positif
ChdDSUhNMG9nS0VJQ0FnSUNvOFliYjBBRRAB,5,"Hotel yg nyaman, u/ staffnya sopan & ramah, kolam renang bersih, pokoknya pantas lah sesuai harga yg sy bayar tdk mengecewakan",hotel nyaman staff sopan ramah kolam renang bersih pokok sesuai harga bayar kecewa,positif
ChZDSUhNMG9nS0VJQ0FnSURpeVlpQ2NnEAE,5,"glad to be back.. super great staycation.. thankyou udh dikasih kamar bathub kebetulan rombongan sy ada baby jadi seneng bgt...
pelayanan dan makanan untuk sarapan semua sgt baik 🙏😍💖 …",glad back super great staycation thankyou kasih kamar bathub rombong baby neng banget layan makan sarapan,positif
ChdDSUhNMG9nS0VJQ0FnSUN1cmNqNW5BRRAB,5,"Hotel bagus, nyaman, bersih, karyawan ramah², fasilitas lengkap, lokasi strategis, mudah di akses dan di jangkau",hotel bagus nyaman bersih karyawan ramah fasilitas lengkap lokasi strategis mudah akses jangkau,positif
ChdDSUhNMG9nS0VJQ0FnSUNBZ01LRHJBRRAB,5,"Seneng banget nginep dsini,, makanan banyak fasilitas lengkap, sampai playground ada,, ada satu yg jgn sampai lupa klo breakfast dilarang pake sandal hotel,,  makanan variasinya banyak banget dr menu aerah sampe luar, eskrim jg ada,  buah lengkap ad yg berbentuk salad sampe buah satuan,, pokoknya gak nyesel deh dsini,, males kluar kmana2,, wellcome drinknya aj enak gak cuma minum doank,, asyik lah pokokx dsini,,  recomended banget bagi yg bersaku,, 😊😊",neng banget nginep dsini makan fasilitas lengkap playground lupa breakfast larang pake sandal hotel variasi menu aerah sampe eskrim buah bentuk salad pokok nyesel males kluar kmana wellcome drinknya enak minum doank asyik pokokx recomended saku,positif
ChdDSUhNMG9nS0VJQ0FnSUNndFBEN2xRRRAB,5,"hotel megah berbintang di tengah kota gudeg yogyakarta, dengan disain arsitektur yang elegant serta mewah,  dikelola secara profesional, suasana tradisional dipadukan dengan nuansa modern menyambut para tamu yang akan menginap, minuman welcome drink berupa wedang jahe yang hangat sehangat penyambutan para karyawan yang melayani dengan penuh keramahan,  fasilitas hotel juga lengkap,  dan ruang kamar yang luas serta view yang indah dan menyenangkan",hotel megah bintang kota gudeg yogyakarta disain arsitektur elegant mewah kelola profesional suasana tradisional padu nuansa modern sambut tamu inap minum wedang jahe hangat karyawan layan penuh ramah fasilitas lengkap ruang kamar luas view indah senang,positif
ChdDSUhNMG9nS0VJQ0FnTURBOE83Nzl3RRAB,5,"Pegawainya ramah ramah
Fasilitas lengkap
Makan nya juga enakJenis perjalananBisnisGrup perjalananTemanKamar: 5Layanan: 5Lokasi: 5KamarKamar nya bersih dan rapiSorotan hotelMewah, Tenang",pegawai ramah fasilitas lengkap makan enak kamar bersih rapi mewah tenang,positif
ChdDSUhNMG9nS0VJQ0FnSURNNHZQZ3NRRRAB,5,"nice hotel, friendly hotel staffs, sayangnya Channel TV tidak berkualitas HD dan waktu breakfast waiternya tidak cekatan mengambil piring gelas kotor dari mejaJenis perjalananLiburanKamar: 5Layanan: 4Lokasi: 5",nice hotel friendly staffs sayang channel kualitas breakfast layan cekat ambil piring gelas kotor meja,positif
ChdDSUhNMG9nS0VJQ0FnSURYb2ZQTThBRRAB,4,"Top ,pelayanan ramah ,bersih poll ,ballromnya juga nyaman ,securitynya banyak pelayanan cepat dan ramah joss 👍👍Kamar: 5Layanan: 5Lokasi: 5",bagus layan ramah bersih poll ballromnya nyaman securitynya cepat,positif
ChdDSUhNMG9nS0VJQ0FnSURDb2R6N3pnRRAB,5,"restonya nyaman dan sepi makannya ok
cocok sih buat ngobrol santuy atau mau meeting gt drpd nyewa co working disini staffny ramah makanannya oke juga",restonya nyaman sepi makan cocok ngobrol santuy meeting drpd nyewa working staffny ramah,positif
ChZDSUhNMG9nS0VJQ0FnSURyLXZ5RWN3EAE,5,"Hotel tentrem jogja sangat enak. Dan menyenangkan.
Saya Tiktok @konsultanmerenungJenis perjalananBisnisGrup perjalananTemanKamar: 5Layanan: 5Lokasi: 5Sorotan hotelMewah",hotel tentrem jogja enak senang tiktok konsultanmerenung mewah,positif
ChZDSUhNMG9nS0VJQ0FnSUNKaXZ5REx3EAE,5,"Kalau untuk ukuran Jogja masih paling bagus, tp masih kalah kalau dibandingkan hotel di Jakarta/BaliJenis perjalananBisnisGrup perjalananKeluargaKamar: 4Layanan: 5Lokasi: 4Sorotan hotelCocok untuk anak-anak, Harga terbaik",ukur jogja bagus kalah banding hotel jakarta cocok harga,positif
ChdDSUhNMG9nS0VJQ0FnSUNJLWZHT2dnRRAB,4,"+
Suasana Jawa banget dengan letak kolam renang yang mempunyai pemandangan yang bagus serta cafe yang nyaman.

-
Parkir yang sedikit susah dan sempit untuk roda 4",suasana jawa banget letak kolam renang pandang bagus cafe nyaman parkir susah sempit roda,positif
ChZDSUhNMG9nS0VJQ0FnSUQwOWItSUFnEAE,5,"Hotel tentrem benerr-bener tentremmmm...makanan dan pelayanan OKE , breakfastnya Sipp...
Pelayanan Ramah-ramah..Ada Jamunya jugaa lhooo..buat temen2 yg breakfast jgn lupa mampir ke stall nya mba Vika di Restoran Kayumanis tentrem... Cobain Racikan Jamu buatannya...BuKan Kaleng-kaleng. :)

Numero UNO di JoGjaJenis perjalananLiburanGrup perjalananKeluargaKamar: 5Layanan: 5Lokasi: 5",hotel tentrem benerr bener makan layan breakfastnya ramah jamu temen breakfast lupa mampir stall vika restoran kayumanis cobain racik kaleng numero,positif
ChZDSUhNMG9nS0VJQ0FnSUNvbE9xT0F3EAE,5,"Ciamik hotelnya, kental rasa Jawa, semua panca indera kita menangkap konsep hotel ini mulai dari  mata, bau, alunan nada khas jowo sampai cicipan jamunya..Penasaran? Cobaen dewe rek...",ciamik hotel kental jawa indera tangkap konsep mata alun nada khas jowo cicip jamu penasaran cobaen dewe,positif
ChZDSUhNMG9nS0VJQ0FnSURXbnRlUUVBEAE,5,"Hotel terkeren di DIY Jateng.mewah elegan,cuma bisa masuk pas ada acara kantor gak tau kayak apa kamarnya.tidak terjangkau dikantong.",hotel keren jateng mewah elegan masuk acara kantor kayak kamar jangkau kantong,positif
ChdDSUhNMG9nS0VJQ0FnSURZbVBTV29RRRAB,5,Mewah dan modern.. toilet umumnya bagus dan bersih.. tapi mapsnya agak ngawur sempet tersesat dan diarahkan ke gang2 belakang hotel dan buntu.. mesti hati hati ikutin arahan google maps nih..,mewah modern toilet bagus bersih mapsnya ngawur sempet sesat arah gang hotel buntu mesti hati ikutin google maps,positif
ChdDSUhNMG9nS0VJQ0FnSURvLV9XVDRnRRAB,5,"Bagus banget dan nyaman banget. Breakfastnya juga 5* hehehe menu favorit: R oti Kukus.

Tiap breakfast juga ada ""si mbok"" jamu yang keliling nawarin jamu2 👌🏻👍🏻👍🏻",bagus banget nyaman breakfastnya hehehe menu favorit kukus breakfast mbok jamu keliling nawarin,positif
ChdDSUhNMG9nS0VJQ0FnSURGMnBETXpRRRAB,5,"One of the best hotel in jogja
Hospitality nya keren dan nice banget
Cuman oas mau cek in agak telat aja bisa masuknyaKamar: 5Layanan: 5Lokasi: 5",hotel jogja hospitality keren nice banget telat masuk,positif
ChdDSUhNMG9nS0VJQ0FnSUN1cmNHZDFRRRAB,5,"Pelayanan overall bagus, proses check in check out cepat, sesuai namanya hotel Tentrem beneran tentrem stay disini🙂 …",layan overall bagus proses check cepat sesuai hotel tentrem beneran stay,positif
ChZDSUhNMG9nS0VJQ0FnSUQweXR6a05REAE,5,"Tempatnya nyaman, suasana indoor maupun outdoor sangat bagus sekali. Rekomended buat kamu yg lagi liburan dijogja bareng keluarga, atau buat yg mau adain seminar yang mewah",nyaman suasana indoor outdoor bagus rekomended libur dijogja bareng keluarga adain seminar mewah,positif
ChZDSUhNMG9nS0VJQ0FnSURwdGU3ZEJBEAE,5,"pelayanannya sangat bagus dan ramah.
sangat nyaman
bersih rapi dan wangi
buat teman"" yg blum kesini silahkan datang kemari dijamin pasti puasKamar: 5Layanan: 5Lokasi: 5",layan bagus ramah nyaman bersih rapi wangi teman blum kesini silah kemari jamin puas,positif
ChdDSUhNMG9nS0VJQ0FnSUNkN0puODBRRRAB,5,"1 malam nginap sini, super luar biasa pelayanan nya
Makanan nya enak
Kamar nya super super bersihJenis perjalananBisnisGrup perjalananTunggalKamar: 5Layanan: 5Lokasi: 5Sorotan hotelMewah, Pemandangan yang indah, Romantis, Tenang, Harga terbaik",malam nginap super layan makan enak kamar bersih mewah pandang indah romantis tenang harga,positif
ChZDSUhNMG9nS0VJQ0FnSURJbk1iMkpnEAE,5,Hotelnya bersih . Fasilitas lengkap bintang 5 . Stapnya ramah . Makan pagi enak dan banyak pilihan .,hotel bersih fasilitas lengkap bintang stapnya ramah makan pagi enak pilih,positif
ChdDSUhNMG9nS0VJQ0FnSUNSck1HYXNnRRAB,5,"Salah satu hotel terbaik di jogja
Hotel yg pernah disinggahi Pak Obama

Menu sahurnya mantap!!Sorotan hotelMewah, Tenang",salah hotel jogja singgah obama menu sahur mantap mewah tenang,positif
ChdDSUhNMG9nS0VJQ0FnSUQtM0phdTFnRRAB,5,"Hotelnya wah bgt,,, yg nginep psti seneng deh di jamin ga bakal nyesel, lokasinya di kota dket klo mau ke mna2Jenis perjalananBisnisGrup perjalananPasanganKamar: 5Layanan: 5Lokasi: 5Sorotan hotelMewah, Romantis, Tenang",hotel banget nginep psti neng jamin nyesel lokasi kota dket mewah romantis tenang,positif
ChdDSUhNMG9nS0VJQ0FnSUN3eEwtX3lBRRAB,5,"Lobinya keren, ga bosenin jika harus nunggu, pool nya juga oke, mau nongkrong asik? Di roof aja, ada cafenya, menghadap pool, cocok buat konkow malam2 :)",lobi keren bosenin nunggu banget nongkrong asik roof cafenya hadap cocok konkow malam,positif
ChdDSUhNMG9nS0VJQ0FnSURBNE1XNmxRRRAB,5,"Hotel paling mahal kalau lihat di online, fasilitas bintang 5, kamarnya luas, restonya juga luas menunya banyak sampai bingung..., Ada kolam renang yang asyik juga...",hotel mahal lihat online fasilitas bintang kamar luas restonya menu bingung kolam renang asyik,positif
ChdDSUhNMG9nS0VJQ0FnSUNvbGJHdmxRRRAB,5,Kolam renangnya asik. Gedungnya bersih. Kualitas premium. Denger2 presiden amerika pernah nginep sini. Sapa itu namanya.. jos bus?,kolam renang asik gedung bersih kualitas premium denger presiden amerika nginep sapa,positif
ChZDSUhNMG9nS0VJQ0FnSURBamZmN2Z3EAE,5,"Hotel Tentrem Jogja, hotel terbaik yg pernah sy kunjungi di Jogja.. Pelayanannya perfect.. Semua peduli.. Sarapannya memuaskan..
Kolam renang, locker, jacuzzi.. The best...
Paling suka dengan aroma kerika masuk ke hotel... Rempah yang menenangkan...

Mungkin ada hal yang perlu diperbaiki... Di closet, shower closet utk membersihkan setelah buang air agak kotor dan berkerak... Mohon bisa ditindaklanjuti lebih detail...

Overall kalau ke Jogja.. Saya akan kembali ke Tentrem... Sungguh tentrem tinggal di Tentrem..

Matursuwun..",hotel tentrem jogja kunjung layan perfect peduli sarapan puas kolam renang locker jacuzzi suka aroma kerika masuk rempah tenang closet shower bersih buang kotor kerak mohon ditindaklanjuti detail overall sungguh tinggal matursuwun,positif
ChZDSUhNMG9nS0VJQ0FnSUNacVpMVklBEAE,5,"Untuk pelayanan,fasilitas dan lokasinya sangat baik,lokasi yang strategis dan pegawainya sangat Rama dan baik
Sangat recommended banget👍Jenis perjalananLiburanGrup perjalananTemanKamar: 5Layanan: 5Lokasi: 5Sorotan hotelPemandangan yang indah",layan fasilitas lokasi strategis pegawai recommended banget pandang indah,positif
ChdDSUhNMG9nS0VJQ0FnSURva0pINTdnRRAB,5,"Hotel yang sangat terkenal di kota jogjakarta,yang terkenal dengan kemewahan yang di suguhkan,tidak heran sehari nginep saja bisa satu juta rupiah lebih,tetapi sangat-sangat terbayar dengan kemewahan nya dan keramah tamahan para staf nya",hotel kenal kota jogjakarta mewah suguh heran nginep juta rupiah bayar ramah tamah staf,positif
ChdDSUhNMG9nS0VJQ0FnSURRbDgtOHNBRRAB,4,"saya   pernah ke hotel Tentrem dan di sana suasananya itu bagus dan terlihat royal sekali, dan saya pernah mencoba tipe kamar yang couples dan itu luas sekali untuk tidur",hotel tentrem suasana bagus lihat royal coba tipe kamar couples luas tidur,positif
ChdDSUhNMG9nS0VJQ0FnSUNzNmFuTW93RRAB,5,"Pelayanannya memuaskan ramah2, lengkap semua kebutuhannya di kamar. Masakannya enak2 dan byk pilihannya. Yg rekom es krim tolak angin.",layan puas ramah lengkap butuh kamar masakan enak pilih rekom krim tolak angin,positif
ChdDSUhNMG9nS0VJQ0FnSURrcmVlWjhBRRAB,5,"Menurut saya, saat ini merupakan hotel terbaik. Sangat elegan dan berkelas. Akses mudah, cari makan gampang",rupa hotel elegan kelas akses mudah cari makan gampang,positif
ChdDSUhNMG9nS0VJQ0FnSUNvLXNxTDd3RRAB,5,"Hotel bintang 5 yang benar-benar bintang, gak jauh dari Malioboro dan tugu 0km.
Ambil 1 hari buat full istirahat, fasilitas sangat-sangat lengkap.
Harga sesuai kualitas.",hotel bintang malioboro tugu ambil full istirahat fasilitas lengkap harga sesuai kualitas,positif
ChZDSUhNMG9nS0VJQ0FnSUNDc0xfX1lBEAE,1,"Dinner di restoran kayu manis (8/8/2020), pesen nasi goreng udang telor asin 2jam baru sampai, begitu sampai rasanya asiiiiiiinn.. udah lama, orderan salah, mahal, gak enak lagi.. gak layak restoran bintang 5 nih.Grup perjalananKeluarga",dinner restoran kayu manis nasi goreng udang telor asin asinn udah order salah mahal enak layak bintang,negatif
ChdDSUhNMG9nS0VJQ0FnSUNCZ2VLZDB3RRAB,5,"Semuanya mantapp 😁

Pelayanannya ramah.
Kebersihan dan kerapiannya jg oke.

Nahh menu makanannya ini... Byk bgt macemnya, komplit banget.Grup perjalananKeluargaKamar: 5Layanan: 5Lokasi: 5Sorotan hotelMewah, Berteknologi tinggi",layan ramah bersih rapi nahh menu makan banget macemnya lengkap mewah teknologi,positif
ChdDSUhNMG9nS0VJQ0FnSURHLXVDcHB3RRAB,5,"Ok banget pelayanan sangat baik dan ramah, hanya saja Kamar mandi kurang bersih dindingnya msh berlumut, geli lihatnya",banget layan ramah kamar mandi bersih dinding lumut geli lihat,positif
ChdDSUhNMG9nS0VJQ0FnSURXcWZ5bHV3RRAB,5,"Kamarnya nyaman, makanannya enak2, kamar mandinya wangi, hanya stafnya terutama di reservasi dan FO kurang gercepJenis perjalananBisnisGrup perjalananTemanKamar: 4Layanan: 3Lokasi: 4",kamar nyaman makan enak mandi wangi staf utama reservasi gercep,positif
ChZDSUhNMG9nS0VJQ0FnSUNlcV8zZUZ3EAE,5,"Hotelnya bagus kamar yang nyaman,
Pelayanan bagus jadi feel welcome
Keep it Up!Jenis perjalananLiburanGrup perjalananTunggalKamar: 5Layanan: 5Lokasi: 5",hotel bagus kamar nyaman layan feel keep,positif
ChZDSUhNMG9nS0VJQ0FnSURCd183R013EAE,5,"best in town lah pokoknya. cuma air kolam renangnya terlalu pekat asamnya, di gigi lama2 tdk enak",town pokok kolam renang pekat asam gigi enak,positif
ChdDSUhNMG9nS0VJQ0FnSURRb1BDRnJ3RRAB,5,"Pelayanan dari security di lokasi parkir hingga lobby sangat ramah. Hal-hal kecil seperti pintu kaca hingga kamar mandi diperhatikan kebersihannya.

Makanan di restonya pun sangat enak.",layan security lokasi parkir lobby ramah pintu kaca kamar mandi perhati bersih makan restonya enak,positif
ChdDSUhNMG9nS0VJQ0FnSUNCMWVMYnRBRRAB,5,"Nice 5 stars hotel, breakfast, service, room as always. Sudah kali kedua menginap di hotel ini.Kamar: 5Layanan: 5Lokasi: 5",nice stars hotel breakfast service room always kali inap,positif
ChdDSUhNMG9nS0VJQ0FnSUMwcGE3bTFRRRAB,5,"Tempat nyaman, namun karena meeting kami di Ruang Rapat Bakau - Bangkirai agak susah ke toilet nya.
Mungkin jika ada toilet di dekat ruang meeting akan lebih baik",nyaman meeting ruang rapat bakau bangkirai susah toilet,positif
ChdDSUhNMG9nS0VJQ0FnSUN5am83Q3pnRRAB,5,"sangat Nyaman, Aman,, bersih pelayanan Ramah...Sangat MEMUASKAN. TERIMAKSIH UNTK SELURUH CREW HOTEL TENTREM. SEMOGA MAKIN SUKSES DAN MAKIN JAYA.AMIIN",nyaman aman bersih layan ramah puas terimaksih untk crew hotel tentrem moga sukses jaya amiin,positif
ChdDSUhNMG9nS0VJQ0FnSUNaczV6bnF3RRAB,5,"Kamar nyaman, sarapan maknyuss, hotel bersih, spa gratis, luar biasaa..good job",kamar nyaman sarapan maknyuss hotel bersih gratis biasaa good,positif
ChdDSUhNMG9nS0VJQ0FnSUQwX2ZDT19BRRAB,5,hotel yg recommended untuk liburan dgn keluarga. Fasilitas bermain anak yg cukup lengkap dan akses yang dekat menuju tempat kuliner.,hotel recommended libur keluarga fasilitas main lengkap akses tuju kuliner,positif
ChZDSUhNMG9nS0VJQ0FnSUNPOHVENlp3EAE,5,"Hotelnya bagus, fasilitas bagus, karyawan ramah, ada playground indoor untuk anak dan kolam renang dengan pengawasJenis perjalananLiburanGrup perjalananKeluargaKamar: 5Layanan: 5Lokasi: 5",hotel bagus fasilitas karyawan ramah playground indoor kolam renang awas,positif
ChdDSUhNMG9nS0VJQ0FnSUR4Z1BXYy1RRRAB,5,"Bagus bgt hotelnys, suka bgt nginep disini, makananya juga enak2 ishh,, mantap!!Grup perjalananTemanKamar: 5Layanan: 5Lokasi: 5KamarJendelanya klo lebih gede lebih asikSorotan hotelTenang",bagus banget hotelnys suka nginep makananya enak ishh mantap kamar jendela gede asik tenang,positif
ChZDSUhNMG9nS0VJQ0FnSURNMTlYbEVBEAE,5,"Nginep 4 malam.. Parkir lega.. Kamar oke banget, ada kursi santai yang bisa jadi tempat tidur.. Makanannya tidak istimewa2 amat..Jenis perjalananLiburanKamar: 5Layanan: 5Lokasi: 5",nginep malam parkir lega kamar banget kursi santai tidur makan istimewa,positif
ChZDSUhNMG9nS0VJQ0FnSURudjVpa0pnEAE,5,Ini sih luar biasa hotel... sesuai dengan dana nya dehJenis perjalananLiburanKamar: 4Layanan: 4Lokasi: 4,hotel sesuai dana,positif
ChdDSUhNMG9nS0VJQ0FnSUNzbVpUQTVnRRAB,4,"Hotel yang eksotik perpaduan gaya modern dan klasik khas Yogyakarta, memiliki pemandangan yang mempesona. Gunung Merapi disebelah Utara terpadu dengan gemerci Kali Code di sebelah Timur.",hotel eksotik padu gaya modern klasik khas yogyakarta milik pandang pesona gunung rapi belah utara gemerci kali code timur,positif
ChdDSUhNMG9nS0VJQ0FnSURNbGJfRi1RRRAB,5,"Salah satu tempat istirahat yg nyaman,tenang, pokoknya pas buat istirahat jika di kota ini,kamarnya yg sejuk dan menu makanan yg enak dan terjangkau bikin makin betah mpe berhari-hari biasanya disini,tempat parkir yg luas",salah istirahat nyaman tenang pokok kota kamar sejuk menu makan enak jangkau bikin betah parkir luas,positif
ChZDSUhNMG9nS0VJQ0FnSURwMWVxeElnEAE,5,"Luar biasa, hotel mewah dan nyaman, hotel kelas atas dengan nuansa ya waah....buat saya recomended banget",hotel mewah nyaman kelas nuansa waah recomended banget,positif
ChdDSUhNMG9nS0VJQ0FnSURCck42eWx3RRAB,5,pertama kali nginep disini kesannya bagus banget dan sangat nyaman. mewah sekali hotelnyaJenis perjalananLiburanGrup perjalananTunggalKamar: 5Layanan: 5Lokasi: 5,kali nginep kesan bagus banget nyaman mewah hotel,positif
ChZDSUhNMG9nS0VJQ0FnTUNBaVpyZUNBEAE,5,Kesini lagi setelah trakhie ke sini sekitar 10 tahun lalu. Tetap okee 👍🏻Kamar: 5Layanan: 5Lokasi: 5,kesini trakhie,positif
ChZDSUhNMG9nS0VJQ0FnSUNsOGNUek1nEAE,5,"Hotel yang bagus,bersih,wangi sereh yang khas, ornamen dan nuansa budaya Jawa yang kental.",hotel bagus bersih wangi sereh khas ornamen nuansa budaya jawa kental,positif
ChdDSUhNMG9nS0VJQ0FnSUNvc05TUTd3RRAB,5,"Lokasi cukup strategis, pelayanannya cukup memuaskan, aroma khas minyak sere.... menu breakfastnya bagus menampilkan khas daerah",lokasi strategis layan puas aroma khas minyak sere menu breakfastnya bagus tampil daerah,positif
ChdDSUhNMG9nS0VJQ0FnSUN3MzhDNDJBRRAB,4,"Sangat bagus, harga juga lumayan, bersih, taste breskfast oke, hanya dikamar tidak disediakan sikat gigi & odol.",bagus harga lumayan bersih taste breskfast kamar sedia sikat gigi odol,positif
ChdDSUhNMG9nS0VJQ0FnSURwazRta3ZBRRAB,5,"Lokasi sangat strategis..
Kesah mewah sangat terasa sesuai untuk bintang 5.
Servis sangat baik di semua aspek 👍👍Kamar: 5Layanan: 5Lokasi: 5",lokasi strategis kesah mewah sesuai bintang servis aspek,positif
ChdDSUhNMG9nS0VJQ0FnSUNwaDhQNWdRRRAB,5,"Masih ada yg kurang, yaitu saat breakfast pilihan makanannya hari ini tidak ada makanan westernnya.😬😓Jenis perjalananLiburanGrup perjalananKeluargaKamar: 5Layanan: 5Lokasi: 5Sorotan hotelMewah, Tenang",breakfast pilih makan westernnya mewah tenang,positif
ChdDSUhNMG9nS0VJQ0FnSUNBNXBHMWdRRRAB,5,"Hotel yang menyajikan nuansa jawa yang kental, nyaman dan tetap berkelas. Free mini bar, dan ada welcome chocolate nya yang rasanya unik.",hotel saji nuansa jawa kental nyaman kelas free mini chocolate unik,positif
ChZDSUhNMG9nS0VJQ0FnSUNzc3Y2NUxREAE,4,"Selalu bikin kangen utk nginep dsni lg. Ada kidsplay nya,jd anak2 tetep bs aktivitas di hotel.g perlu keluar hotel",bikin kangen nginep dsni kidsplay tetep aktivitas hotel,positif
ChZDSUhNMG9nS0VJQ0FnSURlOGFLd2FnEAE,5,"Pokoknya hotel ini tiada tanding, dr kamarnya, room service, makan pagi, parkiran, Lobby sangat mewah.Kamar: 5Layanan: 4Lokasi: 4",pokok hotel tiada tanding kamar room service makan pagi parkir lobby mewah,positif
ChdDSUhNMG9nS0VJQ0FnSURZZ282OTZRRRAB,5,"Nyaman, ramah dan bersih...overall menyenangkan bisa honeymoon di hotel tentrem...mulai dr welcome drink, pelayanan check in dan surprise cake honeymoon semuanya make me happy😘 …",nyaman ramah bersih overall senang honeymoon hotel tentrem minum layan check surprise cake make happy,positif
ChdDSUhNMG9nS0VJQ0FnSUNRdUtTT29BRRAB,5,"Kamar cukup besar dan nyaman, lobi hotel beraroma rempah yang menyenangkan, fasilitas hotel lengkap, pilihan makan pagi yg sangat beragam",kamar nyaman lobi hotel aroma rempah senang fasilitas lengkap pilih makan pagi ragam,positif
ChdDSUhNMG9nS0VJQ0FnSUQtNjRPSDRnRRAB,5,"Agak kecewa pelayanan nya waktu breakfast..ga bs bawa jus ke kamar...biasa nya hotel bintang lima boleh bawa jus ke kamarJenis perjalananLiburanGrup perjalananKeluargaKamar: 5Layanan: 4Lokasi: 5Sorotan hotelPemandangan yang indah, Romantis, Tenang, Cocok untuk anak-anak, Harga terbaik, Berteknologi tinggi",kecewa layan breakfast bawa kamar hotel bintang pandang indah romantis tenang cocok harga teknologi,positif
ChdDSUhNMG9nS0VJQ0FnSUREaHFDMzdRRRAB,5,"Lokasinya strategis dekat dng malioboro. Tempat persinggahan kita menginap bila ke yogyakartaJenis perjalananLiburanGrup perjalananKeluargaKamar: 5Layanan: 5Lokasi: 5Sorotan hotelMewah, Tenang, Cocok untuk anak-anak, Harga terbaik",lokasi strategis malioboro singgah inap yogyakarta mewah tenang cocok harga,positif
ChdDSUhNMG9nS0VJQ0FnSUROMXREVm13RRAB,1,"Ahahahah, ada yg nyuruh kesaya. untuk membuat ulasan disini.
dari nomor tak dikenal.
Sedangkan, sya aja blum pernh kesini.
trus katanya 1 ulasan B5. dapet Rp10.000
🤣🤣🤣🤣Kamar: 1Layanan: 1Lokasi: 1",ahahahah nyuruh ulas nomor kenal blum pernh kesini trus dapet,negatif
ChZDSUhNMG9nS0VJQ0FnSURzMm9pZlF3EAE,5,"Hotelnya bagu,  besar, enak, harga lumayan seperti yang dikantong wkwk.
Yah. Harga menyesuaikan lah",hotel bagu enak harga lumayan kantong wkwk sesuai,positif
ChZDSUhNMG9nS0VJQ0FnSURlNTY3TVFBEAE,4,"Kamarnya luas banget, pegawainya udah jelas ramah semua setiap jalan pasti disapa.Kamar: 5Layanan: 5Lokasi: 3",kamar luas banget pegawai udah ramah jalan sapa,positif
ChdDSUhNMG9nS0VJQ0FnSURoN1pteDBBRRAB,5,"Hotelnya nyaman, wangi, bersih n pegawainya ramah bgt❤ pokoke the best👏👏👏👏Kamar: 5Layanan: 5Lokasi: 5",hotel nyaman wangi bersih pegawai ramah banget pokoke,positif
ChZDSUhNMG9nS0VJQ0FnSUQtcDg2ck9REAE,5,"Hotel idaman di kota Jogyakarta..
Bikin betah tamu2 yang berkunjung ke sana..
Menu makanan  yummy..staf sangat profesional dalam melayani tamu..Kamar: 5Layanan: 5Lokasi: 5",hotel idam kota jogyakarta bikin betah tamu kunjung menu makan yummy staf profesional layan,positif
ChdDSUhNMG9nS0VJQ0FnSUNyZ0ozTnZnRRAB,5,"Hotel yg luar biasa pelayanannya super duber the bestJenis perjalananBisnisGrup perjalananKeluargaKamar: 5Layanan: 5Lokasi: 5Sorotan hotelMewah, Pemandangan yang indah, Tenang, Harga terbaik",hotel layan super duber mewah pandang indah tenang harga,positif
ChZDSUhNMG9nS0VJQ0FnSUNYanZIcEl3EAE,5,"nyaman banget, breakfast enak dong pasti :)Jenis perjalananLiburanGrup perjalananKeluargaKamar: 5Layanan: 5Lokasi: 5Sorotan hotelMewah, Tenang, Cocok untuk anak-anak",nyaman banget breakfast enak mewah tenang cocok,positif
ChZDSUhNMG9nS0VJQ0FnSURHd2Y3eUtREAE,5,"Hotel yg sangat mewah, pelayanannya juga bagus, staf jg sangat ramah...
Klo ke Yogya sy pasti kembali ke hotel ini lagi...",hotel mewah layan bagus staf ramah yogya,positif
ChZDSUhNMG9nS0VJQ0FnSUNzbEt5UEdnEAE,5,"great hotel! cocok buat yg berkantong tebal & emang punya budget untuk akomodasi.

suasana tenang walau pun di tengah kota.",great hotel cocok kantong tebal emang budget akomodasi suasana tenang kota,positif
ChZDSUhNMG9nS0VJQ0FnSUNPOWZDZ0FREAE,5,Hotelnya nyaman banget. Menu sarapannya juga banyak pilihannya mulai dari jamu sampe ice cream adaJenis perjalananLiburanKamar: 5Layanan: 5Lokasi: 4,hotel nyaman banget menu sarapan pilih jamu sampe cream,positif
ChdDSUhNMG9nS0VJQ0FnSUNFa29xUnZRRRAB,5,Kesana cuman jemput temen. Untuk hotelnya jelas nyaman bgt. Aroma rempah ketika kita masuk lobinya. Kalau untuk makanan belom nyobain sih,kesana jemput temen hotel nyaman banget aroma rempah masuk lobi makan nyobain,positif
ChZDSUhNMG9nS0VJQ0FnSUNJMWNldlRREAE,4,"Lokasi hotel berada di kota, tempat meetingnya juga bagus, musholanya luas dan bersih, makannya juga variatif macamnya dan enak.",lokasi hotel kota rapat bagus musholanya luas bersih makan variatif enak,positif
ChdDSUhNMG9nS0VJQ0FnSURwbmNqaTd3RRAB,5,Buat temen yg lagi berlibur Recommended banget tempat nya bagus bersih pelayanan nya manteppp ramah 👌👌👌Kamar: 5Layanan: 5Lokasi: 5,temen libur recommended banget bagus bersih layan mantep ramah,positif
ChdDSUhNMG9nS0VJQ0FnSUNDdWRYSXN3RRAB,5,"Bagus bersih nyaman.. valet free, parking luas dan pelayanan ramah.. cuma security nya harus lebih bijak lg.. terutama terhadap ojol",bagus bersih nyaman valet free parking luas layan ramah security bijak utama hadap ojol,positif
ChZDSUhNMG9nS0VJQ0FnSURSMk12OGV3EAE,5,Hotel termewah yg pernah saya datangi. Dgn lantai marmer alam yg sangat menawan. Bersih dari luar hingga dalamnya.Layanan: 5Lokasi: 5,hotel mewah lantai marmer alam tawan bersih,positif
ChdDSUhNMG9nS0VJQ0FnSURBMF8zbXRRRRAB,5,"Kamar nyaman ,fasilitas gym luar biasa ,breakfast jg luar biasa hanya agak ada penurunan di banding bbrp tahun lalu waktu hotel msh baru",kamar nyaman fasilitas breakfast turun banding hotel,positif
ChdDSUhNMG9nS0VJQ0FnSURSMDdlcXlBRRAB,5,"Sangat puas menginap di hotel ini. kebetulan saya menginap hanya 1 malam dan rasanya kurang. thanks Tentrem HotelJenis perjalananLiburanGrup perjalananKeluargaKamar: 5Layanan: 5Lokasi: 5Sorotan hotelCocok untuk anak-anak, Harga terbaik, Berteknologi tinggi",puas inap hotel malam thanks tentrem cocok harga teknologi,positif
ChZDSUhNMG9nS0VJQ0FnSURJNkkzcEx3EAE,5,"Fasilitas sudah tidak diragukan lagi super lengkap, petugasnya ramah, makanannya pun lezat,, ada harga ada rupa karena ini hotel bintang 5",fasilitas ragu super lengkap tugas ramah makan lezat harga rupa hotel bintang,positif
ChdDSUhNMG9nS0VJQ0FnSURZbkpuR2dBRRAB,5,"Tempatnya bagus, kemarin ke restaurant summer palace dan salah satu yang enak hidangan ikan ""malas"" yang hitungannya per berat ikan. Ada bisa lihat juga bentukan ikan ini di akuarium",bagus kemarin restaurant summer palace salah enak hidang ikan malas hitung berat lihat bentuk akuarium,positif
ChZDSUhNMG9nS0VJQ0FnSUNSazUtcUdREAE,5,"Hotel yg sangat megah, fasilitasnya paten, pelayanannya juga mantap, apalagi makanannya.Jenis perjalananLiburanGrup perjalananKeluargaKamar: 5Layanan: 5Lokasi: 5",hotel megah fasilitas paten layan mantap makan,positif
ChZDSUhNMG9nS0VJQ0FnSUNzcHJETVJBEAE,5,"Hotel kelas...pelayanan memuaskan. Top markotop lahhh
Lokasi tidak begitu jauh dari Malioboro.
Yessss pokoknyaJenis perjalananLiburanGrup perjalananKeluargaKamar: 5Layanan: 5Lokasi: 5KamarBagus bersihKeamananFull keamananSorotan hotelPemandangan yang indah, Romantis, Tenang, Cocok untuk anak-anak, Harga terbaik, Berteknologi tinggi",hotel kelas layan puas bagus markotop lokasi malioboro pokok kamar bersih full pandang indah romantis tenang cocok harga teknologi,positif
ChdDSUhNMG9nS0VJQ0FnSUNHbV9pQXp3RRAB,5,"Hotel bintang lima layak dinilai dengan bintang 5, kamarnya lega, segala kebutuhan tersedia di kamar. Menginap disini suasana hati Tentrem.",hotel bintang layak nilai kamar lega butuh sedia inap suasana hati tentrem,positif
ChdDSUhNMG9nS0VJQ0FnTUR3dTZ6emt3RRAB,5,Lokasi kejauhan yang benar di gang sebelum SMK Al ihlas Limbangan Losari Brebes,lokasi gang ihlas limbang losari brebes,positif
ChZDSUhNMG9nS0VJQ0FnSUN1OC0tRld3EAE,5,"Fasilitas sdh g di ragukan lagi, number one in daerah istimewa Yogjakarta...
The best service for mas Pedro dan mba Prisca...cepat tanggap n ramah...
Sukses selalu...Jenis perjalananLiburanKamar: 5Layanan: 5Lokasi: 5",fasilitas ragu number daerah istimewa yogjakarta service pedro prisca cepat tanggap ramah sukses,positif
ChZDSUhNMG9nS0VJQ0FnSUNJb1piY0xnEAE,5,"Breakfast Menu nya luar biasa. Lengkap dan maknyuss. Fasilitas utk anak sangat lengkap, ada kolam renang anak dan playground.",breakfast menu lengkap maknyuss fasilitas kolam renang playground,positif
ChdDSUhNMG9nS0VJQ0FnSUR1c2Z5THNnRRAB,5,salah satu hotel terbaik di Jogja dgn fasilitas lengkap dan pelayanan yg memuaskanKamar: 5Layanan: 5Lokasi: 5,salah hotel jogja fasilitas lengkap layan puas,positif
ChZDSUhNMG9nS0VJQ0FnSURtNGJfUWVREAE,5,"Tempatnya bersih dan nyaman, tempat parkir yg luas serta sistem keamanan yg modern memberikan pelayanan dan keamanan yg luar biasa",bersih nyaman parkir luas sistem modern layan,positif
ChZDSUhNMG9nS0VJQ0FnSURzcHFYTFZBEAE,3,"Ada 1 orang satpam nya yg judes parah , ditanyain baik baik masalah parkir lewat mana malah ngebentak , diluar itu pelayanan staff nya bagus , aroma khas hotel nya jadi nuansa tersendiri",orang satpam judes parah ditanyain parkir ngebentak layan staff bagus aroma khas hotel nuansa,netral
ChZDSUhNMG9nS0VJQ0FnSUNBMXZLWmNREAE,5,Hotelnya sangat bagus dan berkelas. Hotel untung orang2 kelas menengah atas. Pelayanannya sangat baik dan fasilitasnya sangat lengkap,hotel bagus kelas untung orang layan fasilitas lengkap,positif
ChdDSUhNMG9nS0VJQ0FnSURNN2FUcjhnRRAB,5,"Hotel modern yang tenang dan sangat nyaman untuk bersantai bersama keluarga.
Kamar maupun lobbynya luas banget.",hotel modern tenang nyaman santa keluarga kamar lobby luas banget,positif
ChZDSUhNMG9nS0VJQ0FnSUNaNGRtcUF3EAE,5,"Jauh jauh ke Yogyakarta ga nyesel nginep disini...tempatnya asik...tidurku nyaman banget... pelayanannya juga ok banget...

Next pasti akan nginep sini lagiiiKamar: 5Layanan: 5Lokasi: 5",yogyakarta nyesel nginep asik tidur nyaman banget layan next,positif
ChZDSUhNMG9nS0VJQ0FnSUNKdGZqeGFBEAE,4,"Untuk hotel sekelas Tentrem, valey mobil hrsny jadi fasilitas tamu, jgn berbayar 50 rb 😓😓😓Jenis perjalananLiburanGrup perjalananPasanganKamar: 4Layanan: 3Lokasi: 4Makanan & minumanWelcome drink, bs ditingkatkan dg ditambah snackSorotan hotelPemandangan yang indah, Tenang",hotel kelas tentrem valey mobil hrsny fasilitas tamu bayar minum tingkat snack pandang indah tenang,positif
ChdDSUhNMG9nS0VJQ0FnSURCb2ZibzVBRRAB,4,Hotel nyaman untuk acara meeting grup namun harga sewa kamar per harinya diatas rata2Jenis perjalananBisnisGrup perjalananTunggalKamar: 4Layanan: 4Lokasi: 4Sorotan hotelTenang,hotel nyaman acara meeting grup harga sewa kamar tenang,positif
ChZDSUhNMG9nS0VJQ0FnSURYcm9tOUJREAE,5,"Bagus,lengkap fasilitasnya, desain mewah,hadir kajian UHA",bagus lengkap fasilitas desain mewah hadir kaji,positif
ChdDSUhNMG9nS0VJQ0FnSURJMDVueXp3RRAB,5,Hotel uwaaw banget nih...nginep semalam disini kudu bawa uang bergepok2...tapi pelayanan dan fasilitas nya gak diragukan lagi..betah betaah,hotel uwaaw banget nginep malam kudu bawa uang gepok layan fasilitas ragu betah betaah,positif
ChZDSUhNMG9nS0VJQ0FnSURJejdLM2RBEAE,5,"ini kali ke2 kesini dan selalu suka sama aroma disetiap ruangan, wewangian jawa banget mirip aroma minuman bandrex 😍.  de best hotel lah 😍😍 …",kali kesini suka aroma ruang wewangian jawa banget minum bandrex hotel,positif
ChdDSUhNMG9nS0VJQ0FnSUNRX0phQzl3RRAB,5,"Gak di ragukan lagi yg mau destinasi yg blm mencoba coba dijamin nyaman aman pasti tentram, ya hotel kelas papan atas ,
Ya yg punya nya bos sido muncul ,ya prodak jamu2 tolak angin ,premennya pada dimunculin, orang pintar ya nginep di hotel tentrem aja. .. .
Ka anda bajet memadai cabaan tuh pasca dipakai Obama mantan presiden amerika",ragu destinasi coba jamin nyaman aman tentram hotel kelas papan sido muncul prodak jamu tolak angin premennya dimunculin orang pintar nginep tentrem bajet caba pasca pakai obama mantan presiden amerika,positif
ChdDSUhNMG9nS0VJQ0FnSUNSMGZ6M3dRRRAB,5,"Hotel bintang 5 yg oke banget pelayanannya bagus, kamarnya nyaman sekali",hotel bintang banget layan bagus kamar nyaman,positif
ChdDSUhNMG9nS0VJQ0FnSUM0aXNQYnd3RRAB,4,"Harga kamarnya memang mahal tapi fasilitas yg diberikan sesuai dengan harga yg dibayar, seperti Swimming poll, playground, duck king, indoor gym",harga kamar mahal fasilitas sesuai bayar swimming poll playground duck king indoor,positif
ChZDSUhNMG9nS0VJQ0FnSUNnMmFTUUZBEAE,5,"Salah satu hotel bintang 5 di jogja yang memberikan pelayanan terbaik dan fasilitas yang sangat lengkap dan memadai,sudah pasti memiliki makanan yang sangat nikmat",salah hotel bintang jogja layan fasilitas lengkap milik makan nikmat,positif
ChdDSUhNMG9nS0VJQ0FnSUNKdHBmSDZ3RRAB,5,"Kran shower copot ,minta perbaikan sampai 1/2 hari. Mengecewakan untuk pelayanan hotel bintang 5Jenis perjalananLiburanGrup perjalananKeluargaKamar: 3Layanan: 3Lokasi: 3KamarKamar mandi bermasalah",kran shower copot kecewa layan hotel bintang kamar mandi,positif
ChdDSUhNMG9nS0VJQ0FnSUNabksyRTNBRRAB,5,"Keren bett emang nih hotel
Ac dingin
Breakfast semuanya enak bgt
Puas pake bgt💖💖💖💖💖Jenis perjalananLiburanGrup perjalananKeluargaKamar: 5Layanan: 5Lokasi: 5KamarKamar besar dan bersih
Ok bgtMakanan & minumanSarapan nya banyak macam dan enak2 semua
Bubur ayam juara bgt👍👍👍Sorotan hotelTenang",keren bett emang hotel dingin breakfast enak banget puas pake kamar bersih sarapan bubur ayam juara tenang,positif
Ci9DQUlRQUNvZENodHljRjlvT25FMFdWUkJWVjk1Vm13MVNWWkJSVmRNY2xWeWRFRRAB,5,"Wangi parfum seraiJenis perjalananBisnisGrup perjalananTunggalKamar: 5Layanan: 5Lokasi: 5Sorotan hotelMewah, Tenang",wangi parfum serai mewah tenang,positif
ChdDSUhNMG9nS0VJQ0FnTUNnaWVqTDN3RRAB,5,Hotel nyaman dan makanan paling enakKamar: 5Layanan: 5Lokasi: 5,hotel nyaman makan enak,positif
ChZDSUhNMG9nS0VJQ0FnSUNBM0xPalRnEAE,5,"Tempat yang luar biasa, Barrack Obama dan orang² terkenal pernah tidur disini. Pengalaman berharga bisa mengikuti seminar di hotel ini.",barrack obama orang kenal tidur alam harga seminar hotel,positif
ChdDSUhNMG9nS0VJQ0FnSURCdG9yS213RRAB,5,Hotelnya nyaman banget... menu sarapannya enak... ada gym dan play ground...Jenis perjalananLiburanGrup perjalananKeluarga,hotel nyaman banget menu sarapan enak play ground,positif
ChZDSUhNMG9nS0VJQ0FnSUN3b05YVUpnEAE,3,"sedikit mengecewakan untuk tamu yang menggunakan kendaraan roda 2, parkirannya berada di luar area hotel, padahal biasanya hotel bintang 1 pun menyediakan parkir roda 2 di basement",kecewa tamu kendara roda parkir area hotel bintang sedia basement,netral
ChZDSUhNMG9nS0VJQ0FnSUNldHNqNlFBEAE,5,"Hotelnya bagus banget, makanannya rnak, lobbynya wangi dedaunan segar. Top banget ini hotel.",hotel bagus banget makan rnak lobby wangi dedaunan segar,positif
ChZDSUhNMG9nS0VJQ0FnSURnZ3N2ZWFREAE,5,"Ini salah satu hotel megah di Jogja. Belum pernah nginap di sana. Bisa dibayangin aja, kalau menginap rasanya pasti hatinya Tentrem, dompetnya aja yg mungkin nggak Tentrem, ha-ha-ha",salah hotel megah jogja nginap dibayangin inap hati tentrem dompet,positif
ChZDSUhNMG9nS0VJQ0FnSUR1dl9MVE1BEAE,5,"mewah , oke, makanan nya tapi agak kurang menurut saya. ya standard hotel la yang biasanya agak kurang.

selain itu oke..Jenis perjalananLiburanGrup perjalananKeluargaKamar: 5Layanan: 5Lokasi: 5",mewah makan standard hotel,positif
ChdDSUhNMG9nS0VJQ0FnSUNJM09qTHZnRRAB,3,"Tempat meeting luas, nyaman, kolam renang sangat bagus, ada playgroud untuk bermain anak, makanan cukup enak",meeting luas nyaman kolam renang bagus playgroud main makan enak,netral
ChZDSUhNMG9nS0VJQ0FnSUN3X2ZlOVp3EAE,5,"Kereeen banget hotel nya.. Di utara Tugu jogja..

Dr luar udah keliatan keren, pas masuk ke daleemm.. Lebih keren lagi.. Luassss.. Makanannya juga enak enakk.. Bisa kesini gara2 ikut acara Kaskus. Hahahahaha..",keren banget hotel utara tugu jogja udah liat masuk daleemm luas makan enak kesini acara kaskus hahahahaha,positif
Ci9DQUlRQUNvZENodHljRjlvT25WdGEyOUlhbU5GZGxCRWRrdFFPVXBEUVd0dVJIYxAB,5,Kamarnya cozy dan luasJenis perjalananLiburanGrup perjalananKeluargaKamar: 5Layanan: 5Lokasi: 5Sorotan hotelTenang,kamar cozy luas tenang,positif
ChZDSUhNMG9nS0VJQ0FnSUQ3a0p1SFRBEAE,5,"Hotel yg sangat bagus , kualitas oke ,Kamar: 5Layanan: 5",hotel bagus kualitas,positif
ChdDSUhNMG9nS0VJQ0FnSUN5cjgyMjBRRRAB,4,"Tempat bagus parkir luas, karena covid jdi ngga bsa ngulas bnyak hahahaha overall recommended buat skedar dinner dgan couple or untuk wedding",bagus parkir luas covid ngga ngulas hahahaha overall recommended skedar dinner dgan couple wedding,positif
ChdDSUhNMG9nS0VJQ0FnSUN3Z3AtSDBRRRAB,5,Best hotel di Yogya... pelayanannya luar biasa dan care sama tamu yg menginap. Harga di atas rata2,hotel yogya layan care tamu inap harga,positif
ChdDSUhNMG9nS0VJQ0FnSUNzMzhXSTdRRRAB,5,Hotel tentrem sangat bagus  lumayan mahal tapi nyaman bau lobby nya seperti jamu dan ada minuman jamu dan beras kencor saya suka minuman seperti itu,hotel tentrem bagus lumayan mahal nyaman lobby jamu minum beras kencor suka,positif
ChdDSUhNMG9nS0VJQ0FnSURwby15WG5nRRAB,5,"Tempatnya sangat bagus dan nyaman ....
Cocok buat liburan atau perjalanan bisnis
MantapJenis perjalananLiburanGrup perjalananKeluargaKamar: 5Layanan: 5Lokasi: 5Sorotan hotelHarga terbaik",bagus nyaman cocok libur jalan bisnis mantap harga,positif
ChZDSUhNMG9nS0VJQ0FnSUNrMW96YmRREAE,5,"Penginapan yg nyaman dr group sidomuncul, masuk loby tercium aroma terapi jamu. Kamarnya besar, so fancy.",inap nyaman group sidomuncul masuk loby cium aroma terapi jamu kamar fancy,positif
ChdDSUhNMG9nS0VJQ0FnSUNROXZtM3VnRRAB,4,"Pengalaman saya nginep disini oke banget, dari mulai pelayanan sampai kamarnya pun ssuai dengan budget yang kita keluarkan
Gak kecewa lah 😊 …",alam nginep banget layan kamar ssuai budget kecewa,positif
ChZDSUhNMG9nS0VJQ0FnSUNLb0s3alF3EAE,5,Best hotel in town... Interior full marmer dan kayu jati.. No wonder org² terkenal seperti Barrack Obama pernah nginap dsini,hotel town interior full marmer kayu jati wonder kenal barrack obama nginap dsini,positif
ChZDSUhNMG9nS0VJQ0FnSURnbG9iNkVBEAE,5,"Service bagus...
Menjalankan aturan sesuai dgn yg ditetapkan👍
Contoh sandal kamar tdk boleh dikenakan untuk ke restoran. …",service bagus jalan atur sesuai contoh sandal kamar kena restoran,positif
ChdDSUhNMG9nS0VJQ0FnSURvb01Qai1BRRAB,5,"Hotel mewah dengan pelayanan yang sangat sangat luar biasa. Hotel sangat bersih,  makanan semuanya enak banget.  Mobil boleh masuk ya,  untuk motor gak bisa hehe.",hotel mewah layan bersih makan enak banget mobil masuk motor,positif
ChdDSUhNMG9nS0VJQ0FnSURkdmItZnRBRRAB,4,"Dlu sring mkn mlm dsna mnu enak tmpt nyamn ,, buat ank"" juga nymn playnan mmuasknLayanan: 5Lokasi: 4",sring malam dsna enak tmpt nyamn nymn playnan mmuaskn,positif
ChZDSUhNMG9nS0VJQ0FnSUNtNkpiRUp3EAE,5,"semuanya perfecto, khususnya sarapan dan keramahan layanan, layanan hotel terbaik yg pernah saya singgahi.",perfecto khusus sarapan ramah layan hotel singgah,positif
ChZDSUhNMG9nS0VJQ0FnTUNvaEtIN1VBEAE,5,"Dateng ke restonya EBoni, masakan enak bgtKamar: 5Layanan: 5Lokasi: 5",dateng restonya eboni masak enak banget,positif
ChdDSUhNMG9nS0VJQ0FnSUNTMHBqVmxBRRAB,5,"Hotelnya bagus,bersih dan rapi..rekomended buat yg mau halan2 ke jogja dan nyari hotel berbintang",hotel bagus bersih rapi rekomended jogja nyari bintang,positif
ChdDSUhNMG9nS0VJQ0FnSURzNG96THJnRRAB,5,Staff hotel melayani dengan baik. Kamar luas dan bersih. Ruang rapat nyaman dan breakfast variatif dan enak,staff hotel layan kamar luas bersih ruang rapat nyaman breakfast variatif enak,positif
ChZDSUhNMG9nS0VJQ0FnSURwM18zV0dREAE,5,Hotel bintang lima yg sangat bagus bikin nyaman fasilitas lengkap harga terjangkauKamar: 5Layanan: 5Lokasi: 5,hotel bintang bagus bikin nyaman fasilitas lengkap harga jangkau,positif
ChZDSUhNMG9nS0VJQ0FnSUNnOEpEQkZ3EAE,5,"Hotel berbintang yang nyaman sekali, sarapan paginya uenak, makan siang apalagi, view kota yogyakarta dan gunung merapi, ecsotix",hotel bintang nyaman sarapan pagi uenak makan siang view kota yogyakarta gunung rapi ecsotix,positif
ChdDSUhNMG9nS0VJQ0FnSUNMN2ZiOGdBRRAB,5,"Hunian nyaman, ramah pelayanan, makanan lengkap, harga worth it dengan fasilitas yang adaJenis perjalananLiburanGrup perjalananKeluargaKamar: 5Layanan: 5Lokasi: 5KamarNyaman dan bersihSorotan hotelTenang",huni nyaman ramah layan makan lengkap harga worth fasilitas kamar bersih tenang,positif
ChdDSUhNMG9nS0VJQ0FnSURsdWZ6cGtnRRAB,5,"Menurut rumor yang beredar presiden Obama waktu main ke Jogja tidur disini. Mungkin karena dekat dengan kali code.Jenis perjalananLiburanGrup perjalananKeluargaKamar: 5Layanan: 5Lokasi: 5Aktivitas di sekitarDeket dengan tugu jogja dan kawasan malioboroMakanan & minumanUntuk sarapan tersedia menu khas Jogja seperti gudek yu djum dan song dji, ada juga soto kadipiro dan soto pak soleh. Yang katanya didatangkan langsung dari dapur aslinya.Sorotan hotelMewah, Cocok untuk anak-anak",rumor edar presiden obama main jogja tidur kali code deket tugu kawasan malioboro sarapan sedia menu khas gudek djum song soto kadipiro soleh langsung dapur asli mewah cocok,positif
ChdDSUhNMG9nS0VJQ0FnSUNPbllTNDh3RRAB,5,"Semuanya bintang lima mulai dari kamar, pelayanan, makanan minuman, sauna, kolam renang. Javanese hospitality nya bikin betah..Kamar: 5Layanan: 5",bintang kamar layan makan minum sauna kolam renang javanese hospitality bikin betah,positif
ChZDSUhNMG9nS0VJQ0FnSURPM2U2Vkh3EAE,5,Kamar luas nyaman. Fasilitas lengkap. Breakfast enak banyak pilihan menu. Sangat nyaman.Jenis perjalananLiburanGrup perjalananKeluargaKamar: 5Layanan: 5Lokasi: 5,kamar luas nyaman fasilitas lengkap breakfast enak pilih menu,positif
ChZDSUhNMG9nS0VJQ0FnSUN4bXRQeU5nEAE,5,Salah satu hotel yang bagus di Jogjakarta dengan keramahan semua staffnya. Nice hotel to stay.,salah hotel bagus jogjakarta ramah staff nice stay,positif
ChdDSUhNMG9nS0VJQ0FnSUR1cF9mMzRRRRAB,5,"Hotel yg bagus yg berada d lingkungan perkotaan
Nyaman
Parkir mudah n luasJenis perjalananLiburanGrup perjalananKeluargaKamar: 5Layanan: 5Lokasi: 5",hotel bagus lingkung kota nyaman parkir mudah luas,positif
ChZDSUhNMG9nS0VJQ0FnSURwd0tDZ1RnEAE,5,"Pelayanan nya sangat memuaskan, salut banget di lift ada kursi buat orang tua.Jenis perjalananBisnisGrup perjalananKeluargaKamar: 5Layanan: 5Lokasi: 5KamarExcellentKeamananSafety room dan akses kerenArea untuk berjalan kakiKerenMakanan & minumanJamu nya mantepSorotan hotelMewah",layan puas salut banget lift kursi orang kamar excellent safety room akses keren jamu mantep mewah,positif
ChZDSUhNMG9nS0VJQ0FnSUNJOGVxUEpBEAE,5,Tempat yang sangat bagus dan nyaman . Harga per kamar pun diatas 1jtan dr mulai grade paling rendah .,bagus nyaman harga kamar jtan grade rendah,positif
ChZDSUhNMG9nS0VJQ0FnSUN1dnFHbFhREAE,5,Hotel modern yang tetap memiliki unsur budaya yang cukup. Fasilitas dan pelayanan sangat baik.,hotel modern milik unsur budaya fasilitas layan,positif
ChZDSUhNMG9nS0VJQ0FnSURMX1ByNlV3EAE,5,"5 Star Experiences. Known as Hotel tempatnya Pak Jokowi kalo nginep di Jogja 😁Jenis perjalananBisnisGrup perjalananTemanKamar: 5Layanan: 5Lokasi: 5Sorotan hotelMewah, Pemandangan yang indah, Tenang",star experiences known hotel jokowi kalo nginep jogja mewah pandang indah tenang,positif
ChZDSUhNMG9nS0VJQ0FnSUNJbjlISExnEAE,5,"Bagus bgt hotelnya the best pkoknya..service, kamar, kolam renang,gym, sauna dll lengkap semua.",bagus banget hotel pkoknya service kamar kolam renang sauna lengkap,positif
ChdDSUhNMG9nS0VJQ0FnSURVeE16QzFRRRAB,4,"Hotel dengan kualitas kenyamanan, keramahan dan fasilitas yang oke...ditambah variasi pilihan makanan yg pas dilidah...T O P...",hotel kualitas nyaman ramah fasilitas variasi pilih makan lidah,positif
ChZDSUhNMG9nS0VJQ0FnSUNPbFpiV2VBEAE,5,"Luar biasa....pelayanan yg sangat maksimal
Tuk sarapan, banyak pilihan....dua jempol pokoknyaKamar: 5Layanan: 5Lokasi: 5",layan maksimal sarapan pilih jempol pokok,positif
ChdDSUhNMG9nS0VJQ0FnSUQ2OWVQMjdnRRAB,5,"Kamarnya luas, tempat gymnya bagus , jacuzzi pool nya juga bagus bangett.. sarapannya enakkk",kamar luas gymnya bagus jacuzzi banget sarapan enak,positif
ChZDSUhNMG9nS0VJQ0FnSURwdl9mUU5BEAE,5,"Hotelnya bagus, pelayanan baik dan fasilitas sangat nyaman....Grup perjalananTeman",hotel bagus layan fasilitas nyaman,positif
ChdDSUhNMG9nS0VJQ0FnSURnOXYyOGlRRRAB,4,hotelnya nyaman tpu sayang kamarnya mandinya kurang bersih skrg gak kaya dulu... cleaning service perlu ditingkatkan...,hotel nyaman sayang kamar mandi bersih skrg kaya cleaning service tingkat,positif
ChdDSUhNMG9nS0VJQ0FnSURBajV6ZC1nRRAB,5,"kamar yang luas, staff yang ramah, fasilitas lengkap, playgroundnya besar bgt cocok banget buat yang bawa anak anak! seruuu dan fun",kamar luas staff ramah fasilitas lengkap playgroundnya banget cocok bawa seru,positif
ChdDSUhNMG9nS0VJQ0FnSURZM2ZmaHVBRRAB,5,"Amazing place...bagus utk liburan keluarga sekaligus meeting corp, fasilitas yg sangat baik dan lengkap, makanan sangat baik",amazing place bagus libur keluarga meeting corp fasilitas lengkap makan,positif
Ci9DQUlRQUNvZENodHljRjlvT2s5Tk1VTmpjbFpIZW1NeE9UZFZNV3R0TlVGRlpYYxAB,5,Security disini sangat super ramah. saya hanya kurir laundry saja sangat dilayani layaknya tamu hotel. semoga selalu tetap menjaga performa pelayanannya dan semakin sukses 🙏Layanan: 5,security super ramah kurir laundry layan layak tamu hotel moga jaga performa sukses,positif
Ci9DQUlRQUNvZENodHljRjlvT2twQ1NXaDJORmh1VDA1SllucDVSV3RKVTJsNGVtYxAB,5,Kamarnya luas dan bersih. Servisnya sangat baik. Hoteliersnya ramah.Fasilitas gymnya lumayan lengkap. Kolam renang oke juga. Makanan juga enak.Kamar: 5Layanan: 5Lokasi: 5,kamar luas bersih servis hoteliersnya ramah fasilitas gymnya lumayan lengkap kolam renang makan enak,positif
Ci9DQUlRQUNvZENodHljRjlvT2psa1VqVTBjWHBmUlZoM05rVTBjRU5oWDFSSU4wRRAB,5,Hotel terbaik di jogjaKamar: 5Layanan: 5Lokasi: 5,hotel jogja,positif
Ci9DQUlRQUNvZENodHljRjlvT21WRlJVY3RSMDlMUnpKaGVrUjZhRmxvY1hFM2JYYxAB,5,"Hotel bintang lima mewah yang memadukan desain modern dengan sentuhan tradisional Jawa kental, menawarkan suasana privat, fasilitas lengkap (kolam renang, spa, Kids Club, restoran). Lokasinya strategis dekat Tugu dan Malioboro, namun tetap tenang, menjadikannya landmark prestisius dengan pelayanan istimewa, interior kaya seni Jawa (gamelan, lukisan, hiasan), serta identik dengan keluarga Sido Muncul pemiliknya, memberikan pengalaman ""Tentrem"" (damai) di jantung kota.Jenis perjalananBisnisGrup perjalananTemanKamar: 5Layanan: 5Lokasi: 5Sorotan hotelMewah, Pemandangan yang indah, Tenang",hotel bintang mewah madu desain modern sentuh tradisional jawa kental tawar suasana privat fasilitas lengkap kolam renang kids club restoran lokasi strategis tugu malioboro tenang landmark prestisius layan istimewa interior kaya seni gamelan lukis hias identik keluarga sido muncul milik alam tentrem damai jantung kota pandang indah,positif
Ci9DQUlRQUNvZENodHljRjlvT2tOU01tczJZMmR4VEZVMFduSk1jbXAyVG1adFMwRRAB,5,"Menginap 1 malam (Sabtu–Minggu) untuk urusan kerja.
Lokasi sangat strategis, mudah ke mana-mana. Kamar cukup luas, bersih, dan nyaman, sesuai standar hotel bintang lima.
Amenity lengkap dan tertata rapi. Sarapan sangat beragam, tersedia pilihan makanan tradisional Indonesia hingga menu internasional, dengan kualitas rasa yang cukup baik.
Sempat ada insiden barang tertinggal milik salah satu rombongan, namun pihak hotel sangat sigap menghubungi kami melalui WhatsApp. Barang dapat kami ambil kembali dengan mudah sebelum pulang ke Jakarta.
Pelayanan responsif dan profesional. Sangat direkomendasikan untuk keperluan kerja maupun liburan.Jenis perjalananBisnisGrup perjalananTemanKamar: 5Layanan: 5Lokasi: 5Sorotan hotelMewah, Pemandangan yang indah, Tenang, Cocok untuk anak-anak",inap malam sabtu minggu urus kerja lokasi strategis mudah kamar luas bersih nyaman sesuai standar hotel bintang amenity lengkap tata rapi sarapan ragam sedia pilih makan tradisional indonesia menu internasional kualitas insiden barang tinggal milik salah rombong sigap hubung whats ambil pulang jakarta layan responsif profesional rekomendasi libur mewah pandang indah tenang cocok,positif
Ci9DQUlRQUNvZENodHljRjlvT2pZMlQxUmhhelJNY1d4SFoxTmZURUoyVjNkdVVWRRAB,5,"Lokasinya strategis, dekat dengan berbagai tempat wisata. Meskipun waktu check-in normal adalah pukul 3 sore, kami diminta menunggu selama 20 menit lagi. Sepertinya kamar tidak kedap suara, kami terus mendengar suara seperti melompat-lompat dari tetangga yang berhenti setelah saya menghubungi resepsionis. Meskipun demikian, dekorasi dan makanannya enak.Grup perjalananTemanKamar: 4Layanan: 4Lokasi: 5Sorotan hotelMewah",lokasi strategis wisata check normal sore tunggu menit kamar kedap suara dengar lompat tetangga henti hubung resepsionis dekorasi makan enak mewah,positif
Ci9DQUlRQUNvZENodHljRjlvT2twa1RFaFhSa3hPVTIxT2RHd3hkSEJmUjBSbmMzYxAB,5,Kemewahan..Kamar: 5Layanan: 5Lokasi: 4,mewah,positif
Ci9DQUlRQUNvZENodHljRjlvT2pOYU4waHVSWGx3TVhOdWExcHVWamx4WDJneUxWRRAB,5,"Pengalaman menginap yang menyenangkan dan berkesan.
Mulai dari proses check in sampai dengan check out semua berjalan lancar tanpa kendala, disiapkan handuk dingin yang menenangkan lelah badan di perjalanan, minuman jamu yang enak dan menyegarkan sebagai welcome drink bahkan bisa dinikmati setiap hari.
Beruntung juga sempat menikmati fasilitas cocktail evening di lantai 8, disiapkan makanan kecil mulai dari kacang, kletikan, makanan ringan seperti mini dimsum, pizza, pasta, kue2 sampai dengan buah2 an segar. Juga disediakan berbagai minuman.
Pokoknya menyenangkan sekali pengalaman menginap di hotel ini.
Seluruh staff nya ramah dan helpful juga selalu menyapa dengan sopan.
Semoga semakin baik lagi, dan semoga bisa menginap lagi di kunjungan kami ke Jogja berikutnya.
Sehat2 semuamya...Jenis perjalananBisnisGrup perjalananPasanganKamar: 5Layanan: 5Lokasi: 5KamarKamarnya luas dengan penerangan cukup dan fasilitas komplit.Aktivitas di sekitarDi seberang hotel ada alfamart 24 jam. Dan lokasi nya cukup dekat dengan pusat kota.Makanan & minumanSemuanya enak dan variasinya banyakSorotan hotelMewah, Tenang, Cocok untuk anak-anak, Harga terbaik, Berteknologi tinggi",alam inap senang kesan proses check jalan lancar kendala handuk dingin tenang lelah badan minum jamu enak segar nikmat untung fasilitas cocktail evening lantai makan kacang kletikan ringan mini dimsum pizza pasta buah sedia pokok hotel staff ramah helpful sapa sopan moga kunjung jogja sehat semuamya kamar luas terang lengkap seberang alfamart lokasi pusat kota variasi mewah cocok harga teknologi,positif
ChdDSUhNMG9nS0VJQ0FnSUMyaHVtdDZnRRAB,5,direkomendasikanKamar: 5Layanan: 5Lokasi: 5,rekomendasi,positif
Ci9DQUlRQUNvZENodHljRjlvT2xKS1NIWklUR0pxY21wbE1HUmFaRmQyVlVOWFdXYxAB,5,"Lokasi strategis bgt Utara Tugu. Fasilitas lengkap (minus golf n mini zoo). Member favorit fitness/ gym n swimming pool cm 8jt/ th. Tinggal sewa PT n lanjut ke apa. Vallet utk tamu di charge 50rb. Menu Bfast komplit bgt, lbh komplit dr lunch/ dinner. Pelayanan bintang 4 krn ada 1 staf cewek d Resto yg krg ramah.. sorryJenis perjalananLiburanGrup perjalananTemanKamar: 5Layanan: 4Lokasi: 5KamarStandard bintang 5Aktivitas di sekitarKrn di pusat kota Yogya, lalu lintas sekitar hotel cukup crowdedKeamananStandard bintang 5Area untuk berjalan kakiBagusMakanan & minumanExcellentSorotan hotelMewah, Romantis, Tenang, Cocok untuk anak-anak",lokasi strategis banget utara tugu fasilitas lengkap minus golf mini member favorit fitness swimming tinggal sewa vallet tamu charge menu bfast lunch dinner layan bintang staf cewek resto ramah sorry kamar standard pusat kota yogya lintas hotel crowded bagus excellent mewah romantis tenang cocok,positif
ChZDSUhNMG9nS0VPV2Q2TDZqMnUzdGFnEAE,5,"Terapis sangat terampil, ramah, sopan, suasana nyaman tenang, bersih & selalu dengan wangi khasnya hotel tentrem wangi sereh.|Feel like home and always want 2 be back again and again.",terap terampil ramah sopan suasana nyaman tenang bersih wangi khas hotel tentrem sereh feel like home always want back again,positif
ChZDSUhNMG9nS0VJQ0FnSUNJLThpOEJnEAE,5,Salah satu hotel terbaik di YogyakartaKamar: 5Layanan: 5Lokasi: 5,salah hotel yogyakarta,positif
Ci9DQUlRQUNvZENodHljRjlvT2sxdGVESkRZak5OVkcxVWJGSm5WVWwzY1ZsTWJsRRAB,5,Mahal tapi nyaman,mahal nyaman,positif
ChdDSUhNMG9nS0VMM0Z5di1ZN29DWHRnRRAB,5,"Hotel Tentrem adalah salah satu hotel terbaik yang pernah saya kunjungi. Pengalaman di kolam renangnya juga selalu menyenangkan. Kolamnya terawat dengan baik, bersih, dan petugas kolam renang selalu berjaga sehingga memberikan rasa aman dan … Baca ulasan lainnya di Tripadvisor",hotel tentrem salah kunjung alam kolam renang senang awat bersih tugas jaga aman baca ulas tripadvisor,positif
Ci9DQUlRQUNvZENodHljRjlvT2pSRk0yaHJla05vWmpOTlRraEJTWFp2ZVhjNFJsRRAB,5,Homy..Kamar: 5Layanan: 5… Lainnya,homy,positif
ChdDSUhNMG9nS0VMclBqNzJjMG9pWHdRRRAB,5,"Pengalaman menginap yang luar biasa di hotel fantastis ini.|Fasilitasnya sangat bagus, dan area gym adalah fitur unggulan, dilengkapi sepenuhnya dengan semua yang Anda butuhkan untuk tetap bugar dan sehat. |Stafnya sangat ramah dan … Baca ulasan lainnya di Tripadvisor",alam inap hotel fantastis fasilitas bagus area fitur unggul lengkap sepenuh butuh bugar sehat staf ramah baca ulas tripadvisor,positif
Ci9DQUlRQUNvZENodHljRjlvT2xjM1RXcE5OVXRhVW05c1MwRXRWbXBIWjBkd1RHYxAB,5,"Hotel yang indah dan menawan tepat di jantung Yogyakarta, dengan makanan luar biasa di semua aspek — hidangan klasik Indonesia, masakan tradisional, Barat, Jepang, Cina, dan makanan penutup yang benar-benar enak. Menginap di hotel milik … Lainnya",hotel indah tawan jantung yogyakarta makan aspek hidang klasik indonesia masak tradisional barat jepang cina tutup enak inap milik,positif
ChZDSUhNMG9nS0VOTHczNWYzeWV5clVnEAE,5,"Stafnya sangat ramah dan membantu, benar-benar melampaui ekspektasi!||Kamar bersih dan nyaman dengan pemandangan yang sempurna. Terasa seperti rumah sendiri.||Terima kasih Mas Rama, Yudi, Ahmad",staf ramah bantu lampau ekspektasi kamar bersih nyaman pandang sempurna rumah terimakasih ahmad,positif
Ci9DQUlRQUNvZENodHljRjlvT2tKQldUbFlTV0l6YlZCNWRXRTVYMFZTYkRKV09YYxAB,5,MantaapppKamar: 5Layanan: … Lainnya,mantaap layan,positif
ChZDSUhNMG9nS0VJQ0FnSUNwNFl5elBREAE,5,👍 …Kamar: 5Layanan: 5… Lainnya,,positif
Ci9DQUlRQUNvZENodHljRjlvT25SMmNtRklha3BrVTJSbVFXZHNNeTB0U1dSMmJtYxAB,5,Hotel terbaik di Yogyakarta. Sarapannya luar biasa :),hotel yogyakarta sarapan,positif
ChdDSUhNMG9nS0VJbkdyc0Q4ZzdUaGxBRRAB,5,"Jacuzzi, sauna, minuman, dan makanannya sangat bagus. Pak Edris sebagai petugas sauna telah melayani saya dengan sangat baik. Saya harap saya dapat mengunjungi Tentrem lagi bersama keluarga saya.",jacuzzi sauna minum makan bagus edris tugas layan harap unjung tentrem keluarga,positif
Ci9DQUlRQUNvZENodHljRjlvT205UVNVNTFjRzFNTTJwUlRXZFNRM1Z1ZWtGTFIxRRAB,5,Hanya lewatJenis perjalananLiburan… Lainnya,,positif
Ci9DQUlRQUNvZENodHljRjlvT2tkVmRUWlFSVkZHVmxCdU1tTldlazFoUmxaNVJXYxAB,5,"Ramah anak, pilihan es krim unik yang dijual di toko rotinya.Jenis perjalanan… Lainnya",ramah pilih krim unik jual toko roti,positif
ChdDSUhNMG9nS0VPdlQ0ZlhZbVlTMDBBRRAB,5,"Kunjungan pertama saya ke Gaharu Spa & Fitness Center di Tentrem Yogyakarta sungguh menyenangkan. Saya mencoba perawatan creambath mereka, dan itu sangat menenangkan, suasananya nyaman, tenang, dan membuat saya langsung merasa nyaman. … Baca ulasan lainnya di Tripadvisor",kunjung gaharu fitness center tentrem yogyakarta sungguh senang coba awat creambath tenang suasana nyaman langsung baca ulas tripadvisor,positif
ChdDSUhNMG9nS0VJQ3ZrTnlabDlPZjBRRRAB,5,"Kami menikmati masa inap yang menyenangkan dan tidur yang sangat nyaman di Hotel Tentrrm Yogyakarta. Mereka memberi kami kue potong gratis dan dekorasi cermin untuk ulang tahun pernikahan saya. Mereka bahkan melakukan hal ekstra dengan meningkatkan kamar kami, sungguh menyenangkan! Kami pasti akan menginap di sana lagi.",nikmat inap senang tidur nyaman hotel tentrrm yogyakarta potong gratis dekorasi cermin ulang nikah laku ekstra tingkat kamar sungguh,positif
ChdDSUhNMG9nS0VNVHdpTU9mMU12TC1nRRAB,5,Pelayanan di MS.DEWIS sangat fantastis! Staf lainnya juga sangat ramah dan saya menikmati waktu yang menyenangkan. Saya senang karena ada beragam pilihan hidangan budaya untuk sarapan.,layan dewis fantastis staf ramah nikmat senang ragam pilih hidang budaya sarapan,positif
ChdDSUhNMG9nS0VNMmJnWXFNamNfUjlnRRAB,5,"Suasana dan atmosfer yang luar biasa... pengalaman yang hebat.... sangat menghargai pelayanan hangat dari Deni, Ahmad, dan Wisnu di kolam renang.",suasana atmosfer alam hebat harga layan hangat ahmad kolam renang,positif
ChdDSUhNMG9nS0VJU2VzUG5qeUpISDRBRRAB,5,"Hotel yang indah. Sangat ramah sejak saat petugas pintu menyambut kami, hingga meja resepsionis yang berdedikasi, dan berbagai teh herbal di lobi. Staf, terutama mereka yang berada di pusat bisnis tempat kami sarapan dan makan malam, sangat … Baca ulasan lainnya di Tripadvisor",hotel indah ramah tugas pintu sambut meja resepsionis dedikasi herbal lobi staf utama pusat bisnis sarapan makan malam baca ulas tripadvisor,positif
ChdDSUhNMG9nS0VNLXc2NEh2Z09EOTdBRRAB,5,"Penginapan yang menyenangkan, makanan yang enak, pengalaman yang luar biasa, staf yang ramah dan membantu, terutama Mas Deni & Mas Junar. | Terima kasih Tentrem Hotel.",inap senang makan enak alam staf ramah bantu utama junar terimakasih tentrem hotel,positif
Ci9DQUlRQUNvZENodHljRjlvT25oWFNFdHhRWFpTVFhsT1lsSk9VWHB3VDFZd1JXYxAB,5,👍🏼 …Jenis perjalananBisnis… Lainnya,,positif
Ci9DQUlRQUNvZENodHljRjlvT2tkSldHazNlRmxPVGxGTlNYTk1TVTkzTjBWWGVYYxAB,5,"Mewah, tapi bukan kemewahan yang wajib dimiliki. Hal terbaik dari tempat ini adalah mereka sempurna. Mereka sangat memperhatikan pengalaman Anda. Seperti instruksi penggunaan shower. Seperti kopi, seperti camilan kecil di kamar Anda. Pengalaman yang menyenangkan. Lainnya",mewah wajib milik sempurna perhati alam instruksi shower kopi camil kamar senang,positif
Ci9DQUlRQUNvZENodHljRjlvT2pZMGJIUldkMUoxTWxaRVdXaExhVFJMVXpJNGJVRRAB,5,"Hotel yang bagus, tapi perlu menu sarapan yang lebih baikJenis perjalanan… Lainnya",hotel bagus menu sarapan,positif
Ci9DQUlRQUNvZENodHljRjlvT25wMFpFYzVYMnQwU1d4VVNWUkpSR1p6UzFGRVJWRRAB,5,"Croissant yang lezat buatan Felicia Lie, Noell dan tim, terima kasih, renyah di gigitan pertama dan lembut di dalam, sangat lezat, saya memilih croissant polos dan kopi Toraja saya di akhir sarapan saya... Terima kasih Trentrem... Anda membuat hari saya menyenangkan Lainnya",croissant lezat felicia noell terimakasih renyah gigit lembut pilih polos kopi toraja sarapan trentrem senang,positif
Ci9DQUlRQUNvZENodHljRjlvT25sQ1EydFlkMnBPYkdVd1NGRlBSVU5CVFdkVFZuYxAB,5,"Fasilitas gym-nya lengkap, membuat sesi olahraga saya nyaman selama menginap. Area jacuzzi dan sauna-nya luas dan menawarkan pengalaman yang menyenangkan dan menenangkan. Mereka juga menyediakan minuman sambutan, yaitu jamu. Secara keseluruhan, hotel ini memberikan sentuhan hangat dan berkesan saat saya tiba. Lainnya",fasilitas lengkap sesi olahraga nyaman inap area jacuzzi sauna luas tawar alam senang tenang sedia minum sambut jamu hotel sentuh hangat kesan,positif
Ci9DQUlRQUNvZENodHljRjlvT2pOSFkxazFXRWRpVDBVd1RFUlBNRmRETVRRd2QwRRAB,5,Kuno tapi menawan. Makanannya enak. Kamarnya nyaman. Kolam renangnya fantastis.Jenis perjalanan… Lainnya,kuno tawan makan enak kamar nyaman kolam renang fantastis,positif
Ci9DQUlRQUNvZENodHljRjlvT25aTmJXdDNjekZ2TmpjellXNXJOSGRRTFRWRVltYxAB,5,Nganterin Undevided.Kamar: 5Layanan:… Lainnya,nganterin undevided layan,positif
ChdDSUhNMG9nS0VNUHlxWnFENnZYTmpBRRAB,5,"Fantastis, luar biasa, unik, dan pijatan dengan Idris adalah bagian terbaik dari masa menginap saya di hotel ini. Saya akan mengulanginya seribu kali. Terima kasih.",fantastis unik pijat inap hotel ulang ribu kali terimakasih,positif
Ci9DQUlRQUNvZENodHljRjlvT2s1T01FTmpNbVI0UVdoS1VUUTJORWgxTkRGUVgzYxAB,5,"Saya menginap di Hotel Tentrem Yogyakarta, dan sejujurnya, ini adalah salah satu pengalaman hotel terbaik yang pernah saya alami di Indonesia. Sejak pertama kali tiba, keramahannya luar biasa — stafnya hangat, sopan, dan penuh perhatian. … Lainnya",inap hotel tentrem yogyakarta jujur salah alam alami indonesia kali ramah staf hangat sopan penuh perhati,positif
Ci9DQUlRQUNvZENodHljRjlvT2xGelVERnhXbTFKUjFKemVFODFWMnQwVUZWV1RrRRAB,5,kamar yang nyamanJenis perjalananLiburan… Lainnya,kamar nyaman,positif
Ci9DQUlRQUNvZENodHljRjlvT21KWGNHaFpZVVF0TWpOaGVWQnpNMmM1Y25WMmJYYxAB,5,"Menginap di hotel ini sangat menyenangkan. Yang paling berkesan dari kunjungan saya adalah sop buntut bakar dari Kayumanis Cafe.
Kami merayakan ulang tahun Ibu di restorannya yang bernama Summer Palace. … Lainnya",inap hotel senang kesan kunjung buntut bakar kayumanis cafe raya ulang restoran nama summer palace,positif
Ci9DQUlRQUNvZENodHljRjlvT21KS2NtNXNVbVJ1Um1GcldYZFhaRk00UWpkTFJGRRAB,5,Hotelnya cantik banget dan wangi serai bikin kangen 😍❤️ …Sorotan hotelM… Lainnya,hotel cantik banget wangi serai bikin kangen,positif
Ci9DQUlRQUNvZENodHljRjlvT2tweWFGVlFkVXMwUVY5TVRtaENlRFZtUzNRdFVHYxAB,5,Terima kasih untuk momen btfl.....Kamar: 5… Lainnya,terimakasih momen btfl,positif
Ci9DQUlRQUNvZENodHljRjlvT25GZlVWbDBValJHVjFCdFlVTXlTbkJQTm10Q00zYxAB,5,"Ini pertama kalinya saya menginap di sini, dan yang mengejutkan, dari awal hingga hari terakhir, semuanya begitu berkesan dan fantastis! Semua staf terlatih dengan baik, ramah, dan sangat membantu. Lainnya",kali inap kejut kesan fantastis staf latih ramah bantu,positif
Ci9DQUlRQUNvZENodHljRjlvT2t0TmFua3dVMjFtTmtkQ1dFeFhOek51YmxGRlRsRRAB,5,Luar biasa👍 …Jenis perjalananBisnis… Lainnya,,positif
Ci9DQUlRQUNvZENodHljRjlvT2xkcFFrSlBZbmRGYTBocldtSnJXbVJaWkRad1ZHYxAB,4,sejuk dan nyamanKamar: 4Layanan:… Lainnya,sejuk nyaman layan,positif
Ci9DQUlRQUNvZENodHljRjlvT2xwUWIyeFFVRWRuT1VoWmNVTnZRaTFVZUcxQmVWRRAB,5,ballroomnya okLokasi: 5,ballroomnya,positif
Ci9DQUlRQUNvZENodHljRjlvT2s1YWRHaGthbmd0TjJGbFZqQlZOamxRWVZRMk1XYxAB,5,KerenJenis perjalananLiburan… Lainnya,keren,positif
Ci9DQUlRQUNvZENodHljRjlvT2pkNWFFOXJZbGR1WDJaUGVtRk5OVUkxZDNwU1kxRRAB,5,Hotel mewah sangat bagusJenis perjalananBisnis… Lainnya,hotel mewah bagus,positif
Ci9DQUlRQUNvZENodHljRjlvT2xWdlNrdHBhRWN0YlZoNlJrdDRZMlI2TjJGUGVtYxAB,5,Saya senang menginap di hotel ini. Wilson Sunarto memberikan pelayanan yang baik.Kamar: 5… Lainnya,senang inap hotel wilson sunarto layan,positif
Ci9DQUlRQUNvZENodHljRjlvT21Gc1JHSXdNbVp6U0d0M1NIWk9WVEpRZWpWb2RWRRAB,5,wow....spektakulerJenis perjalananLiburan… Lainnya,spektakuler,positif
Ci9DQUlRQUNvZENodHljRjlvT2kxTFVuRlJSR2hmWjNocVVVRlBVR0pmU1dsYVptYxAB,5,"Pengalaman menginap yang benar-benar menyenangkan! Pelayanannya luar biasa, terutama dari Ibu Anggi, sang manajer, yang sangat baik dan sangat membantu. Tim resepsionis juga sangat ramah dan penuh perhatian, yang membuat pengalaman menginap … Lainnya",alam inap senang layan utama anggi sang manajer bantu resepsionis ramah penuh perhati,positif
Ci9DQUlRQUNvZENodHljRjlvT2pOdk1GSXdWMHd6V0RGUFRqZGtlVzE1YVhKNk9WRRAB,5,Staff nya ramah,staff ramah,positif
Ci9DQUlRQUNvZENodHljRjlvT2xFeWFsVXpUamw0T1RKME5XWXRVa1I2ZVVGSVozYxAB,5,Hotel yang bagus!Jenis perjalananLiburan… Lainnya,hotel bagus,positif
Ci9DQUlRQUNvZENodHljRjlvT2pkYWRWaHBhekIyU1ZvNU4yZE1Ta0pCY2xwdlJYYxAB,5,"Ini adalah hotel yang sangat bagus, semuanya seperti yang Anda harapkan untuk harganya .... tidak ada pepaya saat sarapan, salah satu dari kelompok kami sangat menyukai pepaya dan selama sisa perjalanan sangat berisik tentang ini Lainnya",hotel bagus harap harga pepaya sarapan salah kelompok suka sisa jalan berisik,positif
Ci9DQUlRQUNvZENodHljRjlvT2s1TlZUaHVNWGxmY1V4VFQxWlJSbnBwVDJGNmFrRRAB,5,"Kami beruntung bisa menginap di hotel fantastis ini selama empat malam di bulan September 2025. Saya hanya bisa menemukan satu kata untuk menggambarkannya: ""luar biasa."" Stafnya, tanpa terkecuali, sangat ramah. Jika saya harus menyebutkan … Lainnya",untung inap hotel fantastis malam september temu gambar staf kecuali ramah,positif
ChdDSUhNMG9nS0VJQ0FnSURna0l5LWtRRRAB,5,☝️👍🫰 …Kamar: 5Layanan: 5… Lainnya,,positif
Ci9DQUlRQUNvZENodHljRjlvT2tWTFMzTklhREo2TVRaWWVtWlJkRWc0VUZGV1dIYxAB,5,Bagus sekaliJenis perjalananLiburan… Lainnya,bagus,positif
Ci9DQUlRQUNvZENodHljRjlvT21KQ01tOUtOVGQ2Y21SSFJtSkdMVTluYTBWVFlrRRAB,5,"Saya suka tempat ini karena selalu membawa hal-hal baik. Kenangan indah untuk saya, keluarga, dan almarhum suami saya. Lainnya",suka bawa kenang indah keluarga almarhum suami,positif
ChdDSUhNMG9nS0VJQ0FnSUNMdkpLSThRRRAB,5,stabilKamar: 5Layanan: 5… Lainnya,stabil,positif
Ci9DQUlRQUNvZENodHljRjlvT21vNFdGRXpia1ZXZUZKQk9XSXdVRmRwVFVSU04zYxAB,5,"Saya sudah beberapa kali menginap di Tentrem Yogyakarta,
dan selalu memberikan pengalaman terbaik bagi saya. … Lainnya",kali inap tentrem yogyakarta alam,positif
ChZDSUhNMG9nS0VJQ0FnSUN3eXFDamZ3EAE,5,Hotel dengan pengalaman hidup terbaikKamar: 5… Lainnya,hotel alam hidup,positif
Ci9DQUlRQUNvZENodHljRjlvT2pSUFRqVlpjblpxTFY4dGNVbDNXbmN5WVVOTlFVRRAB,1,Petugas keamanannya cerewet.Lokasi: 1,tugas aman cerewet,negatif
Ci9DQUlRQUNvZENodHljRjlvT25RdE5XTkJla0pZTTJGVWFtNVpTM0UxUzFoUlFtYxAB,5,Sangat nyamanKamar: 5Layanan:… Lainnya,nyaman layan,positif
ChdDSUhNMG9nS0VJQ0FnSURGMzZMQjRnRRAB,5,"Siapa yang tidak kenal Hotel Tentrem? Hotel ini salah satu hotel mewah paling ikonis di Yogyakarta. Saya sudah beberapa kali mencoba paket buka puasa mereka, dan selalu memuaskan—presentasinya yang cantik, variasinya yang lezat, dan … Lainnya",kenal hotel tentrem salah mewah ikonis yogyakarta kali coba paket buka puasa puas presentasi cantik variasi lezat,positif
Ci9DQUlRQUNvZENodHljRjlvT2t0M0xVaEdhbEZxVVU1aFRFTnlXVTB0VTFSaWNGRRAB,5,"⭐️⭐️⭐️⭐️⭐️ Pelayanan
⭐️⭐️⭐️⭐️⭐️ Kamar dan fasilitas
⭐️⭐️⭐️⭐️⭐️ Makanan
⭐️⭐️⭐️⭐️⭐️ KenyamananJenis pe… Lainnya",layan kamar fasilitas makan nyaman jenis,positif
Ci9DQUlRQUNvZENodHljRjlvT21KQ2FUZzVlak53YVVaMFpHbEtlbmxrV1dSR09HYxAB,5,Lumayan,lumayan,positif
Ci9DQUlRQUNvZENodHljRjlvT25aVGNuUmFRamRMZDFVMlZtbFZTMGRtYVdGUlUxRRAB,5,pelayanan bagus n tidak mengecewakan,layan bagus kecewa,positif
ChZDSUhNMG9nS0VMWEhtWlR1cUl2c0tREAE,5,"Hotel yang luar biasa. Aroma serai langsung menyambut Anda begitu masuk, dan petugas concierge membukakan pintu, menyambut Anda ke lobi yang indah, luas, terang, dan penuh warna. Mewah namun tidak norak, dengan perlengkapan mandi dan … Baca ulasan lainnya di Tripadvisor",hotel aroma serai langsung sambut masuk tugas concierge buka pintu lobi indah luas terang penuh warna mewah norak lengkap mandi baca ulas tripadvisor,positif
Ci9DQUlRQUNvZENodHljRjlvT2xsRVgzaERNbVExUjNGa1psWjFNRmhLUTA5TVdsRRAB,5,Selalu menyenangkanJenis perjalananBisnis… Lainnya,senang,positif
Ci9DQUlRQUNvZENodHljRjlvT2tGU2NYbFNaRUl3YlRKc1dGSlJOVll4WW1kTU5HYxAB,5,Kamarnya luas dan pelayanannya luar biasa. Lokasinya juga langsung ke Tugu dan banyak tempat wisata budaya yang bisa dikunjungi! Lainnya,kamar luas layan lokasi langsung tugu wisata budaya kunjung,positif
Ci9DQUlRQUNvZENodHljRjlvT2xBMVVYSlRObVZXTld0WFlrWTNlbVE1UmpjMmNWRRAB,5,"Hotel yang luar biasa, orang-orangnya baik dan ramah.Kamar: 5… Lainnya",hotel orang ramah,positif
Ci9DQUlRQUNvZENodHljRjlvT2tabE9EWldjRVJHYzBOVU9FVnBRbEZyU1dKWFJHYxAB,5,DEJAVUJenis perjalananLiburan… Lainnya,dejavujenis jalan libur,positif
Ci9DQUlRQUNvZENodHljRjlvT25WUGNGWlhjblYwYUU0NFRURlBhbFEyV1dSUVVFRRAB,5,"Bulan lalu, kami menginap selama seminggu dan rasanya ingin sekali pulang. Kami merasakan keramahan terbaik di Hotel Tentrem. Stafnya sangat ramah dan menyambut. Kami suka kamar dengan balkon. Hotelnya indah dan wanginya luar biasa. … Lainnya",inap minggu pulang ramah hotel tentrem staf sambut suka kamar balkon indah wangi,positif
Ci9DQUlRQUNvZENodHljRjlvT20xSFJsaGZMVTFCUkVsa09ERlhkazB3ZDBOS1dFRRAB,5,Bertemu teman di lounge Tentrem. Suasananya luar biasa berkat band-nya - musisi-musisi hebat yang memainkan berbagai lagu populer Indonesia dan Inggris. Menu barnya juga luar biasa! Lainnya,temu teman lounge tentrem suasana berkat band musisi hebat main lagu populer indonesia inggris menu,positif
Ci9DQUlRQUNvZENodHljRjlvT21aV1ltY3hMVUZyUzB0M2IwRm5XR2xzTjB4blRrRRAB,2,"Kami tahu kami tidak punya banyak pilihan di kota ini. Hotel-hotelnya umumnya sangat tua, stafnya sopan tetapi tidak profesional, dan makanannya terlalu asin atau terlalu manis. Lainnya",pilih kota hotel staf sopan profesional makan asin manis,negatif
Ci9DQUlRQUNvZENodHljRjlvT2tOVk0wVnRXa0paZEdsNWEwdzJNRlpJVWxNeWFGRRAB,5,"TENTREM bagaikan Istana 🤩
Dari langkah pertama, keajaiban terjadi. Aroma manis hotel legendaris ini membuat Anda bermimpi. … Lainnya",tentrem istana langkah ajaib aroma manis hotel legendaris mimpi,positif
Ci9DQUlRQUNvZENodHljRjlvT21weFVXOVdORTlPU0dGNWVYUkxXREE0YTNab1RuYxAB,5,Mantaaap jiwaKamar: 5Layanan:… Lainnya,mantap jiwa layan,positif
Ci9DQUlRQUNvZENodHljRjlvT2xOSmQyRmZRMDU0WDBoWll6WnZabEpVYmtoWlEzYxAB,5,"⭐⭐⭐⭐⭐ Ulasan Tata Graha untuk Tentrem Hotel Yogya
Kami baru-baru ini menginap di sana, dan kami sangat terkesan dengan layanan tata graha mereka. Kamarnya bersih tanpa noda saat tiba—lantainya bersih, seprainya … Lainnya",ulas tata graha tentrem hotel yogya inap layan kamar bersih noda lantai seprai,positif
Ci9DQUlRQUNvZENodHljRjlvT21wU1lXRnVVa0prTlROamNFcGFaakpIZVhaTVRFRRAB,5,"Ini adalah hotel yang indah, ramah, dan nyaman untuk 5 hari kami di Yogyakarta - kamarnya luas, tertata apik, dan terdapat balkon berukuran bagus. … Lainnya",hotel indah ramah nyaman yogyakarta kamar luas tata apik balkon ukur bagus,positif
Ci9DQUlRQUNvZENodHljRjlvT2pCa1lqaGpMWEZvWlROVlVHUnVjVU51UVdVMVRtYxAB,5,"Hotel yang bagus, pelayanan yang baik dan staf yang ramahJenis perjalanan… Lainnya",hotel bagus layan staf ramah,positif
Ci9DQUlRQUNvZENodHljRjlvT2paeFMyZGhiVzAyYUVOblREZDFZVEZNZGpNek5uYxAB,5,Hotel bintang lima di Yogyakarta. Ramah keluarga.Jenis perjalananLibur… Lainnya,hotel bintang yogyakarta ramah keluarga,positif
Ci9DQUlRQUNvZENodHljRjlvT205eWMySm9SWGxFWTBaQ1FVaDBkRTltTURsM0xXYxAB,3,Hotelnya sudah cukup tua dan banyak yang sudah tidak berfungsi dengan baik. Saya rasa sudah waktunya renovasi besar-besaran. Lainnya,hotel fungsi renovasi,netral
Ci9DQUlRQUNvZENodHljRjlvT2tadU9UbE1jWFpyY0dwNmMwVmFXQzFhTURNdGVFRRAB,4,"Hotel ini sangat besar dan memancarkan nuansa mewah. Stafnya sangat ramah dan fasilitasnya pun lengkap. Namun, untuk hotel sebesar ini, agak mengecewakan karena TV-nya tidak bisa digunakan untuk streaming konten. Saya ingin sekali menonton … Lainnya",hotel pancar nuansa mewah staf ramah fasilitas lengkap kecewa streaming konten tonton,positif
ChdDSUhNMG9nS0VPT00yNWJFaUpyanV3RRAB,5,"Hotel yang tertata rapi dan lengkap. Arsitektur yang indah baik di dalam maupun di luar. Staf ramah dan kamar luas serta nyaman. Sarapannya enak, dan toiletnya bersih di seluruh hotel. Kamar-kamar hotel terawat dengan baik. Keinginan Anda … Baca ulasan lainnya di Tripadvisor",hotel tata rapi lengkap arsitektur indah staf ramah kamar luas nyaman sarapan enak toilet bersih awat baca ulas tripadvisor,positif
Ci9DQUlRQUNvZENodHljRjlvT2tKSGVHVmhWVmRzVUd3MlVXWnlVWGQ2WjBoRGVWRRAB,4,"Kami menginap semalam di Hotel Tentrem Yogyakarta dan sangat menikmati waktu kami. Kamarnya luas, bersih, dan terawat dengan baik — persis seperti yang Anda inginkan saat ingin bersantai dengan nyaman. … Lainnya",inap malam hotel tentrem yogyakarta nikmat kamar luas bersih awat persis santa nyaman,positif
ChdDSUhNMG9nS0VJX2tndWpBdC1MczRRRRAB,5,Bagus sekali dan puas sekali,bagus puas,positif
Ci9DQUlRQUNvZENodHljRjlvT21wTE5EUndSVGRSWldOSllXWjNSRU0zVVMxM1dWRRAB,5,Hotel yang bagus 👍 …Jenis perjalananBisnis… Lainnya,hotel bagus,positif
ChZDSUhNMG9nS0VLQzdzNG13OXNTekRnEAE,5,Bagus bagus bagus,bagus,positif
Ci9DQUlRQUNvZENodHljRjlvT2pRd01EbERhbFJwZDBKeE4xYzVVbTVJWjNkaGJWRRAB,5,"Tentrem Hotel Yogyakarta menawarkan pengalaman yang benar-benar unik dan mewah, berakar kuat pada budaya dan keramahtamahan Jawa. Desain hotel ini memadukan estetika tradisional dengan kenyamanan modern, menciptakan suasana yang megah … Lainnya",tentrem hotel yogyakarta tawar alam unik mewah akar kuat budaya keramahtamahan jawa desain madu estetika tradisional nyaman modern cipta suasana megah,positif
Ci9DQUlRQUNvZENodHljRjlvT21SbllVbEhVa3BxWlVFM1RqQjJjM0JDTVRGVVduYxAB,5,Hotel yang luar biasa dengan pemandangan yang indah. Saya sangat merekomendasikannya. Ukuran kamarnya sangat besar dan bersih. Keramahannya luar biasa. Lainnya,hotel pandang indah rekomendasi ukur kamar bersih ramah,positif
ChZDSUhNMG9nS0VJQ0FnSUNHdmFtVkNBEAE,5,Hotrlnya nyamanKamar: 5Layanan:… Lainnya,hotrlnya nyaman layan,positif
ChdDSUhNMG9nS0VPdnYwcVNoM3FlbXVBRRAB,5,Salah satu hotel mewah di Jogja. Pengalaman yang luar biasa.,salah hotel mewah jogja alam,positif
Ci9DQUlRQUNvZENodHljRjlvT2pobFR6bHFjalp5WjFsbFh6Z3RkSGg0WnpSMFprRRAB,5,Kedudukan tertinggiGrup perjalananTeman… Lainnya,duduk,positif
Ci9DQUlRQUNvZENodHljRjlvT21WaWJHazRZbGRMY2xwS2NWWnRha1k0ZW5ObVMwRRAB,5,Salah satu hotel bintang lima di kota iniJenis perjalananLiburan… Lainnya,salah hotel bintang kota,positif
Ci9DQUlRQUNvZENodHljRjlvT2tGM1YzbEljbVIyZEZkV1RteHpXbFJ5UlRac1RuYxAB,1,"Pengalaman hotel terburuk yang pernah kami alami, dan sayangnya ini adalah bulan madu kami.
Kami memesan dan membayar di muka untuk menginap tiga hari melalui Booking.com. … Lainnya",alam hotel buruk alami sayang madu bayar muka inap booking,negatif
Ci9DQUlRQUNvZENodHljRjlvT201UGFtWjFOVk5mUjNoNGVGUnRha0ZTYm1VeVRsRRAB,5,Saya menikmati waktu yang paling santai dan nyaman di sini beberapa hari terakhir ini. Sangat menikmatinya^^ Lainnya,nikmat santai nyaman,positif
Ci9DQUlRQUNvZENodHljRjlvT2tSRk9EbFJSV1oyY0dzM2ExWjRXamR5ZG5OMWRFRRAB,4,"Pengering rambut yang terpasang di dalam laci sangat merepotkan & tidak cukup kuat untuk mengeringkan rambut panjang saya. Para wanita, jika Anda berambut panjang, bawalah pengering rambut dan cermin Anda sendiri. Jika Anda ingin merias … Lainnya",ering rambut pasang laci repot kuat wanita bawa cermin rias,positif
Ci9DQUlRQUNvZENodHljRjlvT21Vd05teElNWEZQZDB3M1RYTlRTamN4ZVZKNE4zYxAB,5,BagusKamar: 5Layanan: 5… Lainnya,bagus,positif
Ci9DQUlRQUNvZENodHljRjlvT21sQk1XRmxhR1pJWDJsQlNHdDVNVWxTUlVWdlRVRRAB,5,"Hotel yang bagus di Yogyakarta.
Luar biasa dan sangat ramah. Keramahan khas Indonesia yang terbaik.
Kamarnya luas, sangat bersih, dan berada di pusat kota. Kolam renang luar … Lainnya",hotel bagus yogyakarta ramah khas indonesia kamar luas bersih pusat kota kolam renang,positif
Ci9DQUlRQUNvZENodHljRjlvT21KSGREaFNaR3AxYTJjNFJXOTVVR1p4TUZacE1tYxAB,5,Selamat datangKamar: 5Layanan:… Lainnya,selamat layan,positif
ChdDSUhNMG9nS0VKaS12ZWE0OV96LTlRRRAB,5,"Salah satu hotel terbaik di Jogja. Suasananya sangat Jawa, jika Anda ingin merasakan nuansa lokal, Anda akan menyukainya. Pelayanannya luar biasa. Stafnya ramah. Kamarnya sangat besar dan nyaman.",salah hotel jogja suasana jawa nuansa lokal suka layan staf ramah kamar nyaman,positif
ChdDSUhNMG9nS0VJQ0FnSURVZ1pTeXhBRRAB,5,Sangat damai.Kamar: 5Layanan:… Lainnya,damai layan,positif
Ci9DQUlRQUNvZENodHljRjlvT25ZeFoycGZSVWxIUVRsSVJqRXdUa1JoVHpKdllXYxAB,5,"Sejak tiba, kami terkesan dengan keramahan dan profesionalisme staf yang hangat. Kamar-kamarnya luas, dirancang dengan indah, dan memancarkan nuansa tenang dan mewah. Makanannya lezat, dengan beragam pilihan lezat yang sesuai dengan selera … Lainnya",ramah profesionalisme staf hangat kamar luas rancang indah pancar nuansa tenang mewah makan lezat ragam pilih sesuai selera,positif
Ci9DQUlRQUNvZENodHljRjlvT25wemJqTk1abVoxT1Y4NVdYZEtNV0ZwYUd0SFVIYxAB,5,Hotel dengan kamar mewah dan pusat kebugaran. Wajib banget menginap di sini kalau ke Yogyakarta.Kamar:… Lainnya,hotel kamar mewah pusat bugar wajib banget inap yogyakarta,positif
Ci9DQUlRQUNvZENodHljRjlvT2xSRFFVazRZM0U1YmtoQllVOVhSMjlWWmtKWE1sRRAB,5,terbaikkkkkkkKamar: 5Layanan:… Lainnya,layan,positif
Ci9DQUlRQUNvZENodHljRjlvT2xFeU0xVXphVkpCZG1GbWRrdHVjbms1WDJabVVXYxAB,5,"Hotel yang bagus dengan pelayanan yang baik dan kamar yang luas
Lokasi yang strategis
Saya akan kembali lagi segera Lainnya",hotel bagus layan kamar luas lokasi strategis,positif
Ci9DQUlRQUNvZENodHljRjlvT2tabFlteGtkRzlYZVV0eGJERXpiMDExVlU1VVRrRRAB,5,Nyaman,nyaman,positif
Ci9DQUlRQUNvZENodHljRjlvT25kUlNVc3hWblZ4TUZSSFkwdHhjVWc0YW1kR1NHYxAB,5,"Saya sangat suka hotel ini, karena memiliki SPKLU DC Charging🙏 …Jenis perjalanan… Lainnya",suka hotel milik spklu charging,positif
Ci9DQUlRQUNvZENodHljRjlvT205Q1MyZDJNbGhqWmtaTVdVZDFlbEIxWTNwTFYxRRAB,5,Ramah untuk keluargaJenis perjalananLiburan… Lainnya,ramah keluarga,positif
Ci9DQUlRQUNvZENodHljRjlvT2xrMk1reENSekJRTjJWbU5HMXVORzk0TXpac1VVRRAB,5,MewahKamar: 5Layanan: 5… Lainnya,mewah,positif
Ci9DQUlRQUNvZENodHljRjlvT200dGFsVmlZbXRPVUZJM2VWOHRjVzlzUW1obFJuYxAB,5,"Terima kasih HTY. Lumayan, lumayan, kamarnya juga cukup bagus dan nyamanJenis perjalanan… Lainnya",terimakasih lumayan kamar bagus nyaman,positif
Ci9DQUlRQUNvZENodHljRjlvT21samNXbHliVUZKVlRaaWIyZDVaa1YzUVZSdmRuYxAB,5,NyamanKamar: 5Layanan: 5… Lainnya,nyaman,positif
ChdDSUhNMG9nS0VJQ0FnSURUNDdhMnB3RRAB,5,"Staf sangat membantu, sarapan dan pelayanannya bagusKamar: 5… Lainnya",staf bantu sarapan layan bagus,positif
Ci9DQUlRQUNvZENodHljRjlvT2xKT00wUkJaRzVRTWw5aFMyWkphamxmWkhGcmVXYxAB,5,"Pelayanan terbaik!
Semua staf ramah dan membantu 🧡 Makanannya lezat 👌🏻 …Jenis perjalanan… Lainnya",layan staf ramah bantu makan lezat,positif
Ci9DQUlRQUNvZENodHljRjlvT2tNdGRVUjRjekpoWjE5ZlkxODNNV0p1VnpGaFJGRRAB,5,Hotel mewah terbaik di Yogyakarta. Akan selalu menjadi hotel pilihan saya untuk kota yang kaya ini.Kamar:… Lainnya,hotel mewah yogyakarta pilih kota kaya kamar,positif
Ci9DQUlRQUNvZENodHljRjlvT21wNlVHaHJYMHhpTm14blF6Wk1RMW81YVRCV1RXYxAB,5,bagus nyamanJenis perjalananLiburan… Lainnya,bagus nyaman,positif
ChdDSUhNMG9nS0VNWEJwTGZGdDdycnZBRRAB,5,Sejauh ini hotelnya sangat bagus dan kami semua menikmatinya.,hotel bagus nikmat,positif
Ci9DQUlRQUNvZENodHljRjlvT25SVFRXdHJTVXh1TWxwTE5Wa3piR1pqT1RabVEwRRAB,5,Tempat yang bagus untuk menginap dan menyegarkanJenis perjalananLibura… Lainnya,bagus inap segar,positif
ChdDSUhNMG9nS0VNTHNwSU84M1BlTl93RRAB,5,"Hotel terbaik di Yogyakarta, sarapan prasmanan yang luar biasa + staf yang luar biasa. Pasti akan merekomendasikannya.",hotel yogyakarta sarapan prasmanan staf rekomendasi,positif
Ci9DQUlRQUNvZENodHljRjlvT21sSVowWlNYM1JyVlhwa1ptUTBWSFJRTjIxVWRXYxAB,5,"Saya ingin kembali lagi. Menginap di sini adalah liburan terbaik yang pernah ada. Semua stafnya profesional, hangat, dan ramah. Lainnya",inap libur staf profesional hangat ramah,positif
Ci9DQUlRQUNvZENodHljRjlvT2paaU5tZEpiVUpxUmtkaVIwTk5XVmN3VURseFVFRRAB,5,Salah satu hotel terbaik di Yogyakarta ❤️❤️Jenis perjalananLiburan… Lainnya,salah hotel yogyakarta,positif
ChZDSUhNMG9nS0VJT25nZENXcVA2MlNnEAE,5,"Hotel ini secara keseluruhan merupakan pilihan yang sangat baik. Sejak Anda masuk, Anda disambut oleh layanan yang hangat dan profesional. Stafnya ramah dan sopan, dan proses check-in cepat dan efisien, membuat Anda merasa aman dan rileks. … Baca ulasan lainnya di Trip.com",hotel rupa pilih masuk sambut layan hangat profesional staf ramah sopan proses check cepat efisien aman rileks baca ulas trip,positif
ChdDSUhNMG9nS0VJZlJ1dm5oazQ2NzNnRRAB,5,"Tempat yang indah. Rasanya seperti tiba di oasis setelah perjalanan kereta api melintasi Indonesia. Hotelnya cukup besar dan sangat bagus, dan kamarnya luas serta sangat memadai. Sarapannya sangat bervariasi dengan berbagai pilihan makanan … Baca ulasan lainnya di Tripadvisor",indah oasis jalan kereta lintas indonesia hotel bagus kamar luas sarapan variasi pilih makan baca ulas tripadvisor,positif
ChdDSUhNMG9nS0VJN3IycEtMaEtuQmx3RRAB,5,"Hotel ini adalah salah satu hotel terbaik di Yogyakarta. Kamarnya luas, stafnya selalu membantu dan ramah. Sarapannya enak dan pusat kebugarannya fantastis. Saya menikmati menginap di sini dan akan kembali lagi.",hotel salah yogyakarta kamar luas staf bantu ramah sarapan enak pusat bugar fantastis nikmat inap,positif
Ci9DQUlRQUNvZENodHljRjlvT2t4WGVXTlZUMHR3WHpGQ1lXcFBhVEk0YW1aZmVFRRAB,5,"Pelayanannya sangat baik. Kami memesan kamar dengan catatan bahwa kami bepergian dengan bayi, dan hotel dapat menyediakan tempat tidur bayi! Fasilitas hotel sangat lengkap, terutama pilihan menu sarapan—semuanya lezat. Kami mencoba salah … Lainnya",layan kamar catat pergi bayi hotel sedia tidur fasilitas lengkap utama pilih menu sarapan lezat coba salah,positif
ChZDSUhNMG9nS0VOV1E1cEg5LUstd1FBEAE,5,"Hotel terbaik di Jogja. Sangat layak untuk mengeluarkan uang lebih. Kamar, suasana, layanan, dan makanannya luar biasa. Pasti hotel bintang 5. Hal favorit saya adalah berjalan-jalan di sekitar hotel untuk melihat karya seni yang dipajang sambil makan es krim TingTing.",hotel jogja layak uang kamar suasana layan makan bintang favorit jalan lihat karya seni pajang krim ting,positif
ChZDSUhNMG9nS0VNcm53dkt3NlozZ0Z3EAE,5,"Hotel terbaik yang pernah saya tempati di Yogyakarta. Stafnya sangat ramah, kamarnya luas, pusat kebugarannya lengkap, dan pilihan sarapannya sangat enak. Saya sangat merekomendasikan hotel ini.",hotel yogyakarta staf ramah kamar luas pusat bugar lengkap pilih sarapan enak rekomendasi,positif
ChZDSUhNMG9nS0VNYTR0N3JBa19QZUxBEAE,4,Pelayanan yang luar biasa membuat kami merasa sangat nyaman dan sarapannya sangat lezat dengan berbagai pilihan. Minuman selamat datang tradisional mereka (juga disajikan saat sarapan) sangat enak. Kami juga makan malam di hotel pada salah … Baca ulasan lainnya di Trip.com,layan nyaman sarapan lezat pilih minum selamat tradisional saji enak makan malam hotel salah baca ulas trip,positif
ChdDSUhNMG9nS0VPdkIxcnF0cE9qLWdnRRAB,5,"Hotel yang bagus dan berlokasi strategis di Yogyakarta, saya akan menginap di sini lagi.",hotel bagus lokasi strategis yogyakarta inap,positif
Ci9DQUlRQUNvZENodHljRjlvT2xOek5rcENha2xUWHpSR01XeGFlV1JWWlV0WFJFRRAB,5,Bangunannya bagus bangetJenis perjalananBisnis… Lainnya,bangun bagus banget,positif
ChZDSUhNMG9nS0VMdVh0UHY2eThuLWZnEAE,5,"Salah satu hotel mewah kelas atas di Yogyakarta.
Pelayanan luar biasa dengan kamar yang bagus.
Mereka tidak ragu untuk melayani. … Lainnya",salah hotel mewah kelas yogyakarta layan kamar bagus ragu,positif
ChdDSUhNMG9nS0VKdnQ2dEc1eFo3VXJnRRAB,5,"Luar biasa... terutama untuk keramahan, layanan, gym, jacuzzi, dan sarapannya. Ebony juga bagus. Es krim buatan sendiri TERBAIK.",utama ramah layan jacuzzi sarapan ebony bagus krim,positif
ChdDSUhNMG9nS0VNbVRqdGlKbmN2YS1RRRAB,5,BagusKamar: 5Layanan: 5… Lainnya,bagus,positif
ChdDSUhNMG9nS0VObkp2X1RobFBUbnBRRRAB,5,Pelayanan baik dan memuaskan.Jenis perjalananLiburan… Lainnya,layan puas,positif
ChZDSUhNMG9nS0VQNzA2ZDdSMnBUMWVREAE,5,Kemana mana deket nyamanJenis perjalananLiburan… Lainnya,deket nyaman,positif
ChZDSUhNMG9nS0VPMlNuTXF0a2VXbWZnEAE,5,"Hotel bintang 5 yang bagus, dengan harga yang terjangkau. Dimiliki oleh grup Sido Muncul, dan ada toko batik dan jamu tradisional. Juga banyak lukisan yang indah Lainnya",hotel bintang bagus harga jangkau milik grup sido muncul toko batik jamu tradisional lukis indah,positif
ChZDSUhNMG9nS0VMQ2Y5TlN4bGVIQWRnEAE,1,"Saya check in tanggal 27 Mei dan check out tanggal 28 Mei 2025. Resepsionisnya ramah dan memberi saya kamar pukul 02.20. Saya puas.
Setelah masuk kamar, makanan ringan dan buah-buahan disajikan di meja. Namun, … Lainnya",check tanggal resepsionis ramah kamar puas masuk makan ringan buah saji meja,negatif
ChZDSUhNMG9nS0VKRGNsY09HdHF2eEtnEAE,5,"Penginapan kami di Hotel Tentrem benar-benar menyenangkan. Stafnya ramah, bersahabat, dan selalu sopan, menciptakan suasana hangat dan menyenangkan sepanjang kunjungan kami. … Lainnya",inap hotel tentrem senang staf ramah sahabat sopan cipta suasana hangat kunjung,positif
ChZDSUhNMG9nS0VJQ0lqcHZsMS1ERmZBEAE,5,"Salah satu hotel terbaik di Yogyakarta. Kamar dan fasilitasnya sesuai dengan ekspektasi hotel bintang 5. Namun yang paling membuat saya terkesan adalah pelayanannya. Setiap staf yang saya temui... mulai dari resepsionis, porter, petugas … Lainnya",salah hotel yogyakarta kamar fasilitas sesuai ekspektasi bintang layan staf temu resepsionis porter tugas,positif
ChZDSUhNMG9nS0VJUF9wZnZ6eTRHVklREAE,5,staf housekeeping diani sangat membantu terima kasih atas keramahtamahannyaJenis perjalanan… Lainnya,staf housekeeping bantu terimakasih keramahtamahannya,positif
ChdDSUhNMG9nS0VJQ0FnSURrLUlqVHhBRRAB,5,Lokasi kurang strategisJenis perjalananLiburan… Lainnya,lokasi strategis,positif
ChZDSUhNMG9nS0VLX0h2b3FCaVkzTWZnEAE,3,OkkKamar: 3Layanan: 3… Lainnya,,netral
ChdDSUhNMG9nS0VMYnlxOVRNbDRxLWx3RRAB,5,Tempatnya bagus. Menu sarapannya enak.Jenis perjalananBisnis… Lainnya,bagus menu sarapan enak,positif
ChZDSUhNMG9nS0VLcm50SkhxLXRQX2RnEAE,5,"Semuanya sangat baik, akan menginap lagi jika harganya bagus.",inap harga bagus,positif
ChdDSUhNMG9nS0VMN08wZUwwd05UNWlRRRAB,5,Hotel yang bagus di Yogyakarta. Mewah dan stafnya sangat ramah.Kamar: 5… Lainnya,hotel bagus yogyakarta mewah staf ramah,positif
ChdDSUhNMG9nS0VKeTVfSl9zd3Y3Q3BnRRAB,5,"Hotel yang luar biasa di Yogyakarta, saya suka tempat ini dan pelayanannya.",hotel yogyakarta suka layan,positif
ChZDSUhNMG9nS0VKRzN4Y3Fnd2ZpekRBEAE,5,"Kamar, pelayanan, dan sarapan semuanya bagus. Semoga bisa menginap di sini lagi 😊👍 …Jenis perjalanan… Lainnya",kamar layan sarapan bagus moga inap,positif
ChdDSUhNMG9nS0VLN1ZvcE9lbW9fVDF3RRAB,5,Kami menikmati masa menginap yang luar biasa dan benar-benar berkesan di Tentrem Hotel Yogyakarta saat kami merayakan ulang tahun pernikahan orang tua kami. … Lainnya,nikmat inap kesan tentrem hotel yogyakarta raya ulang nikah orang,positif
ChZDSUhNMG9nS0VJZkMxYU8xeXFXVENBEAE,5,"Kamarnya luas, bersih, dan tenang. Hotelnya terlihat sangat mewah, agak kontras dengan lingkungan sekitarnya; benar-benar terlihat seperti tempat Obama menginap.",kamar luas bersih tenang hotel lihat mewah kontras lingkung obama inap,positif
ChZDSUhNMG9nS0VJT2F4T215X2FPeU1REAE,5,Tenang dan nyamanJenis perjalananBisnis… Lainnya,tenang nyaman,positif
ChZDSUhNMG9nS0VPemJpZDdIaDV2R0FnEAE,5,"Hotel ini sangat mewah, dan saya merasa hotel ini sangat disukai oleh penduduk setempat. Ada begitu banyak pilihan hidangan untuk sarapan, sehingga mustahil untuk mencoba semuanya hanya dalam dua malam. Saya pasti akan menginap di sini lagi jika ada kesempatan.",hotel mewah suka duduk pilih hidang sarapan mustahil coba malam inap,positif
ChZDSUhNMG9nS0VQR1ZzcHJNc2NYbE5REAE,5,Sangat layak untuk dicoba,layak coba,positif
ChdDSUhNMG9nS0VJQ0FnTUNZckozRDV3RRAB,5,"Hotel yang benar-benar mewah. Restorannya juga menyajikan beberapa menu Asia, Barat, dan tradisional seperti gudeg dan janang. Saya suka kue kering dan mie bangka mereka, sangat lezat! Oh, sushi juga, sangat enak! … Lainnya",hotel mewah restoran saji menu asia barat tradisional gudeg janang suka kering bangka lezat sushi enak,positif
ChZDSUhNMG9nS0VPREhtX1dZX0lIc0pREAE,5,"Salah satu hotel terbaik di Yogyakarta. Lokasinya sendiri tergolong sentral. Staf, makanan, dan kebersihannya sangat baik.",salah hotel yogyakarta lokasi golong sentral staf makan bersih,positif
ChZDSUhNMG9nS0VQVFMzcjJSbS1PVkhBEAE,5,Kebersihan: Kebersihan hotel cukup baik.,bersih hotel,positif
ChdDSUhNMG9nS0VKSHY3Tmlxa1AyZnh3RRAB,5,"Secara keseluruhan, lumayanlah.",lumayan,positif
ChdDSUhNMG9nS0VKM0txYl91bzhYV193RRAB,5,Bagus sekali,bagus,positif
ChZDSUhNMG9nS0VJQ0FnTURvMmZMa0ZREAE,5,"‼️ Ini ulasan jujur. Saya bukan kritikus hotel, influencer, atau KOL bayaran. Hanya tamu biasa, saya hanya mengatakan apa adanya.‼️ … Lainnya",ulas jujur kritikus hotel influencer bayar tamu,positif
ChZDSUhNMG9nS0VJQ0FnTURvXzkyUGFnEAE,5,"Saya sangat menyukai hotel ini! Bersih, staf ramah, dan makanannya enak!",suka hotel bersih staf ramah makan enak,positif
ChdDSUhNMG9nS0VPREtpOEctMWRtaDhBRRAB,4,Masih Ada bercak dimeja TV,bercak meja,positif
ChZDSUhNMG9nS0VJQ0FnTURvMzh5b09BEAE,5,"Lingkungan hotel, tempat makan, dan pelayanannya semuanya kelas atas, dan harganya sangat sebanding dengan nilainya. Hotel ini memiliki suasana yang mewah, dan meskipun bukan hotel yang sangat baru, hotel ini sangat terawat dengan baik. Terlebih lagi, ruang gym-nya sangat besar!",lingkung hotel makan layan kelas harga banding nilai milik suasana mewah awat ruang,positif
ChZDSUhNMG9nS0VJQ0FnTUNvXy1ub0d3EAE,5,Tempat istirahat ternyaman se YogyaKamar: 5… Lainnya,istirahat nyaman yogya,positif
ChdDSUhNMG9nS0VJQ0FnTUNvN2NHOHBnRRAB,5,"yang paling aku ingat aromanya, wanginya mirip banget sama rempah jawa, enak, bersih, sarapannya juga enak Lainnya",aroma wangi banget rempah jawa enak bersih sarapan,positif
ChdDSUhNMG9nS0VJQ0FnTUNvMmVlRjRRRRAB,5,Makanannya enakLayanan: 5,makan enak,positif
ChZDSUhNMG9nS0VJQ0FnTURJLTVHaElnEAE,5,Sekuriti ramah sopanKamar: 5Layanan:… Lainnya,sekuriti ramah sopan layan,positif
ChdDSUhNMG9nS0VJQ0FnSURqc3RPVzJRRRAB,5,Recomended...Jenis perjalananBisnis… Lainnya,recomended,positif
ChZDSUhNMG9nS0VJQ0FnTUNJejgyQVBnEAE,5,"Saya suka hotelnya.
Lobi hotelnya memiliki aroma yang sangat ikonik.
Pelayanannya sangat baik. … Lainnya",suka hotel lobi milik aroma ikonik layan,positif
ChZDSUhNMG9nS0VJQ0FnTUNJLS1iY0lBEAE,4,Mewah dengan sentuhan JawaKamar: 4… Lainnya,mewah sentuh jawa,positif
ChZDSUhNMG9nS0VJQ0FnTUNJaGZiNUh3EAE,5,Hotel sangat strategis di YogyakartaGrup perjalananPasangan… Lainnya,hotel strategis yogyakarta,positif
ChdDSUhNMG9nS0VJQ0FnTUNJeVptdTlBRRAB,5,Hotelnya bagus dan bersihJenis perjalananLiburan… Lainnya,hotel bagus bersih,positif
ChdDSUhNMG9nS0VJQ0FnTUNJdkw2SGp3RRAB,4,"Hotel nyaman dengan spesialisasi ""jamu"".tetapi ketika seseorang memindahkan kursi di kamar atas, akan ada kebisingan di bawah. Loungenya nyaman dan santai Lainnya",hotel nyaman spesialisasi jamu orang pindah kursi kamar bising loungenya santai,positif
ChZDSUhNMG9nS0VJQ0FnTUR3cklpY2R3EAE,5,Senang bisa berkolaborasiJenis perjalananBisnis… Lainnya,senang kolaborasi,positif
ChZDSUhNMG9nS0VNTHNnYk96OGEyRkVnEAE,5,"Kamar itu sangat tenang dan sangat bersih, dan staf menyajikan makanan penutup setiap hari. Saya merekomendasikan untuk memesan makanan di hotel ini; Anda umumnya tidak akan kecewa, dan harganya wajar.",kamar tenang bersih staf saji makan tutup rekomendasi hotel kecewa harga wajar,positif
ChdDSUhNMG9nS0VJQ0FnTUR3OElUOGxRRRAB,5,"Dari fasilitas hotel, taman bermain dan kolam renang adalah favorit anak-anak kami. Stafnya tidak hanya ramah, tetapi juga sangat memperhatikan keselamatan anak-anak dan tamu lainnya. … Lainnya",fasilitas hotel taman main kolam renang favorit staf ramah perhati selamat tamu,positif
ChdDSUhNMG9nS0VJQ0FnTUN3MzhxZDZ3RRAB,5,"Hotel Tentrem Yogyakarta adalah pilihan yang tepat untuk pertemuan dan acara peluncuran kami. Fasilitas pertemuannya yang canggih, layanan profesional, dan kenyamanan mewahnya memastikan pengalaman yang sempurna. Berlokasi strategis dengan … Lainnya",hotel tentrem yogyakarta pilih temu acara luncur fasilitas canggih layan profesional nyaman mewah alam sempurna lokasi strategis,positif
ChZDSUhNMG9nS0VJQ0FnTUN3cGFYRE9nEAE,3,"Saya datang ke sini setiap tahun untuk berbuka puasa, tapi kali ini mengecewakan.
Dulu terasa luas dan nyaman, tapi sekarang penuh dengan meja sehingga restorannya terasa sempit.",buka puasa kali kecewa luas nyaman penuh meja restoran sempit,netral
ChdDSUhNMG9nS0VJQ0FnTUR3ZzVuV3RRRRAB,4,"Mengingat suasana Jogja yang santai dan tenang, tidak ada tempat di pusat kota yang akan membuat seseorang merasa kewalahan. Meskipun saya sangat puas dengan menginap di Tentrem Hotel, mulai dari kamar, lokasi, hingga restorannya - Kayu … Baca ulasan lainnya di Trip.com",suasana jogja santai tenang pusat kota orang kewalahan puas inap tentrem hotel kamar lokasi restoran kayu baca ulas trip,positif
ChdDSUhNMG9nS0VJQ0FnTURRNTR6NTdRRRAB,5,Oke semua. Sekeluarga nyaman. TerimakasihJenis perjalananLiburan… Lainnya,keluarga nyaman terimakasih,positif
ChZDSUhNMG9nS0VJQ0FnTURRcTl5Rkd3EAE,5,Makan malam di restoran Hotel Tentrem sungguh pengalaman yang luar biasa. Hotel ini berlokasi strategis di pusat kota. Keramahan para stafnya luar biasa. … Lainnya,makan malam restoran hotel tentrem sungguh alam lokasi strategis pusat kota ramah staf,positif
ChZDSUhNMG9nS0VJQ0FnTURRMC15NkF3EAE,5,Wangi hotelnya sampe kejalan 👏😌 …,wangi hotel sampe jalan,positif
ChZDSUhNMG9nS0VJQ0FnTURRM2Z5SUZ3EAE,5,makasih mba ismy pelayanan nya sangat baik dan ramahKamar: 5… Lainnya,makasih ismy layan ramah,positif
ChdDSUhNMG9nS0VJQ0FnTURRNWJUT213RRAB,2,"Gak tahu
CobaJenis perjalananLiburan… Lainnya",coba,negatif
ChZDSUhNMG9nS0VNMjYydG5nNTdLa1FBEAE,5,Lingkungan dan pelayanannya sangat baik.,lingkung layan,positif
ChZDSUhNMG9nS0VJQ0FnTURRcnJ1dUF3EAE,5,StrategisJenis perjalananLiburan… Lainnya,strategis,positif
ChdDSUhNMG9nS0VJQ0FnTURRaW9qN3FRRRAB,5,"Hotel termewah di Jogja
Gedungnya megah dan mahal
The bestJenis perjalanan… Lainnya",hotel mewah jogja gedung megah mahal,positif
ChZDSUhNMG9nS0VJQ0FnTURRakpteE93EAE,5,KueiiippKamar: 5Layanan: 5… Lainnya,kueipp,positif
ChdDSUhNMG9nS0VJQ0FnTUNRcV9qbThnRRAB,5,"Layanannya luar biasa, proses check-in sangat lancar, dan stafnya sangat profesional. Permintaan kami dipenuhi saat pemesanan, kamarnya sangat bersih. Menu sarapannya lengkap bahkan saat berpuasa di bulan Ramadan. Kolam renangnya sangat bersih dan terawat, penjaga kolam renang juga tersedia. Tempat parkirnya bersih dan luas. Lainnya",layan proses check lancar staf profesional penuh mesan kamar bersih menu sarapan lengkap puasa ramadan kolam renang awat jaga sedia parkir luas,positif
ChdDSUhNMG9nS0VJQ0FnTUNRd29DWHRBRRAB,5,"Segala sesuatu tentang masa inap saya sempurna. Hal pertama yang saya perhatikan ketika memasuki hotel adalah bangunannya sendiri dan betapa terawatnya, bersih dengan aroma yang menyenangkan. … Lainnya",inap sempurna perhati pasuk hotel bangun betapa awat bersih aroma senang,positif
ChdDSUhNMG9nS0VJQ0FnTUNRX1BpM3JRRRAB,5,OkeKamar: 5Layanan: 5… Lainnya,,positif
ChdDSUhNMG9nS0VJQ0FnTUNRN0xDX2lRRRAB,5,itu bagusGrup perjalananKeluarga… Lainnya,bagus,positif
ChdDSUhNMG9nS0VJQ0FnTUNRcUxHX3N3RRAB,5,Pasti akan kembali lagiJenis perjalananBisnis… Lainnya,,positif
ChdDSUhNMG9nS0VJQ0FnTUNRNE1TOG93RRAB,5,"Hotelnya bagus, suasananya nyaman. Makanannya enak. Fasilitasnya juga bagus.Jenis perjalanan… Lainnya",hotel bagus suasana nyaman makan enak fasilitas,positif
ChZDSUhNMG9nS0VJQ0FnTURnNV9pN2F3EAE,5,"Memesan 2 kamar untuk 3 malam dan juga tempat tidur tambahan untuk putri saya. Kesan pertama saya tentang layanan mereka, terutama layanan kebersihan, adalah yang terbaik dan sangat responsif. Ketika saya meminta untuk mengganti bed cover, … Lainnya",malam tidur kesan layan utama bersih responsif ganti cover,positif
ChdDSUhNMG9nS0VJQ0FnTUN3MU1pcXZ3RRAB,5,"Kami memesan kamar secara terpisah, dan hotel tetap dapat mengakomodasi agar semua kamar kami bersebelahan meskipun kami check-in terlambat. Kamar bersih, tekanan air untuk mandi bisa ditingkatkan, pilihan prasmanan untuk sarapan beragam, lokasi berada di tengah kota. Secara keseluruhan, semuanya bagus. 🎉 …",kamar pisah hotel akomodasi bahan check lambat bersih tekan mandi tingkat pilih prasmanan sarapan ragam lokasi kota bagus,positif
ChdDSUhNMG9nS0VJQ0FnTURncll2azZnRRAB,5,RecomendedKamar: 5Layanan:… Lainnya,recomended layan,positif
ChdDSUhNMG9nS0VJQ0FnTUN3MUpERm9BRRAB,4,Menginap di Tentrem sangat menyenangkan. Proses check-in cepat dan tanpa kendala. Hotel juga mengakomodasi permintaan kami karena kami bepergian sebagai keluarga dan lebih suka kamar yang berdekatan. Pilihan prasmanan untuk sarapan sangat … Baca ulasan lainnya di Trip.com,inap tentrem senang proses check cepat kendala hotel akomodasi pergi keluarga suka kamar pilih prasmanan sarapan baca ulas trip,positif
ChZDSUhNMG9nS0VJQ0FnTURnbHBUTE93EAE,5,"Saya dan keluarga ingin mengucapkan terima kasih yang sebesar-besarnya atas layanan luar biasa yang kami terima dari Hotel Tentrem Jogja dan Semarang. Pengalaman kami berawal dari rencana liburan Natal-Tahun Baru 2024, yang sayangnya … Lainnya",keluarga terimakasih layan hotel tentrem jogja semarang alam rencana libur natal sayang,positif
ChZDSUhNMG9nS0VJQ0FnTURnbkx1T05nEAE,5,getaran yang edgyKamar: 5Layanan:… Lainnya,getar edgy layan,positif
ChZDSUhNMG9nS0VJQ0FnTURnNUllWUtnEAE,1,nyuri karya,nyuri karya,negatif
ChZDSUhNMG9nS0VJQ0FnTURnaUpQRldBEAE,1,Nyomot karya orang,nyomot karya orang,negatif
ChZDSUhNMG9nS0VJQ0FnTUNnNmNEYlRREAE,5,pijat tradisional yang luar biasa di siniJenis perjalananBisnis… Lainnya,pijat tradisional,positif
ChZDSUhNMG9nS0VJQ0FnTUNnb2RxaFl3EAE,5,Menu sarapan paginya enak enakKamar: 5… Lainnya,menu sarapan pagi enak,positif
ChdDSUhNMG9nS0VJQ0FnTUNnbnRXSXR3RRAB,2,Dinilai terlalu tinggi,nilai,negatif
ChdDSUhNMG9nS0VJQ0FnTUNncXItbGhBRRAB,5,Tempat yang nyamanKamar: 5Layanan:… Lainnya,nyaman layan,positif
ChZDSUhNMG9nS0VJQ0FnTUNnd3V1SUhnEAE,5,"Nyaman dan tentram sopan
Tks",nyaman tentram sopan,positif
ChZDSUhNMG9nS0VJQ0FnTUNneEtQa1ZnEAE,5,Housekeeping Uta dan Doni sangat-sangat Sopan dan RamahJenis perjalanan… Lainnya,housekeeping doni sopan ramah,positif
ChZDSUhNMG9nS0VJQ0FnTURBMjZLUVJBEAE,5,"Hotelnya bagus & pelayanannya bagus.
Pelayanan dari stafnya bagus, Koko & Wildan :)Jenis perjalanan… Lainnya",hotel bagus layan staf wildan,positif
ChZDSUhNMG9nS0VJQ0FnTURBdzh2S0tREAE,5,Ada harga ada rupa... Nggak nyesel pokoknya...Jenis perjalananLiburan… Lainnya,harga rupa nyesel pokok,positif
ChdDSUhNMG9nS0VJQ0FnTUN3bE5fajBRRRAB,5,"Ini adalah kunjungan kedua saya di sini. Saya sangat menikmati masa menginap singkat saya di hotel ini. Stafnya sangat membantu, kamarnya nyaman, sarapannya enak, dan lokasinya sangat strategis. Semua yang Anda butuhkan ada di sini!",kunjung nikmat inap singkat hotel staf bantu kamar nyaman sarapan enak lokasi strategis butuh,positif
ChdDSUhNMG9nS0VNN1ZqTGJJeDRLTTF3RRAB,5,"Pelayanannya bagus, sarapannya berlimpah dan memiliki banyak cita rasa lokal, rasanya enak sekali.",layan bagus sarapan limpah milik cita lokal enak,positif
ChdDSUhNMG9nS0VPRHk3NTMycy1pSzVRRRAB,5,"Pelayanannya bagus, dan sarapannya berlimpah dan lezat.",layan bagus sarapan limpah lezat,positif
ChZDSUhNMG9nS0VJQ0FnTUNBeDR2VmZnEAE,5,BagusGrup perjalananKeluarga,bagus,positif
ChZDSUhNMG9nS0VJQ0FnTUNBeV9hTlh3EAE,5,Definisi hotel bintang 5,definisi hotel bintang,positif
ChZDSUhNMG9nS0VJQ0FnTUNBOWREZlZBEAE,5,Hotel terbaikJenis perjalananLiburan… Lainnya,hotel,positif
ChdDSUhNMG9nS0VPTEU5dkhFc09qcjB3RRAB,5,"Camilan lezat disajikan secara gratis, bersama dengan minuman selamat datang gratis saat kedatangan. Pilihannya sangat beragam, menampilkan cita rasa jahe dan rempah lokal yang unik, lezat, dan memuaskan. Minibar gratis juga tersedia, dan lobi memiliki lukisan seni yang indah. Sarapan sangat berlimpah.",camil lezat saji gratis minum selamat pilih ragam tampil cita jahe rempah lokal unik puas minibar sedia lobi milik lukis seni indah sarapan limpah,positif
ChdDSUhNMG9nS0VJQ0FnTUNnNll2QzBnRRAB,5,Sangat nyaman untuk menginap,nyaman inap,positif
ChZDSUhNMG9nS0VJQ0FnTUNBdnBPTWZ3EAE,1,Hotel nyolong foto pantesan pelayanan buruk 👎 …Layanan: 1,hotel nyolong foto pantesan layan buruk,negatif
ChZDSUhNMG9nS0VJQ0FnTUNBN29YQlBREAE,5,"Kami sangat menikmati masa inap kami di sini karena memberikan rasa lengkap, baik dari segi akomodasi, makanan, maupun layanan. Semua staf sangat ramah dan selalu memenuhi permintaan kami. Mereka membantu kami membuat perjalanan kami begitu … Lainnya",nikmat inap lengkap segi akomodasi makan layan staf ramah penuh bantu jalan,positif
ChZDSUhNMG9nS0VJQ0FnTUNBeE1YTEp3EAE,5,"Saya memiliki pengalaman yang luar biasa menginap di Hotel Tentrem Yogyakarta. Saya menginap di sana bersama keluarga selama dua hari. Sebagai permulaan, kami disuguhi jamu sebagai minuman selamat datang, dan rasanya sangat enak! Sedangkan … Lainnya",milik alam inap hotel tentrem yogyakarta keluarga suguh jamu minum selamat enak,positif
ChZDSUhNMG9nS0VJQ0FnTUNBbUlfLU9BEAE,5,"Para stafnya sangat ramah dan membantu, semuanya tampak bersih dan mewah dan hotelnya berbau sangat harum! Lainnya",staf ramah bantu bersih mewah hotel harum,positif
ChdDSUhNMG9nS0VQZVI0dkdYOVozMzFnRRAB,4,Kamarnya bersih dan nyaman. Satu-satunya hal yang saya perhatikan adalah sarapan di executive lounge (bahkan telur goreng) disajikan sangat terlambat.,kamar bersih nyaman perhati sarapan executive lounge telur goreng saji lambat,positif
ChdDSUhNMG9nS0VJQ0FnSURfaHRmbHhBRRAB,5,Saya sangat menikmati masa inap saya di sini. Kamar tidurnya luas dan bantalnya sangat empuk. Kamar mandinya luas dengan banyak fasilitas. Pelayanan dan keramahannya luar biasa. Banyak makanan lezat di sarapan hotel. Lainnya,nikmat inap kamar tidur luas bantal empuk mandi fasilitas layan ramah makan lezat sarapan hotel,positif
ChZDSUhNMG9nS0VJQ0FnSURfc3NYTUJBEAE,5,Semua yang terbaikJenis perjalananLiburan… Lainnya,,positif
ChZDSUhNMG9nS0VJQ0FnSUNfNzkyR1hnEAE,5,"Saya senang menginap di sini berkali-kali, terakhir saya membawa tamu saya yang alergi, dan restoran Kayu Manis sangat ramah dan membantu. Terima kasih kepada Chef Philip Wallasary dan Pak Afifuddin, Pak Yanto, dan tim yang memasak dan … Lainnya",senang inap kali bawa tamu alergi restoran kayu manis ramah bantu terimakasih chef philip wallasary afifuddin yanto masak,positif
ChdDSUhNMG9nS0VJQ0FnSUNfOTRPUWdBRRAB,5,"Januari 2025: Menginap 2 malam bersama keluarga saya.
Hotel mewah yang indah di lokasi yang strategis. Layanan kelas dunia. Semua staf di semua lantai sangat membantu dan penuh perhatian. Sarapannya berlimpah dan … Lainnya",januari inap malam keluarga hotel mewah indah lokasi strategis layan kelas dunia staf lantai bantu penuh perhati sarapan limpah,positif
ChZDSUhNMG9nS0VJQ0FnSUQzMi16NUFREAE,5,"Hotel cantik di jantung kota yogyakarta, kamarnya bagus, kolam renang, makanannya enak, tempat parkirnya luas Lainnya",hotel cantik jantung kota yogyakarta kamar bagus kolam renang makan enak parkir luas,positif
ChZDSUhNMG9nS0VJQ0FnSUNfeElTSVJ3EAE,5,Bagus,bagus,positif
ChZDSUhNMG9nS0VJQ0FnSURmXzVPMFF3EAE,2,"Pipa air tersumbat saat saya mandi. Airnya tumpah ke kamar.
Pada Sabtu malam, musik kencang diputar hingga pukul 23.00.
Lokasinya tidak dekat kota... … Lainnya",pipa sumbat mandi tumpah kamar sabtu malam musik kencang putar lokasi kota,negatif
ChdDSUhNMG9nS0VJQ0FnSURmN2VUb3hRRRAB,5,"Hotel mewah dan modern, pelayanan bagus, sarapan enakJenis perjalananL… Lainnya",hotel mewah modern layan bagus sarapan enak,positif
ChZDSUhNMG9nS0VJQ0FnSURmMXBMVmZ3EAE,5,"Kamar besar, dengan kamar dan kamar mandi yang bersih.Jenis perjalanan… Lainnya",kamar mandi bersih,positif
ChZDSUhNMG9nS0VJQ0FnSURmbHM3cEhREAE,5,"Hotel nya mantap, nyaman, dan 👍 …Jenis perjalananLiburan… Lainnya",hotel mantap nyaman,positif
ChZDSUhNMG9nS0VJQ0FnSURmcXM3cEtREAE,5,"Menginap di sini untuk menutup tahun dan menyambut tahun baru.

Kamar-kamarnya ternyata terawat dengan baik meskipun agak tua. Mangkuk toiletnya … Lainnya",inap tutup sambut kamar nyata awat mangkuk toilet,positif
ChZDSUhNMG9nS0VJQ0FnSURmdFBUaWJ3EAE,5,istimewaJenis perjalananLiburan… Lainnya,istimewa,positif
ChdDSUhNMG9nS0VJQ0FnSUNmXzhXRXBBRRAB,5,Akses macet pas peak season tahun baruan 😁 …Grup perjalananKeluarga… Lainnya,akses macet peak season,positif
ChZDSUhNMG9nS0VJQ0FnSUNVOS1mR0x3EAE,5,"Kedua kalinya nginep disini, masih sama seperti sebelumnya, semuanya mantap..Jenis perjalanan… Lainnya",kali nginep mantap,positif
ChZDSUhNMG9nS0VJQ0FnSUNmcC1XWEt3EAE,5,Staycation berhasil🥰🥰🥰 …Jenis perjalananLiburan… Lainnya,staycation hasil,positif
ChZDSUhNMG9nS0VJQ0FnSUNmODhIVkdREAE,5,"Ketika kami membuka pintu kamar, kami sangat senang melihat tempat tidur terbesar yang pernah saya lihat seumur hidup. Kamar mandinya luar biasa, dengan toilet, shower, dan wastafel yang dipisahkan oleh pintu kaca privasi. … Lainnya",buka pintu kamar senang lihat tidur umur hidup mandi toilet shower wastafel pisah kaca privasi,positif
ChZDSUhNMG9nS0VJQ0FnSUNmdzllLWJREAE,5,Sanagt mewah dan ramah lingkunganKamar: 5… Lainnya,sanagt mewah ramah lingkung,positif
ChZDSUhNMG9nS0VJQ0FnSUNmemFqbkxnEAE,5,Tempat terbaik untuk bertemuJenis perjalananBisnis… Lainnya,temu,positif
ChdDSUhNMG9nS0VJQ0FnSUNmOWV6YXp3RRAB,5,"Hotel Tentrem Yogyakarta merupakan perpaduan sempurna antara kemewahan budaya dan tradisi Jawa serta pelayanan yang prima, berlokasi elegan di kota dekat dengan jalan terkenal Malioboro, Tugu Yogyakarta, dan sebagian besar tempat bersejarah di Yogyakarta. Lainnya",hotel tentrem yogyakarta rupa padu sempurna mewah budaya tradisi jawa layan prima lokasi elegan kota jalan kenal malioboro tugu sejarah,positif
ChdDSUhNMG9nS0VJaU9uUENvX0xmM3pRRRAB,4,"Sangat baik, pelayanan ramah2 semua..top pokoknya..",layan ramah bagus pokok,positif
ChZDSUhNMG9nS0VJQ0FnSUNmeHNmOVRREAE,5,Tempat terbaik di Jogja untuk beristirahat dari hiruk pikuk malioboro.Jenis perjalanan… Lainnya,jogja istirahat hiruk pikuk malioboro,positif
ChZDSUhNMG9nS0VJQ0FnSUNmLW9iVVF3EAE,5,Hotel yang istimewah di kota istimewa..Jenis perjalananLiburan… Lainnya,hotel istimewah kota istimewa,positif
ChZDSUhNMG9nS0VJQ0FnSUNma3V5YVJnEAE,5,"Hotel yang bagus dengan suasana Jogja yang autentik, bahkan untuk makanannya yang sangat lokal dan rasanya lezat.
Kamarnya bersih dan tenang.
Suka sekali menginap di tenda. Lainnya",hotel bagus suasana jogja autentik makan lokal lezat kamar bersih tenang suka inap tenda,positif
ChdDSUhNMG9nS0VJQ0FnSUNmb3ZhSl9RRRAB,5,"Secara keseluruhan, pengalamannya luar biasa. Sarapannya luar biasa, kuliner lokal yang terkenal juga tersedia di sini. Fasilitas untuk anak-anak juga tersedia, seperti taman bermain dan kolam renang anak. Banyak roti, camilan, dan es krim lezat di kafe. Saya suka es krim dan cokelat Tolak Angin ini. Lainnya",alam sarapan kuliner lokal kenal sedia fasilitas taman main kolam renang roti camil krim lezat kafe suka cokelat tolak angin,positif
ChZDSUhNMG9nS0VJQ0FnSUNmbU0tbFpnEAE,5,❤️Grup perjalananTeman… Lainnya,,positif
ChZDSUhNMG9nS0VJQ0FnSUNfcGRTSkh3EAE,4,Hotel StrategisSarapan LezatHarga TerjangkauHotel BersihHotel Nyaman,hotel strategis sarapan lezat harga jangkau bersih nyaman,positif
ChZDSUhNMG9nS0VJQ0FnSUR2eV9fb2VnEAE,5,Bagus sekaliJenis perjalananBisnis… Lainnya,bagus,positif
ChdDSUhNMG9nS0VJQ0FnSUR2cy1hWjB3RRAB,5,"Kami menikmati masa menginap yang luar biasa di Hotel Tentrem. Lokasi dan kamarnya luar biasa, fasilitasnya benar-benar berkelas dunia - pusat kebugarannya sungguh luar biasa. … Lainnya",nikmat inap hotel tentrem lokasi kamar fasilitas kelas dunia pusat bugar sungguh,positif
ChZDSUhNMG9nS0VJQ0FnSUR2X2FyWUpREAE,5,Oke Rasanya,,positif
ChdDSUhNMG9nS0VJQ0FnSUR2a2FDcmp3RRAB,4,Ramah bersih .Kamar: 4Layanan:… Lainnya,ramah bersih layan,positif
ChdDSUhNMG9nS0VJQ0FnSUR2NGNHNXdBRRAB,4,"Masih salah satu hotel terbaik di Jogja, tapi menurut saya perlu sedikit renovasi. Interiornya mulai rusak dan airnya kurang panas. Tapi secara keseluruhan, hotel ini lumayan. Lainnya",salah hotel jogja renovasi interior rusak panas lumayan,positif
ChZDSUhNMG9nS0VJQ0FnSUR2OXNQS1lREAE,1,"Penyeberangan Satpam Sik kurang bagus. Dalam bahasa bos, ganti. Penekanannya ada pada tamu di Jln Laen. Kalau kamu jelaskan kenapa kamu salah, kamu nggak ngerti Ra bosso. Pelayanan publik 👎 … Lainnya",seberang satpam bagus bahasa ganti tekan tamu laen salah ngerti bosso layan publik,negatif
ChZDSUhNMG9nS0VJQ0FnSUNBOS0tdEpREAE,5,Hotelnya nyamanJenis perjalananLiburan… Lainnya,hotel nyaman,positif
ChZDSUhNMG9nS0VJQ0FnSUR2bHNmWFVREAE,5,Keseluruhan: Hotel yang bagus dan saya ingin kembali lagi. Pengalaman yang menyenangkan. … Lainnya,hotel bagus alam senang,positif
ChdDSUhNMG9nS0VJQ0FnSURpeHBxb3dBRRAB,5,Hotel Bagus di JogjaKamar: 4Layanan:… Lainnya,hotel bagus jogja layan,positif
ChdDSUhNMG9nS0VJQ0FnSUN2LTREaXZBRRAB,5,"Pelayanan, kamar, dan fasilitas 👍🤩 …Jenis perjalananLiburan… Lainnya",layan kamar fasilitas,positif
ChdDSUhNMG9nS0VJQ0FnSUN2czdDYzNnRRAB,5,Saya akan memberi 6 bintang jika ada. Kamarnya tampak hebat. Sarapannya sejauh ini yang terbaik. Mereka memiliki lebih banyak pilihan makanan Indonesia daripada sarapan Barat. Roti panggang Prancis dan wafelnya dimasak dengan benar. Satu … Lainnya,bintang kamar hebat sarapan milik pilih makan indonesia barat roti panggang prancis wafelnya masak,positif
ChdDSUhNMG9nS0VMREMzY1dHck51dHZBRRAB,5,"Hotel ini memiliki lokasi yang bagus, pelayanan yang sangat baik, dan sangat bersih. Saya pasti akan menginap di hotel ini lagi.",hotel milik lokasi bagus layan bersih inap,positif
ChdDSUhNMG9nS0VJQ0FnSUN2d3Z1QThRRRAB,4,nginap 2 hari disini. cukup puas sihJenis perjalananLiburan… Lainnya,nginap puas,positif
ChZDSUhNMG9nS0VJQ0FnSUN2M1BudmVREAE,5,Hotel yang Luar BiasaJenis perjalananBisnis… Lainnya,hotel,positif
ChZDSUhNMG9nS0VJQ0FnSUN2cEktTFBBEAE,5,Oke banget ...mewahKamar: 5Layanan:… Lainnya,banget mewah layan,positif
ChZDSUhNMG9nS0VJQ0FnSURQNTRITU1nEAE,5,tempat yang bagus untuk bersantai dengan musik rock lambatJenis perjalanan… Lainnya,bagus santa musik rock lambat,positif
ChZDSUhNMG9nS0VJQ0FnSURQNXBQdkN3EAE,5,Hotel yang bagusJenis perjalananLiburan… Lainnya,hotel bagus,positif
ChdDSUhNMG9nS0VJQ0FnSUNQdWFxNG1nRRAB,5,"Bagus, bersih, wangi. Semuanya luar biasa..Jenis perjalananBisnis… Lainnya",bagus bersih wangi,positif
ChZDSUhNMG9nS0VJQ0FnSUNQenZucEZBEAE,5,Foto ambil dari twitter @ariefboedimanKamar: 5… Lainnya,foto ambil twitter ariefboediman,positif
ChdDSUhNMG9nS0VJQ0FnSUNQdXFXa3lnRRAB,5,"Menginap 2 malam di sana.
Suka banget sama tempatnya.
Hotelnya sangat besar dengan pelayanan yang luar biasa. … Lainnya",inap malam suka banget hotel layan,positif
ChZDSUhNMG9nS0VJQ0FnSUNQc3JYcUZ3EAE,1,security arogan,security arogan,negatif
ChZDSUhNMG9nS0VJQ0FnSUNQek5TOVNnEAE,5,Semuanya sangat baik.....layanan cepat dan tempat yang sangat tenang untuk menginapJenis perjalanan… Lainnya,layan cepat tenang inap,positif
ChdDSUhNMG9nS0VJQ0FnSUQzNmJTanN3RRAB,5,👍 …Kamar: 5Layanan: 5… Lainnya,,positif
ChZDSUhNMG9nS0VJQ0FnSUQzOGRYaE53EAE,1,"Pengalaman buruk di reservasi, mereka tidak punya SOP yang jelas untuk melayani tamu. Halo tim reservasi, tolong belajar dari yang lain! Karena hotel ini bintang 5, saya rasa keramahannya pasti lebih baik daripada hotel bintang 3-4 lainnya. Lainnya",alam buruk reservasi layan tamu halo tolong ajar hotel bintang ramah,negatif
ChZDSUhNMG9nS0VJQ0FnSUNfcGJyWk5nEAE,4,"Hotel warisan budaya yang bagus dari Sido Muncul, sesuatu yang spesifik mewakili sarapan tradisional, terutama minuman herbal. Spa yang indah dan menyenangkan.",hotel waris budaya bagus sido muncul spesifik wakil sarapan tradisional utama minum herbal indah senang,positif
ChZDSUhNMG9nS0VJQ0FnSURReVpEb05REAE,5,NyamanJenis perjalananBisnis… Lainnya,nyaman,positif
ChZDSUhNMG9nS0VJQ0FnSUMzczRyNFRnEAE,5,"Untuk saat ini, ini hotel terbaik di jokjaJenis perjalananBisnis… Lainnya",hotel jokja,positif
ChdDSUhNMG9nS0VJQ0FnSUMzLW9MdDJnRRAB,5,Sangat bersih dengan pelayanan istimewaJenis perjalananLiburan… Lainnya,bersih layan istimewa,positif
ChdDSUhNMG9nS0VJQ0FnSUMzMk9USDBBRRAB,5,Hotel yang bagusJenis perjalananLiburan… Lainnya,hotel bagus,positif
ChZDSUhNMG9nS0VJQ0FnSURYbS1qekRnEAE,5,"Sesuai namanya, Hotel ini memiliki suasana yang bagus 🥰
Sangat menyukainya 💕 …Jenis perjalanan… Lainnya",sesuai hotel milik suasana bagus suka,positif
ChdDSUhNMG9nS0VJQ0FnSURYN3F5ODFBRRAB,5,"Ballroom hotel tentrem luas banget
Security nya informatif 👍🏼 …",ballroom hotel tentrem luas banget security informatif,positif
ChZDSUhNMG9nS0VJQ0FnSURYbHNlbUNBEAE,5,Keren,keren,positif
ChZDSUhNMG9nS0VJQ0FnSURYdXBxdlNnEAE,5,Semuanya TOPJenis perjalananBisnis… Lainnya,topjenis jalan bisnis,positif
ChZDSUhNMG9nS0VJQ0FnSURYbXNpOVhREAE,5,Sangat sangat nyaman dan luar biasa servicenyaJenis perjalananBisnis… Lainnya,nyaman service,positif
ChdDSUhNMG9nS0VJQ0FnSURYcXV6Ml9RRRAB,5,Kami menikmati masa inap yang luar biasa di Hotel Tentrem. Saya suka lobi hotelnya. Aromanya luar biasa dan memberikan suasana nyaman dan hangat. Aroma serai bercampur rempah-rempah lainnya. … Lainnya,nikmat inap hotel tentrem suka lobi aroma suasana nyaman hangat serai campur rempah,positif
ChZDSUhNMG9nS0VJQ0FnSURYdU5MU2RBEAE,5,Bagus sekaliKamar: 5Layanan:… Lainnya,bagus layan,positif
ChdDSUhNMG9nS0VJQ0FnSURYNk5URHFnRRAB,5,Pokonya nyaman bangetKamar: 5Layanan:… Lainnya,poko nyaman banget layan,positif
ChZDSUhNMG9nS0VJQ0FnSUNYbjViemZREAE,5,Saya jemput cewek saya dan katanya bagusJenis perjalananBisnis… Lainnya,jemput cewek bagus,positif
ChdDSUhNMG9nS0VJQ0FnSUNYbzZXRzdBRRAB,5,Hotel yang menyenangkanJenis perjalananLiburan… Lainnya,hotel senang,positif
ChZDSUhNMG9nS0VJQ0FnSUNFdjlQNEx3EAE,5,Yang terbaik di kota ❤️Jenis perjalananBisnis… Lainnya,kota,positif
ChdDSUhNMG9nS0VJQ0FnSUNYbFltZG5RRRAB,5,Pelayanan dengan memanjakan tamunyaJenis perjalananLiburan… Lainnya,layan manja tamu,positif
ChZDSUhNMG9nS0VJQ0FnTURvOTRHQ0p3EAE,5,"Saya memiliki ekspektasi tinggi karena ini adalah hotel yang sering dikunjungi oleh keluarga Kekaisaran, tetapi pengalaman menginap saya melebihi ekspektasi tersebut. Ada beberapa hal yang perlu dicatat, tetapi yang terbaik adalah keramahan staf hotel.",milik ekspektasi hotel kunjung keluarga kaisar alam inap catat ramah staf,positif
ChZDSUhNMG9nS0VJQ0FnSUNYZ01xZlZBEAE,5,MantapKamar: 5Layanan: 5… Lainnya,mantap,positif
ChZDSUhNMG9nS0VJQ0FnSURubTl2TkRnEAE,5,"Hotel terbaik di Jogja sejauh ini. Kebersihan kamar dan area, staf, layanan, dan fasilitasnya luar biasa. Kami mencoba makanannya dan semuanya enak. Sarapannya enak. Banyak pilihan. Hanya saja lokasinya agak jauh dari Malioboro dan Keraton, tempat Anda bisa berjalan kaki dan menikmati suasana Jogja di malam hari. Saya suka tempat ini. Lainnya",hotel jogja bersih kamar area staf layan fasilitas coba makan enak sarapan pilih lokasi malioboro keraton jalan kaki nikmat suasana malam suka,positif
ChZDSUhNMG9nS0VJckJtc19PNE8yMmV3EAE,5,Fasilitas di pusat kota Yogyakarta cukup bagus!,fasilitas pusat kota yogyakarta bagus,positif
ChdDSUhNMG9nS0VJQ0FnSURNbHM2UmpRRRAB,5,Istimewa dan luarbiasaKamar: 5Layanan:… Lainnya,istimewa layan,positif
ChZDSUhNMG9nS0VJQ0FnSURuLW9qMUJnEAE,5,Pelayanan okGrup perjalananKeluarga… Lainnya,layan,positif
ChZDSUhNMG9nS0VJQ0FnSURudVBfSEdREAE,5,Selalu terbaik sarapannya kamarnyaKamar: 5… Lainnya,sarapan kamar,positif
ChZDSUhNMG9nS0VJQ0FnSUNueS1yT2ZnEAE,5,"Salah satu hotel terbaik di Yogyakarta, dekat dengan UGMKamar: 5… Lainnya",salah hotel yogyakarta ugmkamar,positif
ChZDSUhNMG9nS0VJQ0FnSUNucmVYZFp3EAE,5,NyamanKamar: 5Layanan: 5… Lainnya,nyaman,positif
ChZDSUhNMG9nS0VJQ0FnTURvdjhtX0pREAE,5,"Wow, hotel yang indah sekali! |Begitu masuk, hotel ini tidak hanya terlihat indah, tetapi juga berbau harum! |Anda akan disambut dengan sangat ramah, dan mereka selalu siap membantu. |Kamar-kamarnya sangat bersih dan mewah! Dan sarapannya … Baca ulasan lainnya di Tripadvisor",hotel indah masuk lihat harum sambut ramah bantu kamar bersih mewah sarapan baca ulas tripadvisor,positif
ChZDSUhNMG9nS0VJQ0FnSUNucGZ6VERnEAE,5,"Kamar tidur yang luas dan suasana yang nyaman. Terletak di dekat Tugu, hotel ini menawarkan nuansa tradisional Yogyakarta. Saat sarapan, Anda dapat menikmati cita rasa es krim Tolak Angin yang unik, sangat direkomendasikan. Lainnya",kamar tidur luas suasana nyaman letak tugu hotel tawar nuansa tradisional yogyakarta sarapan nikmat cita krim tolak angin unik rekomendasi,positif
ChZDSUhNMG9nS0VJQ0FnSUNuMlpuZ0xnEAE,1,"Sama sekali tidak memenuhi harapan. Mencoba meminta pembersihan kamar pada titik tertentu, akurasinya hampir 0%, menunggu di luar karena layanannya terlambat. Mereka menyebutkan untuk mencatat layanan merapikan tempat tidur, mereka ingin … Lainnya",penuh harap coba bersih kamar titik akurasi tunggu layan lambat catat rapi tidur,negatif
ChZDSUhNMG9nS0VJQ0FnSUNuNmNUTVl3EAE,4,"Mereka memberi Anda tiga minuman ringan gratis di lemari es, tetapi mereka tidak menentu. Suatu hari mereka memberi Anda dua macaron, hari lain tidak ada apa-apa, hari lain sepotong buah, lalu tidak ada lagi... Saya meminta teh chamomile … Lainnya",minum ringan gratis lemari macaron potong buah chamomile,positif
ChdDSUhNMG9nS0VJQ0FnSUNubHZiUmlnRRAB,5,TerbaikKamar: 5Layanan: 5… Lainnya,,positif
ChZDSUhNMG9nS0VJQ0FnSUNNa1kzUUJnEAE,5,Anda mendapatkan apa yang Anda bayar.Kamar: 5… Lainnya,bayar,positif
ChdDSUhNMG9nS0VJQ0FnSUNuZ3A3V293RRAB,5,Indah dan premium sekaliJenis perjalananBisnis… Lainnya,indah premium,positif
ChZDSUhNMG9nS0VJQ0FnSUNuNk9QT1lBEAE,5,Hotel yang sangat bagusJenis perjalananLiburan… Lainnya,hotel bagus,positif
ChdDSUhNMG9nS0VJQ0FnSUNub002ODBBRRAB,5,El Kecepatan was here,cepat here,positif
ChdDSUhNMG9nS0VJQ0FnSURIMjhhQ3NRRRAB,5,NyamanKamar: 5Layanan: 5… Lainnya,nyaman,positif
ChZDSUhNMG9nS0VJQ0FnSURIdWFtak1BEAE,5,"Menginap di kamar Premier yang sangat luas, dengan 2 tempat tidur queen, dan mampu menampung 4 orang dewasa. Lounge eksekutifnya bagus, restoran utamanya luar biasa, dan semua makanannya sempurna. Pelayanannya luar biasa, baik di lounge … Lainnya",inap kamar premier luas tidur queen tampung orang dewasa lounge eksekutif bagus restoran utama makan sempurna layan,positif
ChdDSUhNMG9nS0VJQ0FnSURIOFpXWGhnRRAB,4,Oke bangeetJenis perjalananLiburan… Lainnya,bangeet,positif
ChdDSUhNMG9nS0VNUHo0dTJfb19pbTNBRRAB,5,Kami memiliki pengalaman yang benar-benar luar biasa selama menginap di hotel Tentrem. Sarapannya menyajikan berbagai macam masakan tradisional Indonesia dan Yogyakarta yang melebihi ekspektasi kami. Restoran di tepi kolam renang memberikan … Baca ulasan lainnya di Tripadvisor,milik alam inap hotel tentrem sarapan saji masak tradisional indonesia yogyakarta ekspektasi restoran tepi kolam renang baca ulas tripadvisor,positif
ChdDSUhNMG9nS0VJQ0FnTURvdjRtbS1BRRAB,5,"Saya memiliki pengalaman yang benar-benar luar biasa selama menginap di hotel ini. | Sarapannya melebihi ekspektasi saya, dengan berbagai hidangan Indonesia dan hidangan tradisional Yogyakarta. Makanan, minuman, dan suasana restoran di tepi … Baca ulasan lainnya di Tripadvisor",milik alam inap hotel sarapan ekspektasi hidang indonesia tradisional yogyakarta makan minum suasana restoran tepi baca ulas tripadvisor,positif
ChdDSUhNMG9nS0VJQ0FnSUNfcFlIdm5BRRAB,5,"Lokasi bagus, kamar tidur berukuran baik, dan staf sangat ramah, sangat direkomendasikan. Banyak pilihan makanan di dekatnya dan beberapa buka 24 jam juga. Transportasinya nyaman.",lokasi bagus kamar tidur ukur staf ramah rekomendasi pilih makan buka transportasi nyaman,positif
ChdDSUhNMG9nS0VJQ0FnSURIcEpyNzZnRRAB,5,Mantafff...nyaman,mantaf nyaman,positif
ChdDSUhNMG9nS0VJQ0FnSUNIaF9URWdBRRAB,5,Ini adalah tempat yang bagus untuk liburan dan segarJenis perjalananBi… Lainnya,bagus libur segar,positif
ChdDSUhNMG9nS0VJQ0FnSUNIdTVteHh3RRAB,5,Menu makanannya banyak & bervariasi. 👍🏻👍🏻👍🏻👍🏻 …Jenis perjalananB… Lainnya,menu makan variasi,positif
ChZDSUhNMG9nS0VJQ0FnSUNINWZHYUh3EAE,5,Seminar disini.. Suasana nya jawa .. Ada iringan gendhing pas pulang,seminar suasana jawa iring gendhing pulang,positif
ChZDSUhNMG9nS0VJQ0FnSUNIcFozaGFBEAE,5,"Nyaman, pelayanan sangat baikJenis perjalananBisnis… Lainnya",nyaman layan,positif
ChdDSUhNMG9nS0VJQ0FnSUNIcFkzYThRRRAB,5,Wah👍 …Kamar: 5Layanan: 5… Lainnya,,positif
ChZDSUhNMG9nS0VJQ0FnSUNIZ2JLS0hnEAE,5,Pelayanan supeer... 🩷🩷🩷 …Jenis perjalananBisnis… Lainnya,layan supeer,positif
ChZDSUhNMG9nS0VJQ0FnSUNIcnY3SUx3EAE,5,Hotelnya bagus. Kunjungi toko suvenir untuk membeli beberapa makanan khas Tolak-angin.Jenis perjalan… Lainnya,hotel bagus kunjung toko suvenir beli makan khas tolak angin jenis jalan,positif
ChdDSUhNMG9nS0VJQ0FnSUNILUlXcDl3RRAB,5,Memang kerenJenis perjalananLiburan… Lainnya,keren,positif
ChdDSUhNMG9nS0VJQ0FnSUQ3aF9DdXRnRRAB,5,Salah satu hotel terbaik di jogjaKamar: 5… Lainnya,salah hotel jogja,positif
ChZDSUhNMG9nS0VJQ0FnSUQ3dS0tY09BEAE,5,Sangat memuaskanJenis perjalananLiburan… Lainnya,puas,positif
ChZDSUhNMG9nS0VJQ0FnSUQ3cy1iM0NnEAE,3,"Petugas resepsionisnya inisial R, tampak tidak belum berpengalaman.Jenis perjalanan… Lainnya",tugas resepsionis inisial alam,netral
ChdDSUhNMG9nS0VJQ0FnSUQ3cy1qb3lRRRAB,5,Pengalaman menarikKamar: 5Layanan:… Lainnya,alam tarik layan,positif
ChdDSUhNMG9nS0VJQ0FnSUQ3allxa2tnRRAB,5,Luar biasa dari ujung kepala sampai ujung kaki. Pilihanku yang sempurnaKamar: 5… Lainnya,ujung kepala kaki pilih sempurna,positif
ChZDSUhNMG9nS0VJQ0FnSUQ3LVluR1JBEAE,5,"Hotel Tentrem melampaui ekspektasi kami yang sederhana dan memberikan pengalaman yang luar biasa, menjadikan masa inap kami benar-benar berkesan. Kombinasi akomodasi mewah dan layanan prima menciptakan pengalaman yang luar biasa. Ketika … Lainnya",hotel tentrem lampau ekspektasi sederhana alam inap kesan kombinasi akomodasi mewah layan prima cipta,positif
ChdDSUhNMG9nS0VJQ0FnSUQ3bWNLbTJ3RRAB,5,"Datang pas kondangan, pelayanan bagus, parkir luasKamar: 5… Lainnya",kondangan layan bagus parkir luas,positif
ChRDSUhNMG9nS0VJQ0FnSUQ3X3ZFeBAB,5,"Bagus, pelayanan bagusJenis perjalananBisnis… Lainnya",bagus layan,positif
ChdDSUhNMG9nS0VJQ0FnSUQ3bHVESDJRRRAB,5,Hotel yang bagus dan staf yang luar biasa!Kamar: 5… Lainnya,hotel bagus staf,positif
ChZDSUhNMG9nS0VJQ0FnSURMMjV5RUd3EAE,5,Sangat nyamanJenis perjalananLiburan… Lainnya,nyaman,positif
ChdDSUhNMG9nS0VJQ0FnSUNfeGYtdXNBRRAB,3,"Kamar yang kami tempati tidak kedap suara. Sangat berisik hingga larut malam (sekitar jam 1 pagi). Di sebelah kamar ada anak kecil yang tidak berhenti menangis dan berteriak. Di kamar atas, kami bisa mendengar mereka membuka dan menutup … Baca ulasan lainnya di Trip.com",kamar kedap suara berisik larut malam pagi belah henti menang teriak dengar buka tutup baca ulas trip,netral
ChZDSUhNMG9nS0VJQ0FnSUM3el95N1lnEAE,5,"Mungkin salah satu hotel terbaik yang pernah kami tinggali. Semua stafnya luar biasa, tanpa terkecuali. Pilihan sarapannya sangat beragam. Kolam renangnya fantastis. Gym-nya juga sangat besar. Bahkan sempat menonton Deddy Dhukun tampil, jadi apa lagi yang dibutuhkan? Lainnya",salah hotel tinggal staf kecuali pilih sarapan ragam kolam renang fantastis tonton deddy dhukun tampil butuh,positif
ChRDSUhNMG9nS0VJQ0FnSUNfcGNaQRAB,5,Kami sangat menyukai minuman selamat datang saat pertama kali check-in dan kejutan-kejutan manis kecil yang kami terima setiap malam saat kembali ke hotel!,suka minum selamat kali check kejut manis terimakasih malam hotel,positif
ChdDSUhNMG9nS0VJQ0FnSUM3eF9HTzZRRRAB,5,Lingkungan sangat mewah dan nyamanJenis perjalananLiburan… Lainnya,lingkung mewah nyaman,positif
ChdDSUhNMG9nS0VJQ0FnTURvMzV5WDlBRRAB,5,"Hotel yang bergaya, tenang, pelayanan prima, Wi-Fi prima, dan makanan Indonesia otentik di jantung Yogyakarta. Sebuah oase sejati. Spa mereka sangat menyenangkan. Para terapis pijatnya tahu cara memberikan perawatan yang benar-benar menenangkan. Alasan untuk kembali lagi!",hotel gaya tenang layan prima wifi makan indonesia otentik jantung yogyakarta buah oase sejati senang terap pijat awat alas,positif
ChZDSUhNMG9nS0VJQ0FnSUM3d2FPeEhREAE,5,Tempat yang nyaman dengan suasana tradisionalJenis perjalananBisnis… Lainnya,nyaman suasana tradisional,positif
ChZDSUhNMG9nS0VJQ0FnSUM3cEtpeEdBEAE,5,Mewah bikin betahJenis perjalananLiburan… Lainnya,mewah bikin betah,positif
ChdDSUhNMG9nS0VJQ0FnSUM3MkxUa3hnRRAB,5,"Hotel yang luar biasa.. Dilengkapi dengan sarapan gratis ""sarapan layaknya raja"" 👍👍👍 …Jenis perjala… Lainnya",hotel lengkap sarapan gratis layak raja jenis jala,positif
ChdDSUhNMG9nS0VJQ0FnSURiMTlYVnJnRRAB,5,"Setiap desainnya sangat unik, layak untuk menginap di sini, setidaknya 2 malam untuk menikmati fasilitasnya. Lainnya",desain unik layak inap malam nikmat fasilitas,positif
ChZDSUhNMG9nS0VJQ0FnSURicDR6RUNBEAE,5,"Nikmati sarapan lezat di Hotel Tentrem, area yang luas, sangat nyaman dan menawarkan begitu banyak variasi dan hidangan lokal berkualitas baik seperti Kupat Tahu, Gudeg, Rawon atau Soto, Roti Kukus, jajan Pasar dan harus mencoba dawet ireng dan Es Krim Tolak Angin. 👍👍 … Lainnya",nikmat sarapan lezat hotel tentrem area luas nyaman tawar variasi hidang lokal kualitas kupat gudeg rawon soto roti kukus jajan pasar coba dawet ireng krim tolak angin,positif
ChdDSUhNMG9nS0VJQ0FnSURieDdDUjNnRRAB,4,"Keren,nyaman banyak fasilitasnya juga.
Sayang financ nya lumayan.Jenis perjalanan… Lainnya",keren nyaman fasilitas sayang financ lumayan,positif
ChdDSUhNMG9nS0VJQ0FnSURidmZEdDhnRRAB,5,Rapi dan bersih dan nyaman,rapi bersih nyaman,positif
ChZDSUhNMG9nS0VJQ0FnSURicmVyZ0hBEAE,5,Semuanya bagusKamar: 5Layanan:… Lainnya,bagus layan,positif
ChZDSUhNMG9nS0VJQ0FnSURidGFpZUJBEAE,5,Hotelnya keren abis dahJenis perjalananBisnis… Lainnya,hotel keren,positif
ChdDSUhNMG9nS0VJQ0FnSUNCMy16S2hBRRAB,5,"Fasilitas hotelnya lengkap. Ada kolam renang, pusat kebugaran, lapangan tenis, dan jacuzzi. Jangan lewatkan restoran dengan konsep makan sepuasnya. Menunya lezat dan lebih baik daripada menu sarapan mereka. Lainnya",fasilitas hotel lengkap kolam renang pusat bugar lapang tenis jacuzzi restoran konsep makan puas menu lezat sarapan,positif
ChdDSUhNMG9nS0VJQ0FnSURiNG9EeW13RRAB,5,terobsesi dengan tempat ini<3,obsesi,positif
ChZDSUhNMG9nS0VJQ0FnSURiM05DU1p3EAE,5,Suka sekali dan sepadan dengan harganyaJenis perjalananBisnis… Lainnya,suka padan harga,positif
ChZDSUhNMG9nS0VJQ0FnSURiMUpidkp3EAE,5,Kesini ke ballroom nya acara sharing time ustadz Hanan AtakiGrup perjalanan… Lainnya,kesini ballroom acara sharing time ustadz hanan atak,positif
ChZDSUhNMG9nS0VJQ0FnSURidU9xRFlREAE,5,"Di kamar tidak ada tanda-tanda bahwa produk Sidomuncul bisa dinikmati gratis. Tidak ada staf hotel yang memberi tahu saya, bahkan resepsionisnya. Mungkin menyediakan survei produk juga akan bermanfaat. Secara keseluruhan, pengalamannya luar biasa. Lainnya",kamar tanda produk sidomuncul nikmat gratis staf hotel resepsionis sedia survei manfaat alam,positif
ChZDSUhNMG9nS0VJQ0FnSURiNEtiOWZ3EAE,5,Mantapppp interior nya...kereeeennnnJenis perjalananLiburan… Lainnya,mantap interior keren,positif
ChdDSUhNMG9nS0VPT3l0ZmloMVp5ZzZ3RRAB,4,"Sarapannya enak, dengan berbagai macam hidangan Indonesia. Saya mencoba meminta mereka untuk memesan tempat di restoran luar, tetapi mereka tidak bisa. Apakah karena saya kurang berkomunikasi dengan baik? Tidak ada yang istimewa, tetapi ini hotel yang bagus.",sarapan enak hidang indonesia coba restoran komunikasi istimewa hotel bagus,positif
ChZDSUhNMG9nS0VJQ0FnSUNiNzZuaWZnEAE,5,Pelayanan memuaskanKamar: 5Layanan:… Lainnya,layan puas,positif
ChZDSUhNMG9nS0VJQ0FnSUNiejQtcUZREAE,5,Harga juga bintang 5Jenis perjalananLiburan… Lainnya,harga bintang,positif
ChZDSUhNMG9nS0VJQ0FnSUNiLThxMUJnEAE,5,Bagussss ♥️♥️Kamar: 5Layanan:… Lainnya,bagus layan,positif
ChZDSUhNMG9nS0VJQ0FnSUNiLV9pbWZREAE,5,"Tempatnya cocok banget buat liburan, sangat rekomen 🥰 …Jenis perjalanan… Lainnya",cocok banget libur rekomen,positif
ChdDSUhNMG9nS0VJQ0FnSUNidTV2aHFBRRAB,5,Luar biasa mengesankanKamar: 5Layanan:… Lainnya,kesan layan,positif
ChdDSUhNMG9nS0VJQ0FnSUNiNWV5T3JnRRAB,5,Sangat baikKamar: 5Layanan:… Lainnya,layan,positif
ChZDSUhNMG9nS0VJQ0FnSUNiaGVYYUhBEAE,5,Sangat bagus tempatnyaKamar: 5Layanan:… Lainnya,bagus layan,positif
ChdDSUhNMG9nS0VJQ0FnSUNiaGRtRGt3RRAB,5,mantap pokok nya,mantap,positif
ChdDSUhNMG9nS0VJQ0FnSUNiLWRPY3V3RRAB,5,bagus bgtJenis perjalananLiburan… Lainnya,bagus banget,positif
ChdDSUhNMG9nS0VJQ0FnSUNiLWZTR2l3RRAB,5,"Menginap di hotel mewah ini selama 3 malam di Yogyakarta. Dari check-in hingga check-out, tidak ada masalah sama sekali. Pelayanannya cepat dan menyenangkan. Di lobi, terdapat konter jamu untuk Anda mencoba jamu yang tersedia. Hotel ini … Lainnya",inap hotel mewah malam yogyakarta check layan cepat senang lobi konter jamu coba sedia,positif
ChdDSUhNMG9nS0VJQ0FnSUNidWRmTzBnRRAB,5,Nyaman dan menyenangkanKamar: 5Layanan:… Lainnya,nyaman senang layan,positif
ChdDSUhNMG9nS0VJQ0FnSUNidWVtbjJnRRAB,5,Mantap kali tempatnyaKamar: 5Layanan:… Lainnya,mantap kali layan,positif
ChZDSUhNMG9nS0VJQ0FnSUNiMmV6SEtBEAE,5,Tempatnya superrr bagusssss dan ballroomm mewahhhhhJenis perjalananLib… Lainnya,super bagus ballroomm mewah,positif
ChdDSUhNMG9nS0VJQ0FnSUNic2QyTG9nRRAB,5,NyamanKamar: 5Layanan: 5… Lainnya,nyaman,positif
ChZDSUhNMG9nS0VJQ0FnSUNic2MyNEhnEAE,5,Oke sekali dan recomendedJenis perjalananLiburan… Lainnya,recomended,positif
ChZDSUhNMG9nS0VJQ0FnSUNia2QyMklBEAE,5,"Dari gambar yang ada, saat ini Hotel Tentrem Yogyakarta mewah, tenang dan fasilitas okKamar: … Lainnya",gambar hotel tentrem yogyakarta mewah tenang fasilitas kamar,positif
ChdDSUhNMG9nS0VJQ0FnSUNBdmZMcHpBRRAB,5,"Layanan, kamar, dan fasilitasnya luar biasa. Sarapan prasmanannya luar biasa dengan banyak pilihan lokal! Lainnya",layan kamar fasilitas sarapan prasmanan pilih lokal,positif
ChZDSUhNMG9nS0VJQ0FnSUNibnQzZmVREAE,5,Tempatnya nyaman dan ramahKamar: 5… Lainnya,nyaman ramah,positif
ChdDSUhNMG9nS0VJQ0FnSUNibnJtZ3lRRRAB,5,"Keren banget tempatnya oke, rekomended banget buat travelerJenis perjalanan… Lainnya",keren banget rekomended traveler,positif
ChdDSUhNMG9nS0VJQ0FnSUNibnBuOHFBRRAB,5,Hotelnya nyaman cocok untuk keluarga.Jenis perjalananLiburan… Lainnya,hotel nyaman cocok keluarga,positif
ChdDSUhNMG9nS0VJQ0FnSUNicnFtWTN3RRAB,5,KerenKamar: 5Layanan: 5… Lainnya,keren,positif
ChdDSUhNMG9nS0VJQ0FnSUNianQtdHR3RRAB,4,Kamar-kamarnya bagus. Dilengkapi balkon. Kamar mandinya bersih dan banyak ruang untuk keluarga. Termasuk tempat tidur besar. Lantai karpet dan bak mandinya bisa lebih baik. Pelayanannya cukup baik. Tersedia layanan kebersihan kamar dan … Lainnya,kamar bagus lengkap balkon mandi bersih ruang keluarga masuk tidur lantai karpet layan sedia,positif
ChdDSUhNMG9nS0VJQ0FnSUNiaHYzRjdRRRAB,5,Merekomendasikan,rekomendasi,positif
ChdDSUhNMG9nS0VJQ0FnSUNiaHNIU21nRRAB,5,MantabKamar: 5Layanan: 5… Lainnya,bagus,positif
ChZDSUhNMG9nS0VJQ0FnSUNiLW9YY1J3EAE,5,Sangat bagusKamar: 5Layanan:… Lainnya,bagus layan,positif
ChdDSUhNMG9nS0VJQ0FnSUNic3RPNm53RRAB,5,BagusKamar: 5Layanan: 5… Lainnya,bagus,positif
ChdDSUhNMG9nS0VJQ0FnSUNiMHBib3ZRRRAB,4,"Mmm...
Reaksi saya terhadap menginap di Tentrem ternyata beragam. Desainnya jelas bagus dan menarik bagi pasar nasional yang kaya, tapi kurang cocok untuk pasar … Lainnya",reaksi hadap inap tentrem nyata ragam desain bagus tarik pasar nasional kaya cocok,positif
ChZDSUhNMG9nS0VJQ0FnSUNia29pRUxnEAE,5,"Layanan mereka tetap prima, mulai dari resepsionis hingga check-out.
Kamarnya luas, sarapannya beragam (modern, barat, tradisional), dan lokasinya strategis. Jangan lupa juga minibar (air mineral & minuman sehat) untuk Anda. Lainnya",layan prima resepsionis check kamar luas sarapan ragam modern barat tradisional lokasi strategis lupa minibar mineral minum sehat,positif
ChdDSUhNMG9nS0VJQ0FnSUNiaElhVmpnRRAB,5,Tempat yang bagusKamar: 5Layanan:… Lainnya,bagus layan,positif
ChZDSUhNMG9nS0VJQ0FnSUNiaEliNVNBEAE,5,Fasilitas sangat nyaman dan pelayanan sangat bagusJenis perjalananLibu… Lainnya,fasilitas nyaman layan bagus,positif
ChdDSUhNMG9nS0VJQ0FnSUNibU5tSnVRRRAB,5,Tempat menginap super nyamanJenis perjalananLiburan… Lainnya,inap super nyaman,positif
ChZDSUhNMG9nS0VQbms5NkhyNkpiRVlREAE,5,Dari kota-kota wisata,kota wisata,positif
ChZDSUhNMG9nS0VJQ0FnTURvcjYtTGRBEAE,5,"Hotel ini memiliki segalanya yang sempurna dan membuat Anda merasa benar-benar nyaman. Stafnya sangat membantu, ramah, dan akomodatif dalam segala hal, mulai dari mengatur wisata hingga menangani penyakit. Mereka menghubungi rumah sakit, … Baca ulasan lainnya di Tripadvisor",hotel milik sempurna nyaman staf bantu ramah akomodatif atur wisata tangan sakit hubung rumah baca ulas tripadvisor,positif
ChZDSUhNMG9nS0VJQ0FnSUNyLXN1eEtnEAE,5,"Saya menikmati masa inap yang menyenangkan di Hotel Tentrem saat menghadiri lokakarya. Stafnya sopan, sangat akomodatif, dan sangat ramah serta hangat, selalu dengan senyum hangat. Kamar yang saya tempati (Deluxe King) terasa luas dan … Lainnya",nikmat inap senang hotel tentrem hadir lokakarya staf sopan akomodatif ramah hangat senyum kamar deluxe king luas,positif
ChZDSUhNMG9nS0VJQ0FnSURqaHA2ZU1REAE,5,"Agak tua tapi terawat baik. Saya suka kamarnya yang luas dan kamar twin deluxe-nya praktis bisa muat 4 orang. Pusat kebugarannya juga bagus dengan banyak peralatan. Pelayanannya selalu sangat baik, seperti semua hotel di Yogyakarta. Lainnya",awat suka kamar luas twin deluxe praktis muat orang pusat bugar bagus alat layan hotel yogyakarta,positif
ChZDSUhNMG9nS0VJQ0FnSURkejUzUUlnEAE,5,"Suami saya dan saya sangat puas dengan hotel ini. Stafnya sangat sopan, sarapannya luar biasa, dan kamarnya bagus. Pasti akan kembali lagi kalau ke Yogyakarta. Pujian untuk staf di restoran (mas Raka), yang selalu datang ke meja kami untuk … Lainnya",suami puas hotel staf sopan sarapan kamar bagus yogyakarta puji restoran raka meja,positif
ChdDSUhNMG9nS0VJQ0FnSUREMnMzR213RRAB,5,"Hotel yang bagus di Yogyakarta dengan layanan yang luar biasa, terutama untuk anak-anak. Putra kami sangat menikmati kolam renang dan taman bermain anak-anak. Kamar-kamarnya berukuran luas dan sarapan prasmanannya menawarkan banyak pilihan. Lainnya",hotel bagus yogyakarta layan utama putra nikmat kolam renang taman main kamar ukur luas sarapan prasmanan tawar pilih,positif
ChZDSUhNMG9nS0VJQ0FnTURRZ05hUkdBEAE,5,"Saya menginap di sini bersama putri saya selama tiga malam. Kamarnya indah, luas, dan nyaman. Ada kolam renang yang cantik tempat Anda bisa bersantai. Stafnya sangat ramah. Mereka benar-benar bersedia melakukan apa saja untuk Anda dan … Baca ulasan lainnya di Tripadvisor",inap malam kamar indah luas nyaman kolam renang cantik santa staf ramah sedia laku baca ulas tripadvisor,positif
ChZDSUhNMG9nS0VJQ0FnSUR6cU5pS1l3EAE,5,"Baru-baru ini saya berkesempatan menginap di Hotel Tentrem Yogyakarta, dan saya bisa dengan yakin mengatakan bahwa ini adalah salah satu hotel terbaik yang pernah saya kunjungi. Sejak pertama kali tiba, layanan yang sempurna dan keramahan … Lainnya",inap hotel tentrem yogyakarta salah kunjung kali layan sempurna ramah,positif
ChdDSUhNMG9nS0VJQ0FnSURwblB2Q3hBRRAB,5,"Kamar berukuran besar dengan layanan yang penuh perhatian. Sarapannya memang lezat, tetapi sebagian besar adalah favorit lokal. Saya suka kedai kopi dan jus.
Pusat kebugarannya lengkap. Ruang ganti perlu direnovasi, terlihat tua. Kolam … Lainnya",kamar ukur layan penuh perhati sarapan lezat favorit lokal suka kedai kopi pusat bugar lengkap ruang ganti renovasi lihat kolam,positif
ChdDSUhNMG9nS0VJQ0FnTURvai1PMmlnRRAB,5,"Kami menginap di Hotel Tentrem selama 2 malam sebagai basis untuk mengunjungi candi Borobudur dan Prambanan. Saya sangat merekomendasikan hotel ini. Lokasinya sangat bagus, sarapannya luar biasa, meskipun sebagian besar masakan Asia, tetapi … Baca ulasan lainnya di Tripadvisor",inap hotel tentrem malam basis unjung candi borobudur prambanan rekomendasi lokasi bagus sarapan masak asia baca ulas tripadvisor,positif
ChZDSUhNMG9nS0VJQ0FnSURMa3BQWVRnEAE,5,Sarapannya luar biasa. Anda bisa menikmati beragam hidangan lokal Jawa berkualitas tinggi. Staf dari lobi hingga hotel selalu siap membantu dan ramah. Lainnya,sarapan nikmat ragam hidang lokal jawa kualitas staf lobi hotel bantu ramah,positif
ChdDSUhNMG9nS0VJQ0FnSURwcEtDUjhBRRAB,5,"Lokasinya mudah ditemukan,
layanannya bagus.
harga yang harus Anda bayar sama dengan pelayanan baik yang Anda dapatkan. … Lainnya",lokasi mudah temu layan bagus harga bayar,positif
ChZDSUhNMG9nS0VJQ0FnSUR4bHNtUE5REAE,5,"(+) Tak bisa berkata-kata. Kamarnya sangat luas, terang, dan mewah. Fasilitasnya sangat lengkap. Stafnya sangat ramah dan makanannya lezat. Semua barang di kamar saya berfungsi dengan baik. Ini pengalaman pertama saya menginap di sini dan … Lainnya",kamar luas terang mewah fasilitas lengkap staf ramah makan lezat barang fungsi alam inap,positif
ChdDSUhNMG9nS0VJQ0FnSURobGFINHdRRRAB,5,"Ini salah satu hotel favorit saya, dan stafnya ramah dan sangat membantu. Menyenangkan karena mereka fasih berbahasa Inggris dan memberikan beberapa rekomendasi yang bagus. Aroma serainya begitu harum sehingga saya selalu berkomentar saat … Lainnya",salah hotel favorit staf ramah bantu senang fasih bahasa inggris rekomendasi bagus aroma serai harum komentar,positif
ChZDSUhNMG9nS0VJQ0FnSUNaOVBINlR3EAE,5,"Hotelnya sangat bagus, pelayanannya luar biasa, stafnya selalu sopan dan ramah, Anda akan merasa sangat disambut sejak pertama kali masuk hotel.
Kami diberi voucher untuk ditukarkan dengan gelato, camilan lokal yang lezat, … Lainnya",hotel bagus layan staf sopan ramah sambut kali masuk voucher tukar gelato camil lokal lezat,positif
ChdDSUhNMG9nS0VJQ0FnSURMajhmX213RRAB,5,"Lupakan perjuangan mencari tempat! Sebagai perencana pernikahan, kami sudah berpengalaman, tetapi Hotel Tentrem Yogyakarta adalah pilihan yang tepat. … Lainnya",lupa juang cari rencana nikah alam hotel tentrem yogyakarta pilih,positif
ChZDSUhNMG9nS0VJQ0FnSUNkd0lfREN3EAE,5,"Hotelnya sangat nyaman dan bersih, perhatian terhadap detail dalam menjaga aroma yang menyenangkan tidak luput dari perhatian, dan itu menambahkan sentuhan unik pada suasana keseluruhan. … Lainnya",hotel nyaman bersih perhati hadap detail jaga aroma senang luput sentuh unik suasana,positif
ChdDSUhNMG9nS0VJQ0FnSUR4bXJtaDhnRRAB,5,"Menginap di sini selama 3 malam. Lokasinya sangat strategis dan sangat dekat dengan pusat kota dan stasiun kereta api Yogyakarta. Kamarnya sangat luas, tempat tidurnya bersih dan empuk. Proses check-in cepat, antreannya tidak panjang. … Lainnya",inap malam lokasi strategis pusat kota stasiun kereta yogyakarta kamar luas tidur bersih empuk proses check cepat antre,positif
ChdDSUhNMG9nS0VJQ0FnSUNwN2FHXzh3RRAB,5,"Hotel ini jauh lebih memuaskan daripada hotel lain yang pernah saya tinggali. Lebih baik daripada hotel bintang lima mana pun di Jakarta, apalagi Korea. Dan harganya pun jauh lebih terjangkau... … Lainnya",hotel puas tinggal bintang jakarta korea harga jangkau,positif
ChdDSUhNMG9nS0VOcUpyS2pLNnNxNnVBRRAB,5,"Seprainya sangat nyaman, stafnya sangat ramah, dan para tamu diberi camilan Jawa sebagai suguhan gratis. Restoran Cinanya cukup bagus, dan pilihan sarapannya berlimpah, meskipun sebagian besar sereal dan rasa kari adalah masakan Indonesia. … Baca ulasan lainnya di Trip.com",seprai nyaman staf ramah tamu camil jawa suguh gratis restoran cina bagus pilih sarapan limpah real kari masak indonesia baca ulas trip,positif
ChZDSUhNMG9nS0VJQ0FnSUNodTYyUUd3EAE,5,"Kamarnya luas, pelayanannya bagus, sarapannya terbaik.
Satu hal lagi yang bisa saya tambahkan adalah kejujuran karyawan. Saya meninggalkan barang-barang saya di hotel, beberapa di antaranya sengaja dan satu lagi … Lainnya",kamar luas layan bagus sarapan jujur karyawan tinggal barang hotel sengaja,positif
ChdDSUhNMG9nS0VJQ0FnSUNCbDd2YjNBRRAB,5,"Hotel Tentrem Yogyakarta adalah tempat menginap yang luar biasa, dengan keramahan yang luar biasa dan beragam fasilitas. Saat tiba, stafnya sangat ramah dan menyambut. … Lainnya",hotel tentrem yogyakarta inap ramah ragam fasilitas staf sambut,positif
ChZDSUhNMG9nS0VJQ0FnTURvbi1XdFBREAE,5,"Hotel ini berada di atas standar bintang 5. Level yang berbeda. ||||Stafnya sangat perhatian, hampir tidak ada turis Eropa lain, dan kolam renangnya menakjubkan. ||||Kamarnya luas, bersih, dan sangat nyaman, dengan teras dan semua fasilitas … Baca ulasan lainnya di Tripadvisor",hotel standar bintang level beda staf perhati turis eropa kolam renang takjub kamar luas bersih nyaman teras fasilitas baca ulas tripadvisor,positif
ChdDSUhNMG9nS0VJQ0FnSURCM1BMWml3RRAB,5,"Sudah lama ingin mengunjungi hotel ini karena ulasan yang sangat baik dari rekan kerja. Kesan pertama, hotelnya sendiri tidak terlalu istimewa, tetapi keramahan dan layanannya benar-benar melebihi harapan. Fasilitasnya lengkap. Saya … Lainnya",unjung hotel ulas rekan kerja kesan istimewa ramah layan harap fasilitas lengkap,positif
ChdDSUhNMG9nS0VJQ0FnSURqNzRya3JBRRAB,5,"Sarapan hotel terbaik ada di sini!
Mereka menyajikan beragam makanan, dan menyajikan hidangan autentik dari penjual lokal ternama seperti gudeg Yu Djum dan soto Kadipiro. Belum lagi hidangan … Lainnya",sarapan hotel saji ragam makan hidang autentik jual lokal nama gudeg djum soto kadipiro,positif
ChZDSUhNMG9nS0VJQ0FnSUNCazdxYUlnEAE,5,"Hotel bintang 5 yang luar biasa! Toilet umum mereka sangat harum aromaterapinya. Sarapannya menawarkan banyak pilihan makanan. Kamar dan tempat tidurnya bagus. Sayangnya, TV-nya tidak sepenuhnya Smart TV. Pelayanannya sangat baik. Lainnya",hotel bintang toilet harum aromaterapinya sarapan tawar pilih makan kamar tidur bagus sayang sepenuh smart layan,positif
ChdDSUhNMG9nS0VJQ0FnSUNlOUxmeWp3RRAB,5,"Ini adalah hotel terbaik untuk saya. Hotelnya berkelas, menenangkan, dan nyaman, dan fasilitasnya luar biasa. Mereka bahkan memberi saya teh dan kue selamat datang, dan karena hari itu adalah hari ulang tahun saya, mereka memberi saya … Lainnya",hotel kelas tenang nyaman fasilitas selamat ulang,positif
ChZDSUhNMG9nS0VJQ0FnSURSOXJLdU9REAE,5,"Salah satu hotel terbaik di Yogyakarta. Banyak orang menginap di hotel ini untuk liburan. Desain bangunan modern, layanan yang ramah, dan fasilitas kamar hotel yang baik. Menu sarapannya lezat. Fasilitas kolam renangnya luas dan desain … Lainnya",salah hotel yogyakarta orang inap libur desain bangun modern layan ramah fasilitas kamar menu sarapan lezat kolam renang luas,positif
ChZDSUhNMG9nS0VJQ0FnSUNwcWFUVUN3EAE,5,"Kami menginap selama 4 malam di kamar eksekutif, dengan akses penuh ke lounge eksekutif. … Lainnya",inap malam kamar eksekutif akses penuh lounge,positif
ChdDSUhNMG9nS0VJQ0FnSURaMVlfdTFRRRAB,5,"Dari segi harga/kualitas, hotel ini sungguh menakjubkan.
Kamarnya luas dan indah, pelayanannya luar biasa.
Nasi goreng udang yang saya pesan di kamar mungkin salah satu makanan terbaik … Lainnya",segi harga kualitas hotel sungguh takjub kamar luas indah layan nasi goreng udang pesan salah makan,positif
ChZDSUhNMG9nS0VJQ0FnSUR5dkw3a01nEAE,5,"Hotel terbaik di kota Yogyakarta. Pelayanannya luar biasa, kamarnya luas, dan dekorasinya apik. Saya sangat menikmati menginap di sini. Sarapannya sungguh istimewa, hampir semua variasi yang ditawarkan adalah kualitas restoran bintang lima … Lainnya",hotel kota yogyakarta layan kamar luas dekorasi apik nikmat inap sarapan sungguh istimewa variasi tawar kualitas restoran bintang,positif
ChZDSUhNMG9nS0VJQ0FnSUNNdzg2UEh3EAE,5,"Ini adalah salah satu hotel yang saya rekomendasikan bagi mereka yang akan menginap bersama keluarga. Kamarnya sangat bagus dan luas. Mereka juga menyediakan berbagai perlengkapan mandi yang lengkap, bahkan salah satu yang terbaik sejauh … Lainnya",salah hotel rekomendasi inap keluarga kamar bagus luas sedia lengkap mandi,positif
ChZDSUhNMG9nS0VJQ0FnSURJbmVydVFnEAE,5,Mewah dan luas... hotel indah yang sayang untuk dilewatkan saat berada di Yogyakarta. Lokasinya juga strategis dan saya suka detail artistik hotelnya. … Lainnya,mewah luas hotel indah sayang yogyakarta lokasi strategis suka detail artistik,positif
ChZDSUhNMG9nS0VJQ0FnSURKX09Qa2ZnEAE,5,"Hotel terbaik yang pernah saya tinggali. Sangat bersih dan nyaman, stafnya sangat membantu. Ada banyak pilihan makanan untuk sarapan. Akan kembali lagi lain kali. Ngomong-ngomong, saya suka gelatonya :) Lainnya",hotel tinggal bersih nyaman staf bantu pilih makan sarapan kali ngomong suka gelatonya,positif
ChZDSUhNMG9nS0VJQ0FnSUNnMHBLdU5BEAE,5,"Selalu menjadi hotel favorit setiap kali kami di Yogyakarta. Kamarnya besar dan megah, makanannya enak dengan banyak pilihan, kolam renangnya luas, dan ruang bermain anak-anak di dalam ruangan sangat cocok untuk anak-anak. Yang terpenting, … Lainnya",hotel favorit kali yogyakarta kamar megah makan enak pilih kolam renang luas ruang main cocok,positif
ChdDSUhNMG9nS0VJQ0FnTURvdi1IMm5RRRAB,5,"Kami menghabiskan seminggu yang menyenangkan di hotel ini; pelayanannya, stafnya—semuanya benar-benar sempurna. Sangat ramah dan membantu. Saya sangat merekomendasikan hotel ini. Kamarnya berukuran cukup besar, perabotannya modern, tempat … Baca ulasan lainnya di Tripadvisor",habis minggu senang hotel layan staf sempurna ramah bantu rekomendasi kamar ukur perabot modern baca ulas tripadvisor,positif
ChZDSUhNMG9nS0VJQ0FnSUNfeGFuQ0RBEAE,5,Ini bukan kali pertama kami menginap di Tentrem Hotel. Setiap kali kami menikmati masa menginap kami. Keramahtamahan dan pelayanan yang diberikan oleh stafnya sangat sempurna. Teruslah berprestasi dan kami ingin kembali lagi.,kali inap tentrem hotel nikmat keramahtamahan layan staf sempurna prestasi,positif
ChdDSUhNMG9nS0VJQ0FnSUNXcjVIZ19RRRAB,5,"Pengalaman menginap yang luar biasa di Tentrem Hotel.
Kamarnya bersih, luas, dan tersedia minibar gratis.
Tempat tidurnya sangat nyaman. Kedap suaranya juga bagus. … Lainnya",alam inap tentrem hotel kamar bersih luas sedia minibar gratis tidur nyaman kedap suara bagus,positif
ChZDSUhNMG9nS0VJQ0FnSUR1aTlLRVlBEAE,5,"Hotel mewah dengan fasilitas lengkap. Suasana yang luar biasa saat datang ke sini.
Aroma harum di setiap sudut. … Lainnya",hotel mewah fasilitas lengkap suasana aroma harum sudut,positif
ChZDSUhNMG9nS0VJQ0FnTURvOTZhVExBEAE,5,"Lobi hotelnya sangat indah, dan fasilitas serta kamarnya luas dan sangat nyaman. |Kamar saya hanya memiliki shower, tetapi saya bisa menggunakan spa, dan tempatnya luas, bersih, dan saya bisa bersantai sambil menonton film, jadi saya … Baca ulasan lainnya di Tripadvisor",lobi hotel indah fasilitas kamar luas nyaman milik shower bersih santa tonton film baca ulas tripadvisor,positif
ChdDSUhNMG9nS0VJQ0FnTURvdjRhaWhBRRAB,5,"Jujur saja, saya tidak menyangka standar setinggi ini. Hotel mewah bintang 5 dengan kesan yang luar biasa. Semuanya sempurna. Bahkan melebihi standar bintang 5 kami adalah keramahan yang luar biasa dari semua staf, mulai dari resepsionis … Baca ulasan lainnya di Tripadvisor",jujur sangka standar hotel mewah bintang kesan sempurna ramah staf resepsionis baca ulas tripadvisor,positif
ChZDSUhNMG9nS0VJQ0FnSUNzcVlHS1NnEAE,5,"Hotel yang luar biasa! Bersih dan nyaman, layanan resepsionis dan concierge sangat memuaskan. Manajer Naomi sungguh luar biasa: ia selalu berusaha semaksimal mungkin untuk mengakomodasi kebutuhan Anda. Pilihan makanan dan kopinya beragam. … Lainnya",hotel bersih nyaman layan resepsionis concierge puas manajer naomi sungguh usaha maksimal akomodasi butuh pilih makan kopi ragam,positif
ChZDSUhNMG9nS0VJQ0FnTURvOTdIakZ3EAE,5,"Pengalaman yang ramah, makanan yang luar biasa. Saya menikmati minuman Asia yang sangat unik yang dicampur dengan rempah-rempah lokal. Ini adalah tempat yang bagus dan menyenangkan untuk liburan keluarga. Lokasinya hanya 15 menit dari Malioboro. Di hotel, ada Mbak Tika dan Mbak Away, yang juga luar biasa.",alam ramah makan nikmat minum asia unik campur rempah lokal bagus senang libur keluarga lokasi menit malioboro hotel tika away,positif
ChdDSUhNMG9nS0VJQ0FnSUN3aWZHcjJnRRAB,5,"Saya langsung jatuh cinta pada hotel megah ini sejak pertama kali menginjakkan kaki di gedungnya. Di lobi, saya bisa mencium aroma perpaduan serai dan jahe yang menenangkan dan merilekskan saya setelah seharian beraktivitas. Staf mereka … Lainnya",langsung jatuh cinta hotel megah kali injak kaki gedung lobi cium aroma padu serai jahe tenang rileks aktivitas staf,positif
ChZDSUhNMG9nS0VJQ0FnSUQ5bzYtNkZREAE,5,"Hotel yang sangat indah dengan fasilitas yang luar biasa seperti kolam renang, sauna, kolam air panas/dingin, pusat kebugaran, dan restoran. Stafnya sangat ramah dan membantu. Hotel mengizinkan kami menggunakan sauna, pusat kebugaran, dan kolam air panas/dingin bahkan setelah kami check-out. Sangat direkomendasikan.",hotel indah fasilitas kolam renang sauna panas dingin pusat bugar restoran staf ramah bantu izin check rekomendasi,positif
ChdDSUhNMG9nS0VJQ0FnSUMyeHZyVjJBRRAB,5,Hotel dan layanannya luar biasa. Minuman jamu selamat datangnya enak. Sarapannya luar biasa dengan banyak pilihan. Mereka juga menyajikan kopi spesial yang luar biasa. Suasana kamarnya klasik dan sedikit gelap karena sentuhan kayu di interiornya. Fasilitasnya sangat baik bagi mereka yang menyukai rempah-rempah dan herba. Lainnya,hotel layan minum jamu selamat enak sarapan pilih saji kopi spesial suasana kamar klasik gelap sentuh kayu interior fasilitas suka rempah herba,positif
ChZDSUhNMG9nS0VJQ0FnSURqN01hdmFnEAE,5,"Hotel yang bagus
Kelebihan: pusat kebugaran sangat lengkap, taman bermain anak-anak yang luas, restoran yang unik dengan masakan Jawa otentik … Lainnya",hotel bagus pusat bugar lengkap taman main luas restoran unik masak jawa otentik,positif
ChZDSUhNMG9nS0VJQ0FnSURnLXVyWGFBEAE,5,"Kalau kamu suka suasana mewah, kamu harus menginap di hotel ini. Semua fasilitas di sini bikin kamu nyaman. Aroma di lobinya enak banget, perpaduan jahe dan serai. Nuansa Jawanya kental banget di sini. Aku suka semua makanan saat sarapan.",suka suasana mewah inap hotel fasilitas bikin nyaman aroma lobi enak banget padu jahe serai nuansa jawanya kental makan sarapan,positif
ChdDSUhNMG9nS0VJQ0FnSURkb2NpNXVBRRAB,5,"Sudah lebih dari 10 kali saya menginap di hotel ini, ini adalah STAPLE! direkomendasikan oleh kamar yang nyaman dan sarapan yang luar biasa TAK TERBANDINGKAN! Luar biasa! Kudos kepada tim Lainnya",kali inap hotel staple rekomendasi kamar nyaman sarapan banding,positif
ChZDSUhNMG9nS0VJQ0FnSUNlMVp2UlNBEAE,5,"Saya tahu arti hotel bintang 5 berkat Hotel Tentrem. Mereka memenuhi kebutuhan dasar dengan tepat. Mereka punya solusi untuk kebutuhan kami. Stafnya bekerja sama untuk memenuhi kebutuhan kami. Rasanya lebih dari sekadar layanan, mereka … Lainnya",arti hotel bintang berkat tentrem penuh butuh dasar solusi staf kerja layan,positif
ChdDSUhNMG9nS0VJQ0FnSUNBOUs3MXJRRRAB,5,"Proses check-in dan check-out lancar dan cepat. Kamarnya luar biasa. Luas, bersih, dan tempat tidurnya nyaman. Hotel favorit saya di Yogyakarta dengan staf yang sangat ramah. Akan kembali lagi! (Menginap 17 Agustus 2017 di Kamar Executive Suite)",proses check lancar cepat kamar luas bersih tidur nyaman hotel favorit yogyakarta staf ramah inap agustus executive suite,positif
ChZDSUhNMG9nS0VJQ0FnSURHcll1UFB3EAE,5,"Hotel bintang 5 yang selalu memuaskan setiap kunjungan. Menu sarapannya lebih beragam, jus buah segar selalu menjadi favorit, pilihan jajanan pasar dan salad sangat cocok untuk menu diet. … Lainnya",hotel bintang puas kunjung menu sarapan ragam buah segar favorit pilih jajan pasar salad cocok diet,positif
ChZDSUhNMG9nS0VJQ0FnSURnNVB5WWVREAE,5,"Menurut saya ini adalah hotel terbaik di Yogyakarta. Suasananya sangat nyaman. Stafnya sangat baik dan ramah, bangunannya megah, restorannya bagus, dan ballroom-nya juga bagus. Kamarnya mewah dan sangat nyaman, dan banyak fasilitas hotel … Lainnya",hotel yogyakarta suasana nyaman staf ramah bangun megah restoran bagus ballroom kamar mewah fasilitas,positif
ChZDSUhNMG9nS0VJQ0FnSURSdzhib2VBEAE,5,"Hotel bintang 5 sungguhan, perawatan bintang 5, layanan bintang 5, sayang sekali kamar kami butuh waktu lama untuk dibersihkan, kamar siap pakai dengan harga 2,50... … Lainnya",hotel bintang sungguh awat layan sayang kamar butuh bersih pakai harga,positif
ChdDSUhNMG9nS0VJQ0FnSUN4ei1HY25RRRAB,5,"Benar-benar terpesona oleh Hotel Tentrem. LUAR BIASA dan sangat nyaman. Lokasinya sempurna untuk menjelajahi Yogya. Pusat kebugarannya luas, kolam renangnya sangat bagus. Dan sarapannya! Wow. Mereka juga memiliki staf yang luar biasa yang … Lainnya",pesona hotel tentrem nyaman lokasi sempurna jajah yogya pusat bugar luas kolam renang bagus sarapan milik staf,positif
ChZDSUhNMG9nS0VJQ0FnTURRZ09QN0pnEAE,5,Kami menginap beberapa malam di awal bulan madu kami. | Saya sangat merekomendasikan untuk menggunakan spa dan pijat pasangan mereka. Pengalaman yang luar biasa! | Kami juga pergi ke prasmanan Cina yang disajikan di restoran sekali … Baca ulasan lainnya di Tripadvisor,inap malam madu rekomendasi pijat pasang alam pergi prasmanan cina saji restoran baca ulas tripadvisor,positif
ChZDSUhNMG9nS0VJQ0FnSURRNXYzT0lREAE,5,"Tempat yang sejuk dan indah tentunya.
Bangunannya sangat bagus, saya suka bagaimana lantai dan dinding granit menyatu, arsitekturnya luar biasa. … Lainnya",sejuk indah bangun bagus suka lantai dinding granit arsitektur,positif
ChdDSUhNMG9nS0VJQ0FnSUQwMVBTRTBRRRAB,5,"Benar-benar hotel bintang 5, lengkap, lobi megah, kolam renang besar, dan pusat kebugaran yang luar biasa. Mereka juga punya ruang Jacuzzi besar dengan TV, hampir tidak ada orang di sana, belum lagi fasilitas ini buka 24 jam. Sarapannya enak dan mereka juga membuatkan kopi segar.",hotel bintang lengkap lobi megah kolam renang pusat bugar ruang jacuzzi orang fasilitas buka sarapan enak kopi segar,positif
ChdDSUhNMG9nS0VJQ0FnSUN4bjdDRThnRRAB,5,"Hotel terbaik di Yogyakarta, desain arsitekturnya unik dan keren. Pelayanannya juga sangat baik, begitu pula makanannya. Pasti akan kembali lagi. Lainnya",hotel yogyakarta desain arsitektur unik keren layan makan,positif
ChdDSUhNMG9nS0VJQ0FnSUN1bHBLS3RRRRAB,5,"Menginap 2 malam di sini bersama anak-anak, kamar cukup besar untuk 2 anak dengan 2 orang dewasa, dan semua fasilitas dari minibar gratis, pemandangan dari balkon adalah kolam renang. Sarapannya enak, banyak variasi makanan Indonesia, … Lainnya",inap malam kamar orang dewasa fasilitas minibar gratis pandang balkon kolam renang sarapan enak variasi makan indonesia,positif
ChZDSUhNMG9nS0VJQ0FnSUN3Nk1xWERREAE,5,"Kami sangat senang menginap di Hotel Tentrem. Stafnya sangat ramah, membantu, dan sopan. Saat menginap, kami membawa serta bayi laki-laki kami yang berusia 10 bulan, jadi kami membawa bekal makanannya. Stafnya sangat membantu dalam hal … Lainnya",senang inap hotel tentrem staf ramah bantu sopan bawa bayi laki usia bekal makan,positif
ChZDSUhNMG9nS0VJQ0FnSUNHNUttdEdnEAE,5,"Ruang tamu selalu dilengkapi dengan layanan yang sangat baik dan cepat, termasuk saat sarapan. … Lainnya",ruang tamu lengkap layan cepat masuk sarapan,positif
ChZDSUhNMG9nS0VJQ0FnSUN4NFB2eUlREAE,5,"Dua tahun berturut-turut sejak tahun lalu, saat Lebaran. Kami menginap di sini. Liburan tahun ini kami menghabiskan 8 hari di sini. Keramahannya sangat baik, makanannya enak. Suasananya cocok untuk keluarga. Kamarnya juga luas. Kami merekomendasikan untuk menginap di sini saat di Jogja 👍 … Lainnya",lebaran inap libur habis ramah makan enak suasana cocok keluarga kamar luas rekomendasi jogja,positif
ChdDSUhNMG9nS0VJQ0FnSUMteElTMnNnRRAB,5,"Taman bermain anak-anak mereka SANGAT BESAR!
Selain perpustakaan mini, taman bermain ini juga dilengkapi dengan perosotan, trampolin, 4 pistol angin, dan taman bermain 3 lantai. Para orang tua, bawalah … Lainnya",taman main pustaka mini lengkap perosot trampolin pistol angin lantai orang bawa,positif
ChdDSUhNMG9nS0VJQ0FnTUNRX18tcnN3RRAB,5,"Tempat yang fantastis untuk kembali setelah seharian penuh menikmati berbagai pengalaman. Akomodasinya sangat bagus, sarapannya benar-benar luar biasa, dan menunya beragam, begitu pula daftar anggurnya. Barnya memiliki suasana yang nyaman dan menu minuman yang lengkap.",fantastis penuh nikmat alam akomodasi bagus sarapan menu ragam daftar anggur milik suasana nyaman minum lengkap,positif
ChZDSUhNMG9nS0VJQ0FnSURBaXRQR0RnEAE,5,Hotel bintang lima yang mewah dengan sentuhan modern dan suasana etnik. Saya dan saudara perempuan saya menginap di sini sekitar 4 bulan yang lalu. Kami memesan Kamar Eksekutif dengan 2 tempat tidur besar dan 1 sofa bed. Toiletnya mewah dan … Lainnya,hotel bintang mewah sentuh modern suasana etnik saudara perempuan inap kamar eksekutif tidur sofa toilet,positif
ChdDSUhNMG9nS0VJQ0FnSUNHaVlhU3hBRRAB,5,"salah satu hotel terbaik di jogja. kamar bagus dan bersih, staf ramah, makanan enak dan suasana menyenangkan. banyak selebriti holywood menginap di hotel ini, jadi cobalah.",salah hotel jogja kamar bagus bersih staf ramah makan enak suasana senang selebriti holywood inap coba,positif
ChdDSUhNMG9nS0VJcUtxS25WLW8za3h3RRAB,4,"Pelayanan: Pelayanan luar biasa! Staf bahkan membawakan kami makanan penutup saat kedatangan! Sangat menyenangkan! Yang mengejutkan, suasananya sangat bagus: Lobi terang dan lapang, dan Anda bisa melihat kolam renang dari lantai atas! Fasilitas: Agak tua, beberapa bagian catnya mengelupas.",layan staf bawa makan tutup senang kejut suasana bagus lobi terang lapang lihat kolam renang lantai fasilitas kelupas,positif
ChZDSUhNMG9nS0VOeWRfTmkxc2RHRVdBEAE,4,Tidak pernah mengecewakan. Sarapannya lengkap sekali dan enak,kecewa sarapan lengkap enak,positif
ChZDSUhNMG9nS0VJQ0FnSUNfeGZ1bmZBEAE,4,"Saya sudah menginap di banyak hotel di berbagai negara, dan menurut saya, tidak berlebihan jika saya mengatakan bahwa staf Hotel Tentrem Yogyakarta adalah yang paling ramah di antara hotel-hotel lain yang pernah saya kunjungi. Anda harus … Baca ulasan lainnya di Trip.com",inap hotel negara staf tentrem yogyakarta ramah kunjung baca ulas trip,positif
ChZDSUhNMG9nS0VJQ0FnSUNfcGZTNGVREAE,4,"Pengalaman menginap yang luar biasa dengan keramahan yang hangat. Pelayanan yang hebat dari semua staf. Beragam makanan lokal yang lezat. Namun, kamar menunjukkan tanda-tanda usia dan penggunaan.",alam inap ramah hangat layan hebat staf ragam makan lokal lezat kamar tanda usia,positif
ChZDSUhNMG9nS0VJQ0FnSUNfeGVPSVFnEAE,4,"Kamarnya lumayan, hanya sedikit noda di sana-sini. Seperti di lantai dan bak mandi, juga ada beberapa helai rambut. Handuknya juga sepertinya sudah waktunya diganti, warnanya sudah tidak seputih dulu. Tapi sarapannya luar biasa! Kebersihan fasilitasnya juga bagus.",kamar lumayan noda lantai mandi helai rambut handuk ganti warna putih sarapan bersih fasilitas bagus,positif
ChZDSUhNMG9nS0VJQ0FnSUNEXzY3YUZ3EAE,4,"Hotelnya bagus, pelayanannya agak kurang konsisten tapi ramah, makanannya enak, gymnya sangat bagus. Kasurnya nyaman.",hotel bagus layan konsisten ramah makan enak gymnya kasur nyaman,positif
ChdDSUhNMG9nS0VJQ0FnSUNNcGZLMG53RRAB,4,"Menurutku yang enak kamar dan makanannya, top banget, asliii😂 tapi kurang lahan hijaunya. Pelayanan baik, ramah. …",enak kamar makan bagus banget asli lahan hijau layan ramah,positif
ChdDSUhNMG9nS0VJQ0FnSUNHaEluZHdnRRAB,4,Hotel yg enak diyogja....pelayanannya baik dan karyawannya sangat cekatan....harga nya ok lah....parkiran luas,hotel enak diyogja layan karyawan cekat harga parkir luas,positif
ChdDSUhNMG9nS0VJQ0FnSUR4Mk1IcDhnRRAB,4,"Hotel yg nyaman dan pelayanannya ramah, makanan sarapannya enak2Jenis perjalanan… Lainnya",hotel nyaman layan ramah makan sarapan enak,positif
ChZDSUhNMG9nS0VJQ0FnSUNBNjRmM1ZBEAE,4,"Hotel mewah & terbaik di Jogja, bus bisa masuk parkiran dalam, ramah tamah, sopan santun itu yg penting & kita dapatkan di hotel ini",hotel mewah jogja masuk parkir ramah tamah sopan santun,positif
ChdDSUhNMG9nS0VJQ0FnSUN3b1AtYmhRRRAB,4,"Nyamannn.. Enakk t4nya. Ada menu tradisional, jajan pasar jg ada d bgn breakfastnya dan da jamu tradisionalnya",nyaman enak menu tradisional jajan pasar breakfastnya jamu,positif
ChdDSUhNMG9nS0VJQ0FnSURDNEstX3BRRRAB,4,Hotel Bagus dalam pelayanan staf.kamar bersih parkir luar.lokasi strategis dekat dgn tugu jogya jg malioboro,hotel bagus layan staf kamar bersih parkir lokasi strategis tugu jogya malioboro,positif
ChdDSUhNMG9nS0VJQ0FnSUNJenBtQWtRRRAB,4,Mewah hotel ini..dengan desain khas jogja..tp mahal harga per malamnya...dan tempat ini berada di tengah kota..harga aja mmng masalahnya,mewah hotel desain khas jogja mahal harga malam kota mmng,positif
ChZDSUhNMG9nS0VJQ0FnSUNoaTV2SFV3EAE,4,Hotel bagus.pelayanan bagus. Recomend untuk yng mau wisata atau bisnis ke jogja,hotel bagus layan recomend wisata bisnis jogja,positif
ChdDSUhNMG9nS0VJQ0FnSURBemVETDlnRRAB,4,"Tempat mewah, kolam renang ok punya. Pelayanan ramah, restoran bersih dan makanan lumayan lah.",mewah kolam renang layan ramah restoran bersih makan lumayan,positif
ChdDSUhNMG9nS0VJQ0FnSUNRNXRuS21nRRAB,4,Pelayanan baik dan ramah. Hotel dekat dengan tempat wisata serta pusat kota. Jalanan menuju ke hotel macet.,layan ramah hotel wisata pusat kota jalan tuju macet,positif
ChZDSUhNMG9nS0VJQ0FnSURNanJleEx3EAE,4,Nyaman sekali di eksekutifnya cuma kurang 1 sekuritinya menyepelekan karena hanya membawa motor kesana,nyaman eksekutif sekuriti sepele bawa motor kesana,positif
ChdDSUhNMG9nS0VJQ0FnSUNzLWNYWV9nRRAB,4,"Hotelnya nya bagus sekali,sesuai kelasnya.
Pelayanan juga ramah dan baik.",hotel bagus sesuai kelas layan ramah,positif
ChdDSUhNMG9nS0VJQ0FnSURJM3RELW13RRAB,4,"Hotelnya bagus sih dilihat dari luar, nerada di lingkungan yang ga terlalu macet juga.",hotel bagus lihat nada lingkung macet,positif
ChdDSUhNMG9nS0VJQ0FnSUNNdnBIRndRRRAB,4,"Belum pernah nginap. Hanya mampir di belakang nya. Nanti kalau dah ngerasain nginep, tak tambah bintangnya",nginap mampir ngerasain nginep bintang,positif
ChZDSUhNMG9nS0VJQ0FnSUNpMzZTQUpREAE,4,"Bagus, menerapkan protokol, dapat free buah juga perkamar
Sayang WiFi suka lemot",bagus terap protokol free buah kamar sayang wifi suka,positif
ChZDSUhNMG9nS0VJQ0FnSURRczRTX05REAE,4,Hotel tentrem interiornya sangat bagus. Dan ballroomnya mewah. Soal pelayanan sudah bagus. Semuanya ramah.,hotel tentrem interior bagus ballroomnya mewah layan ramah,positif
ChdDSUhNMG9nS0VJQ0FnSURXNklTdjlBRRAB,4,"satpam sopan² kecuali yg bagian lobby, motor tdk boleh lama² cara menegurmya tdk sopan, ngga kaya satpam yg lain 👎 …",satpam sopan kecuali lobby motor menegurmya ngga kaya,positif
ChdDSUhNMG9nS0VJQ0FnSUQ2N1pPUzlnRRAB,4,Mayan bagus cuman hotel semahal ini dapet makan cuman nasi box,mayan bagus hotel mahal dapet makan nasi,positif
ChZDSUhNMG9nS0VJQ0FnSUNBMGZ6N0ZBEAE,4,"Tempat mudah ditemukan, aroma parfum rempah-rempah sangat otentik. Cita rasa masakan dekat dengan lidah semua kalangan.",mudah temu aroma parfum rempah otentik cita masak lidah kalang,positif
ChZDSUhNMG9nS0VJQ0FnSURBNTZqV1pnEAE,4,"Hotel mewah nyaman banget, depan hotel ada minimart, deket kalo mau ke malioboro. Nice",hotel mewah nyaman banget minimart deket kalo malioboro nice,positif
ChZDSUhNMG9nS0VJQ0FnSUNMb3IzV0pnEAE,4,Tempat parkir lega.. ballroom nyaman dan bersihGrup perjalananTeman,parkir lega ballroom nyaman bersih,positif
ChdDSUhNMG9nS0VJQ0FnSUNJbWRyNXJBRRAB,4,Kamar besar dan bersih. Menu breakfast bervariasi dan enak,kamar bersih menu breakfast variasi enak,positif
ChZDSUhNMG9nS0VJQ0FnSURZOWVHeWNREAE,4,Baru pertama kali hhhmmm.. dalam Event LDR Herbalife - Hotel tempat nginap para Presteam 🤗🤗🤗 …,kali event herbalife hotel nginap presteam,positif
ChdDSUhNMG9nS0VJQ0FnSURJc2FqVTRBRRAB,4,"Hotel cukup nyaman, rasa masakanya biasa saja.",hotel nyaman masak,positif
ChdDSUhNMG9nS0VJQ0FnSUQ4MnFqNGlBRRAB,4,Tempat bagus.  Nyaman bersih ...tapi Security nya kurang ramah,bagus nyaman bersih security ramah,positif
ChdDSUhNMG9nS0VJQ0FnSURtME15ZzFBRRAB,4,Ini salah satu hotel berkelas di Jogja dan favorit tamu tamu yg berkunjung,salah hotel kelas jogja favorit tamu kunjung,positif
ChZDSUhNMG9nS0VJQ0FnSUNJXzZTT0dnEAE,4,Hotel yang keren nyaman... Pokok nya top deh,hotel keren nyaman bagus,positif
ChZDSUhNMG9nS0VJQ0FnSURPeHUzc1VBEAE,4,Kamarnya bagus. Sayang agak sedikit kecewa dengan pelayanannya.Jenis perjalanan… Lainnya,kamar bagus sayang kecewa layan,positif
ChZDSUhNMG9nS0VJQ0FnSURtaUp5cE1nEAE,4,Nuansa tradisional dgn aroma sereh menjadikan tempat ini unik.,nuansa tradisional aroma sereh unik,positif
ChZDSUhNMG9nS0VJQ0FnSURRLXM2TEhREAE,4,Hotel berbintang yg ada di jogja. Berbentuk klasik kalo dari luar. Keren,hotel bintang jogja bentuk klasik kalo keren,positif
ChdDSUhNMG9nS0VJQ0FnSUNzaktyQnJnRRAB,4,Fasilitas komplit pelayanan menyenangkan.... sudahlah nyaman,fasilitas lengkap layan senang nyaman,positif
ChdDSUhNMG9nS0VJQ0FnSUN3ejcyNHd3RRAB,4,"Hotelnya wangi jamu, sarapannya enak2, kamarnya luas dan bersih",hotel wangi jamu sarapan enak kamar luas bersih,positif
ChdDSUhNMG9nS0VJQ0FnSURVMTZYSmt3RRAB,4,Tiap ke Jogja selalu kesini. Aroma jamu nya yang bikin betah,jogja kesini aroma jamu bikin betah,positif
ChdDSUhNMG9nS0VJQ0FnSURBek9YM3hnRRAB,4,"Hotel bintang, pelayanan bintang, cuma air panas untuk mandi yang kurang....",hotel bintang layan panas mandi,positif
ChdDSUhNMG9nS0VJQ0FnSUNpb0lEMnZBRRAB,4,"Warmindo pada umumnya, masakan fresh, banyak pilihan..",warmindo masak fresh pilih,positif
ChZDSUhNMG9nS0VJQ0FnSUNRby1hMVJBEAE,4,"Overall oke
Cuma kemampuan bahasa inggris staff kurang baik",overall bahasa inggris staff,positif
ChZDSUhNMG9nS0VJQ0FnSURncXNQQ1FnEAE,4,"Pelayanan kelas atas, seluruh pegawai sangat terlatih dgn baik.",layan kelas pegawai latih,positif
ChZDSUhNMG9nS0VJQ0FnSURZbDdmSkFnEAE,4,"Kamarnya bagus,makanannya enak,bagus lah pokoknya",kamar bagus makan enak pokok,positif
ChdDSUhNMG9nS0VJQ0FnSUNRbjRTS3d3RRAB,4,"Memang hotel berkelas, goodfood, goodplace...",hotel kelas goodfood goodplace,positif
ChdDSUhNMG9nS0VJQ0FnSUNvdzVlRWtnRRAB,4,"hotel bintang 5 di yogyakarta, dkt dg tugu yogya...",hotel bintang yogyakarta tugu yogya,positif
ChdDSUhNMG9nS0VJQ0FnSURXb2Z5Um9BRRAB,4,Memang hotel bagus dan nyaman,hotel bagus nyaman,positif
ChdDSUhNMG9nS0VJQ0FnSURVZzZ5SXdBRRAB,4,Seperti biasa masalah di securitynya tpi kmren asik,securitynya kmren asik,positif
ChdDSUhNMG9nS0VJQ0FnSUR3dGQzMW9RRRAB,4,Nyaman buat santai hilangkan penat,nyaman santai hilang penat,positif
ChdDSUhNMG9nS0VJQ0FnSURBdThxN21BRRAB,4,Tempat sangat luas dan bagus,luas bagus,positif
ChdDSUhNMG9nS0VJQ0FnSURpMnNTZmh3RRAB,4,tempat yang nyaman buat istirahat,nyaman istirahat,positif
ChZDSUhNMG9nS0VJQ0FnSURZbmRMZUxnEAE,4,😍😍😍👍👍👍 …,,positif
ChZDSUhNMG9nS0VJQ0FnSURqb1pta1JREAE,4,"Jujur saja, saya sangat menyukai lobi dan kamarnya. Suasananya mewah dan bersih.
Kamar tidurnya sangat luas dan nyaman, saya bisa bersantai seharian di kamar. … Lainnya",jujur suka lobi kamar suasana mewah bersih tidur luas nyaman santa,positif
ChdDSUhNMG9nS0VJQ0FnTURRZ0tqUy13RRAB,4,"Sebuah kejutan yang menyenangkan, tetapi saya hanya tidak memberikan nilai penuh karena beberapa detail yang kurang memadai, tetapi secara keseluruhan ini adalah hotel yang benar-benar indah. Semuanya tampak meniru, bahkan secara gaya, … Baca ulasan lainnya di Tripadvisor",buah kejut senang nilai penuh detail hotel indah tiru gaya baca ulas tripadvisor,positif
ChZDSUhNMG9nS0VJQ0FnSURydGJLYVVnEAE,4,Akan memberikan Hotel Tentrem semua nilai 5 tetapi satu-satunya panduan hotel ada di TV dan mendapatkannya dalam bahasa Inggris akan menerima telepon. Kami baru mengetahuinya satu atau dua hari ketika saya bertanya di meja depan. Sarapan … Lainnya,hotel tentrem nilai pandu bahasa inggris terima telepon meja sarapan,positif
ChdDSUhNMG9nS0VJQ0FnSURUdjhlMHFBRRAB,4,"Ini adalah hotel kelas atas yang memuaskan para VIP.
Kolam renangnya memiliki suasana yang menyenangkan.
Kolam besar dan sauna dapat digunakan dengan mengenakan pakaian renang, dan … Lainnya",hotel kelas puas kolam renang milik suasana senang sauna kena pakai,positif
ChZDSUhNMG9nS0VJQ0FnSUNUaGRxS1NnEAE,4,"Menginap di hotel ini selama 3 malam dan mendapatkan kamar di lantai lima.
Ada sebungkus camilan selamat datang di kamar yang berisi penganan tradisional Jogja seperti geplak, wingko, dan bakpia. Dan mereka mengirimkan sepiring buah di … Lainnya",inap hotel malam kamar lantai bungkus camil selamat penganan tradisional jogja geplak wingko bakpia kirim piring buah,positif
ChdDSUhNMG9nS0VJQ0FnSUN4el9LaXZBRRAB,4,"Hotel kota yang bagus, relatif baru, dan bersih.
Pusat kebugaran yang bagus, tersedia jacuzzi (sayangnya tanpa jet udara) dan sauna. … Lainnya",hotel kota bagus relatif bersih pusat bugar sedia jacuzzi sayang udara sauna,positif
ChdDSUhNMG9nS0VJQ0FnSURncUktZmxBRRAB,4,"Hotel yang sangat bagus, bersih dan staf yang sangat ramah dan membantu. Bintang empat, karena untuk harganya, saya berharap semuanya sempurna. Bar tutup pukul 00.00, tidak ada alat cukur. Untuk sarapannya banyak pilihannya, ada yang enak ada juga yang tidak. Kopinya tidak panas. Bagi orang-orang keren, gym adalah yang terbaik",hotel bagus bersih staf ramah bantu bintang harga harap sempurna tutup alat cukur sarapan pilih enak kopi panas orang keren,positif
ChZDSUhNMG9nS0VJQ0FnSUQyLU1DUUtnEAE,4,"Seharusnya bintang 5!

Hotel yang sangat bagus dengan harga yang wajar jika dibandingkan dengan … Lainnya",bintang hotel bagus harga wajar banding,positif
ChZDSUhNMG9nS0VJQ0FnSURNb3FTSFVBEAE,4,"Hotel ini luar biasa, sarapannya sangat enak. Stafnya sangat ramah dan sangat membantu. Satu hal yang mengganggu saya, kami memesan 3 kamar, mereka memberi kami kamar bebas asap rokok di lantai 3 karena hotelnya penuh. Saya punya anak dan … Lainnya",hotel sarapan enak staf ramah bantu ganggu kamar bebas asap rokok lantai penuh,positif
ChdDSUhNMG9nS0VJQ0FnTURRZ015dDVRRRAB,4,"Hotel ini merupakan tempat yang bagus untuk menjelajahi daerah sekitarnya. Hotel ini terawat dengan baik dan memiliki kolam renang yang indah dengan pemandangan kota. Restorannya menawarkan makan malam prasmanan, dan ada sesuatu untuk semua … Baca ulasan lainnya di Tripadvisor",hotel rupa bagus jajah daerah awat milik kolam renang indah pandang kota restoran tawar makan malam prasmanan baca ulas tripadvisor,positif
ChZDSUhNMG9nS0VJQ0FnSURodVpPakRREAE,4,"Layanan yang ramah dan membantu, kamar dan area hotel yang bersih, dan lokasinya di pusat kota sehingga mudah diakses. Saran perbaikan antara lain memperbaiki selang shower yang bocor, mencuci selimut dan handuk mandi dengan pembersih agar … Lainnya",layan ramah bantu kamar area hotel bersih lokasi pusat kota mudah akses saran selang shower bocor cuci selimut handuk mandi,positif
ChdDSUhNMG9nS0VJQ0FnSUNLbnRHYzFBRRAB,4,"Hotel dengan interior yang sangat elegan dan staf yang ramah, terutama di restoran. Hotel ini memiliki fasilitas mewah seperti jacuzzi, sauna, pusat kebugaran yang luas, ruang spa yang luas, ruang meditasi, kolam renang, bar, dan fasilitas … Lainnya",hotel interior elegan staf ramah utama restoran milik fasilitas mewah jacuzzi sauna pusat bugar luas ruang meditasi kolam renang,positif
ChZDSUhNMG9nS0VJQ0FnSUNVb0lPOUp3EAE,4,"Hotel mewah dan nyaman ini terletak di dekat perbatasan kota Yogyakarta dan kabupaten tetangga. Layanan resepsionisnya baik dan cepat. Kamarnya luas, berperabot lengkap dan rapi, kamar mandinya besar dan dilengkapi bathtub dan shower. … Lainnya",hotel mewah nyaman letak batas kota yogyakarta kabupaten tetangga layan resepsionis cepat kamar luas perabot lengkap rapi mandi bathtub shower,positif
ChZDSUhNMG9nS0VJQ0FnSURreTRlX1pnEAE,4,"Secara keseluruhan, saya suka hotel dan kamar tidurnya. Kamar mandinya juga besar dan bagus. Seharusnya saya menambahkan cermin besar di luar kamar mandi karena lampu di samping lemari pakaian gelap, jadi cermin di samping lemari pakaian … Lainnya",suka hotel kamar tidur mandi bagus cermin lampu samping lemari pakai gelap,positif
ChZDSUhNMG9nS0VJQ0FnTURvMzZ6dkJBEAE,4,"Terletak di jantung kota, hotel ini menawarkan layanan yang sangat baik. Lobi yang luas sebanding dengan ukuran kolam renang, layanan parkir valet, dan sarapan yang berlimpah. Kamarnya memadai, tidak ada yang istimewa, tetapi sayangnya, Wi-Fi-nya sangat buruk. Saya akan dengan senang hati kembali. |Hormat saya...",letak jantung kota hotel tawar layan lobi luas banding ukur kolam renang parkir valet sarapan limpah kamar istimewa sayang wifi buruk senang hati hormat,positif
ChdDSUhNMG9nS0VJQ0FnTURvdi1qVDJ3RRAB,4,"Saya memesan hotel ini berdasarkan rekomendasi. |Transfer bandara sekitar 30 menit. |Harganya sekitar 60.000 IDR. |Resepsionisnya ramah, saya langsung ditawari minuman ringan dan handuk segar. |Proses check-in cukup cepat. |Meskipun saya … Baca ulasan lainnya di Tripadvisor",hotel dasar rekomendasi transfer bandara menit harga resepsionis ramah langsung tawar minum ringan handuk segar proses check cepat baca ulas tripadvisor,positif
ChdDSUhNMG9nS0VJQ0FnSURFcll1TXFnRRAB,4,"Hotelnya bagus, elegan, dan pelayanannya baik. Sayangnya, balkon di kamar 313 sangat kotor, berdebu, dan banyak puntung rokok dari tamu sebelumnya. Saya menginap selama 2 malam (17-19 Juni) dan balkonnya masih belum dibersihkan. Saya beri 5 bintang kalau balkonnya dibersihkan.",hotel bagus elegan layan sayang balkon kotor debu puntung rokok tamu inap malam juni bersih bintang,positif
ChdDSUhNMG9nS0VJQ0FnSUNpNmJpbmtRRRAB,4,"Tempat parkir yang luas dengan akses dan keamanan yang baik. Kamar tidur yang luas dengan balkon. Sayangnya, AC di kamar kami rusak sehingga suhu ruangan terlalu panas untuk seharian penuh. AC tersebut perlu diperbaiki oleh 2 teknisi agar … Lainnya",parkir luas akses kamar tidur balkon sayang rusak suhu ruang panas penuh teknisi,positif
ChZDSUhNMG9nS0VJQ0FnSURCOEpheU1BEAE,4,"Kami datang dan check-in sangat larut sore, untuk kamar yang sudah kami pesan jauh hari sebelum kedatangan. Namun, mereka masih membutuhkan waktu hampir satu jam untuk mempersiapkan kamar, dan mereka hanya mengganti waktu tunggu kami dengan … Lainnya",check larut sore kamar pesan butuh ganti tunggu,positif
ChZDSUhNMG9nS0VJQ0FnSUNnOVBMemNREAE,4,"Hotelnya elegan, stafnya sangat ramah. Kamarnya sangat luas, elegan, dan bersih. Sarapannya menawarkan beragam hidangan, termasuk beberapa makanan lokal. Kolam renang tersedia di lantai dasar.",hotel elegan staf ramah kamar luas bersih sarapan tawar ragam hidang masuk makan lokal kolam renang sedia lantai dasar,positif
ChdDSUhNMG9nS0VJQ0FnSUR5eVozRHlRRRAB,4,"Pihak manajemen yang terhormat, mohon pekerjakan beberapa pekerja harian jika Anda tahu hotel Anda sedang ramai. Saya tidak bisa menyalahkan tim, saya lihat mereka sudah berusaha sebaik mungkin. Bayangkan, butuh waktu satu jam untuk memenuhi kebutuhan. Sisanya sempurna, terutama karena keramahan timnya 👍🏻 …",manajemen hormat mohon kerja hotel ramai salah lihat usaha bayang butuh penuh sisa sempurna utama ramah,positif
ChdDSUhNMG9nS0VJQ0FnSURRcmJfVWdRRRAB,4,"Kamarnya sangat bagus dan luas, tetapi lokasi kamar saya menghadap ke jalan. Saya sulit tidur di malam hari karena suara bising sepeda motor dan mobil. … Lainnya",kamar bagus luas lokasi hadap jalan sulit tidur malam suara bising sepeda motor mobil,positif
ChdDSUhNMG9nS0VJQ0FnSURnci1lNTNBRRAB,4,"Pengalaman yang menyenangkan. Setibanya di hotel, tas Anda akan diminta untuk diperiksa menggunakan mesin x-ray. Begitu Anda masuk, aroma lilin aromaterapi menyambut Anda dan entah bagaimana dapat menenangkan pikiran Anda. Stafnya ramah, … Lainnya",alam senang hotel periksa mesin masuk aroma lilin aromaterapi sambut tenang pikir staf ramah,positif
ChdDSUhNMG9nS0VJQ0FnSUNUMTc2bGlBRRAB,4,"Sejujurnya, hotel ini memberi saya lebih banyak pengalaman dan momen. Terima kasih untuk Tentrm Hotel Yogyakarta. Akomodasi terbaik dan budaya Jawa 👍 … Lainnya",jujur hotel alam momen terimakasih tentrm yogyakarta akomodasi budaya jawa,positif
ChZDSUhNMG9nS0VJQ0FnSURJZzRMNGRBEAE,4,"Hotel bintang 5+ di Yogyakarta. Interiornya bagus, kamarnya juga bagus. Ruang rapatnya bagus, tapi setelah saya ke sana, mereka tidak mengganti kaca di meja rapat. Makanannya cukup enak.",hotel bintang yogyakarta interior bagus kamar ruang rapat ganti kaca meja makan enak,positif
ChZDSUhNMG9nS0VJQ0FnSURBLXVyaUJBEAE,4,"Lokasinya di pusat kota, kamar hotelnya besar dan sangat nyaman, AC-nya sangat dingin, minibar-nya dilengkapi banyak minuman gratis dan juga banyak jamu yang menarik untuk dicoba. Sarapannya luar biasa, tersedia makanan Jepang, Barat, dan lokal, mulai dari kopi spesial hingga es krim. Kolam renangnya luas dan nyaman untuk bersantai.",lokasi pusat kota kamar hotel nyaman dingin minibar lengkap minum gratis jamu tarik coba sarapan sedia makan jepang barat lokal kopi spesial krim kolam renang luas santa,positif
ChZDSUhNMG9nS0VJQ0FnSURnLXZpekRREAE,4,"Hotelnya wangi dan sangat artistik. Kue-kuenya luar biasa. Namun, menu utamanya agak mengecewakan, terutama jika Anda seorang vegan karena mereka bahkan menambahkan saus kepiting ke dalam brokoli mereka.",hotel wangi artistik menu utama kecewa orang vegan saus kepiting brokoli,positif
ChZDSUhNMG9nS0VJQ0FnTURvbjg3R01REAE,4,"Hotel yang luar biasa, kamar mewah, sarapan yang benar-benar luar biasa dengan pilihan yang tak terbayangkan...||Stafnya sangat ramah, selalu tersenyum, dan penuh perhatian.||Harga minuman sangat terjangkau, kecuali anggur impor yang … Baca ulasan lainnya di Tripadvisor",hotel kamar mewah sarapan pilih bayang staf ramah senyum penuh perhati harga minum jangkau kecuali anggur impor baca ulas tripadvisor,positif
ChZDSUhNMG9nS0VJQ0FnSUNHN19tcVVBEAE,4,"Hotel bintang 5…tapi kamarnya belum siap saat kami check-in sekitar pukul 16:15?
Sarapan prasmanannya sangat enak… … Lainnya",hotel bintang kamar check sarapan prasmanan enak,positif
ChdDSUhNMG9nS0VJQ0FnTURvci1lRzZ3RRAB,4,Fasilitasnya baru dan bersih. Gym dan sauna luas. Terdapat juga pemandian umum besar yang mirip dengan pemandian umum Jepang. Mungkin spa adalah daya tarik utama mereka. Prasmanan sarapan tidak memiliki banyak pilihan hidangan daging atau … Baca ulasan lainnya di Tripadvisor,fasilitas bersih sauna luas mandi jepang daya tarik utama prasmanan sarapan milik pilih hidang daging baca ulas tripadvisor,positif
ChZDSUhNMG9nS0VJQ0FnTURvMzl2SkxBEAE,4,Nama-nama Indonesia tidak mudah diingat oleh orang asing. Mungkin itu sebabnya Hotel Tentrem tidak memiliki banyak tamu asing dibandingkan hotel mewah lainnya. Lobi yang sejuk dan luas sangat menarik perhatian dengan lampu gantung yang … Baca ulasan lainnya di Tripadvisor,indonesia mudah orang asing hotel tentrem milik tamu banding mewah lobi sejuk luas tarik perhati lampu gantung baca ulas tripadvisor,positif
ChZDSUhNMG9nS0VJQ0FnSUNnNl9mUkxnEAE,4,"Hotel ini sungguh menarik untuk dilihat, dinding dari lobi hingga lantai atas dipenuhi karya seni yang mengesankan. Saya menginap di kamar double twin dan cukup luas, tempat tidurnya juga sangat nyaman. Sarapannya lezat, meskipun saya harus … Lainnya",hotel sungguh tarik lihat dinding lobi lantai penuh karya seni kesan inap kamar double twin luas tidur nyaman sarapan lezat,positif
ChZDSUhNMG9nS0VJQ0FnSUNBenBqNmRnEAE,4,"Bantalnya sangat nyaman, kamarnya cocok untuk keluarga, tetapi makanannya masih perlu ditingkatkan. Mereka harus menambahkan variasi makanan. Anda akan merasa bosan jika menginap lebih dari 2 hari.",bantal nyaman kamar cocok keluarga makan tingkat variasi bosan inap,positif
ChdDSUhNMG9nS0VJQ0FnSURZa3FPR3d3RRAB,4,"Hotel ini cocok untuk Jogja. Akomodasi modern, mewah, dan berkelas. Penyanyi-penyanyi papan atas seperti Mariyah Keri, Cakakan, Presiden Amerika Serikat Barack Obama, dan anggota IMF, Madam Lagarde, pernah menginap di sana. Kamar-kamarnya tidak kedap suara.",hotel cocok jogja akomodasi modern mewah kelas nyanyi papan mariyah keri cakak presiden amerika serikat barack obama anggota lagarde inap kamar kedap suara,positif
ChZDSUhNMG9nS0VJQ0FnSURBc0l1blZBEAE,4,"Kami sangat menikmati berenang di kolam renang Tentrem yang dirancang dengan mosaik, dengan bantal yang menyenangkan dan kebersihannya. Kami juga menyukai pusat kebugarannya! Kamar hotelnya juga bagus dan luas. … Lainnya",nikmat renang kolam tentrem rancang mosaik bantal senang bersih suka pusat bugar kamar hotel bagus luas,positif
ChZDSUhNMG9nS0VJQ0FnSUNRbTRYVVhBEAE,4,"Suasananya sangat megah, ditata apik dengan lampu kristal Grandeur yang ikonis.
Kekurangannya adalah lokasinya, agak jauh dari bandara dibandingkan Sheraton dan Grand Aston, dan tidak dekat dengan banyak pusat perbelanjaan. … Lainnya",suasana megah tata apik lampu kristal grandeur ikonis lokasi bandara banding sheraton grand aston pusat belanja,positif
ChZDSUhNMG9nS0VJQ0FnSUNJbTZxa2F3EAE,4,"Salah satu hotel terbaik di Jogja! Lantai marmernya luar biasa. Lorongnya luas, stafnya ramah, dan restorannya luar biasa. Liftnya terlalu lambat untuk hotel sekelas itu, dan pemandangannya kurang bagus.",salah hotel jogja lantai marmer lorong luas staf ramah restoran lift lambat kelas pandang bagus,positif
ChdDSUhNMG9nS0VJQ0FnSUNBeTV2UHlBRRAB,4,"Kamarnya cukup luas, tempat tidurnya sangat nyaman. Kolam renangnya indah, dan sarapannya menawarkan beragam pilihan, yang benar-benar menjadikannya hotel bintang lima.",kamar luas tidur nyaman kolam renang indah sarapan tawar ragam pilih hotel bintang,positif
ChdDSUhNMG9nS0VJQ0FnSURlOTh1NW5BRRAB,4,"Hotelnya wangi banget.. kamu akan disambut dengan suara gamelan yang bikin suasana makin santai.. Walaupun lokasinya dekat banget sama pusat kota, tapi tetap tenang buat staycation.. … Lainnya",hotel wangi banget sambut suara gamelan bikin suasana santai lokasi pusat kota tenang staycation,positif
ChZDSUhNMG9nS0VJQ0FnSUNna3RDMFZ3EAE,4,"Hotelnya bagus. Kamar dan fasilitasnya bagus, terutama kolam renang dan taman bermain anak-anak. Sarapannya juga sangat mengesankan, banyak pilihan makanan tersedia. Pelayanannya hampir sempurna. Pertahankan yang terbaik.",hotel bagus kamar fasilitas utama kolam renang taman main sarapan kesan pilih makan sedia layan sempurna tahan,positif
ChdDSUhNMG9nS0VJQ0FnSUNlel9ITzFRRRAB,4,"Menginap dua malam di Hotel Tentrem dan mendapatkan pengalaman yang sangat menyenangkan.
Kamarnya sangat luas dengan fasilitas yang lengkap.
Stafnya sangat ramah dan terlatih dengan baik. Lainnya",inap malam hotel tentrem alam senang kamar luas fasilitas lengkap staf ramah latih,positif
ChZDSUhNMG9nS0VJQ0FnSUNROE1mNlF3EAE,4,"Tempat menginap yang nyaman. Kamarnya nyaman, aroma eksotis di lobi. Stafnya ramah dan membantu. Kecepatan lift perlu ditingkatkan agar tidak terlalu lama menunggu, terutama saat check-out.",inap nyaman kamar aroma eksotis lobi staf ramah bantu cepat lift tingkat tunggu utama check,positif
ChZDSUhNMG9nS0VJQ0FnSURNdDk3N0lREAE,4,"Tempat menginap yang sangat nyaman, tidak jauh dari pusat kota. Keramahan staf yang luar biasa, kamar yang elegan dan luas, sarapan yang luar biasa - sarapan terbaik sejauh ini. Anak-anak akan menyukai taman bermain dalam ruangannya. Lainnya",inap nyaman pusat kota ramah staf kamar elegan luas sarapan suka taman main ruang,positif
ChZDSUhNMG9nS0VJQ0FnSUN3N09iY2V3EAE,4,"Bangunannya sangat bagus, perlu ditingkatkan kualitasnya, tampilannya, dan menu restorannya agar setara dengan hotel bintang 5. Untuk saat ini, kondisinya masih lumayan, tetapi perlu lebih dari sekadar lumayan... seharusnya sudah berada di level prima.",bangun bagus tingkat kualitas tampil menu restoran tara hotel bintang kondisi lumayan level prima,positif
ChZDSUhNMG9nS0VJQ0FnSURNa2VYQkdBEAE,4,"Mereka punya taman bermain mini untuk anak-anak di dalam ruangan, dan anak-anak saya sangat menikmatinya! Saya juga bisa menikmati secangkir wedang uwuh dan pisang goreng di kafe teras mereka. Hotelnya bersih dan stafnya ramah. Mereka punya … Lainnya",taman main mini ruang nikmat cangkir wedang uwuh pisang goreng kafe teras hotel bersih staf ramah,positif
ChZDSUhNMG9nS0VJQ0FnSUNtc2RQOU9BEAE,4,"Karena kami pernah menginap di Tentrem Semarang sebelum menginap di Tentrem Jogja, saya terdorong untuk membandingkan keduanya. … Lainnya",inap tentrem semarang jogja dorong banding,positif
ChZDSUhNMG9nS0VJQ0FnSUQ2NmFMSFZREAE,4,"kamarnya bagus banget, makanannya juga enak, suka banget sama tempat ini kalau kalian punya budget lebih buat nginep di jogja harus kesini, lokasinya juga di tengah kota jogjakarta",kamar bagus banget makan enak suka budget nginep jogja kesini lokasi kota jogjakarta,positif
ChdDSUhNMG9nS0VJQ0FnSURPNXZhdjlRRRAB,4,"Hotelnya cukup bagus, tetapi cabang Semarangnya lebih bagus dan sarapan prasmanannya lebih baik. Namun, hotel ini tetap cukup bagus dengan layanan yang luar biasa. Lainnya",hotel bagus cabang semarangnya sarapan prasmanan layan,positif
ChZDSUhNMG9nS0VJQ0FnTURvdjhxZkJREAE,4,"Tentrem Yogyakarta adalah hotel yang sangat indah, tak diragukan lagi hotel terindah di kota ini. Kamar dan kamar mandinya sangat bersih dan modern, dan restoran hotelnya cukup bagus. Spa-nya luar biasa, dan pijatannya sangat menenangkan! Namun, kolam renang hotel hanya mendapat sinar matahari di pagi hari dan agak gelap.",tentrem yogyakarta hotel indah ragu kota kamar mandi bersih modern restoran bagus pijat tenang kolam renang sinar matahari pagi gelap,positif
ChdDSUhNMG9nS0VJQ0FnSURndTlEVDZRRRAB,4,"Nyaman, bersih, dan sarapannya enak sekali, secara keseluruhan memuaskan.
Tapi kami harus menunggu 1 jam untuk check-in, sungguh tidak profesional untuk hotel bintang 5. … Lainnya",nyaman bersih sarapan enak puas tunggu check sungguh profesional hotel bintang,positif
ChdDSUhNMG9nS0VJQ0FnTURvbjhyWDhBRRAB,4,"Hotel yang luar biasa, staf ramah, layanan sempurna. Mendapatkan peningkatan kamar tanpa diminta. Restoran-restoran di dalam hotel sangat bagus dan sesuai dengan harganya. Terletak di area yang tenang dengan akses mudah ke pusat kota.",hotel staf ramah layan sempurna tingkat kamar restoran bagus sesuai harga letak area tenang akses mudah pusat kota,positif
ChdDSUhNMG9nS0VJQ0FnSUR5dDRMMWtBRRAB,4,"Hotelnya bagus, bersih dan nyaman, pelayanannya bagus, dekat dengan banyak tempat wisata dan kuliner. Area parkirnya luas. Sarapannya? Sebaiknya cari tempat lain.",hotel bagus bersih nyaman layan wisata kuliner area parkir luas sarapan cari,positif
ChdDSUhNMG9nS0VJQ0FnSUNvdWF2SjNRRRAB,4,"Di area yang mudah ditemukan makanan dan kebutuhan lainnya.
Kamarnya bagus, makanan di restoran biasa saja.
Kolam renang biasa saja. Lounge-nya bagus.",area mudah temu makan butuh kamar bagus restoran kolam renang lounge,positif
ChZDSUhNMG9nS0VJQ0FnSUQtc2FfOE1REAE,4,Tempatnya bagus...walaupun harga makanan dan minumannya terlalu mahal...hahaha....tapi itulah resiko menginap di hotel bintang 5 Lainnya,bagus harga makan minum mahal resiko inap hotel bintang,positif
ChZDSUhNMG9nS0VJQ0FnSUNoNW8yQmZnEAE,4,"Hotelnya besar, fasilitasnya lengkap.
Stafnya sangat membantu, kamarnya bagus, bersih.
Kalau boleh saya beri saran untuk makanan saat sarapan atau makan siang, kalau dingin.",hotel fasilitas lengkap staf bantu kamar bagus bersih saran makan sarapan siang dingin,positif
ChZDSUhNMG9nS0VJQ0FnSUNJNjRpc1hREAE,4,"Stafnya sopan, membantu, dan ramah. Hotelnya sendiri megah, tetapi kurang memperhatikan detail kebersihan, seperti kebersihan toilet umum, sering kehabisan handuk, sabun, bau, dll.",staf sopan bantu ramah hotel megah perhati detail bersih toilet habis handuk sabun,positif
ChZDSUhNMG9nS0VJQ0FnSUNBNTlxYlJREAE,4,"Datang ke sini untuk yum cha sepuasnya. Harganya cukup terjangkau, 128 ribu per orang, yum cha sepuasnya. Yum cha-nya bukan yum cha babi. Hidangan yum cha-nya enak, mereka punya yang kukus seperti siomay, hakka, chasiu pao, pastri ayam BBQ, … Lainnya",puas harga jangkau ribu orang babi hidang enak kukus siomay hakka chasiu pastri ayam,positif
ChdDSUhNMG9nS0VJQ0FnTURvOTVtOWtnRRAB,4,Hotel dengan arsitektur era Soviet. ||Kamar sangat bagus dan kamar mandi modern yang luas.||Satu detail kecil: lemari pakaian sangat kecil. ||Buffet sarapan mengesankan tetapi kurang pilihan makanan Barat yang memadai.||Staf yang ramah dan efisien.,hotel arsitektur soviet kamar bagus mandi modern luas detail lemari pakai buffet sarapan kesan pilih makan barat staf ramah efisien,positif
ChZDSUhNMG9nS0VJQ0FnTURvejZITklBEAE,4,"Nilai uang yang sangat baik - Pijat yang luar biasa - Staf yang sangat ramah - Makan prasmanan 2 hingga 3 kali seminggu, selebihnya à la carte dan terjangkau - Gym besar dan sangat lengkap dengan staf yang kompeten - Kolam renang yang indah dan besar",nilai uang pijat staf ramah makan prasmanan kali minggu carte jangkau lengkap kompeten kolam renang indah,positif
ChZDSUhNMG9nS0VJQ0FnSUNBbklMSklnEAE,4,"Sangat nyaman, stafnya sangat membantu dan ramah, dan fasih berbahasa Jawa, tetapi kamar mandinya sangat kecil. Sarapannya cukup, tetapi mie godog mereka sangat lezat.",nyaman staf bantu ramah fasih bahasa jawa kamar mandi sarapan godog lezat,positif
ChdDSUhNMG9nS0VJQ0FnSUMwMHVmWjJBRRAB,4,"Salah satu hotel termahal di yogyakarta dan memang pantas.  Musik live, Tempat rapi dan bersih, koleksi makanan enak, dan Bir Dingin.",salah hotel mahal yogyakarta musik live rapi bersih koleksi makan enak dingin,positif
ChZDSUhNMG9nS0VJQ0FnSUQ5NF9ISGRnEAE,4,Tempat yang sangat nyaman untuk bersantai di akhir pekan. Sarapannya terbaik dan spa melengkapi hari Anda. Pasti akan kembali!,nyaman santa pekan sarapan lengkap,positif
ChdDSUhNMG9nS0VJQ0FnSURBNDdqbGtBRRAB,4,Kamar hotel bersih dan sederhana. Sarapannya enak dengan banyak makanan Indonesia. 40 menit berkendara ke Candi Borobudur.,kamar hotel bersih sederhana sarapan enak makan indonesia menit kendara candi borobudur,positif
ChZDSUhNMG9nS0VJQ0FnSUNRal9IV1l3EAE,4,"Hotel yang bagus dan nyaman dengan kualitas material bangunan yang tinggi, tetapi kualitas layanan dalam hal pemeliharaan dan pembersihan bangunan itu sendiri...seperti toilet, dll, masih di bawah harapan.",hotel bagus nyaman kualitas material bangun layan pelihara bersih toilet harap,positif
ChdDSUhNMG9nS0VJQ0FnSUNVNHE3MXRBRRAB,4,"Kamar & fasilitas bagus.
Sarapannya bisa lebih baik.
Sangat berisik dari luar di pagi hari yang akan membangunkan Anda lebih awal. Lainnya",kamar fasilitas bagus sarapan berisik pagi bangun,positif
ChdDSUhNMG9nS0VJQ0FnSURnemZ6azJ3RRAB,4,"Salah satu hotel termewah di Jogja, semuanya luar biasa, kecuali pemandangan dari balkon kamar saya, dikelilingi rumah-rumah penduduk lokal.",salah hotel mewah jogja kecuali pandang balkon kamar keliling rumah duduk lokal,positif
ChdDSUhNMG9nS0VJQ0FnSUNBaUtYQXl3RRAB,4,"Hotelnya bagus, kamar luas, stafnya sangat membantu, makanannya enak tapi saluran pembuangan di kamar mandi perlu diperbaiki agar udaranya lebih segar",hotel bagus kamar luas staf bantu makan enak salur buang mandi udara segar,positif
ChdDSUhNMG9nS0VJQ0FnSUNNamR5NGdRRRAB,4,"Salah satu hotel termahal di pusat Kota Yogyakarta. Hotelnya sangat besar. Dekat dengan pusat kota. Semua fasilitas yang Anda butuhkan untuk menginap, baik untuk liburan, bersantai, maupun bisnis, tersedia di sini.",salah hotel mahal pusat kota yogyakarta fasilitas butuh inap libur santa bisnis sedia,positif
ChZDSUhNMG9nS0VJQ0FnSUNRbDlyRUJnEAE,4,Mahal dan berkelas. Tapi ruangannya luas dan bangunannya megah. Pemandangannya juga indah. Harga yang Anda bayar sepadan dengan apa yang akan Anda dapatkan.,mahal kelas ruang luas bangun megah pandang indah harga bayar padan,positif
ChZDSUhNMG9nS0VJQ0FnSUNRa0pqZ2VnEAE,4,semuanya sangat bagus terutama untuk sarapannya yang luar biasa tetapi ada masalah dengan kebisingan antar kamar mungkin ada masalah dengan peredam kebisingan di dalam kamar.,bagus utama sarapan bising kamar redam,positif
ChdDSUhNMG9nS0VJQ0FnSUNDN3NHRHN3RRAB,4,"Pergi ke sana Desember 2019, semuanya bagus kecuali tempat parkir terbatas dan permintaan saya untuk bantal tambahan ditolak karena mereka berasumsi bahwa kami sudah memiliki cukup bantal di kamar.",pergi desember bagus kecuali parkir batas bantal tolak asumsi milik kamar,positif
ChdDSUhNMG9nS0VJQ0FnSURVaTkyZjFnRRAB,4,"Hotel persinggahan yang bagus. Kamarnya agak kuno, secara keseluruhan agak ketinggalan zaman dan kurang menarik. Tapi semuanya oke untuk persinggahan di Jogja!",hotel singgah bagus kamar kuno tinggal zaman tarik jogja,positif
ChdDSUhNMG9nS0VPaXItZEt5dUptaXhnRRAB,4,Fasilitas: Arsitektur unik; Kebersihan: Bersih dan cukup baik; Lingkungan: Elegan,fasilitas arsitektur unik bersih lingkung elegan,positif
ChdDSUhNMG9nS0VJQ0FnSUN1Z09fTXNRRRAB,4,Hotel mewah di pusat kota Jogja. Sarapannya luar biasa. Hal-hal lainnya juga bagus.Jenis perjalanan… Lainnya,hotel mewah pusat kota jogja sarapan bagus,positif
ChZDSUhNMG9nS0VJQ0FnSURRbGM2ZldREAE,4,"Hotel yang nyaman untuk menginap. Sarapannya lengkap dengan beragam makanan, internasional, Asia, dan daerah. Kopinya enak saat sarapan.",hotel nyaman inap sarapan lengkap ragam makan internasional asia daerah kopi enak,positif
ChZDSUhNMG9nS0VJQ0FnSUN3emJ1UmJBEAE,4,Hotel bintang 5 tempat Obama dan keluarganya menginap selama di Jogja... tempatnya indah & pelayanannya ramah... makanannya lezat 😊 …,hotel bintang obama keluarga inap jogja indah layan ramah makan lezat,positif
ChZDSUhNMG9nS0VJQ0FnSURnMUp6cE53EAE,4,Tempatnya bagus. Harganya sangat terjangkau. Kamar-kamarnya tertata rapi dan nyaman.,bagus harga jangkau kamar tata rapi nyaman,positif
ChdDSUhNMG9nS0VJQ0FnSUQ0c1BHTjNBRRAB,4,Parkiran motor agak jauh dan tidak ada akses lift ke lobby,parkir motor akses lift lobby,positif
ChZDSUhNMG9nS0VJQ0FnSUN3dGRybUp3EAE,4,Keramahan staf membuat kunjungan kami menyenangkan. Makanannya pun standar Indonesia.,ramah staf kunjung senang makan standar indonesia,positif
ChdDSUhNMG9nS0VJQ0FnSURBaWRUYnZRRRAB,4,"Hotel terbaik di Jogja sejauh ini. Agak terasa tua sih, tapi tetap oke.",hotel jogja,positif
ChdDSUhNMG9nS0VJQ0FnSURnZ3RTUC1nRRAB,4,"Hotel baru *5 di Jogja, mewah, tapi pelayanannya perlu ditingkatkan. Waktu sarapan sangat ramai.",hotel jogja mewah layan tingkat sarapan ramai,positif
ChdDSUhNMG9nS0VJQ0FnSUNVdVp2SjZBRRAB,4,Hotel yang bagus dengan resto yang bagus. Agak sepi selama pandemi & PPKM,hotel bagus resto sepi pandemi ppkm,positif
ChZDSUhNMG9nS0VJQ0FnSURpb3FMQU1nEAE,4,Hotelnya bagus. Makanannya enak. Stafnya ramah.,hotel bagus makan enak staf ramah,positif
ChZDSUhNMG9nS0VJQ0FnSURRZ3JqbUF3EAE,4,Kamar-kamarnya indah dan luas. Prasmanan yang fantastis. Stafnya luar biasa dan membantu.,kamar indah luas prasmanan fantastis staf bantu,positif
ChZDSUhNMG9nS0VJQ0FnSUM0ZzRfZU93EAE,4,"Bagus banget, fasilitasnya juga oke, tapi harganya mahal.. apalagi pas liburan dan peak season..",bagus banget fasilitas harga mahal libur peak season,positif
ChdDSUhNMG9nS0VJQ0FnSUNRM01LZzVRRRAB,4,"Salah satu hotel terbaik di jogja, tempatnya nyaman, tempatnya cozy dan kumpul di ebony bar, birnya enak",salah hotel jogja nyaman cozy kumpul ebony enak,positif
ChZDSUhNMG9nS0VJQ0FnSUNSOFBiQVNnEAE,4,"Menu sarapan tidak begitu istimewa, dibandingkan dengan tarif kamar.Jenis perjalanan… Lainnya",menu sarapan istimewa banding tarif kamar,positif
ChZDSUhNMG9nS0VJQ0FnSUNBNy1EcUJ3EAE,4,Hotel bintang 5 yang dirancang dengan indah dan menarik. Mungkin yang terbaik di Yogyakarta.,hotel bintang rancang indah tarik yogyakarta,positif
ChdDSUhNMG9nS0VJQ0FnSUN3NGFHbGh3RRAB,4,Luar biasa!! Semuanya luar biasa! Tapi butuh lapangan basket! Permintaan kepada Pemilik Hotel Tentrem: Butuh lapangan basket.,butuh lapang basket milik hotel tentrem,positif
ChdDSUhNMG9nS0VJQ0FnSUNnaXVPR2hRRRAB,4,"Hotel yang nyaman dan elegan dengan fasilitas lengkap dan mewah seperti spa, ballroom, kamar, kamar mandi, lobi, dll.",hotel nyaman elegan fasilitas lengkap mewah ballroom kamar mandi lobi,positif
ChdDSUhNMG9nS0VJQ0FnSURtNmNXQndRRRAB,4,"Bagus, kolam renangnya bagus, sarapan dan makan malamnya juga bagus",bagus kolam renang sarapan makan malam,positif
ChZDSUhNMG9nS0VJQ0FnSURjaXNMdU5REAE,4,sepadan dengan harganya. suka sarapan prasmanan dengan es krim tolak angin,padan harga suka sarapan prasmanan krim tolak angin,positif
ChdDSUhNMG9nS0VJQ0FnSURneGItMXFnRRAB,4,Hotel yang bagus dan berkelas… tapi prasmanannya biasa saja…,hotel bagus kelas prasmanan,positif
ChZDSUhNMG9nS0VJQ0FnSUNnNnVtU1d3EAE,4,"Tempat yang bagus, orang-orangnya ramah di bagian resepsionis, tapi di piano bar pelayanannya kurang bagus, maaf",bagus orang ramah resepsionis piano layan maaf,positif
ChZDSUhNMG9nS0VJQ0FnSUNNaFpEQk5REAE,4,"Mewah, staff ramah dan baik, parkir luas, ada mushola jugaKamar: 4… Lainnya",mewah staff ramah parkir luas mushola,positif
ChdDSUhNMG9nS0VJQ0FnSURNdWUybTBnRRAB,4,"Ketika Keramahan Jawa Modern dan Tradisional Berpadu

Saya rasa bisa bersaing dengan Keramahan Jaringan Hotel Intentional

Kudos",ramah jawa modern tradisional padu saing jaring hotel intentional,positif
ChdDSUhNMG9nS0VJQ0FnSURNdGVYbnZRRRAB,4,"Keramahannya bagus, satu-satunya alasan saya senang menginap di sana adalah sarapannya.",ramah bagus alas senang inap sarapan,positif
ChZDSUhNMG9nS0VJQ0FnSURRNnNIT2RREAE,4,"Pilihan terbaik utk hotel highend, klasik dan romantis",pilih hotel highend klasik romantis,positif
ChdDSUhNMG9nS0VJQ0FnSUNReFpDY25RRRAB,4,Tempat menginap yang sangat nyaman. Makanannya enak.,inap nyaman makan enak,positif
ChZDSUhNMG9nS0VJQ0FnSUNzM0pyOGZBEAE,4,Agak mahal tapi sarapannya enak dan ada taman bermain untuk anak-anak di sini,mahal sarapan enak taman main,positif
ChZDSUhNMG9nS0VJQ0FnSURRM055LWFBEAE,4,Interiornya artistik tapi kurang bagus pemandangan alam luarnya,interior artistik bagus pandang alam,positif
ChZDSUhNMG9nS0VJQ0FnSURneWR5TWNREAE,4,Hotel bintang empat yang bagus tidak jauh dari jalan Malioboro yang terkenal.,hotel bintang bagus jalan malioboro kenal,positif
ChZDSUhNMG9nS0VJQ0FnSUN3cUxPdElBEAE,4,"Lokasinya bagus, ruang pertemuannya luas, fasilitasnya juga bagus, pelayanannya juga baik.",lokasi bagus ruang temu luas fasilitas layan,positif
ChdDSUhNMG9nS0VJQ0FnSURBZ0p5bDZnRRAB,4,"Hotel dengan suasana yang bagus, staf yang ramah, dan fasilitas yang baik.",hotel suasana bagus staf ramah fasilitas,positif
ChdDSUhNMG9nS0VJQ0FnSURndDdTNmt3RRAB,4,Hotelnya bagus tapi makanan dan minumannya biasa saja,hotel bagus makan minum,positif
ChdDSUhNMG9nS0VJQ0FnSURRejhDZ293RRAB,4,"Hotelnya bagus, tapi tidak ada tempat parkir untuk motor.",hotel bagus parkir motor,positif
ChZDSUhNMG9nS0VJQ0FnSURBMWRPdWJnEAE,4,Sangat menikmati menginap di sini..sarapan enak dan kolam renang menakjubkan,nikmat inap sarapan enak kolam renang takjub,positif
ChdDSUhNMG9nS0VJQ0FnSUNRZ2J6WjZRRRAB,4,"Bersih, nyaman, dan empuk. Seprainya rapi, wajib hukumnya bagi saya.",bersih nyaman empuk seprai rapi wajib hukum,positif
ChZDSUhNMG9nS0VJQ0FnSUNJNmZMWmFnEAE,4,Hotel yang sangat bagus dengan anggaran itu menurutku sepadan,hotel bagus anggar padan,positif
ChdDSUhNMG9nS0VJQ0FnSUNBaDZEVG1RRRAB,4,hotel besar dengan interior mewah dan restoran mewah,hotel interior mewah restoran,positif
ChZDSUhNMG9nS0VJQ0FnSURBNXBTamN3EAE,4,"Jika Anda mengendarai sepeda motor, Anda tidak diperbolehkan berhenti di carport. Tempat yang luas",kendara sepeda motor henti carport luas,positif
ChdDSUhNMG9nS0VJQ0FnSUNBNGQ3TDZnRRAB,4,"Ini adalah hotel yang indah, saya dapat menikmati budaya dan semangat Yogyakarta.",hotel indah nikmat budaya semangat yogyakarta,positif
ChdDSUhNMG9nS0VJQ0FnSUQ5by16anlnRRAB,4,"Pelayanan Baik, Hotel Strategis, Kamar Bersih, Sarapan Lezat",layan hotel strategis kamar bersih sarapan lezat,positif
ChdDSUhNMG9nS0VJQ0FnSURRcWNHai13RRAB,4,Terima kasih banyak atas makanan yang saya santap dalam damai...untuk masakan saya...terima kasih.,terimakasih makan santap damai masak,positif
ChdDSUhNMG9nS0VJQ0FnSUNReTQ3SHJ3RRAB,4,"Sarapannya luar biasa, banyak pilihan dan sangat lezat",sarapan pilih lezat,positif
ChZDSUhNMG9nS0VKbVFoT1BSaXF2NkxnEAE,4,Tempat ini memiliki banyak makanan khas lokal!,milik makan khas lokal,positif
ChZDSUhNMG9nS0VJQ0FnSUR4cEpybEtBEAE,4,Pengalaman yang sangat baik menginap di Hotel Tentrem.Grup perjalananT… Lainnya,alam inap hotel tentrem,positif
ChZDSUhNMG9nS0VJQ0FnSUNRejhEclFREAE,4,Lokasinya di jantung kota Yogyakarta. Kamarnya bagus.,lokasi jantung kota yogyakarta kamar bagus,positif
ChZDSUhNMG9nS0VJQ0FnSUNvcGFud1hnEAE,4,"Ballroomnya bagus, besar dan tempatnya cukup luas.",ballroomnya bagus luas,positif
ChZDSUhNMG9nS0VJQ0FnSUM0X04tUVVREAE,4,"Bagus, tapi pastikan untuk menyiapkan anggaran lebih. $$$",bagus anggar,positif
ChZDSUhNMG9nS0VJQ0FnSUR3bXJmbmNnEAE,4,"Worth it untuk harganya...makanannya enak, kolam renangnya juga",worth harga makan enak kolam renang,positif
ChZDSUhNMG9nS0VJQ0FnSUNncXQ3LVJ3EAE,4,"Kamar, makanan, dan detail desain yang bagus",kamar makan detail desain bagus,positif
ChZDSUhNMG9nS0VJQ0FnSUNRd05YSU53EAE,4,Ketika saya memberi 4 dari 5 bintang maka itu bagus,bintang bagus,positif
ChZDSUhNMG9nS0VJQ0FnSURnaF9ESGZnEAE,4,"Pelayannya sangat baik, hanya beberapa yang kurang profesional.",layan profesional,positif
ChRDSUhNMG9nS0VJQ0FnSURnMDRaQxAB,4,"Kamarnya bagus, bersih, dan wangi.",kamar bagus bersih wangi,positif
ChdDSUhNMG9nS0VJQ0FnSUNxc2ZhVTB3RRAB,4,"Tempat yang indah
Makanan enak, pelayanan bagus",indah makan enak layan bagus,positif
ChdDSUhNMG9nS0VJQ0FnSUMwbWZXWXRnRRAB,4,Kamar 234. Saya tidak bisa menggunakan pancuran dengan baik. Karena tidak ada pegangannya.,pancur pegang,positif
ChZDSUhNMG9nS0VJQ0FnSUMxbHViMkRnEAE,4,tolong tingkatkan internet wifinya..Grup perjalananKeluarga… Lainnya,tolong tingkat internet wifinya,positif
ChdDSUhNMG9nS0VJQ0FnSUNvNF82TTRnRRAB,4,"Pelayanan bagus, kamar bersih dan luas",layan bagus kamar bersih luas,positif
ChZDSUhNMG9nS0VJQ0FnSUN3aDRULUNREAE,4,Suasananya sangat bagus dan terjangkau :),suasana bagus jangkau,positif
ChdDSUhNMG9nS0VJQ0FnSURTdllQVHl3RRAB,4,"Nyaman, damai, pas",nyaman damai,positif
ChdDSUhNMG9nS0VJQ0FnSUN3OWUyQTlRRRAB,4,Hotel baru yang bagus dengan harga yang bagus,hotel bagus harga,positif
ChdDSUhNMG9nS0VJQ0FnSURnd2JuX19BRRAB,4,Tempat yang bagus dan makanan enak...,bagus makan enak,positif
ChdDSUhNMG9nS0VJQ0FnSUNvdWZLdXp3RRAB,4,Lokasi strategis. Ruang luas untuk konvensi.,lokasi strategis ruang luas konvensi,positif
ChdDSUhNMG9nS0VJQ0FnSURBMDVQSHVRRRAB,4,"Bagus, bersih, tapi baunya kurang enak",bagus bersih enak,positif
ChZDSUhNMG9nS0VJQ0FnSUN3Z19HOUpnEAE,4,Hotel berbintang dengan kemewahannya,hotel bintang mewah,positif
ChZDSUhNMG9nS0VJQ0FnSURBNjlMcWZBEAE,4,Tempat yang bagus untuk acara dan hotel.,bagus acara hotel,positif
ChZDSUhNMG9nS0VJQ0FnSUNncXBhY1V3EAE,4,hotel bintang 5 yang terjangkau,hotel bintang jangkau,positif
ChdDSUhNMG9nS0VJQ0FnSUNBel9pM3NBRRAB,4,"Pelayanannya sangat baik, membuat lebih banyak senyum",layan senyum,positif
ChdDSUhNMG9nS0VJQ0FnSUNnbGNhcXJBRRAB,4,Pelayanan mereka sangat baik,layan,positif
ChdDSUhNMG9nS0VJQ0FnSUNnejZUTG1nRRAB,4,sungai kode di belakang hotel josss,sungai kode hotel,positif
ChdDSUhNMG9nS0VJQ0FnSUNBdk9TWTVRRRAB,4,Tempat yang bagus untuk menginap di Jogja,bagus inap jogja,positif
ChZDSUhNMG9nS0VJQ0FnSURneUx6TklREAE,4,tempat yang sangat bagus untuk menginap,bagus inap,positif
ChdDSUhNMG9nS0VJQ0FnSUN3bzZtMjZ3RRAB,4,Tempat yang bagus untuk. Uang yang bagus,bagus uang,positif
ChdDSUhNMG9nS0VJQ0FnSURVLTc3WGdRRRAB,4,Hotel yang bagus dan bersih.,hotel bagus bersih,positif
ChdDSUhNMG9nS0VJQ0FnSURTMl8zN3hBRRAB,4,Siapa lawannya?,lawan,positif
ChdDSUhNMG9nS0VJQ0FnSUNRdmFPYnVnRRAB,4,Lokasi terbaik di area pusat kota,lokasi area pusat kota,positif
ChZDSUhNMG9nS0VJQ0FnSUN3cUt5ZUt3EAE,4,Hotel Terbaik dan Harga Buruk,hotel harga buruk,positif
ChZDSUhNMG9nS0VJQ0FnSUNnNy16WFZ3EAE,4,Satu satu,,positif
ChdDSUhNMG9nS0VJQ0FnSUN3cEotcXpBRRAB,4,Hotel terbaik di Yogyakarta,hotel yogyakarta,positif
ChdDSUhNMG9nS0VJQ0FnSUNJZ3U2cm9BRRAB,4,Nyaman dan cozy untuk ditinggali,nyaman cozy tinggal,positif
ChZDSUhNMG9nS0VJQ0FnSURRMDZUOWVnEAE,4,Enak untuk sarapan....,enak sarapan,positif
ChZDSUhNMG9nS0VJQ0FnSUNBM3ZuSUZnEAE,4,"Luas, mewah, nyaman",luas mewah nyaman,positif
ChZDSUhNMG9nS0VJQ0FnSUNBeXRuOFRBEAE,4,"Besar, cantik, luar biasa",cantik,positif
ChdDSUhNMG9nS0VJQ0FnSURZMEp5UDdRRRAB,4,Ayem,ayem,positif
ChdDSUhNMG9nS0VJQ0FnSUNBNF95a253RRAB,4,Sarapan yang enak.,sarapan enak,positif
ChdDSUhNMG9nS0VJQ0FnSURROTVicjR3RRAB,4,Penginapan yang sempurna di kota,inap sempurna kota,positif
ChdDSUhNMG9nS0VJQ0FnSURRaVlpRV93RRAB,4,Hotel yang bagus,hotel bagus,positif
ChdDSUhNMG9nS0VJQ0FnSUNna1lQTXZBRRAB,4,Membersihkan...,bersih,positif
ChZDSUhNMG9nS0VLSFh5ZHpDM0xIVkVnEAE,3,"Terlalu berisik. Sekelompok anak-anak tinggal di sebelah, dan kita tidak bisa berbuat apa-apa.",berisik kelompok tinggal belah,netral
ChZDSUhNMG9nS0VJQ0FnSUR1cWRhakZREAE,3,"Interior OK, pelayanan OK, cuma WIFI nya lemot kaya keong....
Butuh kerja di jam 9 malem, terpaksa pake tethering 😓 … Lainnya",interior layan wifi kaya keong butuh kerja malam paksa pake tethering,netral
ChZDSUhNMG9nS0VJQ0FnSURJNmFxOE1BEAE,3,"Minuman penymbutan (welcomedrink) seger banget, minuman beras kencur dan alang sarinya menghilangkan rasa eneg dan angin kembungku...",minum penymbutan welcomedrink seger banget beras kencur alang sari hilang eneg angin kembung,netral
ChZDSUhNMG9nS0VJQ0FnSUNJcWFHM1hnEAE,3,"Pilihan dan rasa makanan buffet di Kayu Manis di bawah ekspektasi, pilihan minum hanya teh dan infused water.",pilih makan buffet kayu manis ekspektasi minum infused water,netral
ChdDSUhNMG9nS0VJQ0FnSURWak5yRTFnRRAB,3,Nyaman dan aman. Cocok untuk semua jenis orang yang ingin healingJenis perjalanan… Lainnya,nyaman aman cocok jenis orang healing,netral
ChZDSUhNMG9nS0VJQ0FnSURNN0ppZGVnEAE,3,Di hari terakhir air mandi yg dingin tdk keluar shg mau gak mau menggunakan air panas yg sangat panas,mandi dingin panas,netral
ChdDSUhNMG9nS0VJQ0FnSUNvNHRuVWpRRRAB,3,Hotel yg bagus dan kereen degan harga yg bagus bener...( mahal buat saya ),hotel bagus kereen degan harga bener mahal,netral
ChdDSUhNMG9nS0VJQ0FnSUNZckpyVnpnRRAB,3,Terlalu ketat penjagaanya.hotel yg tidak bisa menghargai profesi ojek online.,ketat penjagaanya hotel harga profesi ojek online,netral
ChZDSUhNMG9nS0VJQ0FnSURpeGRQZFZnEAE,3,Bener bener keren sayangnya enggak ada masjidnya utk sholat jumat,bener keren sayang masjid sholat jumat,netral
ChdDSUhNMG9nS0VJQ0FnSURtcXQ3dHpBRRAB,3,bingung cr pintu keluar. ada tulisan exit tp tdk ada petunjuk selanjutnya,bingung pintu tulis exit,netral
ChZDSUhNMG9nS0VJQ0FnSUNRX2ZfdExnEAE,3,"Ribet nih hotel, mo sarapan aja harus pake sepatu..",ribet hotel sarapan pake sepatu,netral
ChdDSUhNMG9nS0VJQ0FnSURhcUtISXlRRRAB,3,"Nyaman, bersih, staff ramah terhadap tamu",nyaman bersih staff ramah hadap tamu,netral
ChdDSUhNMG9nS0VJQ0FnSUN3b3VIb253RRAB,3,Sepeda motor gk blh masuk mungkin ya krn ada tanda gbr sepeda motor di coret,sepeda motor masuk tanda coret,netral
ChdDSUhNMG9nS0VJQ0FnSUN5dG9yU2d3RRAB,3,Harga perkamar hotel mahal kurang terjangkau,harga kamar hotel mahal jangkau,netral
ChZDSUhNMG9nS0VJQ0FnSUM4N2NMS0pBEAE,3,Kamarnya kurang kedap dan shower udah rusak,kamar kedap shower udah rusak,netral
ChdDSUhNMG9nS0VJQ0FnSURnajhIdnZ3RRAB,3,Termasuk salah satu hotel terbaik di Jogja,masuk salah hotel jogja,netral
ChZDSUhNMG9nS0VJQ0FnSUNRdThQaUd3EAE,3,"Hotelnya Sangat Mewah, Pokoknya nyaman tidurnya",hotel mewah pokok nyaman tidur,netral
ChZDSUhNMG9nS0VJQ0FnSUNRN19mRkRnEAE,3,"Hotelnya keren,,buat meeting nih bagusny",hotel keren meeting bagusny,netral
ChdDSUhNMG9nS0VJQ0FnSUNDbXYzNnBBRRAB,3,Dinding kamar tipis jd suara kamar sebelah terdengar,dinding kamar tipis suara belah dengar,netral
ChZDSUhNMG9nS0VJQ0FnSUQ4clliMURREAE,3,"Chek in jam 2, dpt kamar jam 4 😭 …",chek kamar,netral
ChZDSUhNMG9nS0VJQ0FnSUNVdTQzTVF3EAE,3,"Klo dari luar hotelnya bagus,,,dekat malioboro",hotel bagus malioboro,netral
ChdDSUhNMG9nS0VJQ0FnSURBak8taHhnRRAB,3,Tapi sayang makin kesini wifi nya makin lemot......Jenis perjalananBis… Lainnya,sayang kesini wifi,netral
ChdDSUhNMG9nS0VJQ0FnSUNNaS1lRHl3RRAB,3,"Klu lihat orng ini hati2 penipuan.
Tlng tanggap orng ini",lihat orng hati tipu tlng tanggap,netral
ChdDSUhNMG9nS0VJQ0FnSUNnM1B6RG1RRRAB,3,Bagus hotelnya,bagus hotel,netral
ChZDSUhNMG9nS0VJQ0FnSUN3a2FtX1Z3EAE,3,"Mewah, namun ada kultur indonesia yg tdk terpenuhi",mewah kultur indonesia penuh,netral
ChdDSUhNMG9nS0VJQ0FnSUNvcnNDYnpBRRAB,3,Sebaiknya disediakan gerai ATM,sedia gerai,netral
ChdDSUhNMG9nS0VJQ0FnSUNVXzhXRHZRRRAB,3,Karyawannya gak ada yg ramah,karyawan ramah,netral
ChZDSUhNMG9nS0VJQ0FnSUNVLWV6QWJnEAE,3,salah satu hotel besar di jogja,salah hotel jogja,netral
ChZDSUhNMG9nS0VJQ0FnSURnbU1UZkZBEAE,3,"Megah. Wah.
Hotel milik juragan jamu.",megah hotel milik juragan jamu,netral
ChdDSUhNMG9nS0VJQ0FnSUMwdXF1bW1nRRAB,3,Nyaman dan masakanya enak...,nyaman masak enak,netral
ChZDSUhNMG9nS0VJQ0FnSURTeXNPWUlREAE,3,Gak menghargai driver online,harga driver online,netral
ChZDSUhNMG9nS0VJQ0FnSUN3a3ZhTWVREAE,3,Hanya kalangan atas yg mau kesana,kalang kesana,netral
ChZDSUhNMG9nS0VJQ0FnSURvX3JieEd3EAE,3,Sangat nyaman sekali,nyaman,netral
ChdDSUhNMG9nS0VJQ0FnSURRcFp2aHlBRRAB,3,Biasa aja,,netral
ChZDSUhNMG9nS0VJQ0FnSURBOV9qQ1p3EAE,3,Bagus sih tampak luarnya,bagus,netral
ChdDSUhNMG9nS0VJQ0FnSUN4NC1mTzlBRRAB,3,bersih luasKamar: 5Layanan:… Lainnya,bersih luas layan,netral
ChZDSUhNMG9nS0VJQ0FnSUNVcGVyekdnEAE,3,Akses dan keluar masuknya susah,akses masuk susah,netral
ChdDSUhNMG9nS0VJQ0FnSURneEwteTFRRRAB,3,Lokasinya mudah dijangkau,lokasi mudah jangkau,netral
ChZDSUhNMG9nS0VJQ0FnSUNBajRiSEZREAE,3,Parkir motor susah nih,parkir motor susah,netral
ChZDSUhNMG9nS0VJQ0FnSUQ4dTRtak9REAE,3,Parkir motornya ribet,parkir motor ribet,netral
ChZDSUhNMG9nS0VJQ0FnSUQwMWN2N1R3EAE,3,Enak dan luas,enak luas,netral
ChdDSUhNMG9nS0VJQ0FnSUNZb3J5Ry1BRRAB,3,Masakan ok,masak,netral
ChdDSUhNMG9nS0VJQ0FnSURJaEpqd3lRRRAB,3,Hotel yg elegan.,hotel elegan,netral
ChZDSUhNMG9nS0VJQ0FnSUNLb0w3bEhREAE,3,Aman nyaman,aman nyaman,netral
ChdDSUhNMG9nS0VJQ0FnSUQxMk1qSmdnRRAB,3,BagusKamar: 4Layanan: 5… Lainnya,bagus,netral
ChZDSUhNMG9nS0VJQ0FnSURBeWRQd1h3EAE,3,Parkir kurang nyaman,parkir nyaman,netral
ChZDSUhNMG9nS0VJQ0FnSURVcDhlYlZ3EAE,3,Woskshop Nasional Management Masjid,woskshop nasional management masjid,netral
ChdDSUhNMG9nS0VJQ0FnSURKcF9qZHVBRRAB,3,BaikKamar: 3Layanan: 3… Lainnya,,netral
ChdDSUhNMG9nS0VJQ0FnSURNbzlibHRBRRAB,3,baik,,netral
ChZDSUhNMG9nS0VJQ0FnSUNNeGRUcENBEAE,3,Lumayan,lumayan,netral
ChZDSUhNMG9nS0VJQ0FnSURnbzhtak13EAE,3,"Baik, bersih, asri.",bersih asri,netral
ChdDSUhNMG9nS0VJQ0FnSUNJOGJuSGh3RRAB,3,Lumayan,lumayan,netral
ChdDSUhNMG9nS0VJQ0FnSUNJanZIZDlBRRAB,3,Lumayan,lumayan,netral
ChZDSUhNMG9nS0VJQ0FnSURBN0txUFhnEAE,3,oke,,netral
ChdDSUhNMG9nS0VJQ0FnSUN3aVBUVHR3RRAB,3,Hotel mewah di jogja,hotel mewah jogja,netral
ChZDSUhNMG9nS0VJQ0FnSUMxMXZHTGJREAE,3,"Menginap di sini selama 2 malam saat Natal, sangat ramai. Staf hotel sangat ramah dan membantu, tetapi bangunan hotelnya kurang tepat. Lift yang berfungsi hanya 3, yang membuat kami menunggu cukup lama karena saya bertemu keluarga besar … Lainnya",inap malam natal ramai staf hotel ramah bantu bangun lift fungsi tunggu temu keluarga,netral
ChdDSUhNMG9nS0VJQ0FnTUNZZ083SjJBRRAB,3,"Hotel ini relatif baru dan modern. Area kolam renangnya sangat bagus dan terpencil dari kebisingan kota. Prasmanan sarapannya berlimpah, meskipun (dapat dimengerti) lebih berorientasi pada selera Asia (misalnya, tidak ada sereal, tetapi … Baca ulasan lainnya di Tripadvisor",hotel relatif modern area kolam renang bagus pencil bising kota prasmanan sarapan limpah erti orientasi selera asia real baca ulas tripadvisor,netral
ChdDSUhNMG9nS0VJQ0FnSURPMnJTSi1nRRAB,3,"Sudah bayar untuk Executive Suite, 1 tempat tidur King. Desain kamar mandinya jelek sekali. Kabinetnya menonjol dan menghalangi pintu masuk bilik shower. Sudutnya tajam dan berbahaya untuk anak kecil. Lantai kayunya dilapisi lilin tebal dan … Lainnya",bayar executive suite tidur king desain kamar mandi jelek kabinet tonjol halang pintu masuk bilik shower sudut tajam bahaya lantai kayu lapis lilin tebal,netral
ChZDSUhNMG9nS0VJQ0FnSURnMzhfTk1BEAE,3,"Kami menginap 2 malam di hotel ini. Hotel menerima permintaan khusus untuk kamar yang kami inginkan, yaitu kamar yang tenang. … Lainnya",inap malam hotel terima khusus kamar tenang,netral
ChdDSUhNMG9nS0VJQ0FnTURvbi1xYXB3RRAB,3,"Hotel Tentrem terletak sekitar 2 km dari pusat Yogyakarta (misalnya, Jalan Malioboro). Restoran terdekat berjarak sekitar 1 km. Meskipun ini bukan suatu kekurangan, berjalan kaki di sepanjang jalan yang selalu ramai dan berisik bukanlah hal … Baca ulasan lainnya di Tripadvisor",hotel tentrem letak pusat yogyakarta jalan malioboro restoran jarak kaki ramai berisik baca ulas tripadvisor,netral
ChZDSUhNMG9nS0VJQ0FnSURPejV1NmNBEAE,3,"Mendengar banyak promosi tentang tempat ini, jadi kami memutuskan untuk menginap semalam selama kunjungan kami ke Jogja. … Lainnya",dengar promosi putus inap malam kunjung jogja,netral
ChZDSUhNMG9nS0VJQ0FnSUNtcVliQ0NREAE,3,"Pelayanannya bagus. Tapi saya kecewa dengan anak-anak di taman bermain. Mereka membuat aturan wajib pakai masker dan kaus kaki, tapi mereka tidak mengikuti aturan mereka sendiri. Dengan alasan kaus kaki mereka habis terjual!! Jangan biarkan … Lainnya",layan bagus kecewa taman main atur wajib pakai masker kaus kaki alas habis jual biar,netral
ChZDSUhNMG9nS0VJQ0FnTURRZ0ppUFZnEAE,3,"Saya menginap di kamar 604 selama empat malam, mulai tanggal 14 Juni. Keamanan di pintu masuk, desain area resepsionis yang kokoh, dan staf yang ramah semuanya memberi saya kesan kelas satu. Saat saya sedang mengemasi barang-barang saya, … Baca ulasan lainnya di Tripadvisor",inap malam tanggal juni pintu masuk desain area resepsionis kokoh staf ramah kesan kelas emas barang baca ulas tripadvisor,netral
ChZDSUhNMG9nS0VJQ0FnSURnaS1EX0x3EAE,3,"Hai...itu pertama kalinya saya menginap di hotel tentrem, tetapi saya kecewa dengan layanan meja depan, saya sudah memesan 2 kamar dengan catatan kamar yang terhubung tetapi mereka mengatakan mereka tidak bisa memberi kami karena semuanya … Lainnya",kali inap hotel tentrem kecewa layan meja catat kamar hubung,netral
ChZDSUhNMG9nS0VJQ0FnSURndF82a1dnEAE,3,"Hotel modern yang bernuansa budaya Jawa. Stafnya ramah dan membantu. Sarapannya beragam, beberapa di antaranya istimewa. Kami mendapat kamar dengan pemandangan kota, tapi sepertinya pemandangannya kurang bagus. Furnitur kayu di kamar kami, ada beberapa rayap.",hotel modern nuansa budaya jawa staf ramah bantu sarapan ragam istimewa kamar pandang kota bagus furnitur kayu rayap,netral
ChZDSUhNMG9nS0VJQ0FnSUNRaGEzS0RnEAE,3,"tempatnya bagus. pelayanannya bagus tapi makanannya sangat mengecewakan. tampilannya bagus tapi ayam tanpa tulangnya tidak bertulang, rasanya encer dengan banyak tulang rawan dan sayuran segar yang menyertainya hanya buang-buang waktu. Akan mampir ke indomart dalam perjalanan pulang.",bagus layan makan kecewa tampil ayam tulang encer rawan sayur segar buang mampir indomart jalan pulang,netral
ChZDSUhNMG9nS0VJQ0FnSUNRNC1Td2V3EAE,3,"Saya sangat menikmati keramahannya, karyawannya ramah, banyak makanan lezat, pemandangannya indah, fasilitasnya lengkap, tapi... sayangnya kamarnya tidak kedap suara dari jalan. Terlalu berisik, saya bisa mendengar suara motor dengan sangat … Lainnya",nikmat ramah karyawan makan lezat pandang indah fasilitas lengkap sayang kamar kedap suara jalan berisik dengar motor,netral
ChZDSUhNMG9nS0VJQ0FnSUNBclBxVVNnEAE,3,"Dekorasi kamarnya bagus, tempat tidurnya nyaman, layanan profesional, pemandangannya indah, dan sarapannya lezat. Sayangnya, satpamnya kurang ramah, wajahnya terlalu datar dan terkesan tidak ramah bagi saya sebagai tamu.",dekorasi kamar bagus tidur nyaman layan profesional pandang indah sarapan lezat sayang satpam ramah wajah datar tamu,netral
ChZDSUhNMG9nS0VJQ0FnSUNROHBDQldREAE,3,"Ini hotel bintang 5.. pelayanan dan lokasinya bagus....tapi kualitas makanannya (terutama sarapannya, biasa saja)...dan tidak mewakili hotel bintang 5...apalagi untuk tarifnya yang lebih dari 1,5 juta/malam....di depan hotel ada restoran … Lainnya",hotel bintang layan lokasi bagus kualitas makan utama sarapan wakil tarif juta malam restoran,netral
ChdDSUhNMG9nS0VJQ0FnSURNZ2Q2U3dnRRAB,3,"Saya pesan prasmanan buka puasa, makanannya masih terlalu mahal. Rasa makanannya biasa saja. Ada hotel lain yang menyajikan makanan lebih enak dari tempat ini.",pesan prasmanan buka puasa makan mahal hotel saji enak,netral
ChdDSUhNMG9nS0VJQ0FnSUNBb1B1UnR3RRAB,3,"Barusan makan di restoran, suasananya lumayan dengan adanya kolam renang di tengah gedung, tapi makanan yang saya rekomendasikan hanya udang goreng mayo",barusan makan restoran suasana lumayan kolam renang gedung rekomendasi udang goreng mayo,netral
ChdDSUhNMG9nS0VJQ0FnSURHMC1UZ3N3RRAB,3,tempat yang ramah tamah dengan staf yang ramah. siapa yang tidak berpikir kenapa penyajian makanannya lama sekali. kami ngobrol di ebony lounge and bar.,ramah tamah staf pikir saji makan ngobrol ebony lounge,netral
ChdDSUhNMG9nS0VJQ0FnSURZb3Q3ZzF3RRAB,3,"Semuanya baik-baik saja, tapi hanya kamar mandinya yang bau. Dan kru tidak bisa membantu memperbaikinya.. dan ketika kami meminta pindah kamar, mereka tidak bisa.",kamar mandi bantu pindah,netral
ChdDSUhNMG9nS0VJQ0FnSURBNzZEVjhBRRAB,3,"Secara keseluruhan bagus, kecuali layanan kamar datang saat kami berada di kamar, baik saat istirahat makan siang atau setelah jam 8 malam, di mana terkadang kami tidak ingin ada gangguan",bagus kecuali layan kamar istirahat makan siang malam terkadang ganggu,netral
ChdDSUhNMG9nS0VJQ0FnSURHNnBxWXFnRRAB,3,"makanan makan siang menunya sedikit, tapi untuk pelayanan hotel tetap bagus",makan siang menu layan hotel bagus,netral
ChZDSUhNMG9nS0VJQ0FnSUNna09UZmZnEAE,3,"Hotelnya bagus tapi saya punya pengalaman buruk dengan keramahan di fasilitas sauna, banyak orang makan di kolam renang, menurut saya itu tidak baik untuk keramahan dan saya tidak suka dengan peraturan hotelnya",hotel bagus alam buruk ramah fasilitas sauna orang makan kolam renang suka atur,netral
ChZDSUhNMG9nS0VJQ0FnSUNtbmZybGJREAE,3,"Ketika keramahan hanya sekedar ""selamat pagi, selamat siang, selamat malam"" tanpa ketulusan hati",ramah selamat pagi siang malam tulus hati,netral
ChdDSUhNMG9nS0VJQ0FnSUN5NTV5cjd3RRAB,3,"Saya pergi ke sana dengan ekspektasi tinggi karena ulasannya bagus, tetapi struktur ruangan membuat kebisingan dari toilet mengganggu saya dan saya tidak bisa bersantai.",pergi ekspektasi ulas bagus struktur ruang bising toilet ganggu santa,netral
ChZDSUhNMG9nS0VJQ0FnSURJbEpueWJREAE,3,Hotel kecil untuk bintang 5. Mahal juga. Taman bermain yang bagus.,hotel bintang mahal taman main bagus,netral
ChdDSUhNMG9nS0VJQ0FnSURneXZyejVBRRAB,3,"Posh HTL, ke sini kalau kamu penggemar Tolak Angin karena pemilik HTL adalah bos jamu Tolak Angin. Coba Tolak Angin Punch di HTL Cafe.",posh hotel gemar tolak angin milik jamu coba punch cafe,netral
ChdDSUhNMG9nS0VJQ0FnSUNRcDZ5UGh3RRAB,3,"Untuk harga dan prestisenya, semua hal selain lantai dan dinding yang mengilap, terasa minimalis.",harga prestise lantai dinding kilap minimal,netral
ChdDSUhNMG9nS0VJQ0FnSUQya1kydHB3RRAB,3,"Tolong butuh troli lagi,... Buat kami nyaman (tentrem)Layanan: 3… Lainnya",tolong butuh troli nyaman tentrem,netral
ChZDSUhNMG9nS0VJQ0FnSURBaGNDRFZnEAE,3,"Ya Tuhan, hotel ini sangat besar, ya Tuhan",tuhan hotel,netral
ChZDSUhNMG9nS0VJQ0FnSUNBbGVIckt3EAE,3,Mereka punya kolam renang dan pusat kebugaran yang bagus.,kolam renang pusat bugar bagus,netral
ChdDSUhNMG9nS0VJQ0FnSURBeWVhamtBRRAB,3,"Saya tidak punya kata-kata untuk ini, tetapi saya berharap mereka dapat meningkatkan manajemen internal",harap tingkat manajemen internal,netral
ChdDSUhNMG9nS0VJQ0FnSUN3al9yZG5RRRAB,3,Tempat yang menyenangkan untuk menghabiskan waktu luang bersama keluarga dan kerabat,senang habis luang keluarga kerabat,netral
ChdDSUhNMG9nS0VJQ0FnSURRNmRyNDd3RRAB,3,"Makan malam berbuka puasa yang super ramai, makanannya lumayan..",makan malam buka puasa super ramai lumayan,netral
ChdDSUhNMG9nS0VJQ0FnSURNLWVLWjBRRRAB,3,Kurang ramah dengan driver ojol,ramah driver ojol,netral
ChdDSUhNMG9nS0VJQ0FnSURBaVltcWtRRRAB,3,"Begitu besarnya, membuat Anda tidak nyaman.",nyaman,netral
ChZDSUhNMG9nS0VJQ0FnSUNLanNuTEdBEAE,3,Tempat yang bagus tapi terlalu banyak aturan,bagus atur,netral
ChZDSUhNMG9nS0VJQ0FnSUNRbXVhSFdREAE,3,Apakah karatnya berkualitas tinggi?,karat kualitas,netral
ChdDSUhNMG9nS0VJQ0FnSUNBdlBUam1nRRAB,3,"Kamar bagus, pelayanan bagus",kamar bagus layan,netral
ChdDSUhNMG9nS0VJQ0FnSURBeEotU19RRRAB,3,oh wow,,netral
ChZDSUhNMG9nS0VJQ0FnSURBNFlEZEFREAE,3,Gerbang kedatangan sangat ramai,gerbang ramai,netral
ChZDSUhNMG9nS0VJQ0FnSUNnMVBXTVV3EAE,3,Barack Obama di Hotel Perdamaian,barack obama hotel damai,netral
ChdDSUhNMG9nS0VJQ0FnSURNOEllZnhnRRAB,3,Saya sakit.,sakit,netral
ChZDSUhNMG9nS0VJQ0FnSUN1MTk2Y05nEAE,3,JossJenis perjalananBisnis… Lainnya,,netral
ChZDSUhNMG9nS0VJQ0FnSUNRX0xmRU9BEAE,3,Ketatt,ketatt,netral
ChdDSUhNMG9nS0VJQ0FnSUNBNWFxdjhRRRAB,3,Oke,,netral
ChdDSUhNMG9nS0VJQ0FnSUNROVo2OXp3RRAB,3,Oke,,netral
ChdDSUhNMG9nS0VJQ0FnSUNJNV9EWDdBRRAB,3,Cantik,cantik,netral
ChdDSUhNMG9nS0VJQ0FnSUNvLWQtcnBRRRAB,3,Senang untuk tetap tinggal,senang tinggal,netral
ChZDSUhNMG9nS0VJQ0FnSUN3N192VkVREAE,3,Hotelnya panas sekali.,hotel panas,netral
ChZDSUhNMG9nS0VJQ0FnSURNdC1icVZBEAE,3,Semoga damai menyertaimu.,moga damai,netral
ChdDSUhNMG9nS0VJQ0FnSUNnZzh1cGp3RRAB,2,Hilang kaos saat laundry. Difollow up pihak managememt. Harga baju nya tidak seberapa.tapi kejujurannya tidak bisa dibayar alasan apapun.Jujur..saya kecewa,hilang kaos laundry difollow managememt harga baju jujur bayar alas kecewa,negatif
ChdDSUhNMG9nS0VJQ0FnSUNZNHM2dnNnRRAB,2,Di dlm byk belokan kurang tanda arah. Di resto makanan terlalu asin. Salad jangan dicampur aduk. Jarak resto dg ballroom jauh.,belok tanda arah resto makan asin salad campur aduk jarak ballroom,negatif
ChdDSUhNMG9nS0VJQ0FnSURRMjdTRThnRRAB,2,Para tamu hotel Tentram sering menggunakan jasa ojek online tapi fasilitas ntuk ojek online tidak ada....beda dengan hotel Hyatt,tamu hotel tentram jasa ojek online fasilitas ntuk beda hyatt,negatif
ChdDSUhNMG9nS0VJQ0FnSUNBbXBQZGtRRRAB,2,"AC dalam keadaan tidak dingin, saya sudah komplain ke resepsionist pada pagi hari ke2 tapi tidak ada tindakan apapun.",dingin komplain resepsionist pagi tindak,negatif
ChdDSUhNMG9nS0VJQ0FnSUN3dTZ5QnNRRRAB,2,GoJek tidak boleh masuk ke Hotel dengan seragam. Walaupun Hotelnya bagus tapi tidak pro dengan kemajuan Indonesia. Mohon kerja samanya.,masuk hotel seragam bagus maju indonesia mohon kerja,negatif
ChdDSUhNMG9nS0VJQ0FnSUM1cjRiZDF3RRAB,2,Mohon untuk pintu keluar bagi motor bisa diperjelas lagi,mohon pintu motor,negatif
ChZDSUhNMG9nS0VJQ0FnSURRbnZfUlVREAE,2,Tetep aja ga ada pasilitas yg memadai buat para supir,tetep pasilitas supir,negatif
ChZDSUhNMG9nS0VJQ0FnSUQwb1l6eFJnEAE,2,Hotel megah di pinggiran kali code. Sungguh sebuah kesenggangan~,hotel megah pinggir kali code sungguh buah senggang,negatif
ChdDSUhNMG9nS0VJQ0FnSURRaE1PaXRnRRAB,2,Untuk pak sekurity saya mohon hormati konsumen jgn remehkan konsumen,sekurity mohon hormat konsumen remeh,negatif
ChZDSUhNMG9nS0VJQ0FnSUNZNE5UZ1R3EAE,2,Makanannya enak n t4nya jooss,makan enak jooss,negatif
ChdDSUhNMG9nS0VJQ0FnSUNVMS1YcG9RRRAB,2,ga ad t4 drop zona buat Online.,drop zona online,negatif
ChZDSUhNMG9nS0VJQ0FnSUN3NDVEc1pnEAE,2,"Transit hotel, ok sekali. Sesuai harga",transit hotel sesuai harga,negatif
ChZDSUhNMG9nS0VJQ0FnSURBbDVIZmZ3EAE,2,Kurang ramah sama driver gojek...,ramah driver gojek,negatif
ChdDSUhNMG9nS0VJQ0FnSURvMTR5YXR3RRAB,2,Biasa lah ya namanya juga hotel,hotel,negatif
ChZDSUhNMG9nS0VJQ0FnSUNJeC03b0JREAE,2,Security di depan kurang ramah,security ramah,negatif
ChdDSUhNMG9nS0VJQ0FnSUNVOUlyYW5RRRAB,2,Sulit menemukan mushola,sulit temu mushola,negatif
ChZDSUhNMG9nS0VJQ0FnSURnN2VDRE1REAE,2,Sekuriti lmyn arogan..,sekuriti lmyn arogan,negatif
ChdDSUhNMG9nS0VJQ0FnSURvc05taHFRRRAB,2,Ribet..,ribet,negatif
ChdDSUhNMG9nS0VJQ0FnSUQycmNQa3ZnRRAB,2,Pelayanan lama,layan,negatif
ChZDSUhNMG9nS0VJQ0FnSUN3M3FIaldnEAE,2,Cukup.....bagus.,bagus,negatif
ChZDSUhNMG9nS0VJQ0FnSUNROHJpZU93EAE,2,Biasa,,negatif
ChZDSUhNMG9nS0VJQ0FnSUNRX3JHU0tREAE,2,Oke,,negatif
ChZDSUhNMG9nS0VJQ0FnSUNBbnFPeFVBEAE,2,Mahal,mahal,negatif
ChZDSUhNMG9nS0VJQ0FnSUNOeGZXalJ3EAE,2,Hotelnya agak sepi saat saya check in. Di resepsionis saya meminta bathtub dengan barang bernama Anan. Tapi kemudian saya mendapat kamar di lantai atas tetapi tidak ada bathtub (tidak persis seperti gambar saat saya memesannya) jadi saya … Lainnya,hotel sepi check resepsionis bathtub barang nama anan kamar lantai persis gambar,negatif
ChdDSUhNMG9nS0VJQ0FnSUQtcHQ2WjBnRRAB,2,"Lebih baik menginap di sini 2 tahun lalu. Tapi tidak tahun ini. Pelayanannya buruk, kami menginap di kamar suite, kami hanya diperbolehkan minum 4 botol air mineral. Kamar mandinya buruk, saluran pembuangannya tidak berfungsi dengan baik, … Lainnya",inap layan buruk kamar suite minum botol mineral mandi salur buang fungsi,negatif
ChZDSUhNMG9nS0VJQ0FnSURBNzg3LU1BEAE,2,"Agar tidak terdengar seperti saya hanya mengeluh, saya akan mulai dengan poin-poin positifnya: kamarnya luas, tempat tidurnya nyaman, dan stafnya sopan, meskipun kurang efisien. Ada juga satu hal yang sangat baik yang perlu saya soroti: … Lainnya",dengar keluh poin positif kamar luas tidur nyaman staf sopan efisien sorot,negatif
ChZDSUhNMG9nS0VJQ0FnSUM4NVllQ1VnEAE,2,"Dengan harga segitu, hal terbaik yang bisa saya katakan tentang hotel ini adalah tempat tidurnya yang sangat nyaman, keramahannya, dan kesiapan mereka untuk protokol normal baru. Hotel ini seharusnya bisa mendapatkan bintang 4, tetapi … Lainnya",harga segitu hotel tidur nyaman ramah kesiap protokol normal bintang,negatif
ChdDSUhNMG9nS0VJQ0FnSUM2NXVtTm93RRAB,2,"Hotelnya biasa saja, di bawah ekspektasi. Hotelnya bagus, tanpa ada yang istimewa. Benar-benar tidak ada yang istimewa dari hotel dan keramahannya.
Pengalaman sarapannya sangat membosankan. Menjelang pukul 9 pagi, di sesi ke-3 … Lainnya",hotel ekspektasi bagus istimewa ramah alam sarapan bosan jelang pagi sesi,negatif
ChdDSUhNMG9nS0VJQ0FnTURvM19DSmdRRRAB,2,"Saya memiliki ekspektasi tinggi berdasarkan ulasan-ulasan yang ada, jadi saya kecewa. Sekilas, hotel ini tampak mewah, tetapi saya merasa itu hanya di permukaan saja. Ada noda yang terlihat jelas di sofa di kamar. Saya berkomunikasi dengan … Baca ulasan lainnya di Tripadvisor",milik ekspektasi dasar ulas kecewa kilas hotel mewah muka noda lihat sofa kamar komunikasi baca tripadvisor,negatif
ChZDSUhNMG9nS0VJQ0FnSURBeGU3cGN3EAE,2,"Saya memesan kamar secara online. CSO-nya sangat baik dan mereka mampu memastikan semua yang saya butuhkan. Namun, layanan resepsionisnya sangat buruk. Saya menunggu 30 menit penuh untuk mereka menyiapkan kamar, tetapi ternyata kamarnya … Lainnya",kamar online butuh layan resepsionis buruk tunggu menit penuh nyata,negatif
ChZDSUhNMG9nS0VJQ0FnSURzMnJHa0h3EAE,2,Dindingnya sangat tipis. Kedap suara kamar sangat buruk. Anda bisa mendengar SEMUANYA dari luar. Sangat berisik. … Lainnya,dinding tipis kedap suara kamar buruk dengar berisik,negatif
ChdDSUhNMG9nS0VJQ0FnTUNZZ0tfbDBBRRAB,2,"Hotel berkualitas, sangat nyaman, agak terpencil. Tapi restorannya sangat mengecewakan! Kami menginap selama empat hari, dan hanya ada sedikit pelanggan saat makan malam untuk jumlah staf yang banyak. Makanannya sangat biasa saja, sangat … Baca ulasan lainnya di Tripadvisor",hotel kualitas nyaman pencil restoran kecewa inap langgan makan malam staf baca ulas tripadvisor,negatif
ChZDSUhNMG9nS0VJQ0FnSUNDN0wtZlN3EAE,2,Bak mandi tidak tersedia di semua kamar Premier. Saya bertanya kepada resepsionis dan mereka mengatakan semua kamar Premier dengan bak mandi sudah penuh. AC kamar saya sangat berisik. Dan pancuran air hujannya sampai keluar dari pintu … Lainnya,mandi sedia kamar premier resepsionis penuh berisik pancur hujan pintu,negatif
ChZDSUhNMG9nS0VJQ0FnTURvcjV2aVR3EAE,2,"Saya memesan tiga malam di hotel ini: kamarnya gelap, tirainya kotor, perabotannya sudah tua.||Sarapan di bawah standar, di ruangan yang terlihat seperti kantin.||Tidak ada layanan pelanggan, stafnya tidak terlatih dan tidak profesional.",malam hotel kamar gelap tirai kotor perabot sarapan standar ruang lihat kantin layan langgan staf latih profesional,negatif
ChZDSUhNMG9nS0VJQ0FnSUQ2bWEtX1JnEAE,2,"Mengerikan sekali. Pada tanggal 4 Oktober 2021 pukul 21.30-21.50, staf hotel membuat keributan besar. Saya menemui staf untuk menyampaikan keluhan. Staf mengatakan bahwa ia sedang menyiapkan tempat tidur tambahan di kamar.... … Lainnya",keri tanggal oktober staf hotel ribut temu keluh tidur kamar,negatif
ChdDSUhNMG9nS0VJQ0FnSURvZ0txMnNnRRAB,2,"Ini hotel bintang 5, tetapi dibandingkan dengan hotel bintang lebih rendah, proses check-in terlalu lama (karena antrean pendek). Ada noda di furnitur kamar. … Lainnya",hotel bintang banding rendah proses check antre pendek noda furnitur kamar,negatif
ChZDSUhNMG9nS0VJQ0FnSURBNF9pamN3EAE,2,Saya menginap di sini selama 4 hari 3 N.. Untuk merangkum pengalaman saya: Over Expectation.. Terutama menu makan siang dan makan malam..lantai kamar mandi kotor,inap rangkum alam over expectation utama menu makan siang malam lantai kamar mandi kotor,negatif
ChdDSUhNMG9nS0VJQ0FnSUNCc3E2WDhRRRAB,2,"Parkiran seperti hotel bintang 1, sangat terbatas untuk tamu hotel, FO tidak kooperatif pada 21 Des 2022 pukul 22:06 untuk tempat parkir tersedia saat jam hujan Lainnya",parkir hotel bintang batas tamu kooperatif sedia hujan,negatif
ChZDSUhNMG9nS0VJQ0FnSUMxdWVqLVdBEAE,2,"Proses check in buruk dan lama, sekarang sudah jam 16.30 wib tapi kamar masih belum tersedia.Jenis p… Lainnya",proses check buruk kamar sedia jenis,negatif
ChZDSUhNMG9nS0VJQ0FnSUNjazdyMFB3EAE,2,"Hotel mahal..
Liftnya kurang, turun naiknya lama..",hotel mahal lift turun,negatif
ChdDSUhNMG9nS0VJQ0FnSUNnci1LWDFnRRAB,2,"Punya ekspektasi tinggi terhadap ulasan, tapi gagal memenuhi harapan. Keren.",ekspektasi hadap ulas gagal penuh harap keren,negatif
ChdDSUhNMG9nS0VJQ0FnSUM0NmMydHdBRRAB,2,"Area parkir jauh dari lobi, butuh waktu beberapa menit untuk sampai di sanaGrup perjalanan… Lainnya",area parkir lobi butuh menit,negatif
ChdDSUhNMG9nS0VJQ0FnSUNDNi1LTG5nRRAB,2,Saya tidak suka dengan layanan keamanan,suka layan,negatif
ChdDSUhNMG9nS0VJQ0FnSUNRcTgtdzlBRRAB,2,Terlalu mahal untuk tingkat layanan ini,mahal tingkat layan,negatif
ChdDSUhNMG9nS0VJQ0FnSUM4bXZfNm1RRRAB,2,layananGrup perjalananKeluarga… Lainnya,layan,negatif
ChZDSUhNMG9nS0VJQ0FnSUNBeElTTE1BEAE,1,Hotel arogan. Seenaknya sendiri makan trotoar untuk drop off. Juga seenaknya melarang kendaraan berhenti di jalan yang menjadi fasilitas umum.,hotel arogan enak makan trotoar drop larang kendara henti jalan fasilitas,negatif
ChdDSUhNMG9nS0VJQ0FnSURBMWVEbnRnRRAB,1,"Hotel yg megah.. Sayang merampas bagian trotoar & memasang tanda larangan parkir. Ketika ada kendaraan berhenti di tempat tsb, satpam mengusirnya.",hotel megah sayang rampas trotoar pasang tanda larang parkir kendara henti satpam usir,negatif
ChdDSUhNMG9nS0VJQ0FnSURHNC1DWjBBRRAB,1,"Hotelnya bagus, Tapi pelayanan Security nya tidak ramah  terhadap driver-driver yang membawa tamu yang menginap di hotel ini.",hotel bagus layan security ramah hadap driver bawa tamu inap,negatif
ChdDSUhNMG9nS0VJQ0FnSURsOHVpR2xBRRAB,1,"Trimakasih hotel tentrem,kamu tempat ternyaman di jogja.,semoga saya bisa kembali lagi..Kamar:… Lainnya",trimakasih hotel tentrem nyaman jogja moga kamar,negatif
ChZDSUhNMG9nS0VJQ0FnSURHMnVmZFNBEAE,1,Sinyal di basement dan restauran harap di cek kembali...sering blankspot di area tersebut...Alat penguat sinyal Sepertinya tidak mahal juga.,sinyal basement restauran harap blankspot area alat kuat mahal,negatif
ChZDSUhNMG9nS0VJQ0FnSUMydG9uZlFREAE,1,Sangat memuaskan baik pelayanan. Kebersihan. Bagus menunya enak2 dan.lengkap.Jenis perjalanan… Lainnya,puas layan bersih bagus menu enak lengkap,negatif
ChdDSUhNMG9nS0VJQ0FnSUM1d2VhbTlRRRAB,1,Staf tidak sopan dan tidak ramah. Aku tidak mau nginap di hotel ini lagi.,staf sopan ramah nginap hotel,negatif
ChZDSUhNMG9nS0VJQ0FnSURkdElUaVZBEAE,1,"Sekali aja nginep disini, apalagi bawa grup. Staffnya sibuk sendiri2Jenis perjalanan… Lainnya",nginep bawa grup staff sibuk,negatif
ChdDSUhNMG9nS0VJQ0FnSUQxeS12NHNnRRAB,1,Tempat nya sangat nyaman untuk berlibur bersama keluargaKamar: 5… Lainnya,nyaman libur keluarga,negatif
ChZDSUhNMG9nS0VJQ0FnSUN3cDh2U0pnEAE,1,"Tolong untuk carcall diganti pakai speaker salon

Karena dengan yang sudah ada tidak jelas dan menggema … Lainnya",tolong carcall ganti pakai speaker salon gema,negatif
ChdDSUhNMG9nS0VJQ0FnSUN3OE5fSDlBRRAB,1,Bagi tamu yang menggunakan jasa gojek jangan nginap di hotel tentrem nyusahke driver gojek,tamu jasa gojek nginap hotel tentrem nyusahke driver,negatif
ChZDSUhNMG9nS0VJQ0FnSURVOTdiUkpBEAE,1,Satpam kalau ga mnagement hotel nyebai.. gojek harus copot jaket.. buat apa beda bedain profesi??,satpam mnagement hotel nyebai gojek copot jaket beda bedain profesi,negatif
ChdDSUhNMG9nS0VJQ0FnSURZdmJTZXRnRRAB,1,Gak bisa berenang dari acara herbalife karna aku benci ke tentrm,renang acara herbalife karna benci tentrm,negatif
ChdDSUhNMG9nS0VJQ0FnSUN3eU9PQ25RRRAB,1,Bagus tapi event acara Th baru nya biasa saja tdk meriah,bagus event acara riah,negatif
ChdDSUhNMG9nS0VJQ0FnSUMxcE1mUHRnRRAB,1,"tempat nya buruk, kamar mandi bauKamar: 1… Lainnya",buruk kamar mandi,negatif
ChdDSUhNMG9nS0VJQ0FnSUNzenFtWG1BRRAB,1,"Sangat tidak nyaman,memakai motor dilarang masuk. Arogan",nyaman pakai motor larang masuk arogan,negatif
ChdDSUhNMG9nS0VJQ0FnSUQ4eHNUVmtRRRAB,1,"Birokrasi bagi ojol sangat rumit,padahal cuma mau nganter makanan",birokrasi ojol rumit nganter makan,negatif
ChZDSUhNMG9nS0VJQ0FnSUMtNjdLTVFnEAE,1,Satpam lobby yg tdk ramah pada taksi online,satpam lobby ramah taksi online,negatif
ChdDSUhNMG9nS0VJQ0FnSURWb2NfVTNBRRAB,1,"Pelayanannya bagus,bersih dan nyaman",layan bagus bersih nyaman,negatif
ChdDSUhNMG9nS0VJQ0FnSUNWcnNid3NnRRAB,1,"Pelayanan jelek, frontliner Tidak ramahLayanan: 1",layan jelek frontliner ramah,negatif
ChZDSUhNMG9nS0VJQ0FnSURwbGIzLUpnEAE,1,Tempat dan ruangan sangat berkualitasKamar: 1… Lainnya,ruang kualitas,negatif
ChdDSUhNMG9nS0VJQ0FnSUN3MzhtWjdnRRAB,1,Satpamx nyebelin.. Gojek to  blh msk hrs lepas jaket,satpamx nyebelin gojek lepas jaket,negatif
ChdDSUhNMG9nS0VJQ0FnSUNVaTlYTHN3RRAB,1,Peraturannya cukeng leterleg thd driver online,atur cukeng leterleg driver online,negatif
ChZDSUhNMG9nS0VJQ0FnSURZX3FDSFlREAE,1,"Hotel bingtang 5, tapi pelayanan bintang 1.",hotel bingtang layan bintang,negatif
ChdDSUhNMG9nS0VJQ0FnSURseDc3VGpnRRAB,1,Sangat burukkkkkkkkkkk don't come,buruk come,negatif
ChZDSUhNMG9nS0VJQ0FnSUN3OWYzSEtREAE,1,pintu keluarnya buat masuk :o,pintu masuk,negatif
ChZDSUhNMG9nS0VJQ0FnSUNna0pXN09BEAE,1,"hospitality security nggak banget , nggak jogja banget",hospitality security banget jogja,negatif
ChZDSUhNMG9nS0VJQ0FnSUMxOHBud1JBEAE,1,👎👎👎 …Kamar: 1,,negatif
ChdDSUhNMG9nS0VJQ0FnSUQwdmRtLTZ3RRAB,1,Ribet parkir nya,ribet parkir,negatif
ChdDSUhNMG9nS0VJQ0FnSURHcWMtazZBRRAB,1,Pelayanan bagus,layan bagus,negatif
ChdDSUhNMG9nS0VJQ0FnSUNyM2Zid3BnRRAB,1,BagusKamar: 1Layanan: 1… Lainnya,bagus,negatif
ChZDSUhNMG9nS0VJQ0FnSURHLXR6c1pnEAE,1,Bersih dan megah,bersih megah,negatif
ChdDSUhNMG9nS0VJQ0FnSUN1cF92ZnhnRRAB,1,Orderan fiktif,order fiktif,negatif
ChdDSUhNMG9nS0VJQ0FnSUN3c1BfdV93RRAB,1,Jogja kebak hotel,jogja hotel,negatif
ChZDSUhNMG9nS0VJQ0FnSUNUNU42Nll3EAE,1,"Semalam saya sangat kesal dengan staf ini. Saya datang ke lounge untuk membeli es krim dan saya sudah tahu apa yang saya inginkan. Saya mengantre ketika staf ini menangani 1 pelanggan untuk pembayaran. Tidak lama kemudian, sebuah keluarga … Lainnya",malam kesal staf lounge beli krim antre tangan langgan bayar buah keluarga,negatif
ChdDSUhNMG9nS0VJQ0FnSURaZ3ZlaGlRRRAB,1,"Kami menginap 2 malam di sini. Secara keseluruhan, hotel ini bernuansa mewah, tetapi furniturnya terlihat tua. Kami kecewa dengan layanan Anda. Kami meminta sandal hotel, tetapi mereka menolak menyediakan sandal tambahan. Air di kamar mandi … Lainnya",inap malam hotel nuansa mewah furnitur lihat kecewa layan sandal tolak sedia kamar mandi,negatif
ChdDSUhNMG9nS0VJQ0FnTURvXzg2WTZBRRAB,1,"Agar tidak terdengar seperti saya hanya mengeluh, saya akan mulai dengan poin-poin positifnya: kamarnya luas, tempat tidurnya nyaman, dan stafnya sopan, meskipun kurang efisien. Ada juga hal yang sangat baik yang perlu saya soroti: saat … Baca ulasan lainnya di Tripadvisor",dengar keluh poin positif kamar luas tidur nyaman staf sopan efisien sorot baca ulas tripadvisor,negatif
ChdDSUhNMG9nS0VJQ0FnSURSNGVIRzlRRRAB,1,"Mohon pertimbangkan kembali jika Anda ingin memesan di Tentrem Yogyakarta, pembatalannya sangat merepotkan. Manajemennya kaku tanpa penjelasan yang jelas. Saya meminta pengembalian uang kamar karena penutupan jalan saat libur Lebaran, … Lainnya",mohon timbang tentrem yogyakarta batal repot manajemen kaku uang kamar tutup jalan libur lebaran,negatif
ChdDSUhNMG9nS0VJQ0FnSURHd3VDNXlBRRAB,1,"Saya, istri, dan teman-teman marathon saya menginap di sini saat Mandiri Jogja Marathon sekitar 5 tahun yang lalu dan pengalaman menginapnya sangat menyenangkan. Saya suka pusat kebugaran dan saunanya, dan bisa dibilang ini hotel terbaik di … Lainnya",istri teman marathon inap mandiri jogja alam senang suka pusat bugar sauna bilang hotel,negatif
ChZDSUhNMG9nS0VJQ0FnSURBbTdQYkp3EAE,1,"Kamarnya bagus dan bersih, stafnya membantu dan ramah. Makanannya biasa saja, restoran untuk sarapannya buruk, terlalu besar, penuh sesak, dan sangat berisik. Kolam renangnya bagus dan besar. Suami saya juga kehilangan kacamata hitamnya di kamar kami, kami sudah melaporkannya, tetapi belum ada kabar sampai sekarang.",kamar bagus bersih staf bantu ramah makan restoran sarapan buruk penuh sesak berisik kolam renang suami hilang kacamata hitam lapor kabar,negatif
ChdDSUhNMG9nS0VJQ0FnSURPNVpEVTdRRRAB,1,"Saya memiliki pengalaman yang luar biasa di Tentrem Jogjakarta dan Semarang. Saya juga memberikan penilaian yang sangat baik untuk staf dan tim sarapan. Namun, saya rasa saya perlu berpikir ulang lagi dan lagi setelah dua pengalaman buruk … Lainnya",milik alam tentrem jogjakarta semarang nilai staf sarapan pikir ulang buruk,negatif
ChZDSUhNMG9nS0VJQ0FnSUNtdGNXd1BREAE,1,"Kualitas elemen infrastruktur hotel sangat baik:
1. desain
2. material … Lainnya",kualitas elemen infrastruktur hotel desain material,negatif
ChZDSUhNMG9nS0VJQ0FnSURDeXM2X1p3EAE,1,"Belum menginap. Kualitas Tentrem Hotel Jogjakarta tidak dapat disangkal, tidak diragukan. Yang kami beri peringkat 1 bintang hanya untuk Tentrem HOTEL SEMARANG. Kami ingin menginap di Tentrem Hotel Semarang, tetapi jika kami menghubungi … Lainnya",inap kualitas tentrem hotel jogjakarta sangkal ragu peringkat bintang semarang hubung,negatif
ChdDSUhNMG9nS0VJQ0FnSUN3Ni1IQml3RRAB,1,"Saya menginap selama 3 malam, AC tidak dingin sama sekali selama menginap, bahkan tim teknisi sudah datang untuk memperbaikinya. Bahkan tidak ada satu pun staf yang bertanya apakah saya menginap dengan nyaman atau tidak. Hotel Anda sama … Lainnya",inap malam dingin teknisi staf nyaman hotel,negatif
ChZDSUhNMG9nS0VJQ0FnSUNzOExTdU5REAE,1,"Kebijakan hotel standar ganda, menyewa motor untuk berkeliling Jogja, tetapi tidak bisa masuk ke dalam hotel dan harus parkir di luar. Namun, staf keamanan mereka terus meminta maaf atas kebijakan mereka, dan saya tidak menyalahkan mereka.",bijak hotel standar ganda sewa motor keliling jogja masuk parkir staf maaf salah,negatif
ChZDSUhNMG9nS0VJQ0FnSURRdHA3QmFnEAE,1,"Luas, bersih, dan mewah... Tapi ketika kami tiba pukul 16.00 untuk check-in, kamar kami belum siap. Kami harus menunggu sekitar 30 menit.",luas bersih mewah check kamar tunggu menit,negatif
ChZDSUhNMG9nS0VJQ0FnSUNUNUllMlFnEAE,1,Baru masuk kamar setelah 3 jam menunggu di lobi. Pengalaman yang kurang menyenangkan dari hotel bintang 5. Lainnya,masuk kamar tunggu lobi alam senang hotel bintang,negatif
ChdDSUhNMG9nS0VJQ0FnSUNzdkxXY3JBRRAB,1,"Kamar hotel mewah sangat nyaman, tetapi staf depan dan keamanan tidak mengerti tentang keramahan, tidak kooperatif terutama untuk parkir mobil di lobi depan hotel",kamar hotel mewah nyaman staf erti ramah kooperatif utama parkir mobil lobi,negatif
ChZDSUhNMG9nS0VJQ0FnSUNjc0xuc0t3EAE,1,"Bintang-bintang mereka tidak mencerminkan kualitas dan layanan yang mereka berikan. Mohon maaf, mereka perlu banyak meningkatkan layanan. JW Mariott pantas mendapatkan yang lebih baik.",bintang cermin kualitas layan ikan mohon maaf tingkat mariott,negatif
ChdDSUhNMG9nS0VJQ0FnSURDNHNERG9RRRAB,1,Kepala pancuran di kamar mandi saya bocor begitu parah hingga air terciprat ke mana-mana hingga ke langit-langit dan saya menginap di kamar 728. Mereka tidak memeriksa semuanya sebelum tamu memasuki kamar.,kepala pancur kamar mandi bocor parah ciprat langit inap periksa tamu pasuk,negatif
ChZDSUhNMG9nS0VJQ0FnSUR5b0lPd0lREAE,1,"Sama sekali tidak menemukan keramahtamahan Yogyakarta, apakah hotel bintang 5? Hotel ini tidak memiliki simpati terhadap penderita asma.",temu keramahtamahan yogyakarta hotel bintang milik simpati hadap derita asma,negatif
ChdDSUhNMG9nS0VJQ0FnSURBMV9UX3hnRRAB,1,"Saya mengunjungi Jogja untuk bekerja di sini. Meskipun ini hotel bintang 5, masalah internet WiFi membuat saya frustrasi.",unjung jogja kerja hotel bintang internet wifi frustrasi,negatif
ChdDSUhNMG9nS0VJQ0FnSUMxb3U2SF9nRRAB,1,"Seharusnya check in pukul 3 sore, tetapi diundur hingga pukul 4 sore.Kamar: 1… Lainnya",check sore undur,negatif
ChdDSUhNMG9nS0VJQ0FnSURvc05TcHpnRRAB,1,Restoran Istana Musim Panas perlu peningkatan layanan yang besar😡 …,restoran istana musim panas tingkat layan,negatif
ChZDSUhNMG9nS0VJQ0FnSUNCa19uT1J3EAE,1,Keamanan Anda sangat tidak berguna.Jenis perjalananLiburan… Lainnya,,negatif
ChdDSUhNMG9nS0VJQ0FnSURoME1PaXN3RRAB,1,Pelayanan sangat burukKamar: 1Layanan:… Lainnya,layan buruk,negatif
ChdDSUhNMG9nS0VJQ0FnSURTMnJXNzR3RRAB,1,Badhek,badhek,negatif
ChdDSUhNMG9nS0VJQ0FnSUNndjhYbzNBRRAB,1,Tanda 1,tanda,negatif
ChZDSUhNMG9nS0VJQ0FnSURwa0pHVGN3EAE,1,Buruk,buruk,negatif
ChZDSUhNMG9nS0VJQ0FnSUNRanZURVhBEAE,1,Sss,,negatif
ChdDSUhNMG9nS0VJQ0FnSURnb1ByQzJBRRAB,1,Bagus,bagus,negatif
ChdDSUhNMG9nS0VJQ0FnSUN0amNlWTFBRRAB,1,Ga demenKamar: 1Layanan: 1… Lainnya,demen,negatif
ChdDSUhNMG9nS0VJQ0FnSURBNl92bTZBRRAB,1,Hanya sebuah kebiasaan,buah,negatif
ChdDSUhNMG9nS0VJQ0FnSURJZ2RLWC13RRAB,1,Gatheli.....,gatheli,negatif
ChZDSUhNMG9nS0VJQ0FnSUNnd3A3X09REAE,1,Ruang pertemuan,ruang temu,negatif
