Label,Casefold,processed,label_encoded
positif,pelayanannya ramah bgtt fasilitas kamar juga oke recommended utk yang mau liburan krn lokasinya dekat banyak tempat wisata,layan ramah banget fasilitas kamar baik rekomendasi libur lokasi dekat banyak tempat wisata,2
negatif,baru kali ini sangat kecewa dengan pelayanan hotel mercure di kota mana pun baru kali ini saya sangat kecewa minta kunci kamar punya suami saja yang sudah di titipkan susahnya minta amoun harus tunggu bberapa lama berasa saya di curigai sama pihak lobby keterlaluan buat emosi,baru kali sangat kecewa layan hotel mercure kota mana baru kali sangat kecewa minta kunci kamar punya suami titip susah minta harus tunggu beberapa lama rasa curiga sama pihak lobby terlalu emosi,0
positif,liburan menyenangkan di jogja stay di hotel yg luar biasa,libur senang jogja stay hotel luar biasa,2
positif,lokasinya juga mantap dekat dengan bandara dan tempat tempat wisata untuk kamarnya sendiri menurut saya nyaman dan fasilitasnya lengkap pelayanan nya baik dan stafnya ramah ramah,lokasi mantap dekat bandara tempat tempat wisata kamar sendiri turut nyaman fasilitas lengkap layan baik staf ramah ramah,2
positif,saya merekomendasikan anda untuk menginap di hotel ini pelayanannya bagus ramah dan makanannya juga enak sebagai ibu yg sedang menyusui saya sangat mengapresiasi atas layanan penyimpanan asi yang ada di bagian resepsionis,rekomendasi inap hotel layan bagus ramah makan enak ibu sedang susu sangat apresiasi atas layan simpan asi bagi resepsionis,2
positif,sarapan lengkap enak pelayanan bagus dengan mbak devita,sarap lengkap enak layan bagus,2
positif,pelayanan top tempat nyaman sekali sangatt recomend,layan top tempat nyaman sekali sangat recomended,2
positif,menunya bervariatif dan enak pilihan desertnya juga banyak,menu variatif enak pilih desert banyak,2
negatif,staff ramah itu jd menutupi kekurangan yg lain sih terimakasih ya mba dan mas too bad kamarnya gelap tv nya gambarnya semut jd kurang clear heater nya mesti,staff ramah tutup kurang lain terimakasih too bad kamar gelap televisi gambar semut kurang bersih heater mesti,0
positif,untuk kamar bersih aman dan nyaman bisa di jadikan rekomendasi buat nginap atau staycation tpi sama istri loh staff nya juga ramah,kamar bersih aman nyaman bisa jadi rekomendasi nginap staycation sama istri staff ramah,2
positif,puas banget deh dengan pelayanan di hotel ini mulai dari fasilitas hingga makanan nya rekomend banget buat yang mau nyari hotel bintang lima dengan harga yang masih dibilang standar suasana hotel juga nyaman dan asri bikin jadi betah,puas banget layan hotel mulai fasilitas hingga makan rekomend banget nyari hotel bintang lima harga masih bilang standar suasana hotel nyaman asri bikin betah,2
netral,menginap utk malam dikamar tipe deluxe ada beberapa spot lantai yg tidak sempat di vacum tp overall kamar bersih dan terawat hanya saja saya tidak mendapatkan pemandangan dari jendela pemandangan hanya kooridor tempat meeting,inap malam kamar tipe deluxe beberapa spot lantai sempat vacum semua kamar bersih awat hanya dapat pandang jendela pandang hanya kooridor tempat meeting,1
positif,overall nyaman suasana oke kamar jg bersih wangi,semua nyaman suasana baik kamar bersih wangi,2
netral,bagus hotel tengah kota yogyakarta kami nginap hari cukup berkesan wlopun belum nyoba semua fasilitasnya karena tugas kantor namun ada hal yg kurang entah sop atau pernah terjadi sesuatu terkait keamanan,bagus hotel tengah kota yogyakarta nginap hari cukup kesan walaupun belum nyoba semua fasilitas tugas kantor namun hal kurang entah sop pernah jadi sesuatu kait aman,1
positif,senang menginap disini makanannya enak enak ruangannya luas awalnya check in ada air ac sedikit tp tim gercep membetulkan dan semuanya sangat ramah terutama mbak devita dan satunya mas siapa kemarin malam ya yang langsung gercep menghubungi teknisi ketika ada permasalahan di ac,senang inap sini makan enak enak ruang luas awal check in air ac sedikit tim gercep betul semua sangat ramah utama satu siapa kemarin malam langsung gercep hubung teknisi ketika masalah ac,2
positif,tempatnya nyaman staffnya baik,tempat nyaman staffnya baik,2
positif,makanannya enak tempatnya nyaman lokasi dekat dg perkotaan dan depan jalan raya bagus untuk staycation berhari hari sesuai harapan dan recomend buat nginep,makan enak tempat nyaman lokasi dekat kota depan jalan raya bagus staycation hari hari sesuai harap recomended nginep,2
positif,makanannya enak paling favorit nasi goreng buat anak dan overalla good,makan enak paling favorit nasi goreng over all good,2
negatif,sebelumnya pernah menginap di mercure surabaya pontianak dibanding kedua hotel tsb menurut saya utk sisi rasa pada menu breakfast mercure yogya kurang nendang alhasil kali breakfast mengambil menu yg sama yaitu gudeg lebih karena,belum pernah inap mercure surabaya pontianak banding dua hotel sebut turut sisi rasa menu sarap mercure yogya kurang nendang alhasil kali sarap ambil menu sama gudeg lebih,0
negatif,saya setiap merayakan tahun baru selalu nginap hotel di yogyakarta atau di semarang baru mengalami di hotel ini untuk gala dinner harus reservasi bayar pack orang biasanya free orang per kamar sisanya baru bayar untuk hotel,tiap raya tahun baru selalu nginap hotel yogyakarta semarang baru alami hotel gala dinner harus reservasi bayar pack orang biasa free orang per kamar sisa baru bayar hotel,0
netral,proses booking responnya sangat lambat akhirnya krn kamar yg dipesan keburu habis diupgrade pelayanan lain memuaskan,proses booking responnya sangat lambat akhir kamar pes keburu habis diupgrade layan lain muas,1
netral,secara keseluruhan utk makanan enaak kecuali krecek terlalu oily encer hotel bagus t strategis,cara seluruh makan enaak kecuali krecek terlalu oily encer hotel bagus strategis,1
positif,hotelnya nyaman sekali pelayanannya sangat memuaskan stafnya ramah kamar bersih dan rapi lokasinya cukup strategis dipinggir jalan mudah untuk mengakses kemanapun tingkat keamanan hotel pun sangat baik dan memuaskan karna tidak sembarang orang bisa masuk kamar,hotel nyaman sekali layan sangat muas staf ramah kamar bersih rapi lokasi cukup strategis pinggir jalan mudah akses mana tingkat aman hotel sangat baik muas karna sembarang orang bisa masuk kamar,2
negatif,toilet di ruang rapat lt nggk bisa dikunci mushola sempit aroma kurang sedap yaaa b aja si tp imo nggk worth it dengan rate segitu,toilet ruang rapat lantai bisa kunci mushola sempit aroma kurang sedap worth it rate segitu,0
positif,untuk breakfast lengkap bgt makanannya enak pool pelayannann bernama lena ramah dan baik,sarap lengkap banget makan enak layan nama ramah baik,2
positif,pelayanan ramah variasi sarapan oke lokasi strategis,layan ramah variasi sarap baik lokasi strategis,2
positif,breakfast nya alhamdulillah enak,sarap alhamdulillah enak,2
negatif,sy membooking smpe hr dikamar pertama sy komplain krn kamar ad suara berdengung kencang jd kami tdk bs istrht tenang akhirnya diupgrade kmr yg lbh besar krn kami dtg di moment lebaran jd kamar sisa ini awal sy masuk kamar konsepnya agak,membooking smpe hari kamar pertama komplain kamar suara dengung kencang istrht tenang akhir diupgrade kamar lebih besar datang moment lebaran kamar sisa awal masuk kamar konsep agak,0
positif,sarapan dan pelayanannya mantap kamar nya bersih mba nya juga ramah silvia,sarap layan mantap kamar bersih ramah,2
netral,semoga safe deposit boxnya bisa lebih bagus ya,moga safe deposit boxnya bisa lebih bagus,1
positif,sarapan paginya lengkap dan sangat enak layanan atas nama fifin baik dan ramah,sarap pagi lengkap sangat enak layan atas nama baik ramah,2
positif,lokasi strategis dekat mall dan rumah sakit kamarnya oke ruang meeting nya banyak dan proper snack rapatnya variatif dan enak enak,lokasi strategis dekat mall rumah sakit kamar baik ruang meeting banyak proper snack rapat variatif enak enak,2
negatif,untuk makanannya lumayan banyak tetapi untuk kamar tidak sesuai dengan permintaan tanpa konfirmasi terlebih dahulu dan untuk pelayanan pada saat cek in pelayanannya kurang,makan lumayan banyak tetapi kamar sesuai minta tanpa konfirmasi lebih dahulu layan saat check in layan kurang,0
positif,menu masakannya enak pelayanan bagus sempat minta dilayani mbak fifin cepat dan tidak berteletele,menu masakan enak layan bagus sempat minta layan cepat berteletele,2
positif,pelayanan yang memuaskan kebersihan dan kerapihan semua kamar dan ruangan selalu terjaga serta breakfast yang cukup menarik,layan muas bersih kerapihan semua kamar ruang selalu jaga sarap cukup tarik,2
positif,fasilitas kamar hotel lengkap tidak ada kendala parkir memadai makanan lengkap banyak pilihan mulai dari dissert menu modern dan tradisional minuman juga lengkap best service,fasilitas kamar hotel lengkap kendala parkir pada makan lengkap banyak pilih mulai dissert menu modern tradisional minum lengkap service,2
positif,hotel dan kamarnya bagus nyaman dan bersih sarapannya juga oke bgt dan juga lengkap mulai dari makanan indonesia western dan juga banyak sekali tersedia aneka pastry,hotel kamar bagus nyaman bersih sarap baik banget lengkap mulai makan indonesia western banyak sekali sedia aneka pastry,2
netral,hotel nya bagus lokasi strategis petugas nya ramah tapi klau malem dr resto suka ada bunyi kursi di pindahkan cuman front lobby nya bisa di ajak komunikasi untuk mengatasi masalah tersebut semoga makanan nya bisa lebih enak lagi,hotel bagus lokasi strategis tugas ramah klau malem resto suka bunyi kursi pindah cuman front lobby bisa ajak komunikasi atas masalah sebut moga makan bisa lebih enak lagi,1
positif,sarapannya enak dan variatif pelayanan dari mbak lena sangat baik,sarap enak variatif layan sangat baik,2
positif,lokasi strategis ruangan nyaman makan enak dan higienis dekat stasiun jadi untuk saya yang orang solo sangat nyaman menikmati menginap di grand mercure yogyakarta,lokasi strategis ruang nyaman makan enak higienis dekat stasiun orang solo sangat nyaman nikmat inap grand mercure yogyakarta,2
positif,pertama kali kesini nemenin anak yg lagi diajak sama budhenya staycation semalam baru masuk pelayanannya ramah semua,pertama kali kesini nemenin lagi ajak sama budhenya staycation malam baru masuk layan ramah semua,2
netral,hotelnya sangat bagus walaupun kamarnya agama kecil tetapi makanannya breakfastnya enak,hotel sangat bagus walaupun kamar agama tetapi makan breakfast enak,1
netral,pelayanan ramah semedulur lokasi mudah dicari masakan enak dan beragam sayang kamar yang saya pesan tidak punya view,layan ramah semedulur lokasi mudah cari masakan enak agam sayang kamar pesan punya view,1
netral,hotel nyaman kolam renang luas makanan di restoran bervariasi rasanya enak hanya saja air shower keluarnya kecil tp so far smua nyaman tx u mercure jogja sukses selalu,hotel nyaman kolam renang luas makan restoran variasi rasa enak hanya air shower keluar so far smua nyaman mercure jogja sukses selalu,1
negatif,salah satu hotel bintang lima di pusat kota jogyakarta memilih hotel ini untuk acara family gathering di tahun saat lebaran ini saat kedatangan dibuat kecewa dengan pelayanannya karena kamar belum ready semuanya alasannya di saat,salah satu hotel bintang lima pusat kota jogyakarta pilih hotel acara family gathering tahun saat lebaran saat datang buat kecewa layan kamar belum ready semua alas saat,0
netral,overall menu yg disajikan cukup baik banyak beraneka ragam menu nusantara dan luar lebih diperhatikan tentang air wedang ronde nya yg kurang panas dan penyajian mie nya yg sudah dimasak terlebih dahulu jadi ketika disajikan sudah dingin,semua menu saji cukup baik banyak aneka ragam menu nusantara luar lebih perhati tentang air wedang ronde kurang panas saji mie masak lebih dahulu ketika saji dingin,1
netral,terima kasih dengan pelayanan grand mercure menginap dan mengadakan event training di sini dapat banyak support dan menunya enak walaupun ada beberapa kendala teknis namun ada tim hotel yg sigap membantu,terima kasih layan grand mercure inap ada event training sini dapat banyak support menu enak walaupun beberapa kendala teknis namun tim hotel sigap bantu,1
negatif,hotel bagus perlengkapan mandi sangat bagus makanan nya cukup enak lokasi di tengah kota tetapi pelayanan untuk check in sangat buruk saya bersama rombongan sekitar orang tidak bisa masuk kamar ketika sudah sampai hotel hotel yg,hotel bagus lengkap mandi sangat bagus makan cukup enak lokasi tengah kota tetapi layan check in sangat buruk sama rombong sekitar orang bisa masuk kamar ketika sampai hotel hotel,0
netral,kamar luas lokasi strategis di pusat kota pelayanan cukup untuk makanan berat kurang variatif lebih banyak dessert untuk menerima pesanan dari luar tidak bisa di resepsionis seperti hotel lain minta tolong disimpan di resepsionis saja,kamar luas lokasi strategis pusat kota layan cukup makan berat kurang variatif lebih banyak dessert terima pesan luar bisa resepsionis seperti hotel lain minta tolong simpan resepsionis,1
netral,overall untuk kamar dan service yang ditawarkan oleh grand mercure sudah cukup baik tetapi terkait koordinasi mengenai additional features seperti extra bed mohon ditingkatkan lagi dari pihak hotel sehingga tamu yang berkunjung msk,semua kamar service tawar oleh grand mercure cukup baik tetapi kait koordinasi kena additional features seperti extra bed mohon tingkat lagi pihak hotel sehingga tamu kunjung masuk,1
netral,untuk hotel bintang sebenarnya fasilitas dan desain hotelnya terbilang kurang menggambarkan bintang namun sesuai dengan harganya yang terbilang salah satu yang paling terjangkau,hotel bintang benar fasilitas desain hotel bilang kurang gambar bintang namun sesuai harga bilang salah satu paling jangkau,1
positif,hotelnya nyaman bersih dan pelayanannya ramah lokasi strategis dekat dengan pusat kota dan mudah ke mana mana sarapannya enak dan variatif sangat puas menginap di hotel grand mercure ini,hotel nyaman bersih layan ramah lokasi strategis dekat pusat kota mudah mana mana sarap enak variatif sangat puas inap hotel grand mercure,2
positif,tempat nyaman untuk menginap saat perjalanan bisnis dinas makan pagi nya banyak dan enak pelayanannya sangat bagus rekomended,tempat nyaman inap saat jalan bisnis dinas makan pagi banyak enak layan sangat bagus rekomended,2
positif,kamarnya luas bersih dan nyaman meski interior bkn modern ya untuk breakfast menu tradisional nya enak dan banyak pilihan lokasi cukup strategis utk berkegiatan di dkt kota jogja,kamar luas bersih nyaman meski interior bkn modern sarap menu tradisional enak banyak pilih lokasi cukup strategis giat dekat kota jogja,2
positif,hotelnya nyaman dan sarapannya jg banyak pilihan pelayanan mba celsi sangat ramah,hotel nyaman sarap banyak pilih layan celsi sangat ramah,2
positif,posisi hotel strategis makanan enak dan bersih pelayanan ramah dan baik,posisi hotel strategis makan enak bersih layan ramah baik,2
positif,untuk hotelnya menurut aku rekomen untuk acara pertemuan makanannya enak tidak menemukan botol plastik untuk minuman semua pake gelas kaca kamar hotel san juga ada dan bed,hotel turut rekomendasi acara temu makan enak temu botol plastik minum semua pake gelas kaca kamar hotel bed,2
negatif,menu sarapan ok ada beberapa fasilitas yang perlu diperbaiki antara lain penyediaan sabun dan air di toilet dekat ruang sewu agar diperbaiki macet ruang kamar bau bekas rokok sangat mengganggu agar bisa dibersihkan dr sisa asap rokok yang mengendap,menu sarap baik beberapa fasilitas perlu baik antara lain sedia sabun air toilet dekat ruang sewu baik macet ruang kamar bau bekas rokok sangat ganggu bisa bersih sisa asap rokok endap,0
netral,kemarin saya komplain soal rasa makanan desert dihotel ini karna pudingnya ga manis vlanya tawar ga ada rasa trus sy komplain sama waiternya bernama devita supaya vlanya manis alhamdulillah hr ini sy breakfast sy cobain lagi pudingnya udh,kemarin komplain soal rasa makan desert hotel karna puding manis vla tawar rasa terus komplain sama waiternya nama supaya vla manis alhamdulillah hari sarap cobain lagi puding,1
positif,kamar bersih dan rapi pelayanan oke resto juga oke,kamar bersih rapi layan baik resto baik,2
positif,hotel yang nyaman di yogya makanannya enak variatif kopinya banyak pilihan kamar nya bersih staff nya ramah di area restaurant security nya sangat membantu di basement dan ramah terima kasih chef bambang yang sangat ramah dan baik terima kasih grand mercure yogya,hotel nyaman yogya makan enak variatif kopi banyak pilih kamar bersih staff ramah area restaurant security sangat bantu basement ramah terima kasih chef bambang sangat ramah baik terima kasih grand mercure yogya,2
positif,pelayanannya sangat memuaskan bawa baby tanpa ribet dibantu dengan sigap oleh para weters yg baik makanannya banyak pilihan dan enak liburan jadi tambah menyenangkan terimakasih grandmercure untuk kesan terbaiknya selama di jogya,layan sangat muas bawa baby tanpa ribet bantu sigap oleh weters baik makan banyak pilih enak libur tambah senang terimakasih grandmercure kesan baik lama jogya,2
negatif,mohon di diberitahu kembali untuk resepsionisnya agar tidak lelet dan lebih gesit pelayanannya customer bisa melayani menitan sibuk klik klik komputer entah yang diklik apa sementara itu ada customer yang pembayaran qris gagal ternyata diulang terus sampai lama untuk layanan kamar bersih dan luas,mohon diberitahu kembali resepsionis lelet lebih gesit layan customer bisa layan menit sibuk klik klik komputer entah klik apa sementara customer bayar qris gagal nyata ulang terus sampai lama layan kamar bersih luas,0
positif,sarapan enak pelayanan silvia ramah dan menyenangkan,sarap enak layan ramah senang,2
positif,makanan paginya lengkap dan berkelas untuk restaurant nya bersih dan untuk pelayanan semua staff ramah dan murah senyum,makan pagi lengkap kelas restaurant bersih layan semua staff ramah murah senyum,2
positif,bagus sarapan memuaskan semua tersedia,bagus sarap muas semua sedia,2
positif,pelayanan di hotel grand mercure sangat memuaskan variasi menu makan cukup lengkap dan banyak rasa makanan tidak ada yg mengecewakan,layan hotel grand mercure sangat muas variasi menu makan cukup lengkap banyak rasa makan kecewa,2
positif,pengalaman yang menyenangkan bisa menginap di sini untuk pelayanan kak meirizka cukup informatif,alam senang bisa inap sini layan cukup informatif,2
positif,breakfast nya enak dan mantap yang paling favorit itu soto tangkar nya kamar nya juga bersih dan rapi orang nya juga ramah recommend,sarap enak mantap paling favorit soto tangkar kamar bersih rapi orang ramah recommend,2
netral,little bit sad karena dapat kamar yg tidak mengarah ke balkon tapi over all suka pilihan breakfast nya banyak bgt,little bit sad dapat kamar arah balkon over all suka pilih sarap banyak banget,1
positif,event dan menginap di grand mercure pengalaman pertama buat saya ruang meeting nya bersih hotelnya unik banyak motif candinya kamarnya nyaman buat istirahat seharian meeting di ruangan nyaman dan recomended banget ini hotel thanks,event inap grand mercure alam pertama ruang meeting bersih hotel unik banyak motif candi kamar nyaman istirahat hari meeting ruang nyaman recomended banget hotel thanks,2
negatif,masukannya dikamar ditambahkan lampu yg lebih terang untuk dikamar mau makeup dll susah,masuk kamar tambah lampu lebih terang kamar makeup susah,0
netral,beberapa kali nginep disini secara umum memuaskan room bersih makanan lumayan enak pelayanan memuaskan cuman minum di room sedikit semoga ada solusi penambahan air minum nya,beberapa kali nginep sini cara umum muas room bersih makan lumayan enak layan muas cuman minum room sedikit moga solusi tambah air minum,1
negatif,untuk breakfast nasi gudegnya kurang dan ayam tepung tulangnya masih merah untuk yg lainnya lumayan,sarap nasi gudeg kurang ayam tepung tulang masih merah lain lumayan,0
positif,hotel nya bersih nyaman dan pelayanan nya baik,hotel bersih nyaman layan baik,2
negatif,saya hanya seorang driver apa salah standby dan jajan dikantin yg memang dikususkan untuk karyawan katanya kita jajan juga byr dr pada hrus keluar jauh dan ada beberapa oknum yg tdk ramah,hanya orang driver apa salah standby jajan kantin memang sus karyawan kata jajan byr hrus keluar jauh beberapa oknum ramah,0
negatif,kamar cukup baik dan fasilitas lengkap namun untuk di kamar saya shower airnya kurang kencang ac terlalu dingin walaupun disetel suhu paling atas namun bisa dimatikan channel tv masih analog dan belum digital atau menggunakan stb smart tv untuk sarapan cukup variatif namun lauknya bisa lebih dilengkapi dengan menu daging,kamar cukup baik fasilitas lengkap namun kamar shower air kurang kencang ac terlalu dingin walaupun setel suhu paling atas namun bisa mati channel televisi masih analog belum digital guna stb smart televisi sarap cukup variatif namun lauk bisa lebih lengkap menu daging,0
negatif,tolong benarkan air untuk mandinya karena saat saya ingin berendam di bathtub dilihat airnya sangat keruh dan ada kotoran di dalamnya bagian balkonnya juga tolong bersihkan karena saking jarangnya dibersihkan sampai terdapat tumbuhan yang menjalar di bagian sudut lantai balkonnya,tolong benar air mandi saat ingin rendam bathtub lihat air sangat keruh kotor dalam bagi balkon tolong sih saking jarang bersih sampai dapat tumbuh jalar bagi sudut lantai balkon,0
negatif,lokasi strategis tapi kalau pagi hari kerja macet menu sarapan kurang variatif,lokasi strategis kalau pagi hari kerja macet menu sarap kurang variatif,0
netral,pelayanannya sangat profesional untuk makanan rasanya standar hotel bintang sedikit saran dari saya untuk kamar disediakan lampu yg lebih terang terutama diarea meja belajar supaya bisa sekalian work from hotel,layan sangat profesional makan rasa standar hotel bintang sedikit saran kamar sedia lampu lebih terang utama area meja ajar supaya bisa sekali work from hotel,1
positif,pelayanannya baik dan hotelnyanya nyaman,layan baik hotelnyanya nyaman,2
negatif,bad service sudah reservasi lama sdh surve tempat hari h tanpa pemberitahuan diksh tempat yg enggak banget yg sesak gelap mana bawa anak kecil segera buru pulang tolong dibenahi,bad service reservasi lama surve tempat hari tanpa pemberitahuan tempat enggak banget sesak gelap mana bawa segera buru pulang tolong benah,0
positif,hotelnya bagus pelayanan nya oke kebersihan nya juga terjaga,hotel bagus layan baik bersih jaga,2
negatif,hotel parah masa air minum botol standar nambah bayar rb botol kaca katanya si manager standar cm botol hari masih mending hotel royal ambarukmo nambah air minum standar ga bayar mau nambah botol kaca pas di resepsionis check in,hotel parah masa air minum botol standar nambah bayar rb botol kaca kata manager standar cm botol hari masih mending hotel royal ambarukmo nambah air minum standar bayar nambah botol kaca pas resepsionis check in,0
negatif,malam menginap disini overall sudah cukup baik namun yang perlu menjadi perhatian adalah kualitas wifi di dalam kamar karena kurang proporsional dan sulit connect kemudian jet shower ternyata ketika setelah dipakai flush tidak bisa,malam inap sini semua cukup baik namun perlu jadi perhati adalah kualitas wifi kamar kurang proporsional sulit connect kemudian jet shower nyata ketika telah pakai flush bisa,0
negatif,review berdasarkan pengalaman berkunjung kami di bulan juli menurut kami hotel ini masih kurang memuaskan sebagai hotel bintang lima,review dasar alam kunjung bulan juli turut hotel masih kurang muas hotel bintang lima,0
negatif,kamarnya biasa staf di kolam renang dan di gym seperti kurang terlatih gym nya kurang ada lagunya jadi sepi banget di bar ada meja billiar namun sayang presentasi minuman dan rasanya kurang untuk kelas grand mercure tapi servis saat breakfast dan pilihan breakfastnya memuaskan,kamar biasa staf kolam renang gym seperti kurang latih gym kurang lagu sepi banget bar meja billiar namun sayang presentasi minum rasa kurang kelas grand mercure servis saat sarap pilih breakfast muas,0
netral,menginap di kamar superior dan kamarnya cukup luas dan nyaman lokasi hotel sangat strategis staf sangat ramah sedikit kekurangan ada di fasilitas parkir jalan menuju dan keluar dari basement agak sempit,inap kamar superior kamar cukup luas nyaman lokasi hotel sangat strategis staf sangat ramah sedikit kurang fasilitas parkir jalan tuju keluar basement agak sempit,1
negatif,lokasi agak jauh dari pusat kota agak tersiksa kalau mau jalan dari hotel pas jam sibuk kamar just okay cukup luas dan nyaman kamar mandi agak sempit handuk ada yang,lokasi agak jauh pusat kota agak siksa kalau jalan hotel pas jam sibuk kamar just okay cukup luas nyaman kamar mandi agak sempit handuk,0
negatif,kelihatan manajemen hotel belum siap terima rombongan banyak banyak peserta sampai jam sore belum bisa cek in kuantitas makanan cukup banyak tapi rasanya kurang terasa enak untuk kelas hotel berbintang,lihat manajemen hotel belum siap terima rombong banyak banyak serta sampai jam sore belum bisa check in kuantitas makan cukup banyak rasa kurang asa enak kelas hotel bintang,0
netral,bukber di sana lumayan worth it cuma ada beberapa menu yang kurang enak menurut ku kaya ayam goreng bakso jajanan pasar menurut ku kurang rasanya yang paling enak kebab nya sama ayam rica rica enak banget,buka sama sana lumayan worth it cuma beberapa menu kurang enak turut kaya ayam goreng bakso jajan pasar turut kurang rasa paling enak kebab sama ayam rica rica enak banget,1
negatif,bersih dan nyaman pelayanan juga ramah dan baik meski ada waiters yang kurang baik respon dan pelayanannya saya minta air panas sewaktu breakfast tapi cuman di iyain aja sampe makanan saya habis akhirnya minta sama waiters yang lain baru di anterin dan akhirnya di sediakan air panas di outlet minuman,bersih nyaman layan ramah baik meski waiters kurang baik respon layan minta air panas waktu sarap cuman iyain sampe makan habis akhir minta sama waiters lain baru anterin akhir sedia air panas outlet minum,0
netral,menyenangkan hanya aja ada berisik potong keramik debunya ke kolam kamarnya ac dan tatanannya bagus profesional,senang hanya berisik potong keramik debu kolam kamar ac tatanan bagus profesional,1
netral,overall bagus seperti mercure lainnya cuma kalo di lantai paling atas alias top floor itu suara chiller nya lumayan terdengar di beberapa kamar seperti suara vacuum selebihnya oke pelayanan ramah lokasi strategis,semua bagus seperti mercure lain cuma kalau lantai paling atas alias top floor suara chiller lumayan dengar beberapa kamar seperti suara vacuum lebih baik layan ramah lokasi strategis,1
netral,bagus tempat nya tp sangat disayangkan restoran nyadi lantai biasanya yg lain di lt atau lobby tp tidak mengecewakan makanannya,bagus tempat sangat sayang restoran nyadi lantai biasa lain lantai lobby kecewa makan,1
negatif,belum terbiasa men service tamu dengan jumlah banyak perlu ditingkatkan lagi soal ini,belum biasa men service tamu jumlah banyak perlu tingkat lagi soal,0
negatif,namanya grand mercure tp pelayanan dan roomnya ga kayak bintang beda bgt sama grand mercure di kota kota lain bahkan sama mercure hotel aja kalah jauh airnya cleo handuknya udh abu abu setrikaan harus minta barang di bathroom banyak yg berkerak tisue ruangan bau kecoa bantalnya dan spreinya bau minyak gosok,nama grand mercure layan roomnya kayak bintang beda banget sama grand mercure kota kota lain bahkan sama mercure hotel kalah jauh air cleo handuk abu abu setrika harus minta barang bathroom banyak kerak tisue ruang bau kecoa bantal spreinya bau minyak gosok,0
negatif,fasilitas bagus cuma pakai wifi di room meeting menggunakan laptop internet lemot padahal sinyal bagus,fasilitas bagus cuma pakai wifi room meeting guna laptop internet lot padahal sinyal bagus,0
positif,kamar nyaman staff ramah lokasi strategis,kamar nyaman staff ramah lokasi strategis,2
netral,pelayanan baik menu sarapan kurang bervariasi lokasi strategis hanya jalan didepan hotel sering macet,layan baik menu sarap kurang variasi lokasi strategis hanya jalan depan hotel sering macet,1
positif,hotel dgn fasilitas lengkap dan pelayanan ramah dari para staffnya rekomendasi topp bagi yang cari hotel di jogja,hotel fasilitas lengkap layan ramah staffnya rekomendasi bagus bagi cari hotel jogja,2
positif,kamarnya nyaman akses ke jogja dekat semua,kamar nyaman akses jogja dekat semua,2
positif,senang sekali disini karena layanan memuaskan ramah dan profesional makanannya enak,senang sekali sini layan muas ramah profesional makan enak,2
netral,roomsnya kurang oke kalo dibilang bintang biasanya kalo bintang ada hair dryer tapi makannya enak bervariasiiii,roomsnya kurang baik kalau bilang bintang biasa kalau bintang hair dryer makan enak variasi,1
netral,secara desain interior hotelnya memang bisa dibilang oldschool tidak se modern hotel yang baru dibangun era sekarang tapi pelayanannya memuaskan stafnya ramah dan kamarnya juga bersih secara lokasipun dia tidak di lokasi yang padat hotel sehingga bisa merasakan menjadi penduduk lokal,cara desain interior hotel memang bisa bilang oldschool modern hotel baru bangun era sekarang layan muas staf ramah kamar bersih cara lokasi dia lokasi padat hotel sehingga bisa rasa jadi duduk lokal,1
positif,hotel nyaman ramah dan makanan enak,hotel nyaman ramah makan enak,2
positif,pelayanan oke makanan enak kamar bersih pokoknya mantep,layan baik makan enak kamar bersih pokok mantep,2
positif,kamar hotel bersih nyaman menu makanan bervariasi dan enak,kamar hotel bersih nyaman menu makan variasi enak,2
positif,hotel nya mewah strategis dan makanan nya enak,hotel mewah strategis makan enak,2
positif,sarapan menunya lengkap enak dari minuman makanan menu tambahan lain sangat rekomended pelayanya ramah santun dibantu traning lena,sarap menu lengkap enak minum makan menu tambah lain sangat rekomended pelayanya ramah santun bantu traning,2
positif,tempatnya nyaman menu enak pelayanannya ramah mbak salma,tempat nyaman menu enak layan ramah salma,2
positif,lokasinya yang mudah pelayanannya bagus kamarnya luas tempatnya nyaman makanan enak,lokasi mudah layan bagus kamar luas tempat nyaman makan enak,2
netral,hotel yg cukup nyaman staffnya ramah liftnya kenceng wifinya bagus tanpa pasword minus kolamnya mini cuma meter,hotel cukup nyaman staffnya ramah lift kenceng wifinya bagus tanpa pasword minus kolam mini cuma meter,1
positif,kamar bersih nyaman layanan staff serba cepat dan menyenangkan reception ramah lokasi ditengah kota mudah dijangkau,kamar bersih nyaman layan staff serba cepat senang reception ramah lokasi tengah kota mudah jangkau,2
positif,staff nya baik bgt recomended buat temen temen yang mau eksplor jogja karna lokasinya yg deket sm pusat kota kamarnya juga nyaman dan bersih,staff baik banget recomended temen temen eksplor jogja karna lokasi deket pusat kota kamar nyaman bersih,2
positif,pengalaman menginap dengan pelayanan yang sangat luar biasa bahkan barang tertinggal pihak hotel mau melayani pengiriman barang dengan baik,alam inap layan sangat luar biasa bahkan barang tinggal pihak hotel layan kirim barang baik,2
positif,saya mencoba buka bersama di mercure hotel dan makanannya mengesankan rasanya enak terutama yang kambing guling dan tongseng enak empuk dan tidak bau servicenya juga ramah dan bagus,coba buka sama mercure hotel makan kesan rasa enak utama kambing guling tongseng enak empuk bau servicenya ramah bagus,2
positif,hotel dan pelayanan nya baik makanan nya bervariasi enak terimakasih untuk mbak salma,hotel layan baik makan variasi enak terimakasih salma,2
positif,fasilitas sangat baik makanan di breakfast juga sangat beragam overall sangat ok,fasilitas sangat baik makan sarap sangat agam semua sangat baik,2
negatif,untuk standar hotel bintang masih kurang sih kebersihan kamar perlu ditingkatkan lokasi enak dekat dgn rs siloam kalo ada kerabat yg dirawat di sana,standar hotel bintang masih kurang bersih kamar perlu tingkat lokasi enak dekat rumah sakit siloam kalau kerabat rawat sana,0
negatif,terjadi insiden di lobby dimana mobil yang saya bawa ditabrak mobil lain karena kelalaian satpam yg atur lalu lintas,jadi insiden lobby mana mobil bawa tabrak mobil lain lalai satpam atur lalu lintas,0
positif,stay di sini karena ada kebutuhan pekerjaan staff nya ramah ramah dan bikin betah saya senang ngobrol dengan staff staff nya terima kasih juga mbak rosvina atas bantuan dan pelayanan nya yang luar biasa excellent service,stay sini butuh kerja staff ramah ramah bikin betah senang ngobrol staff staff terima kasih rosvina atas bantu layan luar biasa excellent service,2
negatif,mohon untuk wc di area parkir basemant di perhatikan sangat sangat sangat tidak layak di pakai kloset banyak kotoran m,mohon wc area parkir basemant perhati sangat sangat sangat layak pakai kloset banyak kotor,0
positif,tempat nyaman indah makanannya mantap pelayanan oke,tempat nyaman indah makan mantap layan baik,2
netral,first impressionnya adalah pintu kamar mandi yang alot digeser dan wastafel yg sering bocor tetapi setelah kembali sudah diperbaiki dengan sangat baik sehingga tidak ada kerusakan,first impressionnya adalah pintu kamar mandi alot geser wastafel sering bocor tetapi telah kembali baik sangat baik sehingga rusa,1
negatif,drop off lobby kurang nyaman parkir mobil sulit kurang luas,drop off lobby kurang nyaman parkir mobil sulit kurang luas,0
positif,hotelnya bersih nyaman makanan enak pelayanan bagus ramah,hotel bersih nyaman makan enak layan bagus ramah,2
positif,kamarnya luas dan interiornya bagus menu makanannnya beragam ada jamu juga disediakan saat sarapan pelayanan hotelnya ramah dan lokasi strategis,kamar luas interior bagus menu makananya agam jamu sedia saat sarap layan hotel ramah lokasi strategis,2
negatif,kami request non smoking tapi dapat yang smoking dikamir bau rokok kuat banget,request non smoking dapat smoking kamir bau rokok kuat banget,0
netral,untuk kamar cukup bersih room service cepat tanggap lokasi cukup strategis tambahan saja untuk lokasi pintu masuk dan pintu keluar lebih baik jika tanda nya dibuat lebih besar terutama tanda lokasi in tertutup oleh pohon sehingga tidak terlihat jelas,kamar cukup bersih room service cepat tanggap lokasi cukup strategis tambah lokasi pintu masuk pintu keluar lebih baik jika tanda buat lebih besar utama tanda lokasi in tutup oleh pohon sehingga lihat jelas,1
positif,lokasi strategis kamar bagus pelayanan staf hotel baik dan ramah,lokasi strategis kamar bagus layan staf hotel baik ramah,2
netral,lokasi cukup jauh dari bandara jadi harus take time untuk layanan dan kamar sudah sempurna,lokasi cukup jauh bandara harus take time layan kamar sempurna,1
positif,sangat puas layanan sangat prima dan kualitas tidak mengecewakan,sangat puas layan sangat prima kualitas kecewa,2
negatif,hotel sebesar ini banquet cuma org mau showing untuk event aja sampe ditinggal gara ga dateng padahal showing ga sampe menit mau ngadain event besar lgs kena bad impression dengan servisnya,hotel besar banquet cuma orang showing event sampe tinggal gara dateng padahal showing sampe menit ngadain event besar lgs kena bad impression servis,0
positif,kualitas hotel yang baik makanan dan minuman nya enak sekali pelayanan sangat baik dan ramah,kualitas hotel baik makan minum enak sekali layan sangat baik ramah,2
positif,tempat nya bagus pelayanan nya juga sangat ramah dan baik,tempat bagus layan sangat ramah baik,2
negatif,room cukup lega namun air shower kecil banget suara berisik dari instalasi ac dan renovasi tembus sampai ke dalam kamar makanan enak namun variasi menu minim,room cukup lega namun air shower banget suara berisik instalasi ac renovasi tembus sampai kamar makan enak namun variasi menu minim,0
negatif,hati hati mandi di kamar mandi kolam renang saya terkunci gak bisa keluar untung bawa handphone bisa telpon hotel kasihan kalau anak kecil dan orang yg klostrophobia dan tidak bisa hubungi siapa siapa saat terkunci dan tidak ada jalan keluar,hati hati mandi kamar mandi kolam renang kunci bisa keluar untung bawa handphone bisa telpon hotel kasihan kalau orang klostrophobia bisa hubung siapa siapa saat kunci jalan keluar,0
positif,hotelnya bagus bersih pelayanan ramah makanannya enak,hotel bagus bersih layan ramah makan enak,2
positif,pelayanan sangat baik dan ramah,layan sangat baik ramah,2
positif,pelayanannya bagus kamar dan sarapannya juga puas,layan bagus kamar sarap puas,2
positif,lokasi hotel cukup strategis pelayanan cukup baik menu beragam dan cukup enak,lokasi hotel cukup strategis layan cukup baik menu agam cukup enak,2
positif,tempatnya strategis pelayanan bagus semua ramah,tempat strategis layan bagus semua ramah,2
positif,hotel bintang yang cukup baik cocok buat liburan keluarga makannya enak karyawan sangat ramah suasana yang nyaman dan adem cukup memuaskan,hotel bintang cukup baik cocok libur keluarga makan enak karyawan sangat ramah suasana nyaman adem cukup muas,2
netral,overall sudah baik cuma ada beberapa yang masih bisa perlu ditingkatkan mulai dari jatah air minum yang bisa diperbanyak ketanggapan petugas dalam menangani komplain dari konsumen dan perbaikan untuk fasilitas kamar mandi yang perlu diperhatikan makanan semuanya enak dan pelayanan sangat ramah dan bagus,semua baik cuma beberapa masih bisa perlu tingkat mulai jatah air minum bisa banyak tanggap tugas tangan komplain konsumen baik fasilitas kamar mandi perlu perhati makan semua enak layan sangat ramah bagus,1
negatif,pesan kamar untuk malam dengan extrabed malam terakhir tanpa konfirmasi extrabed di take out dari kamar sudah full payment diawal alasan nya salah input kami balik kerja pukul,pesan kamar malam extrabed malam akhir tanpa konfirmasi extrabed take out kamar full payment awal alas salah input balik kerja pukul,0
netral,secara kamar udah bagus tapi mungkin ac nya sedikit kendala yak karena harus atur manual juga untuk tirai di kamar mandi saya sempat mengalami kendala but overall sudah bagus,cara kamar udah bagus mungkin ac sedikit kendala harus atur manual tirai kamar mandi sempat alami kendala but semua bagus,1
netral,makan malam tanggal juni di acara kantor di sini tahu gejrotnya kurang pedas untuk saya tapi seafood lada hitamnya sangat berasa lupa foto sebelum makan jadi fotonya pas udah mau abis aja,makan malam tanggal juni acara kantor sini tahu gejrotnya kurang pedas seafood lada hitam sangat rasa lupa foto belum makan foto pas udah abis,1
positif,pelayanan staf ramah kamarnya nyaman,layan staf ramah kamar nyaman,2
positif,hotel yang nyaman serta pelayanan yang ramah,hotel nyaman layan ramah,2
positif,kamar bersih makanan enak pelayanan nya juga raman dan baik,kamar bersih makan enak layan ram baik,2
positif,tempatnya sangat baik dan bersih makanan dan minumannya juga sangat enak dan memuaskan,tempat sangat baik bersih makan minum sangat enak muas,2
negatif,kamarnya bersih nyaman ada guling tv channel lumayan ok cuman belum hd makanan ok soso staff wanita ramah entah kenapa yg cowo jutek hal yg kecil tapi menurut ku rada greget pemilihan interior restaurant yg kurang matching dari,kamar bersih nyaman guling televisi channel lumayan baik cuman belum hd makan baik soso staff wanita ramah entah kenapa cowo jutek hal turut rada greget pilih interior restaurant kurang matching,0
positif,hotel nya bersih sarapan nya juga lengkap service nya juga memuaskan,hotel bersih sarap lengkap service muas,2
positif,kamarnya bersih nyaman dan makannya enak lokasi strategis deket mau kemana mana,kamar bersih nyaman makan enak lokasi strategis deket mana mana,2
positif,pelayanan baik staff hotel ramah hotel luas dan memiliki fasilitas yang lengkap kamar bersih dan luas kasur nyaman hidangan yang disajikan juga beragam mulai dari appetizer hingga dessert dan enak rasanya,layan baik staff hotel ramah hotel luas milik fasilitas lengkap kamar bersih luas kasur nyaman hidang saji agam mulai appetizer hingga dessert enak rasa,2
positif,layanan hotel grand mercure yogyakarta secara umumnya sangat memuaskan kamarnya sangat bersih dan rapi makanannya juga enak dan banyak variannya pertahankan layanan prima ini,layan hotel grand mercure yogyakarta cara umum sangat muas kamar sangat bersih rapi makan enak banyak varian tahan layan prima,2
positif,pertama bermalam di grand mercure jogja kamar tidurnya nyaman buat tidur nyenyak banget,pertama malam grand mercure jogja kamar tidur nyaman tidur nyenyak banget,2
negatif,bad service udah reservasi bukber dari jauh hari survey langsung tanggal maret buat nentuin tempat duduk karena bawa banyak orang dan diokein sama stafnya tapi di hari acara tiba request tempat duduk yang sudah disepakati tidak,bad service udah reservasi buka sama jauh hari survey langsung tanggal maret nentuin tempat duduk bawa banyak orang diokein sama staf hari acara tiba request tempat duduk pakat,0
negatif,saya menginap september anak saya tahun di kamar kena paku payung sepertinya dari salah satu kursi kamar kurang ok maintenance nya,inap september tahun kamar kena paku payung seperti salah satu kursi kamar kurang baik maintenance,0
negatif,dari lift yang ada hanya yang beroperasi di long weekend bobrok banget managementnya gaada persiapan mateng bgt ngadepin long weekend bayar mahal cuman buat nunggu lift sekelas mercure lohh,lift hanya operasi long weekend bobrok banget managementnya gaada siap mateng banget ngadepin long weekend bayar mahal cuman nunggu lift kelas mercure lohh,0
netral,pelayanan ramah kesini karena acara rapat evaluasi bawaslu kabupaten hotelnya luas toilet bersih ballroom luas uniknya di lift engga ada akses ke lantai jadi sempat bingung pas mau cari mushola yang kata temenku ada di lantai,layan ramah kesini acara rapat evaluasi bawaslu kabupaten hotel luas toilet bersih ballroom luas unik lift engga akses lantai sempat bingung pas cari mushola kata temenku lantai,1
positif,suasananya enak nyaman saya suka menu sarapannya bervariatif apalagi sama jajanan khas jawanya ada jamunya juga recomended,suasana enak nyaman suka menu sarap variatif apalagi sama jajan khas jawanya jamu recomended,2
negatif,mengikuti sebuah acara di ballroom pulang jam malam parkiran b dan jalan menuju pintu keluar gelap parkir berbayar mahal sampai di depan hanya ada security di pintu masuk tidak ada yang membantu di pintu keluar padahal lalu lintas padat berbeda saat lewat ke hotel sebelahnya,ikut buah acara ballroom pulang jam malam parkir jalan tuju pintu keluar gelap parkir bayar mahal sampai depan hanya security pintu masuk bantu pintu keluar padahal lalu lintas padat beda saat lewat hotel belah,0
positif,makanan dan layanan hotel bagus semoga bisa kembali ke hotel ini,makan layan hotel bagus moga bisa kembali hotel,2
netral,makananya enak kamar nya oke namun yg kurang bagi saya adalah kebersihan karena sy sering sekali menginap di mercure bandung jakarta itu sangat luar biasa bersih,makananya enak kamar baik namun kurang bagi adalah bersih sering sekali inap mercure bandung jakarta sangat luar biasa bersih,1
positif,menurutku sih hotel ini emang berkualitas banget sepadan dengan harganya pelayanan juga ramah banget makanan yang disajikan sangat unik enak dan beraneka ragam boleh sih ini rekomended banget buat yang mau healing,turut hotel emang kualitas banget padan harga layan ramah banget makan saji sangat unik enak aneka ragam boleh rekomended banget healing,2
positif,tempat strategis tidak jauh dari bandara adi sucipto kamar bersih dan nyaman dari segi hidangan juga enak pelayanan ramah dan harmonis dari kak thania layak untuk dicoba,tempat strategis jauh bandara adi sucipto kamar bersih nyaman segi hidang enak layan ramah harmonis layak coba,2
positif,menyenangkan untuk semua pelayanannya baik breakfast dan kamarnya terimakasih banyak mba silvia atas pelayanannya,senang semua layan baik sarap kamar terimakasih banyak atas layan,2
positif,room bersih menu lengkap kolam renang nyaman pelayanan ramah,room bersih menu lengkap kolam renang nyaman layan ramah,2
positif,tempatnya nyaman fasilitas lengkap,tempat nyaman fasilitas lengkap,2
negatif,overall ok kamar nyaman lokasi pinggir jalan akses mudah utk resto menu makanan variatif selalu available selalu direfill lay out duduk ok pelayanan ok waitress cepat dan responsif untuk fasilitas sayang kolam renangnya under construction jd kurang nyaman dan tidak semua lift difungsikan jd harus menunggu,semua baik kamar nyaman lokasi pinggir jalan akses mudah resto menu makan variatif selalu available selalu direfill lay out duduk baik layan baik waitress cepat responsif fasilitas sayang kolam renang under construction kurang nyaman semua lift fungsi harus tunggu,0
negatif,jejaring accor yg kurang baik utk pelayanan checkin di dini hari tidak ada yg standby membawa semua barang sendiri tdk ada satpam shower air panas yg baru panas setelah dibiarkan mengalir selama,jejaring accor kurang baik layan checkin dini hari standby bawa semua barang sendiri satpam shower air panas baru panas telah biar alir lama,0
negatif,tempat tidurnya agak bikin gatal kamarnya luas kulkasnya gak dingin ac nya gak dingin lokasinya enak di tengah kota,tempat tidur agak bikin gatal kamar luas kulkas dingin ac dingin lokasi enak tengah kota,0
negatif,pelayanan ramah makanan enak hanya smooking room yang tersedia pendingin ruangan tidak bisa dikontrol suhunya dingin banget,layan ramah makan enak hanya smooking room sedia dingin ruang bisa kontrol suhu dingin banget,0
negatif,suasana ruangan kamar suram pintu kamar mandi rusak tidak bisa tertutup rapat miris untuk sekelas hotel bintang lima cocoknya hotel bintang tiga ini sangat mengecewakan,suasana ruang kamar suram pintu kamar mandi rusak bisa tutup rapat miris kelas hotel bintang lima cocok hotel bintang tiga sangat kecewa,0
negatif,in room diningnya enak bgt buat pesen di kamar nasi goreng ayam bawang putih tapi breakfastnya agak kurang bubur mutiara kemanisan pancakenya krn gak dibikin fresh jadi dingin terus ditinggal gt aja gaada yg bikin baru lagi fresh,in room ning enak banget pesan kamar nasi goreng ayam bawang putih breakfast agak kurang bubur mutiara manis pancakenya bikin fresh dingin terus tinggal gt gaada bikin baru lagi fresh,0
negatif,dibagian restonya beberapa gelas masih ada bekas lipstiknya dan bau amis refil buffe makanan menunggu lama mungkin kedepannya lebih diprepare lagi agar tamu tidak menunggu lama untuk makan,bagi restonya beberapa gelas masih bekas lipstik bau amis refil buffe makan tunggu lama mungkin depan lebih diprepare lagi tamu tunggu lama makan,0
negatif,awalnya mau menginap malam tapi hanya malam saja breakfastnya kurang memuaskan main course beberapa tidak hangat atau panas saya coba pastry agak keras digigit stall omlete antre cukup lama ketika check out tgl jan,awal inap malam hanya malam breakfast kurang muas main course beberapa hangat panas coba pastry agak keras gigit stall omlete antre cukup lama ketika check out tanggal jan,0
netral,hotel mudah dijangkau dari stasiun bersih harum stafnya semua ramah makanan variatif dan enak sayangnya late check out cuma sampai biasanya bisa di tapi ga masalah overall sangatt oke,hotel mudah jangkau stasiun bersih harum staf semua ramah makan variatif enak sayang late check out cuma sampai biasa bisa masalah semua sangat baik,1
netral,untuk kamar nyaman hanya saja untuk tekhnisii memperhatikan segi fasilitas seperti toilet selebihnya sangat memuaskan,kamar nyaman hanya tekhnisii perhati segi fasilitas seperti toilet lebih sangat muas,1
negatif,hotel terlalu baik masa saya pesen kamar nomer masi ada orangnya saya komplain ke resepsionis dan keliatan bingung juga lalu lift juga sering eror pencrt tombol lantai malah ke lantai gimana ini grand mercure masa hotel bintang pelayanan seperti ini,hotel terlalu baik masa pesan kamar nomer mas orang komplain resepsionis liat bingung lalu lift sering eror pencrt tombol lantai malah lantai gimana grand mercure masa hotel bintang layan seperti,0
negatif,kecewa udh reservasi udh bela in datang langsung seminggu sebelumnya untuk milih tempat buat bukber sudah deal tp tanpa dikonfirmasi tempat yg udh kita pesan dikasih ke rombongan lain dan kami dikasih tempat di pojokan yg sempit banget gak banget lah,kecewa reservasi bela in datang langsung minggu belum milih tempat buka sama tuju tanpa konfirmasi tempat pesan kasih rombong lain kasih tempat pojok sempit banget banget lah,0
negatif,pelayanan cukup bagus tapi untuk keamanan nya sangat kurang terjadi insiden helm hilang jobdesk security kurang maksimal tolong untuk keamanan lebih dijaga lagi dan jobdesk mengenai tanggungjawabnya nyaman tapi keamanan kurang juga membuat pengunjung hotel jadi was was,layan cukup bagus aman sangat kurang jadi insiden helm hilang jobdesk security kurang maksimal tolong aman lebih jaga lagi jobdesk kena tanggungjawabnya nyaman aman kurang buat unjung hotel was was,0
negatif,sebagai penyandang hotel bintang rasa nya seperti bintang saja kamar ngadep beton perabotan kuno sudah minta lantai atas dan kamar dengan view di aps masih aja dikasi yg ngadep beton sarapan juga dibanding gram dan harus,sandang hotel bintang rasa seperti bintang kamar ngadep beton perabot kuno minta lantai atas kamar view aps masih kasi ngadep beton sarap banding gram harus,0
netral,kesana krn ada acara jadi tidak paham bgmn kamarnya tp pelayanan bagus makanan standar aja,kesana acara paham bgmn kamar layan bagus makan standar,1
negatif,kamar pertama kali masuk baunya kyk pengap lembab krn lama gak dipakai kamar mandi juga gak terlalu bersih tp utk makanan dan pelayanan ok dan baik so far so good,kamar pertama kali masuk bau kyk pengap lembab lama pakai kamar mandi terlalu bersih makan layan baik baik so far so good,0
negatif,nginep disini jangan berekspektasi seperti hotel bintang lainya dapet view tembok bayar mahal hanya untuk liat tembok sedih si rasanya stok tisu di kamar ngga ada,nginep sini jangan berekspektasi seperti hotel bintang lai dapat view tembok bayar mahal hanya liat tembok sedih rasa stok tisu kamar,0
negatif,lokasi bagus di pusat kota makanan resto kurang enak dan menarik terutama di bagian nasi dkk untuk buah,lokasi bagus pusat kota makan resto kurang enak tarik utama bagi nasi dkk buah,0
negatif,makanan ok cuma kurang banyak menu kamar bintang tp kurang lengkap gak ada hair dryer dan setrika,makan baik cuma kurang banyak menu kamar bintang kurang lengkap hair dryer setrika,0
negatif,hotel bintang makanan enak ada pool nya bagus sayang ac nya kurang dingin jadi panas bgt dan spreinya juga pas aku datang sedikit kotor jadi bikin gatal di kulit,hotel bintang makan enak bagus sayang ac kurang dingin panas banget spreinya pas datang sedikit kotor bikin gatal kulit,0
negatif,makanan enak layanan bagus kamar bau rokok mgkn sblmnya ada yg merokok internet di kamar lambat banget tv ga jernih kabur bintik,makan enak layan bagus kamar bau rokok mgkn sblmnya rokok internet kamar lambat banget televisi jernih kabur bintik,0
netral,salah satu hotel dengan lokasi yang cukup strategis di jogja cocok untuk tamu yang ingin menginap di tempat yang dekat dengan tempat wisata tempat makan dan mall hanya lokasi yang rawan macet,salah satu hotel lokasi cukup strategis jogja cocok tamu ingin inap tempat dekat tempat wisata tempat makan mall hanya lokasi rawan macet,1
negatif,hotel yg lumayan mewah sayangnya kami dapat kamar di kelas superior yg bagian terasnya menghadap tembok sprei tidak diganti kalaublita tidak meminta kamar mandi ada aroma pesing karena exhaust nya tidak menyala utk servis dan yg,hotel lumayan mewah sayang dapat kamar kelas superior bagi teras hadap tembok sprei ganti kalaublita minta kamar mandi aroma pesing exhaust nyala servis,0
negatif,makanan enakk service okee menu banyak variasi tapi ac tidak nyala jd las makan panas suasanya,makan enak service okee menu banyak variasi ac nyala las makan panas suasa,0
negatif,saya seorang driver rental yg sedang menunggu customer dihotel kantin yg dikhususkan cuma untuk karyawan dan cari makan minum harus keluar jauh tidak boleh di kantin hotel yg khusus untuk karyawan,orang driver rental sedang tunggu customer hotel kantin khusus cuma karyawan cari makan minum harus keluar jauh boleh kantin hotel khusus karyawan,0
negatif,so far so good untuk varian sarapan bs ditambah ya datang pas high season jadi resto penuh sama orang kantoran yg lg acara susah banget cari tempat duduk ada kendala saat balik acara akses pintu mati semua jadi harus turun ke,so far so good varian sarap tambah datang pas high season resto penuh sama orang kantor lagi acara susah banget cari tempat duduk kendala saat balik acara akses pintu mati semua harus turun,0
negatif,pelayanan managemen untuk buka puasa sangat mengecewakan sudah reservasi sejak maret dan maret survey langsung ke lokasi pilih tempat untuk orang dan sudah deal saat bukber di tgl maret ternyata dipindah tempatnya pojokan,layan managemen buka puasa sangat kecewa reservasi sejak maret maret survey langsung lokasi pilih tempat orang tuju saat buka sama tanggal maret nyata pindah tempat pojok,0
negatif,fasilitas dan pelayanan tidak layak untuk hotel bintang akses dan area parkir sempit check in hampir jam baru dapat kamar welcome drink tidak ada sprei kualitas kurang kamar mandi terutama shower sempit,fasilitas layan layak hotel bintang akses area parkir sempit check in hampir jam baru dapat kamar drink sprei kualitas kurang kamar mandi utama shower sempit,0
negatif,service parah saat iftar piring membludak petigas malah senyum lalu pada kabur kaburan ngambilin piring receptionist hotel juga ngeselin gak bisa bantu early checking padahal sudah request jauh jauh hari bisa penyampaiannya pun gak mengenakkan hati,service parah saat iftar piring membludak tigas malah senyum lalu kabur kabur ngambilin piring receptionist hotel ngeselin bisa bantu early checking padahal request jauh jauh hari bisa sampai enak hati,0
negatif,parkiran motor tidak aman padahal berada di dalam gedung uang recehan saya yg buanyaak hampir penuh di dasbor motor habis tak bersisa dicuri semua motor teman jg dibuka joknya jd tau krn joknya mmg susah nutupnya,parkir motor aman padahal ada gedung uang receh buanyaak hampir penuh dasbor motor habis tak sisa curi semua motor teman buka jok tau jok mmg susah nutupnya,0
positif,hotel yang nyaman untuk kerja atau liburan bersama keluarga kamarnya nyaman dan pelayanan yang sangat memuaskan,hotel nyaman kerja libur sama keluarga kamar nyaman layan sangat muas,2
negatif,menginap di kamar terdapat bathub di kamar mandinya sudah menutup bathub dengan tirai shower dan mencoba berbagai pengaturan shower air dari shower tetap keluar dari area bathub menggenang di area kloset duduk yg seharusnya kering sepertinya area bathub perlu di desain ulang,inap kamar dapat bathub kamar mandi tutup bathub tirai shower coba bagai atur shower air shower tetap keluar area bathub genang area kloset duduk harus kering seperti area bathub perlu desain ulang,0
negatif,proses check hampir jam booking kamar setelah proses check in hapir jam yg masih siap hanya kamar,proses check hampir jam booking kamar telah proses check in hapir jam masih siap hanya kamar,0
negatif,first of all waktu baru masuk ke lobby pengharum ruangannya terlalu pekat sepertinya kalau dikurangi akan lebih nyaman,first of all waktu baru masuk lobby harum ruang terlalu pekat seperti kalau rang lebih nyaman,0
negatif,kondisi kamar bersih nyaman untuk istirahat tapi ac gk bisa dikecilin terlalu dingin,kondisi kamar bersih nyaman istirahat ac bisa dikecilin terlalu dingin,0
negatif,stay disini malam order by travel agent dan pilih room dengan balkon pas sampe room yg dikasi ternyata tidak sesuai kita komplain dan akhirnya move ke kamar yang sesuai yg kita request di awal setelah pindah ternyata ac di kamar,stay sini malam order by travel agent pilih room balkon pas sampe room kasi nyata sesuai komplain akhir move kamar sesuai request awal telah pindah nyata ac kamar,0
negatif,awal mula saya memilih grang mercure jogya karena saya berpikiran akan sama dengan seperti grand mercure yg di malang dan solo tapi ternyata sangaat beda jauh pertama pemesana n kamar tidak sesuai dengan yg saya pesan bed dipesanan saya,awal mula pilih grang mercure jogya pikir sama seperti grand mercure malang solo nyata sangaat beda jauh pertama sana kamar sesuai pesan bed pesan,0
negatif,hotel bagus kamar bagus tapi tidak punya lahan parkir gabung dengan parkir hotel ibis area parkir mobilnya di basement hotel ibis sempit sekali slot dan tracknya amburadul sudut kelok tajam satpam penjaga parkir beberapa hanya gagah,hotel bagus kamar bagus punya lahan parkir gabung parkir hotel ibis area parkir mobil basement hotel ibis sempit sekali slot tracknya beranta sudut kelok tajam satpam jaga parkir beberapa hanya gagah,0
negatif,pertama saat datang ke hotel lansung di sambut untuk membawakan barang barang seperti koper dll untuk dibawakan ke kamar tetapi kami mengorder kamar yang ranjangnya king size tetapi yang dikasih malah twin bed setelah kita mengkomplain,pertama saat datang hotel lansung sambut bawa barang barang seperti koper bawa kamar tetapi order kamar ranjang king size tetapi kasih malah twin bed telah komplain,0
negatif,saya menginap tgl januari kesan dihari pertama sudah kecewa saya pesan kamar dg kasur double king size tapi yg dikasi ternyata kasur twin,inap tanggal januari kesan hari pertama kecewa pesan kamar kasur double king size kasi nyata kasur twin,0
negatif,hari pertama datang malam hari dalam keadaan capek habis perjalanan naik kereta waktu masuk kamar udaranya udah kerasa ga enak bikin tenggorokan sakit karena bersin dan batuk terus telpon resepsionis minta tolong pindah kamar tapi,hari pertama datang malam hari ada capek habis jalan naik kereta waktu masuk kamar udara udah rasa enak bikin tenggorok sakit bersin batuk terus telpon resepsionis minta tolong pindah kamar,0
negatif,water heater lama panas access pintu tidak tertutup rapat ada fasilitas keamanan tidak digunakan sebaiknya hilangkan saja,water heater lama panas access pintu tutup rapat fasilitas aman guna baik hilang,0
negatif,menginap di sini dalam rangka acara kantor selama malam untuk kelas hotel bintang masih kalah jauh dengan hotel bintang di area lokasi yang sama,inap sini rangka acara kantor lama malam kelas hotel bintang masih kalah jauh hotel bintang area lokasi sama,0
negatif,sangat mengecewakan reservasi lwt wa tgl maret utk bukber tgl maret tanggal maret bela belain datang utk milih tempat krn kita org staff resto sdh mengkonfirmasi ok bisa akan disetting spt yg kita mau hari h kaget bgt posisi dipindah pojokan belakang sempit dan bad view tanpa konfirmasi sangat tidak profesional,sangat kecewa reservasi lwt wa tanggal maret buka sama tanggal maret tanggal maret bela bain datang milih tempat orang staff resto konfirmasi baik bisa disetting spt hari kaget banget posisi pindah pojok belakang sempit bad view tanpa konfirmasi sangat profesional,0
negatif,kamar sangat panas dan ac yang terasa hanya berupa blower yg sangat kencang tanpa rasa dingin freon entah karena cuaca jogja yang sangat panas karena perubahan suhu atau karena,kamar sangat panas ac asa hanya upa blower sangat kencang tanpa rasa dingin freon entah cuaca jogja sangat panas ubah suhu,0
netral,kondisi kamar bagus untuk kelas suite nya luas dan nyaman tp utk yg kelas dibawahnya agak terlalu banyak furniture jd terkesan sempit,kondisi kamar bagus kelas suite luas nyaman kelas bawah agak terlalu banyak furniture kes sempit,1
negatif,rasa masakan di restoran kurang enak semua dan kartu akses hanya di berikan saja dari hotel dan untuk pelayanan cukup bagus,rasa masakan restoran kurang enak semua kartu akses hanya ikan hotel layan cukup bagus,0
netral,kamarnya nyaman apalagi yang view hadap ke kolam renang pelayannya ramah dan sangat membantu untuk minusnya kalau dari kamar telpon ke resepsionis lamaaa banget angkat tlp seharusnya cepat dan minus di makanannya menurut aku untuk hotel ternama sarapannya kurang rasa,kamar nyaman apalagi view hadap kolam renang layan ramah sangat bantu minus kalau kamar telpon resepsionis lama banget angkat tlp harus cepat minus makan turut hotel nama sarap kurang rasa,1
netral,overall makanannya enak bergantian terus mungkin bisa ditambah jenis nasi liwet nasi uduk utk room lumayan bersih namun di sudut ruangan ada semut yg harus dibersihkan tiap hari,semua makan enak ganti terus mungkin bisa tambah jenis nasi liwet nasi uduk room lumayan bersih namun sudut ruang semut harus bersih tiap hari,1
negatif,pas waktu menginap disini kebetulan dpt kamar yg ada balkon nya tp view nya tembok sarapanya jg b aja pdhl hotel bintang,pas waktu inap sini betul dapat kamar balkon view tembok sarapanya padahal hotel bintang,0
netral,lokasi strategis makanannya enak ruangan kamar bagus tetapi entah kenapa kmrn sy nginap dapat kamar mandinya agak trouble drainasenya tapi overall is good,lokasi strategis makan enak ruang kamar bagus tetapi entah kenapa kmrn nginap dapat kamar mandi agak trouble drainase semua is good,1
negatif,pelayan nya tidak ramah pdhl yg berbatik bukan trainee air keran nya bocor terus kamar mandi menggenang air panas nya tidak panas di jam tertentu tp masa iya mandi harus jam mlm biar dpt air panas yg pas terlalu banyak peraturan breakfast digabung hotel lain yg lbh murah rate nya,layan ramah padahal batik bukan air keran bocor terus kamar mandi genang air panas panas jam tentu masa mandi harus jam mlm biar dapat air panas pas terlalu banyak atur sarap gabung hotel lain lebih murah rate,0
negatif,tadinya berharap mendapatkan fasilitas dan layanan bintang ternyata jauh dari ekspektasi termasuk fasilitas hotel yang dibawah standar,tadi harap dapat fasilitas layan bintang nyata jauh ekspektasi masuk fasilitas hotel bawah standar,0
negatif,kram untuk wudhu dkt wc jadi susah buat wudhu lebih baik dipindah di shower untuk lainnya ok sdh mantap satu lagi sarapan tidak ada lonsay,kran wudhu dekat wc susah wudhu lebih baik pindah shower lain baik mantap satu lagi sarap lontong sayur,0
negatif,d saat ramai lift mati hanya yang nyala dan menjadi numpuk d lobby nunggu lift sangat lama amanitis kamar nya minta tolong d cek lagi kalau cutton bud jangan yg tipis dan,saat ramai lift mati hanya nyala jadi numpuk lobby nunggu lift sangat lama amanitis kamar minta tolong check lagi kalau cutton bud jangan tipis,0
positif,rekomendasi untuk yang mau stay di jogja interiornya menyesuaikan kota jogja lobby mewah makanan banyak variasinya pelayanan baik ramah kolam renang besar lokasinya strategis saya menginap di room suite nya dan request honeymoon saat dtg sudah ada kue dan kamar sudah berhias ala honeymoon untuk roomnya,rekomendasi stay jogja interior sesuai kota jogja lobby mewah makan banyak variasi layan baik ramah kolam renang besar lokasi strategis inap room suite request honeymoon saat datang kue kamar hias ala honeymoon roomnya,2
negatif,lampu di kamar kurang terang buah kurang bagus kualitasnya rasanya tifak fresh krn disimpan di kulkas sdh dlm kondisi dipotong semangkanya lembek dan ada rasa aneh kemungkinan dr,lampu kamar kurang terang buah kurang bagus kualitas rasa tifak fresh simpan kulkas dlm kondisi potong semangka lembek rasa aneh mungkin,0
netral,sy stay n bersama anak saya pagi ini feb breakfast di cafe dan ada charge penambahan anak sy usia th sy tdk tau kriteria apa utk tamu yg ditawari kopi teh dan tidak namun sy lihat,stay sama pagi feb sarap cafe charge tambah usia th tau kriteria apa tamu tawar kopi teh namun lihat,1
negatif,menunya variasi dan enak tapi air minum dikamar terbatas hanya botol kaca ukuran sgt kecil resepsionisnya kurang beretika,menu variasi enak air minum kamar batas hanya botol kaca ukur sgt resepsionis kurang etika,0
netral,tempat strategis makanan lengkap dan enak kamar saya dapat di lantai smoking tp staff melayani dg sangat baik hanya saja air shower kurang kenceng,tempat strategis makan lengkap enak kamar dapat lantai smoking staff layan sangat baik hanya air shower kurang kenceng,1
negatif,kamarnya nyaman dan cukuo luas untuk berdua cuma fasilitas wifinya kurang bagus selama acara dan di kamar saya menggunakan tethering paket data pribadi pancuran di kamar mandi tidak mulus kalau mandi malam air panasnya harus nunggu,kamar nyaman cukuo luas dua cuma fasilitas wifinya kurang bagus lama acara kamar guna tethering paket data pribadi pancur kamar mandi mulus kalau mandi malam air panas harus nunggu,0
netral,pelayanan kamar baik dan bersih tapi kalau bisa ditingkatkan lagi body wash dipisah dengan hair wash water heaternya berfungsi dengan baik ini penting kasurnya lengkap dengan bantal guling is a plus one for me perlengkapan mandi lengkap makanan di resto oke tapi standar saja dan kurang banyak pilihan,layan kamar baik bersih kalau bisa tingkat lagi body wash pisah hair wash water heaternya fungsi baik penting kasur lengkap bantal guling is a plus one for me lengkap mandi lengkap makan resto baik standar kurang banyak pilih,1
netral,letaknya sangat strategis dekat dg stasiun bandara lama dan pusat aktivitas kelebihan kamarnya bersih nyaman dg bantal dan guling yg banyak kekurangannya tdk ada hair dryer dan channel tv tdk bersih anggap saja tdk ada tv pelayanan,letak sangat strategis dekat stasiun bandara lama pusat aktivitas lebih kamar bersih nyaman bantal guling banyak kurang hair dryer channel televisi bersih anggap televisi layan,1
netral,untuk menu makanannya cukup variatif hanya saja beberapa makanan sedikit asin dan sajiannya sedikit kurang tertata semoga kedepannya grand mercure bisa improve untuk semuanya,menu makan cukup variatif hanya beberapa makan sedikit asin saji sedikit kurang tata moga depan grand mercure bisa improve semua,1
negatif,makanan enak dan sangat beragam indonesian termasuk cappuccino dan minuman tradisional untuk infrastruktur agak tua lift berbunyi tapi yang cukup mengganggu adalah kulkas dikamar juga berbunyi seperti bunyi jangkrik malam hari,makan enak sangat agam indonesian masuk cappuccino minum tradisional infrastruktur agak tua lift bunyi cukup ganggu adalah kulkas kamar bunyi seperti bunyi jangkrik malam hari,0
netral,sarapan pagi banyak variasi dan cocok rasa serta aromanya hanya kedepan kalau boleh kamar siapin juga sabun batang karena gak semua familier dengan gel soap,sarap pagi banyak variasi cocok rasa aroma hanya depan kalau boleh kamar siapin sabun batang semua familier gel soap,1
negatif,tadi sempat ada masalah dgn pemindahan kamar basically krn info dr panitia kurang maksimal tp saya merasa dr pihak hotel juga agak kurang maksimal dlm assisting their guests,tadi sempat masalah pindah kamar basically info panitia kurang maksimal rasa pihak hotel agak kurang maksimal dlm assisting their guests,0
positif,kamarnya luas bed nya ada yang ukuran besar jadi bisa buat ber sama anak makanannya enak semoga bisa kembali suatu hari nanti,kamar luas bed ukur besar bisa ber sama makan enak moga bisa kembali suatu hari nanti,2
negatif,toilet bau kaya gak pernah dibersihin pintu gak bisa ditutup air gak keluar,toilet bau kaya pernah dibersihin pintu bisa tutup air keluar,0
negatif,sinyal wi fi sangat lemah apalagi kalau buat kerja dan gaming kalau pun di switch ke mode data sinyal jg turun dari g ke e edge hal ini mengurangi kenyamanan untuk stay di hotel dan seolah meminta untuk keluar saja,sinyal wi fi sangat lemah apalagi kalau kerja gaming kalau switch mode data sinyal turun g e edge hal kurang nyaman stay hotel olah minta keluar,0
negatif,bukber dengan harga rb pax makanan nasi biryaninya tapi kurang dimsumnya cuma beberapa trs abis ga,buka sama harga rb pax makan nasi biryaninya kurang dimsumnya cuma beberapa terus abis,0
negatif,pengalaman nginap di grand mercure tgl november lumayan baik tapii ada tapinya sih untuk hotel sekelas bintang saya berekspektasi fasilitas kamar mendapat smart tv tapi ternyata belum tersedia dan sayang nya parkir untuk tamu,alam nginap grand mercure tanggal november lumayan baik tapi tapi hotel kelas bintang berekspektasi fasilitas kamar dapat smart televisi nyata belum sedia sayang parkir tamu,0
positif,hotel memiliki kategori yang bisa dibilang sangat memuaskan lokasi yang strategis dan dekat dengan kota pelayanan nya yang bisa dibilang sangat cekatan dan bagus untuk hotel sekelasnya,hotel milik kategori bisa bilang sangat muas lokasi strategis dekat kota layan bisa bilang sangat cekat bagus hotel kelas,2
positif,grand mercure jogja benar benar memukau hotelnya indah bersih dan nyaman sempurna untuk liburan maupun perjalanan bisnis,grand mercure jogja benar benar pukau hotel indah bersih nyaman sempurna libur maupun jalan bisnis,2
negatif,hotel yg sdh lumayan tua pintu kamar mandi kayu sdh beberapa bagiannya lepas dan lampu kamar mandi mati di malam terakhir parkiran basement bau kurang sedap pelayanan staff sangat bagus dan membantu kolam renang kecil banget dan spertinya jadi satu dng ibis,hotel lumayan tua pintu kamar mandi kayu beberapa bagi lepas lampu kamar mandi mati malam akhir parkir basement bau kurang sedap layan staff sangat bagus bantu kolam renang banget spertinya satu dng ibis,0
negatif,selama stay d hotel accor dengan member gold pengalaman disini sangat buruk lift mati nyala hanya dimana occ kamar lagi rame fo ga ada ramah nya daan yang parah ketika pakai cutten bud baru d masukin ke kupung sudah ketinggalan d,lama stay hotel accor member gold alam sini sangat buruk lift mati nyala hanya mana kamar lagi rame ramah parah ketika pakai cutten bud baru masukin pung tinggal,0
netral,pelayanan cukup memuaskan tetapi untuk tmtp sarapanya terallu tinggi di lt jd malas orng untuk naik klw bs sarapan di lantai loby biar sxan cek out,layan cukup muas tetapi tmtp sarapanya terallu tinggi lantai malas orng naik klw sarap lantai loby biar sxan check out,1
negatif,kalau bisa tiap lift ada pemandunya guide untuk para tamu yang butuh info terus setelah masuk halaman hotel lokasi jalan menuju parkir sangat sempit dan menikung tajam tidak ada rambu yang jelas atau saya yang kurang jelas melihatnya kalau bisa rambunya ditaruh pada lokasi yang mudah terlihat pengemudi dan cukup besar,kalau bisa tiap lift pandu guide tamu butuh info terus telah masuk halaman hotel lokasi jalan tuju parkir sangat sempit tikung tajam rambu jelas kurang jelas lihat kalau bisa rambu taruh lokasi mudah lihat kemudi cukup besar,0
,untuk sarapan paginya sangat enak banyak menunya dan layanan atas nama fifin sangat bagus semuanya memuaskan,sarap pagi sangat enak banyak menu layan atas nama sangat bagus semua muas,2
,sarapan menu sangat bnyk n enak pelayanannya sangat ramah devita,sarap menu sangat banyak enak layan sangat ramah,2
,untuk kamar nya cukup nyaman pelayanan juga oke banget,kamar cukup nyaman layan baik banget,2
,sarapan pagi nya sangat enak enak dan pelayanan atas nama fifin sangat cepat dan ramah,sarap pagi sangat enak enak layan atas nama sangat cepat ramah,2
,iftar disini seru abiss tempat nyaman makanan enak pelayanan restaurant sangat baik recomendeddddd,iftar sini seru abiss tempat nyaman makan enak layan restaurant sangat baik recomended,2
,tempat nya bagus dan enak dan kamar hotelnya sangat dingin pelayanan nya juga mantap,tempat bagus enak kamar hotel sangat dingin layan mantap,2
,saya menginap di hotel grand mercure sangat nyaman menu memuaskan pelayanan prima,inap hotel grand mercure sangat nyaman menu muas layan prima,2
,breakfast ok pelayanan staff ramah,sarap baik layan staff ramah,2
,sarapan paginya sangat enak menunya lengkap dan memuaskan layanan atas nama fifin baik dan ramah serta cepat,sarap pagi sangat enak menu lengkap muas layan atas nama baik ramah cepat,2
,pelayanan dan makanan enak terima kasih mba silvia,layan makan enak terima kasih,2
,pelayanan serta fasilitas yang ada sangat memuaskan,layan fasilitas sangat muas,2
,makanan yang disajikan selalu baru dan banyak macamnya pelayanan cepat dan tempatnya bersih,makan saji selalu baru banyak macam layan cepat tempat bersih,2
,good service pelayananya makanannya enak semua memuaskan,good service pelayananya makan enak semua muas,2
,cukup puas dan pelayanan nya ramah break fast a n lena,cukup puas layan ramah break fast a,2
,pelayanan yang luar biasa bagus makanan yang banyak variasi dan enak kamar juga nyaman,layan luar biasa bagus makan banyak variasi enak kamar nyaman,2
,pelayan restorannya ramah dan menu sarapannya mantab,layan restoran ramah menu sarap mantab,2
,sangat nyaman baik pelayanan fasilitas smuanya bagus,sangat nyaman baik layan fasilitas smuanya bagus,2
,kesini untuk acara bpip fasilitas hotel lengkap dan kondisinya masih sangat bagus untuk makanannya enak pelayanan prima sigap dan cekatan kalau habis selesai makan langsung di ambil dan juga ramah,kesini acara bpip fasilitas hotel lengkap kondisi masih sangat bagus makan enak layan prima sigap cekat kalau habis selesai makan langsung ambil ramah,2
,untuk pelayanan cukup memuaskan kamar nyaman dan bersih menu di restoran juga enak,layan cukup muas kamar nyaman bersih menu restoran enak,2
,pelayananannya sangat baik dan terbantu oleh mbak lena,pelayananannya sangat baik bantu oleh,2
,sarapan pagi beragam dan enak layanan atas nama fifin sangat ramah dan baik,sarap pagi agam enak layan atas nama sangat ramah baik,2
,saya suka dengan sarapan paginya enak dan layanan atas nama fifin baik ramah anaknya cantik,suka sarap pagi enak layan atas nama baik ramah anak cantik,2
,dari pelayanannua bagus stafnya ramah sarapannya juga enak kebersihan kamar juga bagus,pelayanannua bagus staf ramah sarap enak bersih kamar bagus,2
,mudah dijangkau dan byk fasilitas umum layanan bgs,mudah jangkau banyak fasilitas umum layan bagus,2
,nyaman strategis letaknya,nyaman strategis letak,2
,hotel yang good best apalgii pelayanannya dan staff nya selalu ramah dalam menangani the besty,hotel good apalagi layan staff selalu ramah tangan,2
,makanannya enak tempat bersih pelayanannya juga baguusss,makan enak tempat bersih layan baguus,2
,menginap di hotel ini nyaman n pelayanan nya bagus,inap hotel nyaman layan bagus,2
,untuk pelayanan atas nama mba thania cukup memuaskan ramah dan murah senyum terimakasih,layan atas nama cukup muas ramah murah senyum terimakasih,2
,pelayanan mba fifin mantul,layan mantul,2
,pelayanan staff nya ramah kamar nya juga bersih dan wangi,layan staff ramah kamar bersih wangi,2
,lokasi hotel strategis beberapa kali diundang acara di hotel ini sempat beberapa kali juga memilih hotel mercure untuk acara hasilnya selalu memuaskan pelayanan baik didukung dengan staf yang ramah terima kasih grand mercure yogyakarta,lokasi hotel strategis beberapa kali undang acara hotel sempat beberapa kali pilih hotel mercure acara hasil selalu muas layan baik dukung staf ramah terima kasih grand mercure yogyakarta,2
,pelayanan disini sangat bagus dan breakfast nya pun enak dan orang nya juga pada ramah,layan sini sangat bagus sarap enak orang ramah,2
,pelayanan hotel sangat bagus makanan enak dan variasinya banyak kamar bagus dan lega fasilitas lengkap overall memuaskan,layan hotel sangat bagus makan enak variasi banyak kamar bagus lega fasilitas lengkap semua muas,2
,pelayanannya ramah fasilitasnya juga oke menu sarapannya lengkap enak dan fresh juga top deh pokoknya,layan ramah fasilitas baik menu sarap lengkap enak fresh top pokok,2
,staff ramah kamar luas nyaman makanan di restonya enak,staff ramah kamar luas nyaman makan restonya enak,2
,sarapan pagi sangat enak layanan fifin sangat baik dan ramah,sarap pagi sangat enak layan sangat baik ramah,2
,pelatanan di sini sangat luarbiasa staf nya ramah ramah makanannya enak kamarnya bersih,pelatanan sini sangat luarbiasa staf ramah ramah makan enak kamar bersih,2
,pelayanan bagus staff ramah semua tempat nya bersih higienis dan nyaman sekalii,layan bagus staff ramah semua tempat bersih higienis nyaman sekali,2
,menginap di grand mercure sangat nyaman dan mantap pengen nginep terus,inap grand mercure sangat nyaman mantap ken nginep terus,2
,menu sarapan enak dan kamar ok dan di bantu juga pelayanan oleh mba lena,menu sarap enak kamar baik bantu layan oleh,2
,untuk menu sarapan pagi sangat baik dan cukup memuaskan,menu sarap pagi sangat baik cukup muas,2
,hotelnya enak pelayanan ramah sarapan paginya enak,hotel enak layan ramah sarap pagi enak,2
,sarapannya lengkap dan rasanya enak ruangannya luas dibantu dengan mba lena,sarap lengkap rasa enak ruang luas bantu,2
,makanan enak room service nya bagus senang menginap disini,makan enak room service bagus senang inap sini,2
,hotelnya sangat bagus dengan kamarnya yang luas dan nyaman restorannya punya banyak variasi makanan dan lokasinya cukup strategis,hotel sangat bagus kamar luas nyaman restoran punya banyak variasi makan lokasi cukup strategis,2
,rasa makanan saat sarapannya enak dan banyak variasinya dibantu mbak lena,rasa makan saat sarap enak banyak variasi bantu,2
,pelayanan nya sangattt ramah sekali makanannya enak tempatnya nyaman terimakasih mba chelsea udh memberikan pelayanan terbaik,layan sangat ramah sekali makan enak tempat nyaman terimakasih chelsea beri layan baik,2
,hotel nyamannn lokasinya strategisss bangettt,hotel nyaman lokasi strategis banget,2
,sarapan nya banyak madam dan rasanya enak,sarap banyak rasa enak,2
,kamarnya bersih nyaman makanannya enak banyak jenisnya,kamar bersih nyaman makan enak banyak jenis,2
,menunya enak variasinya banyak pelayanan bagus sekali nyaman juga tempatnya,menu enak variasi banyak layan bagus sekali nyaman tempat,2
,saya sangat puas dengan fasilitas hotel dan sarapan paginya sangat enak dan layanan atas nama fifin sangat ramah dan baik,sangat puas fasilitas hotel sarap pagi sangat enak layan atas nama sangat ramah baik,2
,suasana kamar hotel nya bagus bersih dan nyaman dan breakfastnya banyak variant dan enak enak,suasana kamar hotel bagus bersih nyaman breakfast banyak variant enak enak,2
,pelayanan yang sangat bagus tempat ternyaman makanannya pun enak enak recomended gess,layan sangat bagus tempat nyaman makan enak enak recomended gess,2
,pelayanan ramah makanan jg enak tempat nyaman,layan ramah makan enak tempat nyaman,2
,sarapannya mantabbbbb dibantu lena,sarap mantab bantu,2
,hotelnya nyaman dan pelayanannya helpfull,hotel nyaman layan helpfull,2
,breakfast sangat enak dan lengkap pelayanan mbak lena a,sarap sangat enak lengkap layan a,2
,makanannnya enak ruang meetingnya besar dan nyaman pelayanan ok,makananya enak ruang meetingnya besar nyaman layan baik,2
,sarapan pagi nya enak,sarap pagi enak,2
,nyaman bersih rekomended deh pokoknya,nyaman bersih rekomended pokok,2
,kamar oke layanan baik breakfast enak pilihan banyak lokasi strategis,kamar baik layan baik sarap enak pilih banyak lokasi strategis,2
,sarapannya enak banyak pilihan dan bervariasi,sarap enak banyak pilih variasi,2
,tempat nyaman pelayanan terbaik,tempat nyaman layan baik,2
,lokasi sangat strategis makanan enak dan berbagai macam dekat fasilitas umum recommended,lokasi sangat strategis makan enak bagai macam dekat fasilitas umum rekomendasi,2
,terima kasih mba silvia breakfastnya enak pelayana baik,terima kasih breakfast enak pelayana baik,2
,pelayan an fifin alvianti sangat bgs sopan ramah dan komunikatif terimakasih,layan alvianti sangat bagus sopan ramah komunikatif terimakasih,2
,hotelnya bagus fasilitasnya juga tempatnya luas pokoknya terbaik,hotel bagus fasilitas tempat luas pokok baik,2
,pelayanan oke makanan juga enak,layan baik makan enak,2
,kamar bersih restaurant memiliki menu lokal dan western food pelayanan baik ramah,kamar bersih restaurant milik menu lokal western food layan baik ramah,2
,makanan nya enak pelayanan mba andin trainee sangat ramah baik dan cantikk,makan enak layan sangat ramah baik cantik,2
,great accomodation great food and great atmosphere pelayanan mba silvia sangat baik dan ramah,great accomodation great food and great atmosphere layan sangat baik ramah,2
,layanan yang baik dan makanannya enak,layan baik makan enak,2
,sarapan hari ini enak memuaskan,sarap hari enak muas,2
,tempat nya strategis staff nya ramah banget,tempat strategis staff ramah banget,2
,pelayanan ramah lokasi strategis kamar nyaman,layan ramah lokasi strategis kamar nyaman,2
,saya sangat senang dan puas dngan pelayanan yg ramah dan kamar yg presentatif,sangat senang puas dngan layan ramah kamar presentatif,2
,sarapan nya enak enak dan pelayanan ramah terimakasih kpd kak lena,sarap enak enak layan ramah terimakasih,2
,sarapannya cukup lengkap dibantu mbak lena,sarap cukup lengkap bantu,2
,makanannya bervariasi dan enak,makan variasi enak,2
,nyaman dan menyenangkan,nyaman senang,2
,nyaman buat keluarga sarapannya sudah sesuai selera keluarga petugasnya gercep dan ramah,nyaman keluarga sarap sesuai selera keluarga tugas gercep ramah,2
,untuk rooms ok banget rekomended karena memang sebelumnya pernah menginap dan meeting room di grand mercure berakfast menu sangat lengkap dan pelayanan memuaskan lokasi sangat strategis dekat dengan pusat kota jogja akses sangat mudah,rooms baik banget rekomended memang belum pernah inap meeting room grand mercure berakfast menu sangat lengkap layan muas lokasi sangat strategis dekat pusat kota jogja akses sangat mudah,2
,hotel nyaman breakfast enak dan lengkap,hotel nyaman sarap enak lengkap,2
,sudah menginap disini stafnya ramah ramah kamar nyaman dekorasinya sangat unik bikin betah,inap sini staf ramah ramah kamar nyaman dekorasi sangat unik bikin betah,2
,sangat nyaman kamar bersih makanan sangat enak,sangat nyaman kamar bersih makan sangat enak,2
,nice stay kamar bersih nyaman sarapan enak dan staff lena veronica sangat membantu,nice stay kamar bersih nyaman sarap enak staff veronica sangat bantu,2
,layanan the best room jg luas dan lengkap yang paling penting lokasi starategis dan makanannya enak enak semua recommended buat stay selama liburan di jogja,layan room luas lengkap paling penting lokasi starategis makan enak enak semua rekomendasi stay lama libur jogja,2
,pengalaman menginap yang bagus ditambah breakfast yang luar biasa lengkap dan lezat,alam inap bagus tambah sarap luar biasa lengkap lezat,2
,kamarnya nyaman pilihan menu sarapannya banyak sekali,kamar nyaman pilih menu sarap banyak sekali,2
,sarapan nya sangat lezat dibantu train lena lena nya sangat baik dan ramah,sarap sangat lezat bantu train sangat baik ramah,2
,nyaman makanan enak dan bervariasi,nyaman makan enak variasi,2
,hotel bintang di jogja tempatnya nyaman pelayanan oke kamar bersih makanannya enak deket ke mana mana,hotel bintang jogja tempat nyaman layan baik kamar bersih makan enak deket mana mana,2
,breakfast lengkap dan sangat enak pelayanan mbak lena juga baik,sarap lengkap sangat enak layan baik,2
,untuk hotelnya ok dan nyaman bersih dengan pelayanan nya bagus dan sangat memuaskan untuk menu sarapan nya lumayan enak dan banyak over all memuaskan,hotel baik nyaman bersih layan bagus sangat muas menu sarap lumayan enak banyak over all muas,2
,kedua kalinya menginap hotel grand mercure yogyakarta adisucipto dengan sangat nyaman kamar sangat bersih dan rapih untuk restonya menyedikan banyak pilihan makanan dan semuanya enak,dua kali inap hotel grand mercure yogyakarta adisucipto sangat nyaman kamar sangat bersih rapih restonya dik banyak pilih makan semua enak,2
,untuk sarapannya sangat enak dibantu oleh lena,sarap sangat enak bantu oleh,2
,untuk restoran menu sangat lengkap dan bersih staf ramah saya sambut dengan mbak thania terimakasih,restoran menu sangat lengkap bersih staf ramah sambut terimakasih,2
,sarapannya oke kamarnya juga bagus servicenya oke recommended,sarap baik kamar bagus servicenya baik rekomendasi,2
,makanannya enak cocok mantap pelayanannya juga ramah,makan enak cocok mantap layan ramah,2
,sarapan nya enak dan banyak varian pelayanan staf sangat ramah khusus nya mba salma terima kasih,sarap enak banyak varian layan staf sangat ramah khusus salma terima kasih,2
,breakfast nya enak dilayani dengan baik oleh mbak silvia,sarap enak layan baik oleh,2
,menu sarapannya enakkkkkk dibantu pelayanan oleh kak lena,menu sarap enak bantu layan oleh,2
,menu makanan sudah cukup berfariasi dan rasa sudah cukup nyaman tempat juga cukup memadai dibantu oleh training atas nama lena,menu makan cukup berfariasi rasa cukup nyaman tempat cukup pada bantu oleh training atas nama,2
,nyaman dan menu resto nya enak,nyaman menu resto enak,2
,pelayanan sangat bagus,layan sangat bagus,2
,kamar nya bersih pelayanan nya ramah dan menu breakfast nya banyak dan enak top bgttt,kamar bersih layan ramah menu sarap banyak enak top bgt,2
,varian makanan banyak dan lengkap rasanya enak untuk pelayanan nya sangat baik dan juga ramah,varian makan banyak lengkap rasa enak layan sangat baik ramah,2
,cukup menyenangkan untuk sarapan standar menunya cukup variatif staffnya baik dan ramah anak,cukup senang sarap standar menu cukup variatif staffnya baik ramah,2
,kamarnya bagus pelayanannya bagus stafnya ramah dan makananya enak bervariasi,kamar bagus layan bagus staf ramah makananya enak variasi,2
,pelayanan baik dan ramah untuk menu restoran bintang,layan baik ramah menu restoran bintang,2
,kamar nya sangat bersih dan sarapan nya lengkap dan juga enak,kamar sangat bersih sarap lengkap enak,2
,pertama kali menginap disini pelayanan dan fasilitas hotel sangat excellent semua staff ramah hotel bersih sangat nyaman,pertama kali inap sini layan fasilitas hotel sangat excellent semua staff ramah hotel bersih sangat nyaman,2
,sangat ramah pelayannya sarapan pagi nya menu sangat komplit lezat semua menunya,sangat ramah layan sarap pagi menu sangat komplit lezat semua menu,2
,untuk pelayanananya sangat memuaskan dan makanannya sangat mantap dan enak sekali,pelayanananya sangat muas makan sangat mantap enak sekali,2
,pelayanannya oke bangett kamarnya nyaman the best,layan baik banget kamar nyaman,2
,breakfast nya cocok sekali enak dan lengkap servisnya oke dibantu mba lena terbaik,sarap cocok sekali enak lengkap servis baik bantu baik,2
,overall oke nyaman dan sarapannya enak,semua baik nyaman sarap enak,2
,makanan enak dan banyak variasi dan untuk pelayanan memuaskan ramah serta sopan,makan enak banyak variasi layan muas ramah sopan,2
,lokasi sangat strategis dekat mall dan pusat perbelanjaan fasilitas nya sangat bagus kamar bersih makanan nya enak dan banyak variasi pelayananannya juga oke banget karyawan ramah dan helpfull,lokasi sangat strategis dekat mall pusat belanja fasilitas sangat bagus kamar bersih makan enak banyak variasi pelayananannya baik banget karyawan ramah helpfull,2
,stay disini sudah yg ketiga kali ya kamar bersih dan luas amenities lengkap staf ramah dan responsif akses sangat strategis krn di pusat kota rate terjangkau dan saya accor membership juga f b enak dan variatif terima kasih juga utk mba manis atas pelayanannya yg fast response,stay sini tiga kali kamar bersih luas amenities lengkap staf ramah responsif akses sangat strategis pusat kota rate jangkau accor membership enak variatif terima kasih manis atas layan fast response,2
,tempat di jalan utama mudah diakses didepan hotel banyak toko dan juga angkringan dekat dengan rumah sakit pelayanan baik kamar bersih ruang pertemuan besar dan bersih makanan sangat beragam dan selalu ada menu sup hangat,tempat jalan utama mudah akses depan hotel banyak toko angkring dekat rumah sakit layan baik kamar bersih ruang temu besar bersih makan sangat agam selalu menu sup hangat,2
,menu sarapan rasanya enak enak ada banyak pilihan menu mantap mb lena,menu sarap rasa enak enak banyak pilih menu mantap,2
,breakfast nya enak komplit,sarap enak komplit,2
,room service nya oke makanannya enak semua cendolnya recommended,room service baik makan enak semua cendol rekomendasi,2
,sarapannya worhted banget semua lezat varian menunya lengkap rasanya mengakomodasi semua selera pelayanan luar biasa ruang meeting nyaman,sarap worhted banget semua lezat varian menu lengkap rasa akomodasi semua selera layan luar biasa ruang meeting nyaman,2
,pelayanan di restorannya ramah dan makanannya enakk,layan restoran ramah makan enak,2
,sarapannya enak lokasi strategis dibantu oleh citra pelayanan baik,sarap enak lokasi strategis bantu oleh citra layan baik,2
,pelayanan sangat baik pegawainya ramha menawarkan pelayanan makanan dan sangat profesional terbaik pokoknya sangat direkomendasikan menginap disini,layan sangat baik pegawai ramha tawar layan makan sangat profesional baik pokok sangat rekomendasi inap sini,2
,sarapan paginya sangat enak dan layanan atas nama fifin baik dan ramah saya sangat puas,sarap pagi sangat enak layan atas nama baik ramah sangat puas,2
,makanan dan minuman nya banyak banget pelayanannya juga juga bagus terutama mbak devita,makan minum banyak banget layan bagus utama,2
,mbak tania pelayanan ramah sangat sigap menu breakfast enak tempat nyaman dan rapi,layan ramah sangat sigap menu sarap enak tempat nyaman rapi,2
,untuk makananya enak semua untuk kamar dan pelayanannya ramah betah menginap sendiri dibantu oleh trainingnya mbak lena,makananya enak semua kamar layan ramah betah inap sendiri bantu oleh trainingnya,2
,penyajiannya baik pelayanannya ramah makanannya banyak pilihan dan enak tempatnya nyaman viewnya bagus ramah buat anak anak,saji baik layan ramah makan banyak pilih enak tempat nyaman viewnya bagus ramah,2
,kamar yang nyaman ruang meeting besar dan yang paling suka breakfast nya semua enak banget,kamar nyaman ruang meeting besar paling suka sarap semua enak banget,2
,menu nya breakfast enak dan lengkap,menu sarap enak lengkap,2
,hotel enak dan lokasinya ditengah kota kemana deket kamarnya nyaman pelayan semua ok makanannya variatif dan enak yuuk liburan nginep di grand marcure,hotel enak lokasi tengah kota mana deket kamar nyaman layan semua baik makan variatif enak libur nginep grand marcure,2
,interiornya bagus bgt hotelnya nyaman makanannya lumayan enak,interior bagus banget hotel nyaman makan lumayan enak,2
,senang sekali saya menginap disini,senang sekali inap sini,2
,pelayanannya oke viewnya keren,layan baik viewnya keren,2
,untuk sarapan sangat bervariatif kamar bersih dan sangat nyaman untuk pelayanan thania sangat ramah dan baik,sarap sangat variatif kamar bersih sangat nyaman layan sangat ramah baik,2
,bagus hotel pemandangannya pegunungan dan sarapan enak,bagus hotel pandang gunung sarap enak,2
,hotelnya bagus kamar ok makanan enak dan lengkap pelayanan baik di resepsionis dan restoran juga baik excellence,hotel bagus kamar baik makan enak lengkap layan baik resepsionis restoran baik excellence,2
,menu sarapannya lengkap bgt petugas pelayannya juga baik baik kamar bersih nyaman,menu sarap lengkap banget tugas layan baik baik kamar bersih nyaman,2
,,,2
,pelayanan staff fifin baik dan ramah breakfastnya juga enak recommended buat yang mau nginap di jogja,layan staff baik ramah breakfast enak rekomendasi nginap jogja,2
,pelayanan yang sangat baik serta prasmanan yang bgitu menarik dan nyaman,layan sangat baik prasmanan bgitu tarik nyaman,2
,nyaman seru bersih breakfast lengkao,nyaman seru bersih sarap lengkao,2
,sarapannya enak lengkap ada gudeg juga kamar nyaman spacious bersih petugas jg ramah,sarap enak lengkap gudeg kamar nyaman spacious bersih tugas ramah,2
,pelayanan prima rasa bintang mantab restonya higienis enak sarapanya bikin kangen nyamaan dilidah pelayanya ramah khusunya mbak thania yang ramah dan pintar menjelaskan tentang resto,layan prima rasa bintang mantab restonya higienis enak sarapanya bikin kangen nyamaan lidah pelayanya ramah khusunya ramah pintar jelas tentang resto,2
,breakfast nya enak,sarap enak,2
,pelayanannya sangat baik dan bagus serta makanannya recomended,layan sangat baik bagus makan recomended,2
,sarapan paginya sangat puas dan enak layanan atas nama fifin,sarap pagi sangat puas enak layan atas nama,2
,breakfastnya lengkap enak variatif,breakfast lengkap enak variatif,2
,makanan di restoran enak pelayanan oleh wina pasya erwanda juga sangat ramah dan sangat membantu dan sangat cocok untuk yang ingin ber liburan,makan restoran enak layan oleh wina pasya erwanda sangat ramah sangat bantu sangat cocok ingin ber libur,2
,sarapannya luar biasa god job ramah sekali karyawannya adeeemmmmm pokoknya kereennn,sarap luar biasa god job ramah sekali karyawannya adem pokok kereen,2
,sarapan pagi sangat memuaskan dan sangat enak enak dan layanan atas nama fifin sangat baik dan cepat,sarap pagi sangat muas sangat enak enak layan atas nama sangat baik cepat,2
,hotel dgn pelayanan yang baik hospitality sangat baik dari semua staff secara umum ini hotel yang luar biasa strategis dan nyaman terimakasih service ya luar biasa,hotel layan baik hospitality sangat baik semua staff cara umum hotel luar biasa strategis nyaman terimakasih service luar biasa,2
,fasilitas nyaman sarapan paginya oke banget pelayanannya helpfull dengan devita,fasilitas nyaman sarap pagi baik banget layan helpfull,2
,menu sarapanya enak,menu sarapanya enak,2
,pelayanan sangat baik makanannya enak kamarnya sangat nyaman,layan sangat baik makan enak kamar sangat nyaman,2
,pelayananx bagus baik makanannyabjuga enak kamarx rapi,pelayananx bagus baik makanannyabjuga enak kamarx rapi,2
,pelayanannya ok suasananya nyaman pelayanan kak meyriska makannya enak,layan baik suasana nyaman layan meyriska makan enak,2
,terbaikk kamar nyaman ballroom luas bagus dan makanan nya enak sangat rekomended utk liburan maupun acara resmi nice hotel,terbaikk kamar nyaman ballroom luas bagus makan enak sangat rekomended libur maupun acara resmi nice hotel,2
,tempatnya nyaman makanannya enak mantappp,tempat nyaman makan enak mantap,2
,makanan nya enak semua pelayanan terbaik dan ramah,makan enak semua layan baik ramah,2
,pelayanannya bagus ramah makanannya enak enak tempatnya nyaman,layan bagus ramah makan enak enak tempat nyaman,2
,sarapan nya luar biasa mba lena,sarap luar biasa,2
,sarapan nya menarik dan restoran bersih pelayanan memuaskan pelayanan kak tania nya juga sangat baik dan bagus,sarap tarik restoran bersih layan muas layan sangat baik bagus,2
,terimakasih kak lena layanan sarapannya keren terimakasih,terimakasih layan sarap keren terimakasih,2
,silvia menyenangkan dan ramah,senang ramah,2
,pengalaman memuaskan menginap di hotel mercure ini kamar yang bersih dan nyaman makanan yang enak dan pelayanan para staff yan ramah dan cekatan sangat disarankan untuk menginap disini ketika liburan dijogja terima masih hotel mercure,alam muas inap hotel mercure kamar bersih nyaman makan enak layan staff yan ramah cekat sangat saran inap sini ketika libur dijogja terima masih hotel mercure,2
,ini momen kedua saya ke jogja yang dimana mendapatkan pengalaman yang seru dengan menginap di hotel ini pelayanan nya luar biasa bangat semua staff nya baik banget dan ada satu staff,momen dua jogja mana dapat alam seru inap hotel layan luar biasa bangat semua staff baik banget satu staff,2
,cukup puas dengan menu breakfast pelayanan ramah bu silvia sangat murah senyum dan baik pelayanannya kepada customer,cukup puas menu sarap layan ramah bu sangat murah senyum baik layan kepada customer,2
,kamarnya nyaman fasilitas bagus sarapan enak,kamar nyaman fasilitas bagus sarap enak,2
,alhamdulillah berkesempatan menginap di hotel grand mercure yogyakarta sangat nyaman tempat strategis menu breakfast cukup lengkap kamar nyaman staf ramah,alhamdulillah sempat inap hotel grand mercure yogyakarta sangat nyaman tempat strategis menu sarap cukup lengkap kamar nyaman staf ramah,2
,selalu menginap kesini klau staycation di jogja pelayanannya baik ramah terutama staff saat sarapan kamar bersih lokasinya strategis,selalu inap kesini klau staycation jogja layan baik ramah utama staff saat sarap kamar bersih lokasi strategis,2
,ke sini karena ada amanah internship th secara umum hotelnya nyaman pelayanannya baik ramah family friendly banget deh pokoknya recommended banget buat liburan keluarga mau staycation di sini juga oke banget,sini amanah internship th cara umum hotel nyaman layan baik ramah family friendly banget pokok rekomendasi banget libur keluarga staycation sini baik banget,2
,sangat memuaskan sekali pelayanannya khususnya mba ega silkia resto nya makanan lengkap,sangat muas sekali layan khusus ega silkia resto makan lengkap,2
,pelayanan di purple restorant sangat memuaskan dan nyaman suasana adem dan enak buat nyantai dan kumpul bareng keluarga makanan nya sangat enak dan mantap karena banyak berbagai makanan dan soup nya,layan purple restorant sangat muas nyaman suasana adem enak nyantai kumpul bareng keluarga makan sangat enak mantap banyak bagai makan soup,2
,pelayanan nya rmah baik sopan tempatnya nyaman bersihh rekomended buat menginap disini thanks pelayanan nyaa,layan rmah baik sopan tempat nyaman bersihh rekomended inap sini thanks layan nyaa,2
,iftar di hotel ini bener bener oke banget pelayanannya bagus staffnya ramah makanannya enak dan variatif,iftar hotel bener bener baik banget layan bagus staffnya ramah makan enak variatif,2
,sarapannya enak banget menunya beragam dan fresh karyawannya juga ramah dibantu banget sama mbak lena,sarap enak banget menu agam fresh karyawannya ramah bantu banget sama,2
,sangat nyaman tempat nya dan ramah pelayanannya the best,sangat nyaman tempat ramah layan,2
,hotel yang nyaman dan pelayanannya sangat baik kamar bagus bersih dan wangi makanan yang disediakan sangat enak,hotel nyaman layan sangat baik kamar bagus bersih wangi makan sedia sangat enak,2
,enak sekali untuk breakfast di grand mercure dari buffet dessert minuman komplit dan rasanya enak sekali service nya oke dan bagus dibantu oleh mba lena,enak sekali sarap grand mercure buffet dessert minum komplit rasa enak sekali service baik bagus bantu oleh,2
,sarapan pagi ini sangat enak memuaskan,sarap pagi sangat enak muas,2
,makanan enak sekali apalagi sub daging nya dan juga pelayanan pokoknya mantap,makan enak sekali apalagi sub daging layan pokok mantap,2
,pelayanan di restorannya ramah makanan yang disajikan eunak,layan restoran ramah makan saji eunak,2
,makanan nya enak tempat nya nyaman dan pelayanan nya okee,makan enak tempat nyaman layan okee,2
,makanannya enak semua kamarnya bersih dan pelayan mbak aztutikamariah ramah,makan enak semua kamar bersih layan aztutikamariah ramah,2
,kamarnya sangat bersih dan fasilitas yang lengkap,kamar sangat bersih fasilitas lengkap,2
,dari kamar dan menu makanan semua sangat memuaskan banyak pilihan menu makanannya,kamar menu makan semua sangat muas banyak pilih menu makan,2
,meeting room sewu sangat nyaman mudah diakses makanan juga sangat enak sup ayam tofu nya enak banget es teler nya juga enak staff ramah dan sopan,meeting room sewu sangat nyaman mudah akses makan sangat enak sup ayam tofu enak banget es teler enak staff ramah sopan,2
,pelayanan mbak meriska baik ramah makan enak nasgor ramah di lidah suasana nyaman pokonya mantaaap tenan,layan meriska baik ramah makan enak nasgor ramah lidah suasana nyaman poko mantap tenan,2
,kamarnya nyaman pelayanan ramah dan lokasi cukup oke,kamar nyaman layan ramah lokasi cukup baik,2
,silvia sarapan nya enak,sarap enak,2
,breakfast variatif menunya banyak enak kamar juga enak dinginn rame juga,sarap variatif menu banyak enak kamar enak dinginn rame,2
,ikan nya enak pas dan suasana nyaman,ikan enak pas suasana nyaman,2
,tempatnya keren dan suasananya juga bagus hiasan di setiap dindingnya buat kita ga bosen suasananya juga bikin adem selain itu pelayanan juga baik sekali para pekerja sangat ramah selain itu makanan nya juga enak hehe,tempat keren suasana bagus hias tiap dinding bosen suasana bikin adem selain layan baik sekali kerja sangat ramah selain makan enak,2
,makanan enak dan pilihan nya banyak,makan enak pilih banyak,2
,fasilitas enak makan nya juga enak dan nyaman,fasilitas enak makan enak nyaman,2
,sangat memuaskan pelayanan mbak silvia makananya juga lezat,sangat muas layan makananya lezat,2
,semua menu enak dan approved pelayanan sangat ramah dan gercep mbak salma,semua menu enak approved layan sangat ramah gercep salma,2
,hotelnya nyaman kamarnya luas dan bersih makanan di restorannya banyak jenisnya dan enak terima kasih,hotel nyaman kamar luas bersih makan restoran banyak jenis enak terima kasih,2
,letak hotel strategis pelayanan bagus kamar nyaman,letak hotel strategis layan bagus kamar nyaman,2
,pelayanan ramah makanan nya enak tempat nya luas bersih dan nyaman,layan ramah makan enak tempat luas bersih nyaman,2
,sarapan nya enak dan sangat puas dan juga lengkap pelayanan mbak lena juga baik,sarap enak sangat puas lengkap layan baik,2
,breakfast nya oke pelayanan baik sekali,sarap baik layan baik sekali,2
,lokasi hotel strategis pelayanan ramah kamarnya dan meeting room nya nyaman restonya ok,lokasi hotel strategis layan ramah kamar meeting room nyaman restonya baik,2
,untuk pelayanan sangan bagus dan untuk sarapannya juga makannya enakk,layan sangan bagus sarap makan enak,2
,menyenangkan dan beekesan sekali matur nuwun mb thania cantik dan ramah,senang beekesan sekali matur nuwun cantik ramah,2
,break feast enak dan pelayanan baik dari mbak lena,break feast enak layan baik,2
,pelayanan baik karyawan hotelnya ramah makanannya juga enak lengkap ada banyak menu nya juga,layan baik karyawan hotel ramah makan enak lengkap banyak menu,2
,pelayanan ramah nyaman makanan enak bagus pokoknya,layan ramah nyaman makan enak bagus pokok,2
,untuk fasilitas kamar nyaman dan untuk sarapannya enak hangat untuk pelayanan nya mba devita baik ramah terima kasih mba,fasilitas kamar nyaman sarap enak hangat layan baik ramah terima kasih,2
,mrsa nyaman dn mknananya jg enk layanan memuaskan,mrsa nyaman dn mknananya enk layan muas,2
,tempatnya sangat luas nyaman bersih pelayanannya juga oke kamarnya juga sangat nyaman buat istirahat,tempat sangat luas nyaman bersih layan baik kamar sangat nyaman istirahat,2
,variasi makanannya banyak rasanya juga enak kamarnya besar dan bagus ac nya dingin pelayanan oke,variasi makan banyak rasa enak kamar besar bagus ac dingin layan baik,2
,makanan sangat enak dan sangat puas dengan segala hidangannya,makan sangat enak sangat puas segala hidang,2
,pelayanan sangat ramah sarapan banyak variasi dan juga enak recommended place to stay in jogja,layan sangat ramah sarap banyak variasi enak rekomendasi place to stay in jogja,2
,untuk makan siang pada hari ini sangat enak dan memuaskan pelayanan nya juga ramah,makan siang hari sangat enak muas layan ramah,2
,sarapanya banyak banget variannya rasanya enaaak pelayannya baik dan ramah aztuti,sarapanya banyak banget varian rasa enak layan baik ramah,2
,waitress nya ramah terutama neng ega makanannya enak recomended,waitress ramah utama neng ega makan enak recomended,2
,tempatbya nyaman staffnya sangat ramah,tempatbya nyaman staffnya sangat ramah,2
,pelayanan nya sgt ramah terima kasih mas bobby,layan sgt ramah terima kasih bobby,2
,hotel super nyaman bersih dan ramah,hotel super nyaman bersih ramah,2
,pelayanannya oke dan membantu terutama saat sarapan dibantu oleh mba lena disini banyak menu yang bisa dipilih dan tradisional dan modern enak dan cocok di lidah,layan baik bantu utama saat sarap bantu oleh sini banyak menu bisa pilih tradisional modern enak cocok lidah,2
,mantap pelayanannya ramahhhh makanan nya enakkkk,mantap layan ramah makan enak,2
,staff nya friendly dan ramah selalu menyapa dg senyum serta sopan kamarnya jg bersih dan nyaman sekali bwt istirahat thank grand mercure,staff friendly ramah selalu sapa senyum sopan kamar bersih nyaman sekali bwt istirahat terimakasih grand mercure,2
,bagus sarapan enak pelayanan staf helpfull thankuoy mba silvia,bagus sarap enak layan staf helpfull thankuoy,2
,kamarnya cukup bersih pelayanan nya bagus makanan nya enak mantab grand mercure,kamar cukup bersih layan bagus makan enak mantab grand mercure,2
,kesan pertama masuk sangat memuaskan room juga bersih dan mewah pelayanan baik dan ramah makan malam cocok menunya terima kasih,kesan pertama masuk sangat muas room bersih mewah layan baik ramah makan malam cocok menu terima kasih,2
,kamar super nyaman pelanyanan sangat ramah makannya pilihannya banyak banget dan enak enak terimaksih kepada mbak ayi dan mbak sopia sangat baik banget dan sangat ramah,kamar super nyaman pelanyanan sangat ramah makan pilih banyak banget enak enak terimaksih kepada ayi sopia sangat baik banget sangat ramah,2
,breakfast disini enak banget mba nya ramah ramah makanannya lengkap,sarap sini enak banget ramah ramah makan lengkap,2
,menu makanan banyak untuk rasa enak dan pelayangan sangat ramah di bantu oleh mbak lena,menu makan banyak rasa enak layang sangat ramah bantu oleh,2
,sarapan lengkap dan enak best deh pokoknya pelayana aztuti ramah sekali,sarap lengkap enak pokok pelayana ramah sekali,2
,layanan semua baik resto komplit makanannya semua enak,layan semua baik resto komplit makan semua enak,2
,rekomen bngt dengan semua fasilitasnya yg oke dan tentunya aman dan nyaman,rekomendasi bngt semua fasilitas baik tentu aman nyaman,2
,makanan enak menu lengkap pelayanan memuaskan,makan enak menu lengkap layan muas,2
,makanan nya enak pelayanan nya ramah baik secara keseluruhan,makan enak layan ramah baik cara seluruh,2
,pelayanan dan makanan sangat baik terima kasih mba lena untuk pelayanannya yang sangat ramah,layan makan sangat baik terima kasih layan sangat ramah,2
,layanannya sangat baik makanannya enak enak juga devinta pelayanannya ramah,layan sangat baik makan enak enak devinta layan ramah,2
,makanannya enak cukup beragam banyak makanan tradisional juga bagian minuman juga beragam jenisnya dari jamu hingga kopi tersedia staffnya ramah dan baik sekali setiap lihat piring kotor langsung diangkut dan,makan enak cukup agam banyak makan tradisional bagi minum agam jenis jamu hingga kopi sedia staffnya ramah baik sekali tiap lihat piring kotor langsung angkut,2
,pelayanan ramah kualitas bagus dan fasilitasnya memuaskan rekomended banget,layan ramah kualitas bagus fasilitas muas rekomended banget,2
,kamarnya baik saya puas menginap di grand mercure terimakasih mba salma atas pelayanannya di resto,kamar baik puas inap grand mercure terimakasih salma atas layan resto,2
,sarapannya enak kamarnya nyaman thanks to mbak gita,sarap enak kamar nyaman thanks to gita,2
,sudah beberapa kali bermalam di grand mercure yogyakarta adi sucipto pelayanannya selalu ramah kamarnya juga bersih sarapannya enak semua dan banyak varian makanan tradisional nya banyak dan enak enak pelayanan mba willy juga bagus ramah terima kadih grand mercure,beberapa kali malam grand mercure yogyakarta adi sucipto layan selalu ramah kamar bersih sarap enak semua banyak varian makan tradisional banyak enak enak layan willy bagus ramah terima kadih grand mercure,2
,suasana nya sangat bagus kamar nya membuat nyaman pelayanan juga sangat ramah makanan yang disajikan juga enak dan lezat,suasana sangat bagus kamar buat nyaman layan sangat ramah makan saji enak lezat,2
,ruangan kamar nyaman bersih breakfastnya lengkap dan enak,ruang kamar nyaman bersih breakfast lengkap enak,2
,pelayanan bagus masakan juga enak,layan bagus masakan enak,2
,makananya enakkk sekali tersedia banyak varian juga disini tempatnya nyaman adem,makananya enak sekali sedia banyak varian sini tempat nyaman adem,2
,sangat nyaman dan tempat yang sangat strategis,sangat nyaman tempat sangat strategis,2
,bagus dan nyaman tempatnya,bagus nyaman tempat,2
,letaknya strategis pelayanan baik sarapannya enak,letak strategis layan baik sarap enak,2
,kamar nyaman bersih pelayanan mantap apalgi makanan nya luar biasa enak,kamar nyaman bersih layan mantap apalgi makan luar biasa enak,2
,pelayanannya sangat bagus dan sangat ramah dari lobby sampai di resto nya kamarnya jg rapi bersih dan ballroom nya juga bersih makanannya enak,layan sangat bagus sangat ramah lobby sampai resto kamar rapi bersih ballroom bersih makan enak,2
,memuaskan menunya lengkap dan lezat,muas menu lengkap lezat,2
,resto nya enak dan pelayanannya dengan mbak silvia sangat baik,resto enak layan sangat baik,2
,hotelnya cozy dan menu breakfast enak enak semua,hotel cozy menu sarap enak enak semua,2
,kamar nyaman menu sarapannya enak recommended untuk staycation,kamar nyaman menu sarap enak rekomendasi staycation,2
,pelayanan baik oleh kak silvia sarapan tepat waktu dan jg baik,layan baik oleh sarap tepat waktu baik,2
,lokasinya strategis dekat dengan pusat kota dan tempat tempat wisata kamarnya sangat nyaman bersih dan rapi fasilitas hotel juga sangat lengkap pelayanan staf hotel juga sangat ramah dan profesional mereka sangat membantu dan selalu,lokasi strategis dekat pusat kota tempat tempat wisata kamar sangat nyaman bersih rapi fasilitas hotel sangat lengkap layan staf hotel sangat ramah profesional mereka sangat bantu selalu,2
,pelayanan sangat baik sarapannya menunya beragam dan semuanya enak rekomendasi untuk yang liburan ke yogyakarta,layan sangat baik sarap menu agam semua enak rekomendasi libur yogyakarta,2
,hotel dekat kampus uin cm meteran hotelnya nyaman makanannya enak variatif menunya joss pokoknya,hotel dekat kampus uin cm meter hotel nyaman makan enak variatif menu joss pokok,2
,room nya dan breakfast nya menu nya lengkap dan bervariasi rasa nya pun enak zxz,room sarap menu lengkap variasi rasa enak,2
,pelayanan mantabs kamar bersih makanan luar biasa menyenangkan pertahankan,layan mantabs kamar bersih makan luar biasa senang tahan,2
,pelayanan bagus dan makanannya enak untuk kamar bersih dan nyaman terimakasih mbak nur dari lombok,layan bagus makan enak kamar bersih nyaman terimakasih lombok,2
,breakfastnya banyak pilihan dan enak semua dibantu oleh training lena,breakfast banyak pilih enak semua bantu oleh training,2
,tempatnya nyaman bagus bersih makanannya enak pelayanannya ramah,tempat nyaman bagus bersih makan enak layan ramah,2
,terimakasih fasilitas memadai pelayanan ramah sudah aksebilitas untuk difabel,terimakasih fasilitas pada layan ramah aksebilitas difabel,2
,u breakfast menunya beragam juga banyak makanan traditional dan enak pelayanannya juga sangat ramah,sarap menu agam banyak makan traditional enak layan sangat ramah,2
,untuk menu makanannya sangat lengkap dan enak ada berbagai makanan dari menu lokal sampai western juga dan ada banyak pilihan kudapan juga,menu makan sangat lengkap enak bagai makan menu lokal sampai western banyak pilih kudap,2
,pelayanan superduper ramah view saat breakfast saya suka sekali dan pasti nya enak love it,layan superduper ramah view saat sarap suka sekali pasti enak love it,2
,makanannya enak enak pelayanan dangat ramah hotelnya bersih wangi dan nyaman,makan enak enak layan dangat ramah hotel bersih wangi nyaman,2
,pelayanan di restoran sangat memuaskan makanan dan minuman cukup lengkap dengan rasa yang enak,layan restoran sangat muas makan minum cukup lengkap rasa enak,2
,kamar bersih pelayanan baik makanan lengkap bukan pertama kali menginap disini selalu puas,kamar bersih layan baik makan lengkap bukan pertama kali inap sini selalu puas,2
,sarapan nikmat dan lezat excellent service dibantu mbak lena,sarap nikmat lezat excellent service bantu,2
,makanan nya enak dan pelayanan nya bagus,makan enak layan bagus,2
,breakfast semur daging enak dibantu mbak lena,sarap semur daging enak bantu,2
,pelayanan baik kamar bersih nyaman sangat helpful dan ramah makanannya juga enak terima kasih,layan baik kamar bersih nyaman sangat helpful ramah makan enak terima kasih,2
,sarapan paginya sangat enak dan layanan fifin sangat bagus,sarap pagi sangat enak layan sangat bagus,2
,sarapannya mantap enak pelayanan yang baikk terimakasih kak lena,sarap mantap enak layan baikk terimakasih,2
,kamar nyaman makanan banyak pilihan dan enak,kamar nyaman makan banyak pilih enak,2
,saya menginap minggu disini pelayanannya baik sekali breakfast enak semua kamar nya nyaman,inap minggu sini layan baik sekali sarap enak semua kamar nyaman,2
,fasilitas bintang banget sih kolam renangnya tracknya lumayan panjang dan dalem gymnya juga bersih lengkap dan bebannya up kg lobbynya juga luas dan banyak kursi rekomend banget pokoknya buat healing parkir juga luas,fasilitas bintang banget kolam renang tracknya lumayan panjang dalem gymnya bersih lengkap beban up lobbynya luas banyak kursi rekomend banget pokok healing parkir luas,2
,pelayanan restoran nya bagus dan menjaga kesehatan keterampilan pelayannya mengesankan dan makanan yang enak enak,layan restoran bagus jaga sehat terampil layan kesan makan enak enak,2
,karyawannya ramah ramah kamarnya nyaman banget dan yang paling oke sarapannya enak enak the best,karyawannya ramah ramah kamar nyaman banget paling baik sarap enak enak,2
,makanannya enak kamarnya nyaman ada gulingnya dan dekat kota seneng banget sama pelayanannya,makan enak kamar nyaman guling dekat kota neng banget sama layan,2
,hotel nya strategis makanannya enak fasilitas nya lengkap dan karyawan hotel sangat responsif,hotel strategis makan enak fasilitas lengkap karyawan hotel sangat responsif,2
,pelayan cukup baik dan breakfast cukup beragam dan cukup enak,layan cukup baik sarap cukup agam cukup enak,2
,kamarnya nyaman pelayanan bagus makanannya enak,kamar nyaman layan bagus makan enak,2
,memuaskan bersih ramah makanan lezat terima kasih mbak thania ramah sekali,muas bersih ramah makan lezat terima kasih ramah sekali,2
,pelayanan ramah tempatnya nyaman dan menu sarapannya enak enak dibantu oleh lena,layan ramah tempat nyaman menu sarap enak enak bantu oleh,2
,pelayanan nya baik dan hidangan nya sangat lengkap,layan baik hidang sangat lengkap,2
,kamar nya sangat bagus makanannya juga mantap rekomendasi banget dah disini,kamar sangat bagus makan mantap rekomendasi banget dah sini,2
,makanannya ok pelayanannya juga ok dan satset terima kasih,makan baik layan baik satset terima kasih,2
,makanan enak pelayanan top pertahankan yaa,makan enak layan top tahan yaa,2
,tempatnya nyaman bersih banged makanannya sangat variatif tiap harinya dan enak lo,tempat nyaman bersih banged makan sangat variatif tiap hari enak,2
,untuk makanannya bagus cocok untuk makan siang saya dari dprd sidoarjo dilayani dengan mbak manis di restaurant sangat ramah dan baik kamarnya juga bagus nyaman poolnya juga sejuk kalau sore,makan bagus cocok makan siang dprd sidoarjo layan manis restaurant sangat ramah baik kamar bagus nyaman poolnya sejuk kalau sore,2
,breakfast menu bervariasi dan enak dmikian juga utk minuman dan snack nya,sarap menu variasi enak dmikian minum snack,2
,makanannya enak semua kamar bersih pelayan ramah dan menyenangkan terima kasih grand mercure yogyakarta,makan enak semua kamar bersih layan ramah senang terima kasih grand mercure yogyakarta,2
,nyaman makanan enak pelayanan ramah,nyaman makan enak layan ramah,2
,sarapannya lengkap enak pelayanan sangat baik staff ramah ramah,sarap lengkap enak layan sangat baik staff ramah ramah,2
,semua makanannya enak beragam banyak pilihan pelayanan ramah fasilitas oke bangetttt,semua makan enak agam banyak pilih layan ramah fasilitas baik banget,2
,hotelnya bersih kamar nya mantap sarapan komplit,hotel bersih kamar mantap sarap komplit,2
,kamarnya nyaman restonya enak ruang meetingnya juga nyaman rekomended untuk kegiatan dinas dan nginep bersama keluarga,kamar nyaman restonya enak ruang meetingnya nyaman rekomended giat dinas nginep sama keluarga,2
,nyaman tempat bersih makanannya enak semua rekomend bangetttt,nyaman tempat bersih makan enak semua rekomend banget,2
,tempatnya nyaman dan bersih,tempat nyaman bersih,2
,pelayanan bagus makanan enak,layan bagus makan enak,2
,saya sangat suka dengan sarapan paginya view nya dan makanannya enak enak serta layanan fifin sangat baik dan ramah,sangat suka sarap pagi view makan enak enak layan sangat baik ramah,2
,pelayanan disini ramah sekali untuk menghabiskan libur keluarga sangat direkomendasikan,layan sini ramah sekali habis libur keluarga sangat rekomendasi,2
,devita pelayanan bagus ramah profesional,layan bagus ramah profesional,2
,breakfast paginya enak dan restonya bersih,sarap pagi enak restonya bersih,2
,pelayanan sangat memuaskan karyawan ramah dan murah senyum,layan sangat muas karyawan ramah murah senyum,2
,hotel yang sangat nyaman dan pelayanan yang luar biasa so friendly,hotel sangat nyaman layan luar biasa so friendly,2
,pelayanannya ramah minumannya enak manisnya pas rekomended sekalii bar kak tania juga rama sekali best,layan ramah minum enak manis pas rekomended sekali bar rama sekali,2
,sangat cukup puas dalam pelayanan dari segi kamar layanan dan sarapan yang disediakan juga enak semua dilayanin oleh mbak thania sangat cukup puas dan pelayanannya cukup baik,sangat cukup puas layan segi kamar layan sarap sedia enak semua dilayanin oleh sangat cukup puas layan cukup baik,2
,hotelnya bagus kamarnya nyaman makanannya juga enak powwlll pelayanannya super ramah,hotel bagus kamar nyaman makan enak layan super ramah,2
,pelayanannya bagus dan pelayannya ramah terutama atas nama aztuti,layan bagus layan ramah utama atas nama,2
,staffnya ramah ramah sekali sarapannya enakkkkkkk bgt kamar bersih dan lengkap,staffnya ramah ramah sekali sarap enak banget kamar bersih lengkap,2
,hotel yang cocok buat staycation kamarnya luas bersih breakfastnya juga enakk pelayanannya top,hotel cocok staycation kamar luas bersih breakfast enak layan top,2
,gudeg jogya mantap sangat lezaatttt,gudeg jogya mantap sangat lezaat,2
,makanan variasi nya banyak rasanya enak pelayanan ramah dan sangat membantu pokoknya the best hotel di yogyakarta,makan variasi banyak rasa enak layan ramah sangat bantu pokok hotel yogyakarta,2
,hotelnya sangat nyaman rapi dan bersih seluruh pegawai nya juga ramah saat datang disambut dengan sangat baik,hotel sangat nyaman rapi bersih seluruh pegawai ramah saat datang sambut sangat baik,2
,resto nya enak menu banyak pilihan,resto enak menu banyak pilih,2
,sarapan sangat lengkap dan enak di bantu mbak lena,sarap sangat lengkap enak bantu,2
,tempat nyaman pelayanan memuaskan,tempat nyaman layan muas,2
,nice palace for stay bersih dan nyaman recomended,nice palace for stay bersih nyaman recomended,2
,memuaskan terima kasih,muas terima kasih,2
,kamarnya luas nyaman dan pelayanannya ramah,kamar luas nyaman layan ramah,2
,kamar luas cukup nyaman dan bersih lokasi pusat kota breakfast banyak pilihan,kamar luas cukup nyaman bersih lokasi pusat kota sarap banyak pilih,2
,makanan nya enak bermacam macam kamarnya nyaman terima kasih,makan enak macam macam kamar nyaman terima kasih,2
,makanannya enak bgt servicenha juga okee,makan enak banget servis okee,2
,kamar bagus dan bersih pelayanan mba silvia baik,kamar bagus bersih layan baik,2
,hotelnya bagus pelayanan ramah makannya enak lokasinya strategis dekat kemana,hotel bagus layan ramah makan enak lokasi strategis dekat mana,2
,hotel bagus prlayabab ramah dan profesional sangat membantu s ekali dan penjrlasanya sangat bagus keluarga laki sangat merasa nyaman,hotel bagus prlayabab ramah profesional sangat bantu ekali penjrlasanya sangat bagus keluarga laki sangat rasa nyaman,2
,sarapan pagi ini enak telur dadarnya enak ayamnya crispy enak berasa bumbunya kentang dan kacang merahnya enak dan kamarnya bersih bgt,sarap pagi enak telur dadar enak ayam crispy enak rasa bumbu kentang kacang merah enak kamar bersih banget,2
,terimakasih atas pelayanan yang memuaskan selama menginap hari disini diluar ekspektasi bisa request pas jam sahur padahal bukan bulan ramadhan juga menu take away juga diluar ekspektasi lengkap enak enak dan banyak terimakasih banyak semoga terus dipertahankan,terimakasih atas layan muas lama inap hari sini luar ekspektasi bisa request pas jam sahur padahal bukan bulan ramadhan menu take away luar ekspektasi lengkap enak enak banyak terimakasih banyak moga terus tahan,2
,anak happy sekali menginap d grandmercure pelayanan nya juga good banget terimkasih kaka nur jg sudah sangat ramah,senang sekali inap grandmercure layan good banget terimkasih kaka sangat ramah,2
,sarapan paginya enak banyak pilihan twmpatnya bersih karyawan ramah pokoknya puas dehhh,sarap pagi enak banyak pilih twmpatnya bersih karyawan ramah pokok puas,2
,pelayan memuaskan breakfast sangat beragam dan enak kamar bersih dan nyaman,layan muas sarap sangat agam enak kamar bersih nyaman,2
,pelayanannya cukup baik makanannya enak varian makananya banyak,layan cukup baik makan enak varian makananya banyak,2
,sarapannya enak dan pelayanaannnya baik terutama mba silvia ramah dan sopan,sarap enak pelayanaanya baik utama ramah sopan,2
,pelayanan baik makanan enak kamar bagus,layan baik makan enak kamar bagus,2
,pelayanan nya mantap ramah dam nyaman sekali hotel top se indonesia,layan mantap ramah dam nyaman sekali hotel top indonesia,2
,makanan enak bervariasi pelayanan nya ok banget kamarnya nyaman staff nya ramah apalagi mba devita sangat ramah dan cantik,makan enak variasi layan baik banget kamar nyaman staff ramah apalagi sangat ramah cantik,2
,hotel nyaman pelayanan baik makanan enak dan banyak pilihan lokasi dekat kemana,hotel nyaman layan baik makan enak banyak pilih lokasi dekat mana,2
,untuk kamar nya cukup nyaman pelayanan juga oke banget untuk sarapan juga banyak varian nya enak juga lokasi pun cukup strategis mudah buat cari kebutuhan,kamar cukup nyaman layan baik banget sarap banyak varian enak lokasi cukup strategis mudah cari butuh,2
,untuk sarapan paginya sangat enak dan memuaskan dan layanan atas nama fifin sangat memuaskan,sarap pagi sangat enak muas layan atas nama sangat muas,2
,sangat senang karena lokasi strategis lingkungan bersih makanan enak dan yg luar biasa pelayanan yg cepat sangat ramah dan sangat menghormati tamu,sangat senang lokasi strategis lingkung bersih makan enak luar biasa layan cepat sangat ramah sangat hormat tamu,2
,makanan hotel grand mercure sangat enak dan pelayanan nya sangat ramah,makan hotel grand mercure sangat enak layan sangat ramah,2
,layanannya memuaskan makanan enak kamar nyaman,layan muas makan enak kamar nyaman,2
,tempat nyaman menu makannya enak pelayanan ramah dgn mbak salma,tempat nyaman menu makan enak layan ramah salma,2
,lokasi yang sangat strategis mudah kemana kamarnya bersih dan nyaman makanannya enak mohon untuk dipertahankan,lokasi sangat strategis mudah mana kamar bersih nyaman makan enak mohon tahan,2
,makanan enak pelayanan enak all good,makan enak layan enak all good,2
,rasa sarapan nya lengkap dan variatif pelayanan di bantu mbak lena,rasa sarap lengkap variatif layan bantu,2
,menu makanan bervariasi dan rasanya enak,menu makan variasi rasa enak,2
,pelayanan restoran sangat baik dan ramah makanannya juga enak khususnya menu khas tradisional jajanan lainnya juga enak,layan restoran sangat baik ramah makan enak khusus menu khas tradisional jajan lain enak,2
,hotel yang menjadi pilihan jika ke jogja menu sarapan enak dan variasi nya banyak cozy place dan mantap,hotel jadi pilih jika jogja menu sarap enak variasi banyak cozy place mantap,2
,alamat hotel strategis tepat dengan kota dan mall kamar nyaman pelayanan cukup ramah makanannya juga enak enak,alamat hotel strategis tepat kota mall kamar nyaman layan cukup ramah makan enak enak,2
,bagus sekali pelayanannya sangat baik dan ramah dan hotelnya baguss dan nyaman,bagus sekali layan sangat baik ramah hotel bagus nyaman,2
,makanan enak pelayanan baik overall,makan enak layan baik semua,2
,kamarnya nyaman bersih wangi kamar mandi juga oke walau kipas exhaust nya gak ada cuman bolongan nya doang service makan juga memuaskan mushola nya juga besar bersih dan wangi,kamar nyaman bersih wangi kamar mandi baik walau kipas exhaust cuman bolong doang service makan muas mushola besar bersih wangi,2
,kamar nya bersih dan lumayan luas makananya enak pelayanan cepat recommended lah,kamar bersih lumayan luas makananya enak layan cepat rekomendasi lah,2
,pelayanan sangat ramah interior sangat bagus dan musholla nya luas,layan sangat ramah interior sangat bagus musholla luas,2
,sarapan dan break fast bagus serta memuaskan dan pelayanan ramah dari mba lena,sarap break fast bagus muas layan ramah,2
,menu lunch makanan baik luar biasa pelayanan sangat baik,menu lunch makan baik luar biasa layan sangat baik,2
,hotel yang menyenangkan dengan breakfast nya yang enak anak suka,hotel senang sarap enak suka,2
,pelayanan yg baik dan profesional banyak pilihan makanan,layan baik profesional banyak pilih makan,2
,penyajian sangat bersih dan nyaman,saji sangat bersih nyaman,2
,pengalaman menginap malam yang menyenangkan sarapan dan makanan di restaurant enak enak,alam inap malam senang sarap makan restaurant enak enak,2
,kamarnya nyaman dan desainnya bagus artsy bgt,kamar nyaman desain bagus artsy banget,2
,lokasi nya strategis dan terjangkau kamarnya bersih dan rapih sarapan dan makan malam enak dan cukup beragam,lokasi strategis jangkau kamar bersih rapih sarap makan malam enak cukup agam,2
,sangat ramah pelayanan kamar bersih sarapan variatif dan enak enak sekali pastinya tempat nya nyaman,sangat ramah layan kamar bersih sarap variatif enak enak sekali pasti tempat nyaman,2
,kamar disini sangat nyaman dan untuk sarapannya bermacam macam dan enak semua,kamar sini sangat nyaman sarap macam macam enak semua,2
,lokasi strategis makanan enak staff sangat ramah,lokasi strategis makan enak staff sangat ramah,2
,untuk menu makanan nya sangat lengkap,menu makan sangat lengkap,2
,pelayanan baik dan cukup ramah atas nama mba lena,layan baik cukup ramah atas nama,2
,hotel terbaikkk kamarnya nyaman pelayanannya bagus makanannya enak dan juga fasilitas lengkap top deh,hotel baik kamar nyaman layan bagus makan enak fasilitas lengkap top,2
,pelayanan baik dan breakfast enak,layan baik sarap enak,2
,bagus nyaman dan menyenangkan sarapannya enak banget sesuai selera,bagus nyaman senang sarap enak banget sesuai selera,2
,pelayanan ramah nyaman tengah kota menunya enak bersih estetik puas pokoknya nginep disini,layan ramah nyaman tengah kota menu enak bersih estetik puas pokok nginep sini,2
,kamar memadai ragam pilihan sarapan layak dan baik pelayanan staf ramah,kamar pada ragam pilih sarap layak baik layan staf ramah,2
,tempatnya nyaman bersih pelayanannya baik pemandangan nya indah karyawannya ramah makanannya pun sangat enak bakal balik kesini lagi puas banget,tempat nyaman bersih layan baik pandang indah karyawannya ramah makan sangat enak bakal balik kesini lagi puas banget,2
,letak hotel sangat strategis dekat mall pelayanan nya sangat baik suasana nya homy,letak hotel sangat strategis dekat mall layan sangat baik suasana homy,2
,tempat yang strategis hotelnya bersih dan pelayanan yang sangat memuaskan crew yang namanya ririn sangat ramah dan ringan tangan untuk membantu,tempat strategis hotel bersih layan sangat muas crew nama ririn sangat ramah ringan tangan bantu,2
,lokasinya strategis dekat dengan bandara makanannya enak fasilitas yang tersedia sangat lengkap,lokasi strategis dekat bandara makan enak fasilitas sedia sangat lengkap,2
,terimakasih banyak accord booking di ibis dapet free upgrade di mercure menu sarapan yang lengkap enak dan memuaskan kamar yang bersih dan nyaman,terimakasih banyak accord booking ibis dapat free upgrade mercure menu sarap lengkap enak muas kamar bersih nyaman,2
,pelayanan bagus makananya enak kamar bersih dan letaknya dekat sama kota dan mall,layan bagus makananya enak kamar bersih letak dekat sama kota mall,2
,cukup berkesan menginap disini pelayanan bagus dan ramah kamar bersih makanan enak cocok untuk liburan keluarga,cukup kesan inap sini layan bagus ramah kamar bersih makan enak cocok libur keluarga,2
,hotelnya nyaman bersih pelayanan ramah dan makanannya enak enak hari malam disini selalu dapat makanan yang enak dan beraneka ragam,hotel nyaman bersih layan ramah makan enak enak hari malam sini selalu dapat makan enak aneka ragam,2
,pengalaman menginap sehari semlm di grand mercure yogyakarta overall bagus kamar bersih sarapan juga enak dan lengkap,alam inap hari semlm grand mercure yogyakarta semua bagus kamar bersih sarap enak lengkap,2
,pelayanan ramah and friendly kamarnya rapih dan bersih makanannya enak dan ber fariasi terima kasih untuk mba desy atas pelayanannya yg ramah,layan ramah and friendly kamar rapih bersih makan enak ber fariasi terima kasih desy atas layan ramah,2
,pelayanan bagus kamar nyaman,layan bagus kamar nyaman,2
,pelayanan mba amanda bagus dan sangat ramah makanan enak banyak macamnya sangat variatif,layan amanda bagus sangat ramah makan enak banyak macam sangat variatif,2
,pelayanan ramah ramah devita,layan ramah ramah,2
,hotelnya authentic rapih bersih dan terawat pelayanan juga ramah dan cepat tanggap pengalaman yg menyenangkan tinggal disini,hotel authentic rapih bersih awat layan ramah cepat tanggap alam senang tinggal sini,2
,terimakasih kasih atas pelayanannya sarapan yang luar biasa dan terimakasih atas pelayanan saudari lena,terimakasih kasih atas layan sarap luar biasa terimakasih atas layan saudari,2
,hotel mendukung masalah lingkungan dengan tidak menyajikan air kemasan botol plastik hotelnya cantik dengan ornamen candi kamar bagus ada welcome fruit yang cukup banyak makanan biasa sih menyajikan banyak menu tradisional snack acara rapatnya enak dan cukup generous amenities nya juga lengkap,hotel dukung masalah lingkung saji air kemas botol plastik hotel cantik ornamen candi kamar bagus fruit cukup banyak makan biasa saji banyak menu tradisional snack acara rapat enak cukup generous amenities lengkap,2
,pelayanannya baik dan makanannya enak,layan baik makan enak,2
,hotel bersih fasilitas lengkap pelayanan juga ramah ditambah letak nya yg strategis juga jadi poin plus,hotel bersih fasilitas lengkap layan ramah tambah letak strategis poin plus,2
,kamarnya bersih dan nyaman enak untuk tidur kamar mandi nya juga lengkap dengan beberapa hal serta bersih servisnya sangat ramah dan baik lokasi nya juga strategis di perkotaan,kamar bersih nyaman enak tidur kamar mandi lengkap beberapa hal bersih servis sangat ramah baik lokasi strategis kota,2
,makan malam nya enak mantap di lidah pelayanannya ramah tempat juga strategis,makan malam enak mantap lidah layan ramah tempat strategis,2
,pelayanan nya oke banget staff ramah makanan bervariasi good bngt pokoknya,layan baik banget staff ramah makan variasi good bngt pokok,2
,sarapan lengkap rasa enak dan pelayan memuaskan,sarap lengkap rasa enak layan muas,2
,nginep di hotel ini jadi pengalaman yang menyenangkan dari awal masuk pelayanannya udah terasa ramah dan profesional proses check in juga cepat dan nggak ribet kamarnya bersih nyaman dan semua fasilitas berfungsi dengan baik tempat,nginep hotel alam senang awal masuk layan udah asa ramah profesional proses check in cepat ribet kamar bersih nyaman semua fasilitas fungsi baik tempat,2
,mewah bersih pelayanan top fasilitas lengkap lokasi strategis,mewah bersih layan top fasilitas lengkap lokasi strategis,2
,sarapan paginya sangat enak banyak menu dan layanan fifin bagus,sarap pagi sangat enak banyak menu layan bagus,2
,menu sarapan yang berfariativ dan untuk staff ramah nice,menu sarap berfariativ staff ramah nice,2
,menu bagus dan komplit pelayanan ramah dan membantu,menu bagus komplit layan ramah bantu,2
,sarapan enak pelayanan bagus terima kasih mbak silvia,sarap enak layan bagus terima kasih,2
,makanan resto nya enak dan variatif serta layanan yg ramah,makan resto enak variatif layan ramah,2
,breakfast hari ini enak enak dan memuaskan,sarap hari enak enak muas,2
,sarapannya cocok dan banyak pilihan,sarap cocok banyak pilih,2
,pelayanan ramah dan tanggap selalu bersih dan rapi rekomen banget bagi yg liburan ke jogja dan bingung mau menginap dimana,layan ramah tanggap selalu bersih rapi rekomendasi banget bagi libur jogja bingung inap mana,2
,layanan hotel oke dan stafnya ramah serta inisiatifnya bagus resto pilihan makanan banyak dan kualitasnya oke fresh dan enak,layan hotel baik staf ramah inisiatif bagus resto pilih makan banyak kualitas baik fresh enak,2
,hotelnya nyaman servicenya ramah kamar bersih dan rapih menu sarapannya variatif dan enak good,hotel nyaman servicenya ramah kamar bersih rapih menu sarap variatif enak good,2
,pelayanan memuaskan kamar rapi pilihan makanan juga banyak,layan muas kamar rapi pilih makan banyak,2
,super sekali makanannya lengkap dan enak semuanya rekomended sekali baik dari kamar fasilitas pelayanan yngsuper cepat dan ramah sertaaaa rasa makanan yang enakk,super sekali makan lengkap enak semua rekomended sekali baik kamar fasilitas layan yngsuper cepat ramah rasa makan enak,2
,sebuah pengalaman yang luar biasa menyenangkan saat liburan nyaman dan enak sekali makanannya,buah alam luar biasa senang saat libur nyaman enak sekali makan,2
,makanan nya lengkap banyak menu rasanya mantap,makan lengkap banyak menu rasa mantap,2
,kamarnya oke banget dan pelayanannya juga baik makanan juga enak poll,kamar baik banget layan baik makan enak poll,2
,pelayanannya memuaskan,layan muas,2
,makanan sarapannya pilihannya banyak,makan sarap pilih banyak,2
,nyamann rekomended juga untuk makananya,nyamann rekomended makananya,2
,makanan enak pelayanan diresto grand mercure mba silvia sgt baik,makan enak layan diresto grand mercure sgt baik,2
,pelayanan yang sangat bagus baik dari kamar breakfast serta reception dan yang lainnya melayani dengan ramah,layan sangat bagus baik kamar sarap reception lain layan ramah,2
,sarapannya mayan komplit dan enak pelayanan mbak lena top banget,sarap mayan komplit enak layan top banget,2
,menyenangkan dihotel ini breakfastnya enak terima kasih atas pelayanan yang baik lena trainee,senang hotel breakfast enak terima kasih atas layan baik,2
,suka di hotel ini kamar luas dan bersih breakfast bervariasi dan enak,suka hotel kamar luas bersih sarap variasi enak,2
,the best pengalaman menginap dan semua makanan disini enak pelayanan sangat ramah,alam inap semua makan sini enak layan sangat ramah,2
,lokasi di pusat kota sangat strategis services dan sanitary terbaik sarapan dengan pilihan banyak dan enak semua terima kasih grand mercure,lokasi pusat kota sangat strategis services sanitary baik sarap pilih banyak enak semua terima kasih grand mercure,2
,sangattt rekomended untuk kesini makanannya enak staff dan pelayanan sangat baik,sangat rekomended kesini makan enak staff layan sangat baik,2
