Casefold,processed,label_encoded,model_Label,gpt_label
pelayanannya ramah bgtt fasilitas kamar juga oke recommended utk yang mau liburan krn lokasinya dekat banyak tempat wisata,layan ramah banget fasilitas kamar baik rekomendasi libur lokasi dekat banyak tempat wisata,2,positif,positif
baru kali ini sangat kecewa dengan pelayanan hotel mercure di kota mana pun baru kali ini saya sangat kecewa minta kunci kamar punya suami saja yang sudah di titipkan susahnya minta amoun harus tunggu bberapa lama berasa saya di curigai sama pihak lobby keterlaluan buat emosi,baru kali sangat kecewa layan hotel mercure kota mana baru kali sangat kecewa minta kunci kamar punya suami titip susah minta harus tunggu beberapa lama rasa curiga sama pihak lobby terlalu emosi,0,negatif,negatif
liburan menyenangkan di jogja stay di hotel yg luar biasa,libur senang jogja stay hotel luar biasa,2,positif,positif
lokasinya juga mantap dekat dengan bandara dan tempat tempat wisata untuk kamarnya sendiri menurut saya nyaman dan fasilitasnya lengkap pelayanan nya baik dan stafnya ramah ramah,lokasi mantap dekat bandara tempat tempat wisata kamar sendiri turut nyaman fasilitas lengkap layan baik staf ramah ramah,2,positif,positif
saya merekomendasikan anda untuk menginap di hotel ini pelayanannya bagus ramah dan makanannya juga enak sebagai ibu yg sedang menyusui saya sangat mengapresiasi atas layanan penyimpanan asi yang ada di bagian resepsionis,rekomendasi inap hotel layan bagus ramah makan enak ibu sedang susu sangat apresiasi atas layan simpan asi bagi resepsionis,2,positif,positif
sarapan lengkap enak pelayanan bagus dengan mbak devita,sarap lengkap enak layan bagus,2,positif,positif
pelayanan top tempat nyaman sekali sangatt recomend,layan top tempat nyaman sekali sangat recomended,2,positif,positif
menunya bervariatif dan enak pilihan desertnya juga banyak,menu variatif enak pilih desert banyak,2,positif,positif
staff ramah itu jd menutupi kekurangan yg lain sih terimakasih ya mba dan mas too bad kamarnya gelap tv nya gambarnya semut jd kurang clear heater nya mesti,staff ramah tutup kurang lain terimakasih too bad kamar gelap televisi gambar semut kurang bersih heater mesti,0,negatif,netral
untuk kamar bersih aman dan nyaman bisa di jadikan rekomendasi buat nginap atau staycation tpi sama istri loh staff nya juga ramah,kamar bersih aman nyaman bisa jadi rekomendasi nginap staycation sama istri staff ramah,2,positif,positif
puas banget deh dengan pelayanan di hotel ini mulai dari fasilitas hingga makanan nya rekomend banget buat yang mau nyari hotel bintang lima dengan harga yang masih dibilang standar suasana hotel juga nyaman dan asri bikin jadi betah,puas banget layan hotel mulai fasilitas hingga makan rekomend banget nyari hotel bintang lima harga masih bilang standar suasana hotel nyaman asri bikin betah,2,positif,positif
menginap utk malam dikamar tipe deluxe ada beberapa spot lantai yg tidak sempat di vacum tp overall kamar bersih dan terawat hanya saja saya tidak mendapatkan pemandangan dari jendela pemandangan hanya kooridor tempat meeting,inap malam kamar tipe deluxe beberapa spot lantai sempat vacum semua kamar bersih awat hanya dapat pandang jendela pandang hanya kooridor tempat meeting,1,netral,positif
overall nyaman suasana oke kamar jg bersih wangi,semua nyaman suasana baik kamar bersih wangi,2,positif,positif
bagus hotel tengah kota yogyakarta kami nginap hari cukup berkesan wlopun belum nyoba semua fasilitasnya karena tugas kantor namun ada hal yg kurang entah sop atau pernah terjadi sesuatu terkait keamanan,bagus hotel tengah kota yogyakarta nginap hari cukup kesan walaupun belum nyoba semua fasilitas tugas kantor namun hal kurang entah sop pernah jadi sesuatu kait aman,1,netral,positif
senang menginap disini makanannya enak enak ruangannya luas awalnya check in ada air ac sedikit tp tim gercep membetulkan dan semuanya sangat ramah terutama mbak devita dan satunya mas siapa kemarin malam ya yang langsung gercep menghubungi teknisi ketika ada permasalahan di ac,senang inap sini makan enak enak ruang luas awal check in air ac sedikit tim gercep betul semua sangat ramah utama satu siapa kemarin malam langsung gercep hubung teknisi ketika masalah ac,2,positif,positif
tempatnya nyaman staffnya baik,tempat nyaman staffnya baik,2,positif,positif
makanannya enak tempatnya nyaman lokasi dekat dg perkotaan dan depan jalan raya bagus untuk staycation berhari hari sesuai harapan dan recomend buat nginep,makan enak tempat nyaman lokasi dekat kota depan jalan raya bagus staycation hari hari sesuai harap recomended nginep,2,positif,positif
makanannya enak paling favorit nasi goreng buat anak dan overalla good,makan enak paling favorit nasi goreng over all good,2,positif,positif
sebelumnya pernah menginap di mercure surabaya pontianak dibanding kedua hotel tsb menurut saya utk sisi rasa pada menu breakfast mercure yogya kurang nendang alhasil kali breakfast mengambil menu yg sama yaitu gudeg lebih karena,belum pernah inap mercure surabaya pontianak banding dua hotel sebut turut sisi rasa menu sarap mercure yogya kurang nendang alhasil kali sarap ambil menu sama gudeg lebih,0,negatif,negatif
saya setiap merayakan tahun baru selalu nginap hotel di yogyakarta atau di semarang baru mengalami di hotel ini untuk gala dinner harus reservasi bayar pack orang biasanya free orang per kamar sisanya baru bayar untuk hotel,tiap raya tahun baru selalu nginap hotel yogyakarta semarang baru alami hotel gala dinner harus reservasi bayar pack orang biasa free orang per kamar sisa baru bayar hotel,0,negatif,negatif
proses booking responnya sangat lambat akhirnya krn kamar yg dipesan keburu habis diupgrade pelayanan lain memuaskan,proses booking responnya sangat lambat akhir kamar pes keburu habis diupgrade layan lain muas,1,netral,negatif
secara keseluruhan utk makanan enaak kecuali krecek terlalu oily encer hotel bagus t strategis,cara seluruh makan enaak kecuali krecek terlalu oily encer hotel bagus strategis,1,netral,positif
hotelnya nyaman sekali pelayanannya sangat memuaskan stafnya ramah kamar bersih dan rapi lokasinya cukup strategis dipinggir jalan mudah untuk mengakses kemanapun tingkat keamanan hotel pun sangat baik dan memuaskan karna tidak sembarang orang bisa masuk kamar,hotel nyaman sekali layan sangat muas staf ramah kamar bersih rapi lokasi cukup strategis pinggir jalan mudah akses mana tingkat aman hotel sangat baik muas karna sembarang orang bisa masuk kamar,2,positif,positif
toilet di ruang rapat lt nggk bisa dikunci mushola sempit aroma kurang sedap yaaa b aja si tp imo nggk worth it dengan rate segitu,toilet ruang rapat lantai bisa kunci mushola sempit aroma kurang sedap worth it rate segitu,0,negatif,negatif
untuk breakfast lengkap bgt makanannya enak pool pelayannann bernama lena ramah dan baik,sarap lengkap banget makan enak layan nama ramah baik,2,positif,positif
pelayanan ramah variasi sarapan oke lokasi strategis,layan ramah variasi sarap baik lokasi strategis,2,positif,positif
breakfast nya alhamdulillah enak,sarap alhamdulillah enak,2,positif,positif
sy membooking smpe hr dikamar pertama sy komplain krn kamar ad suara berdengung kencang jd kami tdk bs istrht tenang akhirnya diupgrade kmr yg lbh besar krn kami dtg di moment lebaran jd kamar sisa ini awal sy masuk kamar konsepnya agak,membooking smpe hari kamar pertama komplain kamar suara dengung kencang istrht tenang akhir diupgrade kamar lebih besar datang moment lebaran kamar sisa awal masuk kamar konsep agak,0,negatif,negatif
sarapan dan pelayanannya mantap kamar nya bersih mba nya juga ramah silvia,sarap layan mantap kamar bersih ramah,2,positif,positif
semoga safe deposit boxnya bisa lebih bagus ya,moga safe deposit boxnya bisa lebih bagus,1,netral,netral
sarapan paginya lengkap dan sangat enak layanan atas nama fifin baik dan ramah,sarap pagi lengkap sangat enak layan atas nama baik ramah,2,positif,positif
lokasi strategis dekat mall dan rumah sakit kamarnya oke ruang meeting nya banyak dan proper snack rapatnya variatif dan enak enak,lokasi strategis dekat mall rumah sakit kamar baik ruang meeting banyak proper snack rapat variatif enak enak,2,positif,positif
untuk makanannya lumayan banyak tetapi untuk kamar tidak sesuai dengan permintaan tanpa konfirmasi terlebih dahulu dan untuk pelayanan pada saat cek in pelayanannya kurang,makan lumayan banyak tetapi kamar sesuai minta tanpa konfirmasi lebih dahulu layan saat check in layan kurang,0,negatif,negatif
menu masakannya enak pelayanan bagus sempat minta dilayani mbak fifin cepat dan tidak berteletele,menu masakan enak layan bagus sempat minta layan cepat berteletele,2,positif,positif
pelayanan yang memuaskan kebersihan dan kerapihan semua kamar dan ruangan selalu terjaga serta breakfast yang cukup menarik,layan muas bersih kerapihan semua kamar ruang selalu jaga sarap cukup tarik,2,positif,positif
fasilitas kamar hotel lengkap tidak ada kendala parkir memadai makanan lengkap banyak pilihan mulai dari dissert menu modern dan tradisional minuman juga lengkap best service,fasilitas kamar hotel lengkap kendala parkir pada makan lengkap banyak pilih mulai dissert menu modern tradisional minum lengkap service,2,positif,positif
hotel dan kamarnya bagus nyaman dan bersih sarapannya juga oke bgt dan juga lengkap mulai dari makanan indonesia western dan juga banyak sekali tersedia aneka pastry,hotel kamar bagus nyaman bersih sarap baik banget lengkap mulai makan indonesia western banyak sekali sedia aneka pastry,2,positif,positif
hotel nya bagus lokasi strategis petugas nya ramah tapi klau malem dr resto suka ada bunyi kursi di pindahkan cuman front lobby nya bisa di ajak komunikasi untuk mengatasi masalah tersebut semoga makanan nya bisa lebih enak lagi,hotel bagus lokasi strategis tugas ramah klau malem resto suka bunyi kursi pindah cuman front lobby bisa ajak komunikasi atas masalah sebut moga makan bisa lebih enak lagi,1,netral,positif
sarapannya enak dan variatif pelayanan dari mbak lena sangat baik,sarap enak variatif layan sangat baik,2,positif,positif
lokasi strategis ruangan nyaman makan enak dan higienis dekat stasiun jadi untuk saya yang orang solo sangat nyaman menikmati menginap di grand mercure yogyakarta,lokasi strategis ruang nyaman makan enak higienis dekat stasiun orang solo sangat nyaman nikmat inap grand mercure yogyakarta,2,positif,positif
pertama kali kesini nemenin anak yg lagi diajak sama budhenya staycation semalam baru masuk pelayanannya ramah semua,pertama kali kesini nemenin lagi ajak sama budhenya staycation malam baru masuk layan ramah semua,2,positif,positif
hotelnya sangat bagus walaupun kamarnya agama kecil tetapi makanannya breakfastnya enak,hotel sangat bagus walaupun kamar agama tetapi makan breakfast enak,1,netral,positif
pelayanan ramah semedulur lokasi mudah dicari masakan enak dan beragam sayang kamar yang saya pesan tidak punya view,layan ramah semedulur lokasi mudah cari masakan enak agam sayang kamar pesan punya view,1,netral,positif
hotel nyaman kolam renang luas makanan di restoran bervariasi rasanya enak hanya saja air shower keluarnya kecil tp so far smua nyaman tx u mercure jogja sukses selalu,hotel nyaman kolam renang luas makan restoran variasi rasa enak hanya air shower keluar so far smua nyaman mercure jogja sukses selalu,1,netral,positif
salah satu hotel bintang lima di pusat kota jogyakarta memilih hotel ini untuk acara family gathering di tahun saat lebaran ini saat kedatangan dibuat kecewa dengan pelayanannya karena kamar belum ready semuanya alasannya di saat,salah satu hotel bintang lima pusat kota jogyakarta pilih hotel acara family gathering tahun saat lebaran saat datang buat kecewa layan kamar belum ready semua alas saat,0,negatif,negatif
overall menu yg disajikan cukup baik banyak beraneka ragam menu nusantara dan luar lebih diperhatikan tentang air wedang ronde nya yg kurang panas dan penyajian mie nya yg sudah dimasak terlebih dahulu jadi ketika disajikan sudah dingin,semua menu saji cukup baik banyak aneka ragam menu nusantara luar lebih perhati tentang air wedang ronde kurang panas saji mie masak lebih dahulu ketika saji dingin,1,netral,netral
terima kasih dengan pelayanan grand mercure menginap dan mengadakan event training di sini dapat banyak support dan menunya enak walaupun ada beberapa kendala teknis namun ada tim hotel yg sigap membantu,terima kasih layan grand mercure inap ada event training sini dapat banyak support menu enak walaupun beberapa kendala teknis namun tim hotel sigap bantu,1,netral,positif
hotel bagus perlengkapan mandi sangat bagus makanan nya cukup enak lokasi di tengah kota tetapi pelayanan untuk check in sangat buruk saya bersama rombongan sekitar orang tidak bisa masuk kamar ketika sudah sampai hotel hotel yg,hotel bagus lengkap mandi sangat bagus makan cukup enak lokasi tengah kota tetapi layan check in sangat buruk sama rombong sekitar orang bisa masuk kamar ketika sampai hotel hotel,0,negatif,negatif
kamar luas lokasi strategis di pusat kota pelayanan cukup untuk makanan berat kurang variatif lebih banyak dessert untuk menerima pesanan dari luar tidak bisa di resepsionis seperti hotel lain minta tolong disimpan di resepsionis saja,kamar luas lokasi strategis pusat kota layan cukup makan berat kurang variatif lebih banyak dessert terima pesan luar bisa resepsionis seperti hotel lain minta tolong simpan resepsionis,1,netral,netral
overall untuk kamar dan service yang ditawarkan oleh grand mercure sudah cukup baik tetapi terkait koordinasi mengenai additional features seperti extra bed mohon ditingkatkan lagi dari pihak hotel sehingga tamu yang berkunjung msk,semua kamar service tawar oleh grand mercure cukup baik tetapi kait koordinasi kena additional features seperti extra bed mohon tingkat lagi pihak hotel sehingga tamu kunjung masuk,1,netral,positif
untuk hotel bintang sebenarnya fasilitas dan desain hotelnya terbilang kurang menggambarkan bintang namun sesuai dengan harganya yang terbilang salah satu yang paling terjangkau,hotel bintang benar fasilitas desain hotel bilang kurang gambar bintang namun sesuai harga bilang salah satu paling jangkau,1,netral,netral
hotelnya nyaman bersih dan pelayanannya ramah lokasi strategis dekat dengan pusat kota dan mudah ke mana mana sarapannya enak dan variatif sangat puas menginap di hotel grand mercure ini,hotel nyaman bersih layan ramah lokasi strategis dekat pusat kota mudah mana mana sarap enak variatif sangat puas inap hotel grand mercure,2,positif,positif
tempat nyaman untuk menginap saat perjalanan bisnis dinas makan pagi nya banyak dan enak pelayanannya sangat bagus rekomended,tempat nyaman inap saat jalan bisnis dinas makan pagi banyak enak layan sangat bagus rekomended,2,positif,positif
kamarnya luas bersih dan nyaman meski interior bkn modern ya untuk breakfast menu tradisional nya enak dan banyak pilihan lokasi cukup strategis utk berkegiatan di dkt kota jogja,kamar luas bersih nyaman meski interior bkn modern sarap menu tradisional enak banyak pilih lokasi cukup strategis giat dekat kota jogja,2,positif,positif
hotelnya nyaman dan sarapannya jg banyak pilihan pelayanan mba celsi sangat ramah,hotel nyaman sarap banyak pilih layan celsi sangat ramah,2,positif,positif
posisi hotel strategis makanan enak dan bersih pelayanan ramah dan baik,posisi hotel strategis makan enak bersih layan ramah baik,2,positif,positif
untuk hotelnya menurut aku rekomen untuk acara pertemuan makanannya enak tidak menemukan botol plastik untuk minuman semua pake gelas kaca kamar hotel san juga ada dan bed,hotel turut rekomendasi acara temu makan enak temu botol plastik minum semua pake gelas kaca kamar hotel bed,2,positif,positif
menu sarapan ok ada beberapa fasilitas yang perlu diperbaiki antara lain penyediaan sabun dan air di toilet dekat ruang sewu agar diperbaiki macet ruang kamar bau bekas rokok sangat mengganggu agar bisa dibersihkan dr sisa asap rokok yang mengendap,menu sarap baik beberapa fasilitas perlu baik antara lain sedia sabun air toilet dekat ruang sewu baik macet ruang kamar bau bekas rokok sangat ganggu bisa bersih sisa asap rokok endap,0,negatif,negatif
kemarin saya komplain soal rasa makanan desert dihotel ini karna pudingnya ga manis vlanya tawar ga ada rasa trus sy komplain sama waiternya bernama devita supaya vlanya manis alhamdulillah hr ini sy breakfast sy cobain lagi pudingnya udh,kemarin komplain soal rasa makan desert hotel karna puding manis vla tawar rasa terus komplain sama waiternya nama supaya vla manis alhamdulillah hari sarap cobain lagi puding,1,netral,positif
kamar bersih dan rapi pelayanan oke resto juga oke,kamar bersih rapi layan baik resto baik,2,positif,positif
hotel yang nyaman di yogya makanannya enak variatif kopinya banyak pilihan kamar nya bersih staff nya ramah di area restaurant security nya sangat membantu di basement dan ramah terima kasih chef bambang yang sangat ramah dan baik terima kasih grand mercure yogya,hotel nyaman yogya makan enak variatif kopi banyak pilih kamar bersih staff ramah area restaurant security sangat bantu basement ramah terima kasih chef bambang sangat ramah baik terima kasih grand mercure yogya,2,positif,positif
pelayanannya sangat memuaskan bawa baby tanpa ribet dibantu dengan sigap oleh para weters yg baik makanannya banyak pilihan dan enak liburan jadi tambah menyenangkan terimakasih grandmercure untuk kesan terbaiknya selama di jogya,layan sangat muas bawa baby tanpa ribet bantu sigap oleh weters baik makan banyak pilih enak libur tambah senang terimakasih grandmercure kesan baik lama jogya,2,positif,positif
mohon di diberitahu kembali untuk resepsionisnya agar tidak lelet dan lebih gesit pelayanannya customer bisa melayani menitan sibuk klik klik komputer entah yang diklik apa sementara itu ada customer yang pembayaran qris gagal ternyata diulang terus sampai lama untuk layanan kamar bersih dan luas,mohon diberitahu kembali resepsionis lelet lebih gesit layan customer bisa layan menit sibuk klik klik komputer entah klik apa sementara customer bayar qris gagal nyata ulang terus sampai lama layan kamar bersih luas,0,negatif,negatif
sarapan enak pelayanan silvia ramah dan menyenangkan,sarap enak layan ramah senang,2,positif,positif
makanan paginya lengkap dan berkelas untuk restaurant nya bersih dan untuk pelayanan semua staff ramah dan murah senyum,makan pagi lengkap kelas restaurant bersih layan semua staff ramah murah senyum,2,positif,positif
bagus sarapan memuaskan semua tersedia,bagus sarap muas semua sedia,2,positif,positif
pelayanan di hotel grand mercure sangat memuaskan variasi menu makan cukup lengkap dan banyak rasa makanan tidak ada yg mengecewakan,layan hotel grand mercure sangat muas variasi menu makan cukup lengkap banyak rasa makan kecewa,2,positif,positif
pengalaman yang menyenangkan bisa menginap di sini untuk pelayanan kak meirizka cukup informatif,alam senang bisa inap sini layan cukup informatif,2,positif,positif
breakfast nya enak dan mantap yang paling favorit itu soto tangkar nya kamar nya juga bersih dan rapi orang nya juga ramah recommend,sarap enak mantap paling favorit soto tangkar kamar bersih rapi orang ramah recommend,2,positif,positif
little bit sad karena dapat kamar yg tidak mengarah ke balkon tapi over all suka pilihan breakfast nya banyak bgt,little bit sad dapat kamar arah balkon over all suka pilih sarap banyak banget,1,netral,positif
event dan menginap di grand mercure pengalaman pertama buat saya ruang meeting nya bersih hotelnya unik banyak motif candinya kamarnya nyaman buat istirahat seharian meeting di ruangan nyaman dan recomended banget ini hotel thanks,event inap grand mercure alam pertama ruang meeting bersih hotel unik banyak motif candi kamar nyaman istirahat hari meeting ruang nyaman recomended banget hotel thanks,2,positif,positif
masukannya dikamar ditambahkan lampu yg lebih terang untuk dikamar mau makeup dll susah,masuk kamar tambah lampu lebih terang kamar makeup susah,0,negatif,netral
beberapa kali nginep disini secara umum memuaskan room bersih makanan lumayan enak pelayanan memuaskan cuman minum di room sedikit semoga ada solusi penambahan air minum nya,beberapa kali nginep sini cara umum muas room bersih makan lumayan enak layan muas cuman minum room sedikit moga solusi tambah air minum,1,netral,positif
untuk breakfast nasi gudegnya kurang dan ayam tepung tulangnya masih merah untuk yg lainnya lumayan,sarap nasi gudeg kurang ayam tepung tulang masih merah lain lumayan,0,negatif,negatif
hotel nya bersih nyaman dan pelayanan nya baik,hotel bersih nyaman layan baik,2,positif,positif
saya hanya seorang driver apa salah standby dan jajan dikantin yg memang dikususkan untuk karyawan katanya kita jajan juga byr dr pada hrus keluar jauh dan ada beberapa oknum yg tdk ramah,hanya orang driver apa salah standby jajan kantin memang sus karyawan kata jajan byr hrus keluar jauh beberapa oknum ramah,0,negatif,negatif
kamar cukup baik dan fasilitas lengkap namun untuk di kamar saya shower airnya kurang kencang ac terlalu dingin walaupun disetel suhu paling atas namun bisa dimatikan channel tv masih analog dan belum digital atau menggunakan stb smart tv untuk sarapan cukup variatif namun lauknya bisa lebih dilengkapi dengan menu daging,kamar cukup baik fasilitas lengkap namun kamar shower air kurang kencang ac terlalu dingin walaupun setel suhu paling atas namun bisa mati channel televisi masih analog belum digital guna stb smart televisi sarap cukup variatif namun lauk bisa lebih lengkap menu daging,0,negatif,negatif
tolong benarkan air untuk mandinya karena saat saya ingin berendam di bathtub dilihat airnya sangat keruh dan ada kotoran di dalamnya bagian balkonnya juga tolong bersihkan karena saking jarangnya dibersihkan sampai terdapat tumbuhan yang menjalar di bagian sudut lantai balkonnya,tolong benar air mandi saat ingin rendam bathtub lihat air sangat keruh kotor dalam bagi balkon tolong sih saking jarang bersih sampai dapat tumbuh jalar bagi sudut lantai balkon,0,negatif,negatif
lokasi strategis tapi kalau pagi hari kerja macet menu sarapan kurang variatif,lokasi strategis kalau pagi hari kerja macet menu sarap kurang variatif,0,negatif,netral
pelayanannya sangat profesional untuk makanan rasanya standar hotel bintang sedikit saran dari saya untuk kamar disediakan lampu yg lebih terang terutama diarea meja belajar supaya bisa sekalian work from hotel,layan sangat profesional makan rasa standar hotel bintang sedikit saran kamar sedia lampu lebih terang utama area meja ajar supaya bisa sekali work from hotel,1,netral,positif
pelayanannya baik dan hotelnyanya nyaman,layan baik hotelnyanya nyaman,2,positif,positif
bad service sudah reservasi lama sdh surve tempat hari h tanpa pemberitahuan diksh tempat yg enggak banget yg sesak gelap mana bawa anak kecil segera buru pulang tolong dibenahi,bad service reservasi lama surve tempat hari tanpa pemberitahuan tempat enggak banget sesak gelap mana bawa segera buru pulang tolong benah,0,negatif,negatif
hotelnya bagus pelayanan nya oke kebersihan nya juga terjaga,hotel bagus layan baik bersih jaga,2,positif,positif
hotel parah masa air minum botol standar nambah bayar rb botol kaca katanya si manager standar cm botol hari masih mending hotel royal ambarukmo nambah air minum standar ga bayar mau nambah botol kaca pas di resepsionis check in,hotel parah masa air minum botol standar nambah bayar rb botol kaca kata manager standar cm botol hari masih mending hotel royal ambarukmo nambah air minum standar bayar nambah botol kaca pas resepsionis check in,0,negatif,negatif
malam menginap disini overall sudah cukup baik namun yang perlu menjadi perhatian adalah kualitas wifi di dalam kamar karena kurang proporsional dan sulit connect kemudian jet shower ternyata ketika setelah dipakai flush tidak bisa,malam inap sini semua cukup baik namun perlu jadi perhati adalah kualitas wifi kamar kurang proporsional sulit connect kemudian jet shower nyata ketika telah pakai flush bisa,0,negatif,negatif
review berdasarkan pengalaman berkunjung kami di bulan juli menurut kami hotel ini masih kurang memuaskan sebagai hotel bintang lima,review dasar alam kunjung bulan juli turut hotel masih kurang muas hotel bintang lima,0,negatif,negatif
kamarnya biasa staf di kolam renang dan di gym seperti kurang terlatih gym nya kurang ada lagunya jadi sepi banget di bar ada meja billiar namun sayang presentasi minuman dan rasanya kurang untuk kelas grand mercure tapi servis saat breakfast dan pilihan breakfastnya memuaskan,kamar biasa staf kolam renang gym seperti kurang latih gym kurang lagu sepi banget bar meja billiar namun sayang presentasi minum rasa kurang kelas grand mercure servis saat sarap pilih breakfast muas,0,negatif,negatif
menginap di kamar superior dan kamarnya cukup luas dan nyaman lokasi hotel sangat strategis staf sangat ramah sedikit kekurangan ada di fasilitas parkir jalan menuju dan keluar dari basement agak sempit,inap kamar superior kamar cukup luas nyaman lokasi hotel sangat strategis staf sangat ramah sedikit kurang fasilitas parkir jalan tuju keluar basement agak sempit,1,netral,positif
lokasi agak jauh dari pusat kota agak tersiksa kalau mau jalan dari hotel pas jam sibuk kamar just okay cukup luas dan nyaman kamar mandi agak sempit handuk ada yang,lokasi agak jauh pusat kota agak siksa kalau jalan hotel pas jam sibuk kamar just okay cukup luas nyaman kamar mandi agak sempit handuk,0,negatif,netral
kelihatan manajemen hotel belum siap terima rombongan banyak banyak peserta sampai jam sore belum bisa cek in kuantitas makanan cukup banyak tapi rasanya kurang terasa enak untuk kelas hotel berbintang,lihat manajemen hotel belum siap terima rombong banyak banyak serta sampai jam sore belum bisa check in kuantitas makan cukup banyak rasa kurang asa enak kelas hotel bintang,0,negatif,negatif
bukber di sana lumayan worth it cuma ada beberapa menu yang kurang enak menurut ku kaya ayam goreng bakso jajanan pasar menurut ku kurang rasanya yang paling enak kebab nya sama ayam rica rica enak banget,buka sama sana lumayan worth it cuma beberapa menu kurang enak turut kaya ayam goreng bakso jajan pasar turut kurang rasa paling enak kebab sama ayam rica rica enak banget,1,netral,positif
bersih dan nyaman pelayanan juga ramah dan baik meski ada waiters yang kurang baik respon dan pelayanannya saya minta air panas sewaktu breakfast tapi cuman di iyain aja sampe makanan saya habis akhirnya minta sama waiters yang lain baru di anterin dan akhirnya di sediakan air panas di outlet minuman,bersih nyaman layan ramah baik meski waiters kurang baik respon layan minta air panas waktu sarap cuman iyain sampe makan habis akhir minta sama waiters lain baru anterin akhir sedia air panas outlet minum,0,negatif,positif
menyenangkan hanya aja ada berisik potong keramik debunya ke kolam kamarnya ac dan tatanannya bagus profesional,senang hanya berisik potong keramik debu kolam kamar ac tatanan bagus profesional,1,netral,positif
overall bagus seperti mercure lainnya cuma kalo di lantai paling atas alias top floor itu suara chiller nya lumayan terdengar di beberapa kamar seperti suara vacuum selebihnya oke pelayanan ramah lokasi strategis,semua bagus seperti mercure lain cuma kalau lantai paling atas alias top floor suara chiller lumayan dengar beberapa kamar seperti suara vacuum lebih baik layan ramah lokasi strategis,1,netral,positif
bagus tempat nya tp sangat disayangkan restoran nyadi lantai biasanya yg lain di lt atau lobby tp tidak mengecewakan makanannya,bagus tempat sangat sayang restoran nyadi lantai biasa lain lantai lobby kecewa makan,1,netral,positif
belum terbiasa men service tamu dengan jumlah banyak perlu ditingkatkan lagi soal ini,belum biasa men service tamu jumlah banyak perlu tingkat lagi soal,0,negatif,negatif
namanya grand mercure tp pelayanan dan roomnya ga kayak bintang beda bgt sama grand mercure di kota kota lain bahkan sama mercure hotel aja kalah jauh airnya cleo handuknya udh abu abu setrikaan harus minta barang di bathroom banyak yg berkerak tisue ruangan bau kecoa bantalnya dan spreinya bau minyak gosok,nama grand mercure layan roomnya kayak bintang beda banget sama grand mercure kota kota lain bahkan sama mercure hotel kalah jauh air cleo handuk abu abu setrika harus minta barang bathroom banyak kerak tisue ruang bau kecoa bantal spreinya bau minyak gosok,0,negatif,negatif
fasilitas bagus cuma pakai wifi di room meeting menggunakan laptop internet lemot padahal sinyal bagus,fasilitas bagus cuma pakai wifi room meeting guna laptop internet lot padahal sinyal bagus,0,negatif,positif
kamar nyaman staff ramah lokasi strategis,kamar nyaman staff ramah lokasi strategis,2,positif,positif
pelayanan baik menu sarapan kurang bervariasi lokasi strategis hanya jalan didepan hotel sering macet,layan baik menu sarap kurang variasi lokasi strategis hanya jalan depan hotel sering macet,1,netral,positif
hotel dgn fasilitas lengkap dan pelayanan ramah dari para staffnya rekomendasi topp bagi yang cari hotel di jogja,hotel fasilitas lengkap layan ramah staffnya rekomendasi bagus bagi cari hotel jogja,2,positif,positif
kamarnya nyaman akses ke jogja dekat semua,kamar nyaman akses jogja dekat semua,2,positif,positif
senang sekali disini karena layanan memuaskan ramah dan profesional makanannya enak,senang sekali sini layan muas ramah profesional makan enak,2,positif,positif
roomsnya kurang oke kalo dibilang bintang biasanya kalo bintang ada hair dryer tapi makannya enak bervariasiiii,roomsnya kurang baik kalau bilang bintang biasa kalau bintang hair dryer makan enak variasi,1,netral,netral
secara desain interior hotelnya memang bisa dibilang oldschool tidak se modern hotel yang baru dibangun era sekarang tapi pelayanannya memuaskan stafnya ramah dan kamarnya juga bersih secara lokasipun dia tidak di lokasi yang padat hotel sehingga bisa merasakan menjadi penduduk lokal,cara desain interior hotel memang bisa bilang oldschool modern hotel baru bangun era sekarang layan muas staf ramah kamar bersih cara lokasi dia lokasi padat hotel sehingga bisa rasa jadi duduk lokal,1,netral,positif
hotel nyaman ramah dan makanan enak,hotel nyaman ramah makan enak,2,positif,positif
pelayanan oke makanan enak kamar bersih pokoknya mantep,layan baik makan enak kamar bersih pokok mantep,2,positif,positif
kamar hotel bersih nyaman menu makanan bervariasi dan enak,kamar hotel bersih nyaman menu makan variasi enak,2,positif,positif
hotel nya mewah strategis dan makanan nya enak,hotel mewah strategis makan enak,2,positif,positif
sarapan menunya lengkap enak dari minuman makanan menu tambahan lain sangat rekomended pelayanya ramah santun dibantu traning lena,sarap menu lengkap enak minum makan menu tambah lain sangat rekomended pelayanya ramah santun bantu traning,2,positif,positif
tempatnya nyaman menu enak pelayanannya ramah mbak salma,tempat nyaman menu enak layan ramah salma,2,positif,positif
lokasinya yang mudah pelayanannya bagus kamarnya luas tempatnya nyaman makanan enak,lokasi mudah layan bagus kamar luas tempat nyaman makan enak,2,positif,positif
hotel yg cukup nyaman staffnya ramah liftnya kenceng wifinya bagus tanpa pasword minus kolamnya mini cuma meter,hotel cukup nyaman staffnya ramah lift kenceng wifinya bagus tanpa pasword minus kolam mini cuma meter,1,netral,positif
kamar bersih nyaman layanan staff serba cepat dan menyenangkan reception ramah lokasi ditengah kota mudah dijangkau,kamar bersih nyaman layan staff serba cepat senang reception ramah lokasi tengah kota mudah jangkau,2,positif,positif
staff nya baik bgt recomended buat temen temen yang mau eksplor jogja karna lokasinya yg deket sm pusat kota kamarnya juga nyaman dan bersih,staff baik banget recomended temen temen eksplor jogja karna lokasi deket pusat kota kamar nyaman bersih,2,positif,positif
pengalaman menginap dengan pelayanan yang sangat luar biasa bahkan barang tertinggal pihak hotel mau melayani pengiriman barang dengan baik,alam inap layan sangat luar biasa bahkan barang tinggal pihak hotel layan kirim barang baik,2,positif,positif
saya mencoba buka bersama di mercure hotel dan makanannya mengesankan rasanya enak terutama yang kambing guling dan tongseng enak empuk dan tidak bau servicenya juga ramah dan bagus,coba buka sama mercure hotel makan kesan rasa enak utama kambing guling tongseng enak empuk bau servicenya ramah bagus,2,positif,positif
hotel dan pelayanan nya baik makanan nya bervariasi enak terimakasih untuk mbak salma,hotel layan baik makan variasi enak terimakasih salma,2,positif,positif
fasilitas sangat baik makanan di breakfast juga sangat beragam overall sangat ok,fasilitas sangat baik makan sarap sangat agam semua sangat baik,2,positif,positif
untuk standar hotel bintang masih kurang sih kebersihan kamar perlu ditingkatkan lokasi enak dekat dgn rs siloam kalo ada kerabat yg dirawat di sana,standar hotel bintang masih kurang bersih kamar perlu tingkat lokasi enak dekat rumah sakit siloam kalau kerabat rawat sana,0,negatif,negatif
terjadi insiden di lobby dimana mobil yang saya bawa ditabrak mobil lain karena kelalaian satpam yg atur lalu lintas,jadi insiden lobby mana mobil bawa tabrak mobil lain lalai satpam atur lalu lintas,0,negatif,negatif
stay di sini karena ada kebutuhan pekerjaan staff nya ramah ramah dan bikin betah saya senang ngobrol dengan staff staff nya terima kasih juga mbak rosvina atas bantuan dan pelayanan nya yang luar biasa excellent service,stay sini butuh kerja staff ramah ramah bikin betah senang ngobrol staff staff terima kasih rosvina atas bantu layan luar biasa excellent service,2,positif,positif
mohon untuk wc di area parkir basemant di perhatikan sangat sangat sangat tidak layak di pakai kloset banyak kotoran m,mohon wc area parkir basemant perhati sangat sangat sangat layak pakai kloset banyak kotor,0,negatif,negatif
tempat nyaman indah makanannya mantap pelayanan oke,tempat nyaman indah makan mantap layan baik,2,positif,positif
first impressionnya adalah pintu kamar mandi yang alot digeser dan wastafel yg sering bocor tetapi setelah kembali sudah diperbaiki dengan sangat baik sehingga tidak ada kerusakan,first impressionnya adalah pintu kamar mandi alot geser wastafel sering bocor tetapi telah kembali baik sangat baik sehingga rusa,1,netral,positif
drop off lobby kurang nyaman parkir mobil sulit kurang luas,drop off lobby kurang nyaman parkir mobil sulit kurang luas,0,negatif,negatif
hotelnya bersih nyaman makanan enak pelayanan bagus ramah,hotel bersih nyaman makan enak layan bagus ramah,2,positif,positif
kamarnya luas dan interiornya bagus menu makanannnya beragam ada jamu juga disediakan saat sarapan pelayanan hotelnya ramah dan lokasi strategis,kamar luas interior bagus menu makananya agam jamu sedia saat sarap layan hotel ramah lokasi strategis,2,positif,positif
kami request non smoking tapi dapat yang smoking dikamir bau rokok kuat banget,request non smoking dapat smoking kamir bau rokok kuat banget,0,negatif,negatif
untuk kamar cukup bersih room service cepat tanggap lokasi cukup strategis tambahan saja untuk lokasi pintu masuk dan pintu keluar lebih baik jika tanda nya dibuat lebih besar terutama tanda lokasi in tertutup oleh pohon sehingga tidak terlihat jelas,kamar cukup bersih room service cepat tanggap lokasi cukup strategis tambah lokasi pintu masuk pintu keluar lebih baik jika tanda buat lebih besar utama tanda lokasi in tutup oleh pohon sehingga lihat jelas,1,netral,positif
lokasi strategis kamar bagus pelayanan staf hotel baik dan ramah,lokasi strategis kamar bagus layan staf hotel baik ramah,2,positif,positif
lokasi cukup jauh dari bandara jadi harus take time untuk layanan dan kamar sudah sempurna,lokasi cukup jauh bandara harus take time layan kamar sempurna,1,netral,positif
sangat puas layanan sangat prima dan kualitas tidak mengecewakan,sangat puas layan sangat prima kualitas kecewa,2,positif,positif
hotel sebesar ini banquet cuma org mau showing untuk event aja sampe ditinggal gara ga dateng padahal showing ga sampe menit mau ngadain event besar lgs kena bad impression dengan servisnya,hotel besar banquet cuma orang showing event sampe tinggal gara dateng padahal showing sampe menit ngadain event besar lgs kena bad impression servis,0,negatif,negatif
kualitas hotel yang baik makanan dan minuman nya enak sekali pelayanan sangat baik dan ramah,kualitas hotel baik makan minum enak sekali layan sangat baik ramah,2,positif,positif
tempat nya bagus pelayanan nya juga sangat ramah dan baik,tempat bagus layan sangat ramah baik,2,positif,positif
room cukup lega namun air shower kecil banget suara berisik dari instalasi ac dan renovasi tembus sampai ke dalam kamar makanan enak namun variasi menu minim,room cukup lega namun air shower banget suara berisik instalasi ac renovasi tembus sampai kamar makan enak namun variasi menu minim,0,negatif,negatif
hati hati mandi di kamar mandi kolam renang saya terkunci gak bisa keluar untung bawa handphone bisa telpon hotel kasihan kalau anak kecil dan orang yg klostrophobia dan tidak bisa hubungi siapa siapa saat terkunci dan tidak ada jalan keluar,hati hati mandi kamar mandi kolam renang kunci bisa keluar untung bawa handphone bisa telpon hotel kasihan kalau orang klostrophobia bisa hubung siapa siapa saat kunci jalan keluar,0,negatif,negatif
hotelnya bagus bersih pelayanan ramah makanannya enak,hotel bagus bersih layan ramah makan enak,2,positif,positif
pelayanan sangat baik dan ramah,layan sangat baik ramah,2,positif,positif
pelayanannya bagus kamar dan sarapannya juga puas,layan bagus kamar sarap puas,2,positif,positif
lokasi hotel cukup strategis pelayanan cukup baik menu beragam dan cukup enak,lokasi hotel cukup strategis layan cukup baik menu agam cukup enak,2,positif,positif
tempatnya strategis pelayanan bagus semua ramah,tempat strategis layan bagus semua ramah,2,positif,positif
hotel bintang yang cukup baik cocok buat liburan keluarga makannya enak karyawan sangat ramah suasana yang nyaman dan adem cukup memuaskan,hotel bintang cukup baik cocok libur keluarga makan enak karyawan sangat ramah suasana nyaman adem cukup muas,2,positif,positif
overall sudah baik cuma ada beberapa yang masih bisa perlu ditingkatkan mulai dari jatah air minum yang bisa diperbanyak ketanggapan petugas dalam menangani komplain dari konsumen dan perbaikan untuk fasilitas kamar mandi yang perlu diperhatikan makanan semuanya enak dan pelayanan sangat ramah dan bagus,semua baik cuma beberapa masih bisa perlu tingkat mulai jatah air minum bisa banyak tanggap tugas tangan komplain konsumen baik fasilitas kamar mandi perlu perhati makan semua enak layan sangat ramah bagus,1,netral,positif
pesan kamar untuk malam dengan extrabed malam terakhir tanpa konfirmasi extrabed di take out dari kamar sudah full payment diawal alasan nya salah input kami balik kerja pukul,pesan kamar malam extrabed malam akhir tanpa konfirmasi extrabed take out kamar full payment awal alas salah input balik kerja pukul,0,negatif,negatif
secara kamar udah bagus tapi mungkin ac nya sedikit kendala yak karena harus atur manual juga untuk tirai di kamar mandi saya sempat mengalami kendala but overall sudah bagus,cara kamar udah bagus mungkin ac sedikit kendala harus atur manual tirai kamar mandi sempat alami kendala but semua bagus,1,netral,positif
makan malam tanggal juni di acara kantor di sini tahu gejrotnya kurang pedas untuk saya tapi seafood lada hitamnya sangat berasa lupa foto sebelum makan jadi fotonya pas udah mau abis aja,makan malam tanggal juni acara kantor sini tahu gejrotnya kurang pedas seafood lada hitam sangat rasa lupa foto belum makan foto pas udah abis,1,netral,positif
pelayanan staf ramah kamarnya nyaman,layan staf ramah kamar nyaman,2,positif,positif
hotel yang nyaman serta pelayanan yang ramah,hotel nyaman layan ramah,2,positif,positif
kamar bersih makanan enak pelayanan nya juga raman dan baik,kamar bersih makan enak layan ram baik,2,positif,positif
tempatnya sangat baik dan bersih makanan dan minumannya juga sangat enak dan memuaskan,tempat sangat baik bersih makan minum sangat enak muas,2,positif,positif
kamarnya bersih nyaman ada guling tv channel lumayan ok cuman belum hd makanan ok soso staff wanita ramah entah kenapa yg cowo jutek hal yg kecil tapi menurut ku rada greget pemilihan interior restaurant yg kurang matching dari,kamar bersih nyaman guling televisi channel lumayan baik cuman belum hd makan baik soso staff wanita ramah entah kenapa cowo jutek hal turut rada greget pilih interior restaurant kurang matching,0,negatif,netral
hotel nya bersih sarapan nya juga lengkap service nya juga memuaskan,hotel bersih sarap lengkap service muas,2,positif,positif
kamarnya bersih nyaman dan makannya enak lokasi strategis deket mau kemana mana,kamar bersih nyaman makan enak lokasi strategis deket mana mana,2,positif,positif
pelayanan baik staff hotel ramah hotel luas dan memiliki fasilitas yang lengkap kamar bersih dan luas kasur nyaman hidangan yang disajikan juga beragam mulai dari appetizer hingga dessert dan enak rasanya,layan baik staff hotel ramah hotel luas milik fasilitas lengkap kamar bersih luas kasur nyaman hidang saji agam mulai appetizer hingga dessert enak rasa,2,positif,positif
layanan hotel grand mercure yogyakarta secara umumnya sangat memuaskan kamarnya sangat bersih dan rapi makanannya juga enak dan banyak variannya pertahankan layanan prima ini,layan hotel grand mercure yogyakarta cara umum sangat muas kamar sangat bersih rapi makan enak banyak varian tahan layan prima,2,positif,positif
pertama bermalam di grand mercure jogja kamar tidurnya nyaman buat tidur nyenyak banget,pertama malam grand mercure jogja kamar tidur nyaman tidur nyenyak banget,2,positif,positif
bad service udah reservasi bukber dari jauh hari survey langsung tanggal maret buat nentuin tempat duduk karena bawa banyak orang dan diokein sama stafnya tapi di hari acara tiba request tempat duduk yang sudah disepakati tidak,bad service udah reservasi buka sama jauh hari survey langsung tanggal maret nentuin tempat duduk bawa banyak orang diokein sama staf hari acara tiba request tempat duduk pakat,0,negatif,negatif
saya menginap september anak saya tahun di kamar kena paku payung sepertinya dari salah satu kursi kamar kurang ok maintenance nya,inap september tahun kamar kena paku payung seperti salah satu kursi kamar kurang baik maintenance,0,negatif,negatif
dari lift yang ada hanya yang beroperasi di long weekend bobrok banget managementnya gaada persiapan mateng bgt ngadepin long weekend bayar mahal cuman buat nunggu lift sekelas mercure lohh,lift hanya operasi long weekend bobrok banget managementnya gaada siap mateng banget ngadepin long weekend bayar mahal cuman nunggu lift kelas mercure lohh,0,negatif,negatif
pelayanan ramah kesini karena acara rapat evaluasi bawaslu kabupaten hotelnya luas toilet bersih ballroom luas uniknya di lift engga ada akses ke lantai jadi sempat bingung pas mau cari mushola yang kata temenku ada di lantai,layan ramah kesini acara rapat evaluasi bawaslu kabupaten hotel luas toilet bersih ballroom luas unik lift engga akses lantai sempat bingung pas cari mushola kata temenku lantai,1,netral,positif
suasananya enak nyaman saya suka menu sarapannya bervariatif apalagi sama jajanan khas jawanya ada jamunya juga recomended,suasana enak nyaman suka menu sarap variatif apalagi sama jajan khas jawanya jamu recomended,2,positif,positif
mengikuti sebuah acara di ballroom pulang jam malam parkiran b dan jalan menuju pintu keluar gelap parkir berbayar mahal sampai di depan hanya ada security di pintu masuk tidak ada yang membantu di pintu keluar padahal lalu lintas padat berbeda saat lewat ke hotel sebelahnya,ikut buah acara ballroom pulang jam malam parkir jalan tuju pintu keluar gelap parkir bayar mahal sampai depan hanya security pintu masuk bantu pintu keluar padahal lalu lintas padat beda saat lewat hotel belah,0,negatif,negatif
makanan dan layanan hotel bagus semoga bisa kembali ke hotel ini,makan layan hotel bagus moga bisa kembali hotel,2,positif,positif
makananya enak kamar nya oke namun yg kurang bagi saya adalah kebersihan karena sy sering sekali menginap di mercure bandung jakarta itu sangat luar biasa bersih,makananya enak kamar baik namun kurang bagi adalah bersih sering sekali inap mercure bandung jakarta sangat luar biasa bersih,1,netral,negatif
menurutku sih hotel ini emang berkualitas banget sepadan dengan harganya pelayanan juga ramah banget makanan yang disajikan sangat unik enak dan beraneka ragam boleh sih ini rekomended banget buat yang mau healing,turut hotel emang kualitas banget padan harga layan ramah banget makan saji sangat unik enak aneka ragam boleh rekomended banget healing,2,positif,positif
tempat strategis tidak jauh dari bandara adi sucipto kamar bersih dan nyaman dari segi hidangan juga enak pelayanan ramah dan harmonis dari kak thania layak untuk dicoba,tempat strategis jauh bandara adi sucipto kamar bersih nyaman segi hidang enak layan ramah harmonis layak coba,2,positif,positif
menyenangkan untuk semua pelayanannya baik breakfast dan kamarnya terimakasih banyak mba silvia atas pelayanannya,senang semua layan baik sarap kamar terimakasih banyak atas layan,2,positif,positif
room bersih menu lengkap kolam renang nyaman pelayanan ramah,room bersih menu lengkap kolam renang nyaman layan ramah,2,positif,positif
tempatnya nyaman fasilitas lengkap,tempat nyaman fasilitas lengkap,2,positif,positif
overall ok kamar nyaman lokasi pinggir jalan akses mudah utk resto menu makanan variatif selalu available selalu direfill lay out duduk ok pelayanan ok waitress cepat dan responsif untuk fasilitas sayang kolam renangnya under construction jd kurang nyaman dan tidak semua lift difungsikan jd harus menunggu,semua baik kamar nyaman lokasi pinggir jalan akses mudah resto menu makan variatif selalu available selalu direfill lay out duduk baik layan baik waitress cepat responsif fasilitas sayang kolam renang under construction kurang nyaman semua lift fungsi harus tunggu,0,negatif,positif
jejaring accor yg kurang baik utk pelayanan checkin di dini hari tidak ada yg standby membawa semua barang sendiri tdk ada satpam shower air panas yg baru panas setelah dibiarkan mengalir selama,jejaring accor kurang baik layan checkin dini hari standby bawa semua barang sendiri satpam shower air panas baru panas telah biar alir lama,0,negatif,negatif
tempat tidurnya agak bikin gatal kamarnya luas kulkasnya gak dingin ac nya gak dingin lokasinya enak di tengah kota,tempat tidur agak bikin gatal kamar luas kulkas dingin ac dingin lokasi enak tengah kota,0,negatif,negatif
pelayanan ramah makanan enak hanya smooking room yang tersedia pendingin ruangan tidak bisa dikontrol suhunya dingin banget,layan ramah makan enak hanya smooking room sedia dingin ruang bisa kontrol suhu dingin banget,0,negatif,positif
suasana ruangan kamar suram pintu kamar mandi rusak tidak bisa tertutup rapat miris untuk sekelas hotel bintang lima cocoknya hotel bintang tiga ini sangat mengecewakan,suasana ruang kamar suram pintu kamar mandi rusak bisa tutup rapat miris kelas hotel bintang lima cocok hotel bintang tiga sangat kecewa,0,negatif,negatif
in room diningnya enak bgt buat pesen di kamar nasi goreng ayam bawang putih tapi breakfastnya agak kurang bubur mutiara kemanisan pancakenya krn gak dibikin fresh jadi dingin terus ditinggal gt aja gaada yg bikin baru lagi fresh,in room ning enak banget pesan kamar nasi goreng ayam bawang putih breakfast agak kurang bubur mutiara manis pancakenya bikin fresh dingin terus tinggal gt gaada bikin baru lagi fresh,0,negatif,negatif
dibagian restonya beberapa gelas masih ada bekas lipstiknya dan bau amis refil buffe makanan menunggu lama mungkin kedepannya lebih diprepare lagi agar tamu tidak menunggu lama untuk makan,bagi restonya beberapa gelas masih bekas lipstik bau amis refil buffe makan tunggu lama mungkin depan lebih diprepare lagi tamu tunggu lama makan,0,negatif,negatif
awalnya mau menginap malam tapi hanya malam saja breakfastnya kurang memuaskan main course beberapa tidak hangat atau panas saya coba pastry agak keras digigit stall omlete antre cukup lama ketika check out tgl jan,awal inap malam hanya malam breakfast kurang muas main course beberapa hangat panas coba pastry agak keras gigit stall omlete antre cukup lama ketika check out tanggal jan,0,negatif,negatif
hotel mudah dijangkau dari stasiun bersih harum stafnya semua ramah makanan variatif dan enak sayangnya late check out cuma sampai biasanya bisa di tapi ga masalah overall sangatt oke,hotel mudah jangkau stasiun bersih harum staf semua ramah makan variatif enak sayang late check out cuma sampai biasa bisa masalah semua sangat baik,1,netral,positif
untuk kamar nyaman hanya saja untuk tekhnisii memperhatikan segi fasilitas seperti toilet selebihnya sangat memuaskan,kamar nyaman hanya tekhnisii perhati segi fasilitas seperti toilet lebih sangat muas,1,netral,positif
hotel terlalu baik masa saya pesen kamar nomer masi ada orangnya saya komplain ke resepsionis dan keliatan bingung juga lalu lift juga sering eror pencrt tombol lantai malah ke lantai gimana ini grand mercure masa hotel bintang pelayanan seperti ini,hotel terlalu baik masa pesan kamar nomer mas orang komplain resepsionis liat bingung lalu lift sering eror pencrt tombol lantai malah lantai gimana grand mercure masa hotel bintang layan seperti,0,negatif,negatif
kecewa udh reservasi udh bela in datang langsung seminggu sebelumnya untuk milih tempat buat bukber sudah deal tp tanpa dikonfirmasi tempat yg udh kita pesan dikasih ke rombongan lain dan kami dikasih tempat di pojokan yg sempit banget gak banget lah,kecewa reservasi bela in datang langsung minggu belum milih tempat buka sama tuju tanpa konfirmasi tempat pesan kasih rombong lain kasih tempat pojok sempit banget banget lah,0,negatif,negatif
pelayanan cukup bagus tapi untuk keamanan nya sangat kurang terjadi insiden helm hilang jobdesk security kurang maksimal tolong untuk keamanan lebih dijaga lagi dan jobdesk mengenai tanggungjawabnya nyaman tapi keamanan kurang juga membuat pengunjung hotel jadi was was,layan cukup bagus aman sangat kurang jadi insiden helm hilang jobdesk security kurang maksimal tolong aman lebih jaga lagi jobdesk kena tanggungjawabnya nyaman aman kurang buat unjung hotel was was,0,negatif,negatif
sebagai penyandang hotel bintang rasa nya seperti bintang saja kamar ngadep beton perabotan kuno sudah minta lantai atas dan kamar dengan view di aps masih aja dikasi yg ngadep beton sarapan juga dibanding gram dan harus,sandang hotel bintang rasa seperti bintang kamar ngadep beton perabot kuno minta lantai atas kamar view aps masih kasi ngadep beton sarap banding gram harus,0,negatif,negatif
kesana krn ada acara jadi tidak paham bgmn kamarnya tp pelayanan bagus makanan standar aja,kesana acara paham bgmn kamar layan bagus makan standar,1,netral,netral
kamar pertama kali masuk baunya kyk pengap lembab krn lama gak dipakai kamar mandi juga gak terlalu bersih tp utk makanan dan pelayanan ok dan baik so far so good,kamar pertama kali masuk bau kyk pengap lembab lama pakai kamar mandi terlalu bersih makan layan baik baik so far so good,0,negatif,negatif
nginep disini jangan berekspektasi seperti hotel bintang lainya dapet view tembok bayar mahal hanya untuk liat tembok sedih si rasanya stok tisu di kamar ngga ada,nginep sini jangan berekspektasi seperti hotel bintang lai dapat view tembok bayar mahal hanya liat tembok sedih rasa stok tisu kamar,0,negatif,negatif
lokasi bagus di pusat kota makanan resto kurang enak dan menarik terutama di bagian nasi dkk untuk buah,lokasi bagus pusat kota makan resto kurang enak tarik utama bagi nasi dkk buah,0,negatif,netral
makanan ok cuma kurang banyak menu kamar bintang tp kurang lengkap gak ada hair dryer dan setrika,makan baik cuma kurang banyak menu kamar bintang kurang lengkap hair dryer setrika,0,negatif,negatif
hotel bintang makanan enak ada pool nya bagus sayang ac nya kurang dingin jadi panas bgt dan spreinya juga pas aku datang sedikit kotor jadi bikin gatal di kulit,hotel bintang makan enak bagus sayang ac kurang dingin panas banget spreinya pas datang sedikit kotor bikin gatal kulit,0,negatif,negatif
makanan enak layanan bagus kamar bau rokok mgkn sblmnya ada yg merokok internet di kamar lambat banget tv ga jernih kabur bintik,makan enak layan bagus kamar bau rokok mgkn sblmnya rokok internet kamar lambat banget televisi jernih kabur bintik,0,negatif,negatif
salah satu hotel dengan lokasi yang cukup strategis di jogja cocok untuk tamu yang ingin menginap di tempat yang dekat dengan tempat wisata tempat makan dan mall hanya lokasi yang rawan macet,salah satu hotel lokasi cukup strategis jogja cocok tamu ingin inap tempat dekat tempat wisata tempat makan mall hanya lokasi rawan macet,1,netral,positif
hotel yg lumayan mewah sayangnya kami dapat kamar di kelas superior yg bagian terasnya menghadap tembok sprei tidak diganti kalaublita tidak meminta kamar mandi ada aroma pesing karena exhaust nya tidak menyala utk servis dan yg,hotel lumayan mewah sayang dapat kamar kelas superior bagi teras hadap tembok sprei ganti kalaublita minta kamar mandi aroma pesing exhaust nyala servis,0,negatif,negatif
makanan enakk service okee menu banyak variasi tapi ac tidak nyala jd las makan panas suasanya,makan enak service okee menu banyak variasi ac nyala las makan panas suasa,0,negatif,negatif
saya seorang driver rental yg sedang menunggu customer dihotel kantin yg dikhususkan cuma untuk karyawan dan cari makan minum harus keluar jauh tidak boleh di kantin hotel yg khusus untuk karyawan,orang driver rental sedang tunggu customer hotel kantin khusus cuma karyawan cari makan minum harus keluar jauh boleh kantin hotel khusus karyawan,0,negatif,negatif
so far so good untuk varian sarapan bs ditambah ya datang pas high season jadi resto penuh sama orang kantoran yg lg acara susah banget cari tempat duduk ada kendala saat balik acara akses pintu mati semua jadi harus turun ke,so far so good varian sarap tambah datang pas high season resto penuh sama orang kantor lagi acara susah banget cari tempat duduk kendala saat balik acara akses pintu mati semua harus turun,0,negatif,netral
pelayanan managemen untuk buka puasa sangat mengecewakan sudah reservasi sejak maret dan maret survey langsung ke lokasi pilih tempat untuk orang dan sudah deal saat bukber di tgl maret ternyata dipindah tempatnya pojokan,layan managemen buka puasa sangat kecewa reservasi sejak maret maret survey langsung lokasi pilih tempat orang tuju saat buka sama tanggal maret nyata pindah tempat pojok,0,negatif,negatif
fasilitas dan pelayanan tidak layak untuk hotel bintang akses dan area parkir sempit check in hampir jam baru dapat kamar welcome drink tidak ada sprei kualitas kurang kamar mandi terutama shower sempit,fasilitas layan layak hotel bintang akses area parkir sempit check in hampir jam baru dapat kamar drink sprei kualitas kurang kamar mandi utama shower sempit,0,negatif,negatif
service parah saat iftar piring membludak petigas malah senyum lalu pada kabur kaburan ngambilin piring receptionist hotel juga ngeselin gak bisa bantu early checking padahal sudah request jauh jauh hari bisa penyampaiannya pun gak mengenakkan hati,service parah saat iftar piring membludak tigas malah senyum lalu kabur kabur ngambilin piring receptionist hotel ngeselin bisa bantu early checking padahal request jauh jauh hari bisa sampai enak hati,0,negatif,negatif
parkiran motor tidak aman padahal berada di dalam gedung uang recehan saya yg buanyaak hampir penuh di dasbor motor habis tak bersisa dicuri semua motor teman jg dibuka joknya jd tau krn joknya mmg susah nutupnya,parkir motor aman padahal ada gedung uang receh buanyaak hampir penuh dasbor motor habis tak sisa curi semua motor teman buka jok tau jok mmg susah nutupnya,0,negatif,negatif
hotel yang nyaman untuk kerja atau liburan bersama keluarga kamarnya nyaman dan pelayanan yang sangat memuaskan,hotel nyaman kerja libur sama keluarga kamar nyaman layan sangat muas,2,positif,positif
menginap di kamar terdapat bathub di kamar mandinya sudah menutup bathub dengan tirai shower dan mencoba berbagai pengaturan shower air dari shower tetap keluar dari area bathub menggenang di area kloset duduk yg seharusnya kering sepertinya area bathub perlu di desain ulang,inap kamar dapat bathub kamar mandi tutup bathub tirai shower coba bagai atur shower air shower tetap keluar area bathub genang area kloset duduk harus kering seperti area bathub perlu desain ulang,0,negatif,negatif
proses check hampir jam booking kamar setelah proses check in hapir jam yg masih siap hanya kamar,proses check hampir jam booking kamar telah proses check in hapir jam masih siap hanya kamar,0,negatif,netral
first of all waktu baru masuk ke lobby pengharum ruangannya terlalu pekat sepertinya kalau dikurangi akan lebih nyaman,first of all waktu baru masuk lobby harum ruang terlalu pekat seperti kalau rang lebih nyaman,0,negatif,netral
kondisi kamar bersih nyaman untuk istirahat tapi ac gk bisa dikecilin terlalu dingin,kondisi kamar bersih nyaman istirahat ac bisa dikecilin terlalu dingin,0,negatif,positif
stay disini malam order by travel agent dan pilih room dengan balkon pas sampe room yg dikasi ternyata tidak sesuai kita komplain dan akhirnya move ke kamar yang sesuai yg kita request di awal setelah pindah ternyata ac di kamar,stay sini malam order by travel agent pilih room balkon pas sampe room kasi nyata sesuai komplain akhir move kamar sesuai request awal telah pindah nyata ac kamar,0,negatif,negatif
awal mula saya memilih grang mercure jogya karena saya berpikiran akan sama dengan seperti grand mercure yg di malang dan solo tapi ternyata sangaat beda jauh pertama pemesana n kamar tidak sesuai dengan yg saya pesan bed dipesanan saya,awal mula pilih grang mercure jogya pikir sama seperti grand mercure malang solo nyata sangaat beda jauh pertama sana kamar sesuai pesan bed pesan,0,negatif,negatif
hotel bagus kamar bagus tapi tidak punya lahan parkir gabung dengan parkir hotel ibis area parkir mobilnya di basement hotel ibis sempit sekali slot dan tracknya amburadul sudut kelok tajam satpam penjaga parkir beberapa hanya gagah,hotel bagus kamar bagus punya lahan parkir gabung parkir hotel ibis area parkir mobil basement hotel ibis sempit sekali slot tracknya beranta sudut kelok tajam satpam jaga parkir beberapa hanya gagah,0,negatif,negatif
pertama saat datang ke hotel lansung di sambut untuk membawakan barang barang seperti koper dll untuk dibawakan ke kamar tetapi kami mengorder kamar yang ranjangnya king size tetapi yang dikasih malah twin bed setelah kita mengkomplain,pertama saat datang hotel lansung sambut bawa barang barang seperti koper bawa kamar tetapi order kamar ranjang king size tetapi kasih malah twin bed telah komplain,0,negatif,negatif
saya menginap tgl januari kesan dihari pertama sudah kecewa saya pesan kamar dg kasur double king size tapi yg dikasi ternyata kasur twin,inap tanggal januari kesan hari pertama kecewa pesan kamar kasur double king size kasi nyata kasur twin,0,negatif,negatif
hari pertama datang malam hari dalam keadaan capek habis perjalanan naik kereta waktu masuk kamar udaranya udah kerasa ga enak bikin tenggorokan sakit karena bersin dan batuk terus telpon resepsionis minta tolong pindah kamar tapi,hari pertama datang malam hari ada capek habis jalan naik kereta waktu masuk kamar udara udah rasa enak bikin tenggorok sakit bersin batuk terus telpon resepsionis minta tolong pindah kamar,0,negatif,negatif
water heater lama panas access pintu tidak tertutup rapat ada fasilitas keamanan tidak digunakan sebaiknya hilangkan saja,water heater lama panas access pintu tutup rapat fasilitas aman guna baik hilang,0,negatif,negatif
menginap di sini dalam rangka acara kantor selama malam untuk kelas hotel bintang masih kalah jauh dengan hotel bintang di area lokasi yang sama,inap sini rangka acara kantor lama malam kelas hotel bintang masih kalah jauh hotel bintang area lokasi sama,0,negatif,negatif
sangat mengecewakan reservasi lwt wa tgl maret utk bukber tgl maret tanggal maret bela belain datang utk milih tempat krn kita org staff resto sdh mengkonfirmasi ok bisa akan disetting spt yg kita mau hari h kaget bgt posisi dipindah pojokan belakang sempit dan bad view tanpa konfirmasi sangat tidak profesional,sangat kecewa reservasi lwt wa tanggal maret buka sama tanggal maret tanggal maret bela bain datang milih tempat orang staff resto konfirmasi baik bisa disetting spt hari kaget banget posisi pindah pojok belakang sempit bad view tanpa konfirmasi sangat profesional,0,negatif,negatif
kamar sangat panas dan ac yang terasa hanya berupa blower yg sangat kencang tanpa rasa dingin freon entah karena cuaca jogja yang sangat panas karena perubahan suhu atau karena,kamar sangat panas ac asa hanya upa blower sangat kencang tanpa rasa dingin freon entah cuaca jogja sangat panas ubah suhu,0,negatif,negatif
kondisi kamar bagus untuk kelas suite nya luas dan nyaman tp utk yg kelas dibawahnya agak terlalu banyak furniture jd terkesan sempit,kondisi kamar bagus kelas suite luas nyaman kelas bawah agak terlalu banyak furniture kes sempit,1,netral,netral
rasa masakan di restoran kurang enak semua dan kartu akses hanya di berikan saja dari hotel dan untuk pelayanan cukup bagus,rasa masakan restoran kurang enak semua kartu akses hanya ikan hotel layan cukup bagus,0,negatif,negatif
kamarnya nyaman apalagi yang view hadap ke kolam renang pelayannya ramah dan sangat membantu untuk minusnya kalau dari kamar telpon ke resepsionis lamaaa banget angkat tlp seharusnya cepat dan minus di makanannya menurut aku untuk hotel ternama sarapannya kurang rasa,kamar nyaman apalagi view hadap kolam renang layan ramah sangat bantu minus kalau kamar telpon resepsionis lama banget angkat tlp harus cepat minus makan turut hotel nama sarap kurang rasa,1,netral,positif
overall makanannya enak bergantian terus mungkin bisa ditambah jenis nasi liwet nasi uduk utk room lumayan bersih namun di sudut ruangan ada semut yg harus dibersihkan tiap hari,semua makan enak ganti terus mungkin bisa tambah jenis nasi liwet nasi uduk room lumayan bersih namun sudut ruang semut harus bersih tiap hari,1,netral,positif
pas waktu menginap disini kebetulan dpt kamar yg ada balkon nya tp view nya tembok sarapanya jg b aja pdhl hotel bintang,pas waktu inap sini betul dapat kamar balkon view tembok sarapanya padahal hotel bintang,0,negatif,negatif
lokasi strategis makanannya enak ruangan kamar bagus tetapi entah kenapa kmrn sy nginap dapat kamar mandinya agak trouble drainasenya tapi overall is good,lokasi strategis makan enak ruang kamar bagus tetapi entah kenapa kmrn nginap dapat kamar mandi agak trouble drainase semua is good,1,netral,positif
pelayan nya tidak ramah pdhl yg berbatik bukan trainee air keran nya bocor terus kamar mandi menggenang air panas nya tidak panas di jam tertentu tp masa iya mandi harus jam mlm biar dpt air panas yg pas terlalu banyak peraturan breakfast digabung hotel lain yg lbh murah rate nya,layan ramah padahal batik bukan air keran bocor terus kamar mandi genang air panas panas jam tentu masa mandi harus jam mlm biar dapat air panas pas terlalu banyak atur sarap gabung hotel lain lebih murah rate,0,negatif,negatif
tadinya berharap mendapatkan fasilitas dan layanan bintang ternyata jauh dari ekspektasi termasuk fasilitas hotel yang dibawah standar,tadi harap dapat fasilitas layan bintang nyata jauh ekspektasi masuk fasilitas hotel bawah standar,0,negatif,negatif
kram untuk wudhu dkt wc jadi susah buat wudhu lebih baik dipindah di shower untuk lainnya ok sdh mantap satu lagi sarapan tidak ada lonsay,kran wudhu dekat wc susah wudhu lebih baik pindah shower lain baik mantap satu lagi sarap lontong sayur,0,negatif,netral
d saat ramai lift mati hanya yang nyala dan menjadi numpuk d lobby nunggu lift sangat lama amanitis kamar nya minta tolong d cek lagi kalau cutton bud jangan yg tipis dan,saat ramai lift mati hanya nyala jadi numpuk lobby nunggu lift sangat lama amanitis kamar minta tolong check lagi kalau cutton bud jangan tipis,0,negatif,negatif
rekomendasi untuk yang mau stay di jogja interiornya menyesuaikan kota jogja lobby mewah makanan banyak variasinya pelayanan baik ramah kolam renang besar lokasinya strategis saya menginap di room suite nya dan request honeymoon saat dtg sudah ada kue dan kamar sudah berhias ala honeymoon untuk roomnya,rekomendasi stay jogja interior sesuai kota jogja lobby mewah makan banyak variasi layan baik ramah kolam renang besar lokasi strategis inap room suite request honeymoon saat datang kue kamar hias ala honeymoon roomnya,2,positif,positif
lampu di kamar kurang terang buah kurang bagus kualitasnya rasanya tifak fresh krn disimpan di kulkas sdh dlm kondisi dipotong semangkanya lembek dan ada rasa aneh kemungkinan dr,lampu kamar kurang terang buah kurang bagus kualitas rasa tifak fresh simpan kulkas dlm kondisi potong semangka lembek rasa aneh mungkin,0,negatif,negatif
sy stay n bersama anak saya pagi ini feb breakfast di cafe dan ada charge penambahan anak sy usia th sy tdk tau kriteria apa utk tamu yg ditawari kopi teh dan tidak namun sy lihat,stay sama pagi feb sarap cafe charge tambah usia th tau kriteria apa tamu tawar kopi teh namun lihat,1,netral,negatif
menunya variasi dan enak tapi air minum dikamar terbatas hanya botol kaca ukuran sgt kecil resepsionisnya kurang beretika,menu variasi enak air minum kamar batas hanya botol kaca ukur sgt resepsionis kurang etika,0,negatif,negatif
tempat strategis makanan lengkap dan enak kamar saya dapat di lantai smoking tp staff melayani dg sangat baik hanya saja air shower kurang kenceng,tempat strategis makan lengkap enak kamar dapat lantai smoking staff layan sangat baik hanya air shower kurang kenceng,1,netral,positif
kamarnya nyaman dan cukuo luas untuk berdua cuma fasilitas wifinya kurang bagus selama acara dan di kamar saya menggunakan tethering paket data pribadi pancuran di kamar mandi tidak mulus kalau mandi malam air panasnya harus nunggu,kamar nyaman cukuo luas dua cuma fasilitas wifinya kurang bagus lama acara kamar guna tethering paket data pribadi pancur kamar mandi mulus kalau mandi malam air panas harus nunggu,0,negatif,negatif
pelayanan kamar baik dan bersih tapi kalau bisa ditingkatkan lagi body wash dipisah dengan hair wash water heaternya berfungsi dengan baik ini penting kasurnya lengkap dengan bantal guling is a plus one for me perlengkapan mandi lengkap makanan di resto oke tapi standar saja dan kurang banyak pilihan,layan kamar baik bersih kalau bisa tingkat lagi body wash pisah hair wash water heaternya fungsi baik penting kasur lengkap bantal guling is a plus one for me lengkap mandi lengkap makan resto baik standar kurang banyak pilih,1,netral,positif
letaknya sangat strategis dekat dg stasiun bandara lama dan pusat aktivitas kelebihan kamarnya bersih nyaman dg bantal dan guling yg banyak kekurangannya tdk ada hair dryer dan channel tv tdk bersih anggap saja tdk ada tv pelayanan,letak sangat strategis dekat stasiun bandara lama pusat aktivitas lebih kamar bersih nyaman bantal guling banyak kurang hair dryer channel televisi bersih anggap televisi layan,1,netral,positif
untuk menu makanannya cukup variatif hanya saja beberapa makanan sedikit asin dan sajiannya sedikit kurang tertata semoga kedepannya grand mercure bisa improve untuk semuanya,menu makan cukup variatif hanya beberapa makan sedikit asin saji sedikit kurang tata moga depan grand mercure bisa improve semua,1,netral,positif
makanan enak dan sangat beragam indonesian termasuk cappuccino dan minuman tradisional untuk infrastruktur agak tua lift berbunyi tapi yang cukup mengganggu adalah kulkas dikamar juga berbunyi seperti bunyi jangkrik malam hari,makan enak sangat agam indonesian masuk cappuccino minum tradisional infrastruktur agak tua lift bunyi cukup ganggu adalah kulkas kamar bunyi seperti bunyi jangkrik malam hari,0,negatif,negatif
sarapan pagi banyak variasi dan cocok rasa serta aromanya hanya kedepan kalau boleh kamar siapin juga sabun batang karena gak semua familier dengan gel soap,sarap pagi banyak variasi cocok rasa aroma hanya depan kalau boleh kamar siapin sabun batang semua familier gel soap,1,netral,positif
tadi sempat ada masalah dgn pemindahan kamar basically krn info dr panitia kurang maksimal tp saya merasa dr pihak hotel juga agak kurang maksimal dlm assisting their guests,tadi sempat masalah pindah kamar basically info panitia kurang maksimal rasa pihak hotel agak kurang maksimal dlm assisting their guests,0,negatif,negatif
kamarnya luas bed nya ada yang ukuran besar jadi bisa buat ber sama anak makanannya enak semoga bisa kembali suatu hari nanti,kamar luas bed ukur besar bisa ber sama makan enak moga bisa kembali suatu hari nanti,2,positif,positif
toilet bau kaya gak pernah dibersihin pintu gak bisa ditutup air gak keluar,toilet bau kaya pernah dibersihin pintu bisa tutup air keluar,0,negatif,negatif
sinyal wi fi sangat lemah apalagi kalau buat kerja dan gaming kalau pun di switch ke mode data sinyal jg turun dari g ke e edge hal ini mengurangi kenyamanan untuk stay di hotel dan seolah meminta untuk keluar saja,sinyal wi fi sangat lemah apalagi kalau kerja gaming kalau switch mode data sinyal turun g e edge hal kurang nyaman stay hotel olah minta keluar,0,negatif,negatif
bukber dengan harga rb pax makanan nasi biryaninya tapi kurang dimsumnya cuma beberapa trs abis ga,buka sama harga rb pax makan nasi biryaninya kurang dimsumnya cuma beberapa terus abis,0,negatif,negatif
pengalaman nginap di grand mercure tgl november lumayan baik tapii ada tapinya sih untuk hotel sekelas bintang saya berekspektasi fasilitas kamar mendapat smart tv tapi ternyata belum tersedia dan sayang nya parkir untuk tamu,alam nginap grand mercure tanggal november lumayan baik tapi tapi hotel kelas bintang berekspektasi fasilitas kamar dapat smart televisi nyata belum sedia sayang parkir tamu,0,negatif,negatif
hotel memiliki kategori yang bisa dibilang sangat memuaskan lokasi yang strategis dan dekat dengan kota pelayanan nya yang bisa dibilang sangat cekatan dan bagus untuk hotel sekelasnya,hotel milik kategori bisa bilang sangat muas lokasi strategis dekat kota layan bisa bilang sangat cekat bagus hotel kelas,2,positif,positif
grand mercure jogja benar benar memukau hotelnya indah bersih dan nyaman sempurna untuk liburan maupun perjalanan bisnis,grand mercure jogja benar benar pukau hotel indah bersih nyaman sempurna libur maupun jalan bisnis,2,positif,positif
hotel yg sdh lumayan tua pintu kamar mandi kayu sdh beberapa bagiannya lepas dan lampu kamar mandi mati di malam terakhir parkiran basement bau kurang sedap pelayanan staff sangat bagus dan membantu kolam renang kecil banget dan spertinya jadi satu dng ibis,hotel lumayan tua pintu kamar mandi kayu beberapa bagi lepas lampu kamar mandi mati malam akhir parkir basement bau kurang sedap layan staff sangat bagus bantu kolam renang banget spertinya satu dng ibis,0,negatif,negatif
selama stay d hotel accor dengan member gold pengalaman disini sangat buruk lift mati nyala hanya dimana occ kamar lagi rame fo ga ada ramah nya daan yang parah ketika pakai cutten bud baru d masukin ke kupung sudah ketinggalan d,lama stay hotel accor member gold alam sini sangat buruk lift mati nyala hanya mana kamar lagi rame ramah parah ketika pakai cutten bud baru masukin pung tinggal,0,negatif,negatif
pelayanan cukup memuaskan tetapi untuk tmtp sarapanya terallu tinggi di lt jd malas orng untuk naik klw bs sarapan di lantai loby biar sxan cek out,layan cukup muas tetapi tmtp sarapanya terallu tinggi lantai malas orng naik klw sarap lantai loby biar sxan check out,1,netral,netral
kalau bisa tiap lift ada pemandunya guide untuk para tamu yang butuh info terus setelah masuk halaman hotel lokasi jalan menuju parkir sangat sempit dan menikung tajam tidak ada rambu yang jelas atau saya yang kurang jelas melihatnya kalau bisa rambunya ditaruh pada lokasi yang mudah terlihat pengemudi dan cukup besar,kalau bisa tiap lift pandu guide tamu butuh info terus telah masuk halaman hotel lokasi jalan tuju parkir sangat sempit tikung tajam rambu jelas kurang jelas lihat kalau bisa rambu taruh lokasi mudah lihat kemudi cukup besar,0,negatif,netral
menu resto lengkap pelayanan oke best bgt deh thank u,menu resto lengkap layan baik banget terimakasih,2,positif,positif
kamar dan suasana nyaman bersih ga bakal nyesel nginep disini sarapannya juga enak enak sampe bingung tks kak caroline sudah menservice kita dgn happy,kamar suasana nyaman bersih bakal nyesel nginep sini sarap enak enak sampe bingung terimakasih servis senang,2,positif,positif
untuk sarapan paginya sangat enak banyak menunya dan layanan atas nama fifin sangat bagus semuanya memuaskan,sarap pagi sangat enak banyak menu layan atas nama sangat bagus semua muas,2,positif,positif
sarapan menu sangat bnyk n enak pelayanannya sangat ramah devita,sarap menu sangat banyak enak layan sangat ramah,2,positif,positif
untuk sarapannya lengkap semuanya ada enak saladnya fresh fres lena,sarap lengkap semua enak saladnya fresh,2,positif,positif
kren top markotop menu pelayanan nya suupeer,keren top markotop menu layan suupeer,2,positif,positif
untuk kamar nya cukup nyaman pelayanan juga oke banget,kamar cukup nyaman layan baik banget,2,positif,positif
sarapan sambil bisa menikmati jalan kenangan semasa kuliah,sarap sambil bisa nikmat jalan kenang masa kuliah,2,positif,positif
sarapan pagi nya sangat enak enak dan pelayanan atas nama fifin sangat cepat dan ramah,sarap pagi sangat enak enak layan atas nama sangat cepat ramah,2,positif,positif
hospitality ny bagus kamar bersih untuk breakfast paling enak curry beef ny mantab,hospitality bagus kamar bersih sarap paling enak curry beef mantab,2,positif,positif
sarapan nya mantap and mak yus,sarap mantap and mak yus,2,positif,positif
iftar disini seru abiss tempat nyaman makanan enak pelayanan restaurant sangat baik recomendeddddd,iftar sini seru abiss tempat nyaman makan enak layan restaurant sangat baik recomended,2,positif,positif
tempat nya bagus dan enak dan kamar hotelnya sangat dingin pelayanan nya juga mantap,tempat bagus enak kamar hotel sangat dingin layan mantap,2,positif,positif
saya menginap di hotel grand mercure sangat nyaman menu memuaskan pelayanan prima,inap hotel grand mercure sangat nyaman menu muas layan prima,2,positif,positif
pengalaman menginap disana seru lokasinya strategis dkt sama mall serta fasilitas umum lainnya,alam inap sana seru lokasi strategis dekat sama mall fasilitas umum lain,2,positif,positif
nasi goreng hijau mantap terimakasih atas pelayanan yg ramah dari mba aztuti sukses sll,nasi goreng hijau mantap terimakasih atas layan ramah sukses,2,positif,positif
allhamdulilah nyaman dlm rangka kedinasan,allhamdulilah nyaman dlm rangka dinas,2,positif,positif
breakfast ok pelayanan staff ramah,sarap baik layan staff ramah,2,positif,positif
sarapannya rasanyaa jossss pelayanan sat set sama mb lena,sarap rasanyaa jos layan sat set sama,2,positif,positif
untuk makanannya oke cukup beragam cuma bisa dikurangi manis nya atau asinnya untuk kamarnya cukup kaget karena beda dari beberapa tahun terakhir saya kesini,makan baik cukup agam cuma bisa rang manis asin kamar cukup kaget beda beberapa tahun akhir kesini,0,negatif,netral
sarapan paginya sangat enak menunya lengkap dan memuaskan layanan atas nama fifin baik dan ramah serta cepat,sarap pagi sangat enak menu lengkap muas layan atas nama baik ramah cepat,2,positif,positif
pelayanan dan makanan enak terima kasih mba silvia,layan makan enak terima kasih,2,positif,positif
pelayanan serta fasilitas yang ada sangat memuaskan,layan fasilitas sangat muas,2,positif,positif
makanan yang disajikan selalu baru dan banyak macamnya pelayanan cepat dan tempatnya bersih,makan saji selalu baru banyak macam layan cepat tempat bersih,2,positif,positif
good service pelayananya makanannya enak semua memuaskan,good service pelayananya makan enak semua muas,2,positif,positif
cukup puas dan pelayanan nya ramah break fast a n lena,cukup puas layan ramah break fast a,2,positif,positif
pelayanan yang luar biasa bagus makanan yang banyak variasi dan enak kamar juga nyaman,layan luar biasa bagus makan banyak variasi enak kamar nyaman,2,positif,positif
sajian makanan enak layanan ramah di layani oleh petugas bernama aztuti,saji makan enak layan ramah layan oleh tugas nama,2,positif,positif
pelayan restorannya ramah dan menu sarapannya mantab,layan restoran ramah menu sarap mantab,2,positif,positif
sangat nyaman baik pelayanan fasilitas smuanya bagus,sangat nyaman baik layan fasilitas smuanya bagus,2,positif,positif
untuk kamar nya sudah ada bantal dan guling sangat nyaman sekali untuk kasurnya untuk makanan nya sesuai dengan rating restoran nya enak dan menggugah selera terima kasih,kamar bantal guling sangat nyaman sekali kasur makan sesuai rating restoran enak gugah selera terima kasih,2,positif,positif
kesini untuk acara bpip fasilitas hotel lengkap dan kondisinya masih sangat bagus untuk makanannya enak pelayanan prima sigap dan cekatan kalau habis selesai makan langsung di ambil dan juga ramah,kesini acara bpip fasilitas hotel lengkap kondisi masih sangat bagus makan enak layan prima sigap cekat kalau habis selesai makan langsung ambil ramah,2,positif,positif
untuk pelayanan cukup memuaskan kamar nyaman dan bersih menu di restoran juga enak,layan cukup muas kamar nyaman bersih menu restoran enak,2,positif,positif
pelayananannya sangat baik dan terbantu oleh mbak lena,pelayananannya sangat baik bantu oleh,2,positif,positif
sarapan pagi beragam dan enak layanan atas nama fifin sangat ramah dan baik,sarap pagi agam enak layan atas nama sangat ramah baik,2,positif,positif
saya suka dengan sarapan paginya enak dan layanan atas nama fifin baik ramah anaknya cantik,suka sarap pagi enak layan atas nama baik ramah anak cantik,2,positif,positif
dari pelayanannua bagus stafnya ramah sarapannya juga enak kebersihan kamar juga bagus,pelayanannua bagus staf ramah sarap enak bersih kamar bagus,2,positif,positif
kami menginap tepat saat long weekend selama hari malam pengalaman saat cek in hari ini yg informasinya bisa di dapat dijam hotel umumnya info cek in di jam kami dapatkan kunci hampir jam malam sungguh pengalaman luar,inap tepat saat long weekend lama hari malam alam saat check in hari informasi bisa dapat jam hotel umum info check in jam dapat kunci hampir jam malam sungguh alam luar,0,negatif,negatif
pengalaman kedua menginap disini karena memang ada acara dari kantor pengalaman pertama dulu mgkin sekitar atau tahun lalu entah kenapa saya gak terlalu noticed sama kondisi sekitar hotel,alam dua inap sini memang acara kantor alam pertama dulu mgkin sekitar tahun lalu entah kenapa terlalu noticed sama kondisi sekitar hotel,0,negatif,netral
mudah dijangkau dan byk fasilitas umum layanan bgs,mudah jangkau banyak fasilitas umum layan bagus,2,positif,positif
makanan enak kamar bagus bersih layanan memuaskan,makan enak kamar bagus bersih layan muas,2,positif,positif
di sini kamarnya nyaman jadi bisa tidur nyenyak sarapan pagi sungguh luar biasa menunya komplit plit semua ada thank you grand mercure,sini kamar nyaman bisa tidur nyenyak sarap pagi sungguh luar biasa menu komplit plit semua terimakasih you grand mercure,2,positif,positif
nyaman strategis letaknya,nyaman strategis letak,2,positif,positif
hotel yang good best apalgii pelayanannya dan staff nya selalu ramah dalam menangani the besty,hotel good apalagi layan staff selalu ramah tangan,2,positif,positif
makanannya enak tempat bersih pelayanannya juga baguusss,makan enak tempat bersih layan baguus,2,positif,positif
sarapan paling bagus banyak pilihan devita pelayanan bagus,sarap paling bagus banyak pilih layan bagus,2,positif,positif
untuk sarapan pagi sangat puas trimakasih,sarap pagi sangat puas terimakasih,2,positif,positif
breakfast nya cukup lengkap dengan rasa yang pas dan nikmat beraneka makanan lokal minuman tersedia pelayanan dibantu oleh mba lena,sarap cukup lengkap rasa pas nikmat aneka makan lokal minum sedia layan bantu oleh,2,positif,positif
hotelnya nyaman makananya oke pelayananya baik sangat membantu tamu,hotel nyaman makananya baik pelayananya baik sangat bantu tamu,2,positif,positif
menginap di hotel ini nyaman n pelayanan nya bagus,inap hotel nyaman layan bagus,2,positif,positif
sarapan nya enak agak berbeda atau unik dengan hotel yang saya pernah kunjungin dj jogja di bantu oleh training lena,sarap enak agak beda unik hotel pernah kunjungin jogja bantu oleh training,2,positif,positif
untuk pelayanan atas nama mba thania cukup memuaskan ramah dan murah senyum terimakasih,layan atas nama cukup muas ramah murah senyum terimakasih,2,positif,positif
pelayanan mba fifin mantul,layan mantul,2,positif,positif
pelayanan staff nya ramah kamar nya juga bersih dan wangi,layan staff ramah kamar bersih wangi,2,positif,positif
ruangannya bersih call ke resepsionisnya sangat tanggap walau malam breakfastnya lengkap enak dari saladnya segar dan semuanya masih hangat pelayanannya tanggap terutama mba silvia sangat oke recommended,ruang bersih call resepsionis sangat tanggap walau malam breakfast lengkap enak saladnya segar semua masih hangat layan tanggap utama sangat baik rekomendasi,2,positif,positif
lokasi hotel strategis beberapa kali diundang acara di hotel ini sempat beberapa kali juga memilih hotel mercure untuk acara hasilnya selalu memuaskan pelayanan baik didukung dengan staf yang ramah terima kasih grand mercure yogyakarta,lokasi hotel strategis beberapa kali undang acara hotel sempat beberapa kali pilih hotel mercure acara hasil selalu muas layan baik dukung staf ramah terima kasih grand mercure yogyakarta,2,positif,positif
alhamdulillah nyaman menginap disini kamar bersih pelayanan ramah trimakasih atas pelayanan yg diberikan insyaallah next ksini lg,alhamdulillah nyaman inap sini kamar bersih layan ramah terimakasih atas layan beri insyaallah next ksini lagi,2,positif,positif
pelayanan baik kamar bersih dan bagus akses kemana saja sangat mudah sistem keamanan baik cuma ada bbrp security yg mandang rendah krn kami naik motor saat disapa malah diam saja dan mandang curiga hahaha gini amat yak harus bawa mobil kl pengen dihormati,layan baik kamar bersih bagus akses mana sangat mudah sistem aman baik cuma beberapa security mandang rendah naik motor saat sapa malah diam mandang curiga gin amat harus bawa mobil kalau ken hormat,0,negatif,positif
hotel ini bagus dari berbagai sisi mulai dari layanan kamar makanan lokasi mudah dijangkau,hotel bagus bagai sisi mulai layan kamar makan lokasi mudah jangkau,2,positif,positif
pelayanan disini sangat bagus dan breakfast nya pun enak dan orang nya juga pada ramah,layan sini sangat bagus sarap enak orang ramah,2,positif,positif
pelayanan hotel sangat bagus makanan enak dan variasinya banyak kamar bagus dan lega fasilitas lengkap overall memuaskan,layan hotel sangat bagus makan enak variasi banyak kamar bagus lega fasilitas lengkap semua muas,2,positif,positif
pelayanan nya ramah sesuai dengan kota nya ademmmm saya senang dan berharap bisa ke sini lagi fasilitas hotel sangat lengkap terima kasih,layan ramah sesuai kota adem senang harap bisa sini lagi fasilitas hotel sangat lengkap terima kasih,2,positif,positif
pelayanannya ramah fasilitasnya juga oke menu sarapannya lengkap enak dan fresh juga top deh pokoknya,layan ramah fasilitas baik menu sarap lengkap enak fresh top pokok,2,positif,positif
pelayanan fasilitas dan menu makanan sangat memuaskan rekomended untuk jadi tempat menginap baik tugas kantor atau bersama keluarga,layan fasilitas menu makan sangat muas rekomended tempat inap baik tugas kantor sama keluarga,2,positif,positif
staff ramah kamar luas nyaman makanan di restonya enak,staff ramah kamar luas nyaman makan restonya enak,2,positif,positif
sarapan pagi sangat enak layanan fifin sangat baik dan ramah,sarap pagi sangat enak layan sangat baik ramah,2,positif,positif
pelatanan di sini sangat luarbiasa staf nya ramah ramah makanannya enak kamarnya bersih,pelatanan sini sangat luarbiasa staf ramah ramah makan enak kamar bersih,2,positif,positif
pelayanan bagus staff ramah semua tempat nya bersih higienis dan nyaman sekalii,layan bagus staff ramah semua tempat bersih higienis nyaman sekali,2,positif,positif
menginap di grand mercure sangat nyaman dan mantap pengen nginep terus,inap grand mercure sangat nyaman mantap ken nginep terus,2,positif,positif
menu sarapan enak dan kamar ok dan di bantu juga pelayanan oleh mba lena,menu sarap enak kamar baik bantu layan oleh,2,positif,positif
pengalaman saya nginap di sini pelayanan sangat ok dan kamar pun jg bersih,alam nginap sini layan sangat baik kamar bersih,2,positif,positif
untuk menu sarapan pagi sangat baik dan cukup memuaskan,menu sarap pagi sangat baik cukup muas,2,positif,positif
hotelnya enak pelayanan ramah sarapan paginya enak,hotel enak layan ramah sarap pagi enak,2,positif,positif
lima hari di grand mercure ikut bimtek luar biasa pelayanan dari pihak hotel mulai makanan kamar hotel dan sebagainya sukses selalu buat grand mercure,lima hari grand mercure ikut bimtek luar biasa layan pihak hotel mulai makan kamar hotel bagai sukses selalu grand mercure,2,positif,positif
sarapannya lengkap dan rasanya enak ruangannya luas dibantu dengan mba lena,sarap lengkap rasa enak ruang luas bantu,2,positif,positif
kamar bersih dan peralatan komplit breakfast menu pilihan banyak dan enak enak juga bisa next kesini lagi pas ke jogja,kamar bersih alat komplit sarap menu pilih banyak enak enak bisa next kesini lagi pas jogja,2,positif,positif
makanan enak room service nya bagus senang menginap disini,makan enak room service bagus senang inap sini,2,positif,positif
hotelnya sangat bagus dengan kamarnya yang luas dan nyaman restorannya punya banyak variasi makanan dan lokasinya cukup strategis,hotel sangat bagus kamar luas nyaman restoran punya banyak variasi makan lokasi cukup strategis,2,positif,positif
terimakasih hotel grand mercure makanan enak lengkap hotel nya bersih badan bagus tetap konsisten dan semangat yaa utk melayanai tamu sangat recommended,terimakasih hotel grand mercure makan enak lengkap hotel bersih badan bagus tetap konsisten semangat yaa melayanai tamu sangat rekomendasi,2,positif,positif
rasa makanan saat sarapannya enak dan banyak variasinya dibantu mbak lena,rasa makan saat sarap enak banyak variasi bantu,2,positif,positif
mantap pokoknya kita bikin event di hotel ini,mantap pokok bikin event hotel,2,positif,positif
pelayanan nya sangattt ramah sekali makanannya enak tempatnya nyaman terimakasih mba chelsea udh memberikan pelayanan terbaik,layan sangat ramah sekali makan enak tempat nyaman terimakasih chelsea beri layan baik,2,positif,positif
stars untuk pelayanan room dan resto kamar oke rapi bersih semua berfungsi dengan baik food was great too semuanya enak but no stars untuk tim front office,stars layan room resto kamar baik rapi bersih semua fungsi baik food was great too semua enak but no stars tim front office,2,positif,positif
sangat luar biasa cita rasa sesyai dan full variasi makanan,sangat luar biasa cita rasa sesyai full variasi makan,2,positif,positif
hotel nyamannn lokasinya strategisss bangettt,hotel nyaman lokasi strategis banget,2,positif,positif
sarapan nya banyak madam dan rasanya enak,sarap banyak rasa enak,2,positif,positif
kamarnya bersih nyaman makanannya enak banyak jenisnya,kamar bersih nyaman makan enak banyak jenis,2,positif,positif
menunya enak variasinya banyak pelayanan bagus sekali nyaman juga tempatnya,menu enak variasi banyak layan bagus sekali nyaman tempat,2,positif,positif
kamarnya mewah nyaman dan bersih pelayanan yang diberikan oleh staf juga ramah semuanya cocok untuk bersantai dh keluarga ada kolam renangnya juga,kamar mewah nyaman bersih layan beri oleh staf ramah semua cocok santa dh keluarga kolam renang,2,positif,positif
saya sangat puas dengan fasilitas hotel dan sarapan paginya sangat enak dan layanan atas nama fifin sangat ramah dan baik,sangat puas fasilitas hotel sarap pagi sangat enak layan atas nama sangat ramah baik,2,positif,positif
overall rekomended untuk kamarnya saya suka karena bagus dan estetik tapi ada kerusakan sedikit di pintu showernya,semua rekomended kamar suka bagus estetik rusa sedikit pintu showernya,2,positif,positif
pelayanannya sangat memuaskan untuk breakfastnya berbagai macam varian keselurahan rasanya enak mantap,layan sangat muas breakfast bagai macam varian selurah rasa enak mantap,2,positif,positif
lokasi dekat tempat bekerja yang saya datangi makanan baik dan enak pelayanan sejak datang resto dll baik,lokasi dekat tempat kerja datang makan baik enak layan sejak datang resto baik,2,positif,positif
makanan nya enak dan banyak varian nyaa boleh di coba palagi di bantu oleh mba lena,makan enak banyak varian nyaa boleh coba palagi bantu oleh,2,positif,positif
suasana kamar hotel nya bagus bersih dan nyaman dan breakfastnya banyak variant dan enak enak,suasana kamar hotel bagus bersih nyaman breakfast banyak variant enak enak,2,positif,positif
mantab menu makanan bervariatif dan enak jangan lupa untuk berkunjung jika dijogja,mantab menu makan variatif enak jangan lupa kunjung jika dijogja,2,positif,positif
pelayanan yang sangat bagus tempat ternyaman makanannya pun enak enak recomended gess,layan sangat bagus tempat nyaman makan enak enak recomended gess,2,positif,positif
pelayanan ramah makanan jg enak tempat nyaman,layan ramah makan enak tempat nyaman,2,positif,positif
sarapannya mantabbbbb dibantu lena,sarap mantab bantu,2,positif,positif
hotelnya nyaman dan pelayanannya helpfull,hotel nyaman layan helpfull,2,positif,positif
breakfast sangat enak dan lengkap pelayanan mbak lena a,sarap sangat enak lengkap layan a,2,positif,positif
makanannnya enak ruang meetingnya besar dan nyaman pelayanan ok,makananya enak ruang meetingnya besar nyaman layan baik,2,positif,positif
saya menginap di ibis laksda adi sucipto untuk malam lobby hotel agak tersembunyi di samping apabila membawa driver atau sewa mobil tidak masalah proses check inn cepat kamar cukup nyaman dengan tersedia bantal dan guling namun,inap ibis laksda adi sucipto malam lobby hotel agak sembunyi samping apabila bawa driver sewa mobil masalah proses check in cepat kamar cukup nyaman sedia bantal guling namun,0,negatif,positif
sarapan pagi nya enak,sarap pagi enak,2,positif,positif
nyaman bersih rekomended deh pokoknya,nyaman bersih rekomended pokok,2,positif,positif
pelayanan bagus kamar nyaman tempat strategis,layan bagus kamar nyaman tempat strategis,2,positif,positif
kamar oke layanan baik breakfast enak pilihan banyak lokasi strategis,kamar baik layan baik sarap enak pilih banyak lokasi strategis,2,positif,positif
sarapannya enak banyak pilihan dan bervariasi,sarap enak banyak pilih variasi,2,positif,positif
tempat nyaman pelayanan terbaik,tempat nyaman layan baik,2,positif,positif
pelayanan nya bagus ka fifin ramah dan cekatan sukses yahh untuk fifin n grand mercure,layan bagus ramah cekat sukses grand mercure,2,positif,positif
servicenya memuaskan lokasi cukup strategis akses ke berbagai tempat cuku mudah,servicenya muas lokasi cukup strategis akses bagai tempat cuku mudah,2,positif,positif
kesini karena ada pembekalan dari kemenkes kamarnya enak banget rapi bersih luas nyamannn makanan juga enak variatif kebetulan makan di hotel x sehari menunya enak semua semoga next time kalo ada kesempatan lagi bisa kesini,kesini bekal kemenkes kamar enak banget rapi bersih luas nyaman makan enak variatif betul makan hotel hari menu enak semua moga next time kalau sempat lagi bisa kesini,2,positif,positif
lokasi sangat strategis makanan enak dan berbagai macam dekat fasilitas umum recommended,lokasi sangat strategis makan enak bagai macam dekat fasilitas umum rekomendasi,2,positif,positif
terima kasih mba silvia breakfastnya enak pelayana baik,terima kasih breakfast enak pelayana baik,2,positif,positif
pelayan an fifin alvianti sangat bgs sopan ramah dan komunikatif terimakasih,layan alvianti sangat bagus sopan ramah komunikatif terimakasih,2,positif,positif
hotelnya bagus fasilitasnya juga tempatnya luas pokoknya terbaik,hotel bagus fasilitas tempat luas pokok baik,2,positif,positif
pelayanan yang sangat memuaskan dan hotelnya sangat bersih berbagai hidangan yang berbeda beda setiap harinya,layan sangat muas hotel sangat bersih bagai hidang beda beda tiap hari,2,positif,positif
makanannya enak pelayanannya bagus dipertahankan selalu ya,makan enak layan bagus tahan selalu,2,positif,positif
pelayanan oke makanan juga enak,layan baik makan enak,2,positif,positif
kamar bersih restaurant memiliki menu lokal dan western food pelayanan baik ramah,kamar bersih restaurant milik menu lokal western food layan baik ramah,2,positif,positif
makanan nya enak pelayanan mba andin trainee sangat ramah baik dan cantikk,makan enak layan sangat ramah baik cantik,2,positif,positif
restoran di sini sangat menjaga kebersihan makanan dan restoran nya bagus,restoran sini sangat jaga bersih makan restoran bagus,2,positif,positif
alhamdulillah luar biasa makanan layanan paket complet deh pokoknya recomendeed banget nih hotel,alhamdulillah luar biasa makan layan paket complet pokok recomendeed banget hotel,2,positif,positif
saya liburan sama keluarga anak usia th dan th masih bisa pakai kamar dengan tipe executive room king bed luas m ft ada sofa bed yg bisa dipakai kalaupun extra bed masih muat karena kamarnya luas ada bathtub juga meski,libur sama keluarga usia th th masih bisa pakai kamar tipe executive room king bed luas ft sofa bed bisa pakai kalaupun extra bed masih muat kamar luas bathtub meski,0,negatif,positif
great accomodation great food and great atmosphere pelayanan mba silvia sangat baik dan ramah,great accomodation great food and great atmosphere layan sangat baik ramah,2,positif,positif
sarapan nya sangat lengkap dan enakk di bantu oleh trening lenaa nilai a,sarap sangat lengkap enak bantu oleh trening lenaa nilai a,2,positif,positif
trimakasih banyak grand mercure atas layananya untuk kami semua kami sekeluarga merasa senang bisa singgah di tempat ini sekali lagi terimakasih atas layanannya,terimakasih banyak grand mercure atas layananya semua keluarga rasa senang bisa singgah tempat sekali lagi terimakasih atas layan,2,positif,positif
layanan yang baik dan makanannya enak,layan baik makan enak,2,positif,positif
good hospitality and fasility makanannya juga banyak varian very recommend for staycation,good hospitality and fasility makan banyak varian very recommend for staycation,2,positif,positif
menginap dan bermalam di sini tidak rugi fasilitasnya lengkap kolam renang ada gym ada restaurant ada outdornya di lantai atas di kamar juga ada pengering rambut kamarnya juga rapi bersih kamar madi bersih pas mandi pakai air panas sambil nyanyi nyani serasa sedang konser musik pertahankan keberisihannya mantap,inap malam sini rugi fasilitas lengkap kolam renang gym restaurant outdornya lantai atas kamar ering rambut kamar rapi bersih kamar madi bersih pas mandi pakai air panas sambil nyanyi nyani serasa sedang konser musik tahan keberisihannya mantap,0,negatif,positif
sarapan hari ini enak memuaskan,sarap hari enak muas,2,positif,positif
tempat nya strategis staff nya ramah banget,tempat strategis staff ramah banget,2,positif,positif
pelayanan ramah lokasi strategis kamar nyaman,layan ramah lokasi strategis kamar nyaman,2,positif,positif
saya sangat senang dan puas dngan pelayanan yg ramah dan kamar yg presentatif,sangat senang puas dngan layan ramah kamar presentatif,2,positif,positif
pengalaman kami menginap di hotel grand mercure jogjakarta berkesan karena fasilitas dari kamar inap bagus rapi bersih wangi sampai dengan fasilitas breakfast sangat memuaskan banyak pilihan menu khas jogja tradisional food juga lengkap,alam inap hotel grand mercure jogjakarta kesan fasilitas kamar inap bagus rapi bersih wangi sampai fasilitas sarap sangat muas banyak pilih menu khas jogja tradisional food lengkap,2,positif,positif
sarapan nya enak enak dan pelayanan ramah terimakasih kpd kak lena,sarap enak enak layan ramah terimakasih,2,positif,positif
staffnya ramah membantu pelayanan sangat bagus iftar di sini jadi moment yg nyaman dan spesial,staffnya ramah bantu layan sangat bagus iftar sini moment nyaman spesial,2,positif,positif
untuk pelayanan sangat memuaskan makan siang enak dapat pemandangan jalan dari atas hotel dan fasilitas ruang seminar sangat terfasilisi,layan sangat muas makan siang enak dapat pandang jalan atas hotel fasilitas ruang seminar sangat terfasilisi,2,positif,positif
untuk menu sarapan oke banyak varian dari makanan ringan sampai makanan berat untuk menu recomended,menu sarap baik banyak varian makan ringan sampai makan berat menu recomended,2,positif,positif
makanannya enak banget semua meni yg ada di yogya ada di hotel ini pelayanannya ramah saya dilauani oleh fifin anak yg manis dan cantik,makan enak banget semua meni yogya hotel layan ramah dilauani oleh manis cantik,2,positif,positif
makanan nya ok kamarnya bagus bersih pelayananya top dari embak gita,makan baik kamar bagus bersih pelayananya top embak gita,2,positif,positif
nyaman memuaskan letak setrategis makanan enak tersaji hangat menu lumayan lengkap,nyaman muas letak setrategis makan enak saji hangat menu lumayan lengkap,2,positif,positif
sarapannya cukup lengkap dibantu mbak lena,sarap cukup lengkap bantu,2,positif,positif
makanan pagi ini sangat enak,makan pagi sangat enak,2,positif,positif
makanannya bervariasi dan enak,makan variasi enak,2,positif,positif
nyaman dan menyenangkan,nyaman senang,2,positif,positif
nyaman buat keluarga sarapannya sudah sesuai selera keluarga petugasnya gercep dan ramah,nyaman keluarga sarap sesuai selera keluarga tugas gercep ramah,2,positif,positif
untuk rooms ok banget rekomended karena memang sebelumnya pernah menginap dan meeting room di grand mercure berakfast menu sangat lengkap dan pelayanan memuaskan lokasi sangat strategis dekat dengan pusat kota jogja akses sangat mudah,rooms baik banget rekomended memang belum pernah inap meeting room grand mercure berakfast menu sangat lengkap layan muas lokasi sangat strategis dekat pusat kota jogja akses sangat mudah,2,positif,positif
pelayanan hotel fasilitas restoran dll semuanya sangat memuaskan dan bagus next time pasti akan kesini lagi sih,layan hotel fasilitas restoran semua sangat muas bagus next time pasti kesini lagi,2,positif,positif
hotel nyaman breakfast enak dan lengkap,hotel nyaman sarap enak lengkap,2,positif,positif
sudah menginap disini stafnya ramah ramah kamar nyaman dekorasinya sangat unik bikin betah,inap sini staf ramah ramah kamar nyaman dekorasi sangat unik bikin betah,2,positif,positif
sangat nyaman kamar bersih makanan sangat enak,sangat nyaman kamar bersih makan sangat enak,2,positif,positif
nice stay kamar bersih nyaman sarapan enak dan staff lena veronica sangat membantu,nice stay kamar bersih nyaman sarap enak staff veronica sangat bantu,2,positif,positif
pelayananya bagus makanan enak semua recomen buat stay casion di grand mercure yogyakarta,pelayananya bagus makan enak semua recomen stay casion grand mercure yogyakarta,2,positif,positif
layanan the best room jg luas dan lengkap yang paling penting lokasi starategis dan makanannya enak enak semua recommended buat stay selama liburan di jogja,layan room luas lengkap paling penting lokasi starategis makan enak enak semua rekomendasi stay lama libur jogja,2,positif,positif
pengalaman menginap yang bagus ditambah breakfast yang luar biasa lengkap dan lezat,alam inap bagus tambah sarap luar biasa lengkap lezat,2,positif,positif
kamarnya nyaman pilihan menu sarapannya banyak sekali,kamar nyaman pilih menu sarap banyak sekali,2,positif,positif
sarapan nya sangat lezat dibantu train lena lena nya sangat baik dan ramah,sarap sangat lezat bantu train sangat baik ramah,2,positif,positif
kamar yang nyaman dengan menu makan yang enak di lidah kolam renang juga buat anak senang berlibur di sini,kamar nyaman menu makan enak lidah kolam renang senang libur sini,2,positif,positif
nyaman makanan enak dan bervariasi,nyaman makan enak variasi,2,positif,positif
hotel bintang di jogja tempatnya nyaman pelayanan oke kamar bersih makanannya enak deket ke mana mana,hotel bintang jogja tempat nyaman layan baik kamar bersih makan enak deket mana mana,2,positif,positif
sarapan ok mba silvia prlayanannya ok,sarap baik prlayanannya baik,2,positif,positif
layanan bagus makanan enak selera nusantara,layan bagus makan enak selera nusantara,2,positif,positif
breakfast lengkap dan sangat enak pelayanan mbak lena juga baik,sarap lengkap sangat enak layan baik,2,positif,positif
ukuran kamarnya luas dan ada balkonnya kasur empuk dan bersih jd nyaman bgt nginep di hotel ini,ukur kamar luas balkon kasur empuk bersih nyaman banget nginep hotel,2,positif,positif
pelayanan sangat baik kamar ok makanan sarapan baik,layan sangat baik kamar baik makan sarap baik,2,positif,positif
pelayanan oke dapet upgrade kamar pula tempat strategis dan overall recommended,layan baik dapat upgrade kamar pula tempat strategis semua rekomendasi,2,positif,positif
untuk hotelnya ok dan nyaman bersih dengan pelayanan nya bagus dan sangat memuaskan untuk menu sarapan nya lumayan enak dan banyak over all memuaskan,hotel baik nyaman bersih layan bagus sangat muas menu sarap lumayan enak banyak over all muas,2,positif,positif
kedua kalinya menginap hotel grand mercure yogyakarta adisucipto dengan sangat nyaman kamar sangat bersih dan rapih untuk restonya menyedikan banyak pilihan makanan dan semuanya enak,dua kali inap hotel grand mercure yogyakarta adisucipto sangat nyaman kamar sangat bersih rapih restonya dik banyak pilih makan semua enak,2,positif,positif
untuk sarapannya sangat enak dibantu oleh lena,sarap sangat enak bantu oleh,2,positif,positif
untuk restoran menu sangat lengkap dan bersih staf ramah saya sambut dengan mbak thania terimakasih,restoran menu sangat lengkap bersih staf ramah sambut terimakasih,2,positif,positif
update sudah ada improvement makanan ok kamar ok,update improvement makan baik kamar baik,2,positif,positif
sarapannya oke kamarnya juga bagus servicenya oke recommended,sarap baik kamar bagus servicenya baik rekomendasi,2,positif,positif
makanannya enak cocok mantap pelayanannya juga ramah,makan enak cocok mantap layan ramah,2,positif,positif
sarapan nya enak dan banyak varian pelayanan staf sangat ramah khusus nya mba salma terima kasih,sarap enak banyak varian layan staf sangat ramah khusus salma terima kasih,2,positif,positif
breakfast nya enak dilayani dengan baik oleh mbak silvia,sarap enak layan baik oleh,2,positif,positif
untuk makanannya sangat bervariasiii mulai dari makanan berattt sampai dessertt adaaa dann enakk jugaa makanannya,makan sangat variasi mulai makan berat sampai dessertt dann enak jugaa makan,2,positif,positif
hotel yang sangatt bagus pelayanannya ramah terutama untuk staff nya sangatt bagus sekalii the best lahh pokoknya,hotel sangat bagus layan ramah utama staff sangat bagus sekali pokok,2,positif,positif
menu sarapannya enakkkkkk dibantu pelayanan oleh kak lena,menu sarap enak bantu layan oleh,2,positif,positif
salad enak bubur ayam enak,salad enak bubur ayam enak,2,positif,positif
nyaman dan menu resto nya enak,nyaman menu resto enak,2,positif,positif
pelayanan sangat bagus,layan sangat bagus,2,positif,positif
kamar nya bersih pelayanan nya ramah dan menu breakfast nya banyak dan enak top bgttt,kamar bersih layan ramah menu sarap banyak enak top bgt,2,positif,positif
varian makanan banyak dan lengkap rasanya enak untuk pelayanan nya sangat baik dan juga ramah,varian makan banyak lengkap rasa enak layan sangat baik ramah,2,positif,positif
rasa sarapan di hotel grand marcure pagi ini luar biasa mb lena melayani kami dengan baik sekali,rasa sarap hotel grand marcure pagi luar biasa layan baik sekali,2,positif,positif
pengalaman menyenangkan makan pagi di sini dilayani mb silkia best pelayanannya,alam senang makan pagi sini layan silkia layan,2,positif,positif
thank you sudah memberikan pelayanan yang baik kalau kamar jangan di tanya lagi kualitasnya strategi ke tempat wisata sangat strategis aman nyaman dan enak,terimakasih you beri layan baik kalau kamar jangan tanya lagi kualitas strategi tempat wisata sangat strategis aman nyaman enak,1,netral,positif
cukup menyenangkan untuk sarapan standar menunya cukup variatif staffnya baik dan ramah anak,cukup senang sarap standar menu cukup variatif staffnya baik ramah,2,positif,positif
lokasi pusat kota dan pelayanan yang sangat ramah terutama di restonya makanannya ga ada yg failed menurut saya,lokasi pusat kota layan sangat ramah utama restonya makan failed turut,2,positif,positif
hotel bintang yang worth it bangett aku sangat merekomendasikan hotel ini mau buat liburan bareng keluarga temen kantor atau apapun ituuu kamarnya bersihh luasss pelayanannya jempolll bangett makanannya juga enak enakkk recommended,hotel bintang worth it banget sangat rekomendasi hotel libur bareng keluarga temen kantor apa kamar bersihh luas layan jempol banget makan enak enak rekomendasi,2,positif,positif
kamarnya bagus pelayanannya bagus stafnya ramah dan makananya enak bervariasi,kamar bagus layan bagus staf ramah makananya enak variasi,2,positif,positif
kamar bersih pelayanan saat check in cepat room service memuaskan menu sarapan bervariasi rasanya enak dan lokasi strategis,kamar bersih layan saat check in cepat room service muas menu sarap variasi rasa enak lokasi strategis,1,netral,positif
pelayanan nya oke makanan nya enak beberapa kali bukber di hotel jogja menurut ku ini rasanya palingg worth it sukakk,layan baik makan enak beberapa kali buka sama hotel jogja turut rasa palingg worth it suka,2,positif,positif
overall untuk pelayanan hotel sudah oke mulai dr welcome drink hingga layanan di ballroom dan resto,semua layan hotel baik mulai drink hingga layan ballroom resto,2,positif,positif
lokasi hotel strategis dan mudah dijangkau dekat dengan bandara adi sucipto hotel yang bagus dengan pelayanan terbaik bernuansa candi borobudur kamar yang nyaman untuk beristirahat ada ruang pertemuan yang besar dengan berbagai,lokasi hotel strategis mudah jangkau dekat bandara adi sucipto hotel bagus layan baik nuansa candi borobudur kamar nyaman istirahat ruang temu besar bagai,2,positif,positif
pelayanan baik dan ramah untuk menu restoran bintang,layan baik ramah menu restoran bintang,2,positif,positif
kamar nya sangat bersih dan sarapan nya lengkap dan juga enak,kamar sangat bersih sarap lengkap enak,2,positif,positif
pertama kali menginap disini pelayanan dan fasilitas hotel sangat excellent semua staff ramah hotel bersih sangat nyaman,pertama kali inap sini layan fasilitas hotel sangat excellent semua staff ramah hotel bersih sangat nyaman,2,positif,positif
sangat ramah pelayannya sarapan pagi nya menu sangat komplit lezat semua menunya,sangat ramah layan sarap pagi menu sangat komplit lezat semua menu,2,positif,positif
untuk pelayanananya sangat memuaskan dan makanannya sangat mantap dan enak sekali,pelayanananya sangat muas makan sangat mantap enak sekali,2,positif,positif
pelayanannya oke bangett kamarnya nyaman the best,layan baik banget kamar nyaman,2,positif,positif
kamar enak bersih pelayanan ok banget,kamar enak bersih layan baik banget,2,positif,positif
breakfast nya cocok sekali enak dan lengkap servisnya oke dibantu mba lena terbaik,sarap cocok sekali enak lengkap servis baik bantu baik,2,positif,positif
for all pelayanannya bagus sekali kamar oke dan breakfast enak lengkap terima kasih untuk mba lena untuk service excellent nya sewaktu di resto,for all layan bagus sekali kamar baik sarap enak lengkap terima kasih service excellent waktu resto,2,positif,positif
overall oke nyaman dan sarapannya enak,semua baik nyaman sarap enak,2,positif,positif
breakfastnya enak banget pelayananya ramah banget sm mb lena,breakfast enak banget pelayananya ramah banget,2,positif,positif
makanan enak dan banyak variasi dan untuk pelayanan memuaskan ramah serta sopan,makan enak banyak variasi layan muas ramah sopan,2,positif,positif
salma sbg pelayan sangat bahus dlm melayani kita kamar tempat makan sangat tepresentatif saya dah kali,salma sbg layan sangat bahus dlm layan kamar tempat makan sangat tepresentatif dah kali,2,positif,positif
halal bihalal kali ini pake venue di hotel ini mulai dari f b dan ruangan its all good semua disediakan dengan sangat baik sukaaaak,halal bihalal kali pake venue hotel mulai ruang its all good semua sedia sangat baik sukak,2,positif,positif
room spacious breakfast lengkap ada gudeg dan mie ayam swimming pool jg oke pelayanan ramah,room spacious sarap lengkap gudeg mie ayam swimming baik layan ramah,2,positif,positif
kamar sangat luar biasa pelayanan semua dengan ramah serta lokasinya dekat dgn perbelanjaan semoga selalu melayani dgn hati terus dan rejekinya mengalir terus dan berkah,kamar sangat luar biasa layan semua ramah lokasi dekat belanja moga selalu layan hati terus rejekinya alir terus berkah,2,positif,positif
kamar luas dan bersih sarapan enak banyak pilihan semua staf hotel ramah lokasi hotel dekat pusat perbelanjaan klo ke jogja pasti nginap lagi disini,kamar luas bersih sarap enak banyak pilih semua staf hotel ramah lokasi hotel dekat pusat belanja kalau jogja pasti nginap lagi sini,2,positif,positif
kamar oke sesuai ekspektasi pelayanan sigap dan staff sangat membantu terima kasih,kamar baik sesuai ekspektasi layan sigap staff sangat bantu terima kasih,2,positif,positif
nice place to stay in jogja kamar cukup luas proses check in check out cepat menu breakfast ok bervariasi tiap harinya tapi tolong petugas di area breakfast ditambah krn buat bersihin meja harus nunggu lama kolam renang cukup luas,nice place to stay in jogja kamar cukup luas proses check in check out cepat menu sarap baik variasi tiap hari tolong tugas area sarap tambah bersihin meja harus nunggu lama kolam renang cukup luas,0,negatif,positif
lokasi sangat strategis dekat mall dan pusat perbelanjaan fasilitas nya sangat bagus kamar bersih makanan nya enak dan banyak variasi pelayananannya juga oke banget karyawan ramah dan helpfull,lokasi sangat strategis dekat mall pusat belanja fasilitas sangat bagus kamar bersih makan enak banyak variasi pelayananannya baik banget karyawan ramah helpfull,2,positif,positif
tempat di jalan utama mudah diakses didepan hotel banyak toko dan juga angkringan dekat dengan rumah sakit pelayanan baik kamar bersih ruang pertemuan besar dan bersih makanan sangat beragam dan selalu ada menu sup hangat,tempat jalan utama mudah akses depan hotel banyak toko angkring dekat rumah sakit layan baik kamar bersih ruang temu besar bersih makan sangat agam selalu menu sup hangat,2,positif,positif
all the best terutama waitress kak silkia di grand mercure yogya adisucipto pelayanannya the best ramah dan sigap dalam pelayanannya,all utama waitress silkia grand mercure yogya adisucipto layan ramah sigap layan,2,positif,positif
pelayanan baik rasa masakan enak sarannya menu tiap harinya bisa lebih variatif,layan baik rasa masakan enak saran menu tiap hari bisa lebih variatif,2,positif,positif
sarapan lengkap hanya kurang dimsum semua sdh ok maaf di kamar kurang sedikit terang kalu berhias hrs ke kmr mandi yg lebih terang padahal kamar mandi dipakai perlu ada sisir di tdk ada overall semua ok,sarap lengkap hanya kurang dimsum semua baik maaf kamar kurang sedikit terang kalu hias hrs kamar mandi lebih terang padahal kamar mandi pakai perlu sisir semua semua baik,0,negatif,netral
menu sarapan rasanya enak enak ada banyak pilihan menu mantap mb lena,menu sarap rasa enak enak banyak pilih menu mantap,2,positif,positif
terimakasih layanan hotel yang bagus sarapan dilayani mba nur anak magang dari lombok,terimakasih layan hotel bagus sarap layan magang lombok,2,positif,positif
breakfast nya enak komplit,sarap enak komplit,2,positif,positif
kamar nyaman pelayana ramah dan makanan enak positif lainnya lokasi berada ditengah kota dan mudah untuk dijangkau,kamar nyaman pelayana ramah makan enak positif lain lokasi ada tengah kota mudah jangkau,2,positif,positif
room service nya oke makanannya enak semua cendolnya recommended,room service baik makan enak semua cendol rekomendasi,2,positif,positif
cukup bagus n biasanya selama di yogya pilihan htl grand mercure fasilitas n pelayanan ok utk restourant pelayanan oleh sdri lena sangat baik terus maju grand mercure,cukup bagus biasa lama yogya pilih htl grand mercure fasilitas layan baik restourant layan oleh sdri sangat baik terus maju grand mercure,2,positif,positif
sarapannya worhted banget semua lezat varian menunya lengkap rasanya mengakomodasi semua selera pelayanan luar biasa ruang meeting nyaman,sarap worhted banget semua lezat varian menu lengkap rasa akomodasi semua selera layan luar biasa ruang meeting nyaman,2,positif,positif
pelayanan di restorannya ramah dan makanannya enakk,layan restoran ramah makan enak,2,positif,positif
enak menu restorannya tapi kamarnya mungkin perlu revisi ulang agar tambah bagus dan bersih dan lampu penerangan kurang terang,enak menu restoran kamar mungkin perlu revisi ulang tambah bagus bersih lampu terang kurang terang,0,negatif,negatif
pelayanan sangar ramah tanpa adanya pegawai yang handal hotel ini tidak akan jadi sesempurna ini recommended buat yang mau ke yogjakarta,layan sangar ramah tanpa ada pegawai handal hotel sempurna rekomendasi yogyakarta,2,positif,positif
tempetnya oke kamarnya bersih harganya juga murah nuansa jogja nya dapet bnget best si,tempetnya baik kamar bersih harga murah nuansa jogja dapat banget,2,positif,positif
sarapannya enak lokasi strategis dibantu oleh citra pelayanan baik,sarap enak lokasi strategis bantu oleh citra layan baik,2,positif,positif
pengalaman yang mengesankan pelayanannya ramah mantap baru kali ini dapet pelayanan yang bagus lebih bagus dari hotel laiinya,alam kesan layan ramah mantap baru kali dapat layan bagus lebih bagus hotel lai,2,positif,positif
hotel yg nyaman sekali kasur bantal empuk dan ada gulingnya sangat nyaman tidurnya sarapan menu macam enak staff hotelnya ramah dan semua ruangan wangi bersih top pokoknya jangan ragu untuk menginap dihotel ini terimakasih untuk semuanya kami sangat senang dan nyaman menginap disini,hotel nyaman sekali kasur bantal empuk guling sangat nyaman tidur sarap menu macam enak staff hotel ramah semua ruang wangi bersih top pokok jangan ragu inap hotel terimakasih semua sangat senang nyaman inap sini,2,positif,positif
pelayanan sangat baik pegawainya ramha menawarkan pelayanan makanan dan sangat profesional terbaik pokoknya sangat direkomendasikan menginap disini,layan sangat baik pegawai ramha tawar layan makan sangat profesional baik pokok sangat rekomendasi inap sini,2,positif,positif
menu sarapan sangat bervariasi kamar sangat bersih unik furniture pengkap,menu sarap sangat variasi kamar sangat bersih unik furniture lengkap,2,positif,positif
sarapan paginya sangat enak dan layanan atas nama fifin baik dan ramah saya sangat puas,sarap pagi sangat enak layan atas nama baik ramah sangat puas,2,positif,positif
makanan dan minuman nya banyak banget pelayanannya juga juga bagus terutama mbak devita,makan minum banyak banget layan bagus utama,2,positif,positif
mbak tania pelayanan ramah sangat sigap menu breakfast enak tempat nyaman dan rapi,layan ramah sangat sigap menu sarap enak tempat nyaman rapi,2,positif,positif
saya menginap malam disini kamarnya cukup baik dengan rate harga nya namun tidak juga dengan kamar mandinya breakfast variasi menunya yang menurut saya bagus namun tidak dengan ikannya lokasi hotel ini sangat strategis sehingga saya,inap malam sini kamar cukup baik rate harga namun kamar mandi sarap variasi menu turut bagus namun ikan lokasi hotel sangat strategis sehingga,1,netral,netral
lokasi di tengah kota dekat kemana menu sarapan lengkap dan variatif mulai dari western breakfast sampai makanan tradisional termasuk jamu dan jajanannya worth to try,lokasi tengah kota dekat mana menu sarap lengkap variatif mulai western sarap sampai makan tradisional masuk jamu jajan worth to try,2,positif,positif
kamarnya bagus makanan direstaurannya enak,kamar bagus makan direstaurannya enak,2,positif,positif
untuk makananya enak semua untuk kamar dan pelayanannya ramah betah menginap sendiri dibantu oleh trainingnya mbak lena,makananya enak semua kamar layan ramah betah inap sendiri bantu oleh trainingnya,2,positif,positif
excelent room kamarnya bagus breakfast nya enak ada makanan jawa,excelent room kamar bagus sarap enak makan jawa,2,positif,positif
penyajiannya baik pelayanannya ramah makanannya banyak pilihan dan enak tempatnya nyaman viewnya bagus ramah buat anak anak,saji baik layan ramah makan banyak pilih enak tempat nyaman viewnya bagus ramah,2,positif,positif
kamar yang nyaman ruang meeting besar dan yang paling suka breakfast nya semua enak banget,kamar nyaman ruang meeting besar paling suka sarap semua enak banget,2,positif,positif
saya member dari accor plus yang sudah berlanggana bertahun tetapi disaat saya pesan melalui aplikasi tanpa disadari saya memesan menggunakan yang stay plus dan sesudah saya sadari saya memakai stayplus maka saya mengcancel pesanan,member accor plus berlanggana tahun tetapi saat pesan lalu aplikasi tanpa sadar mes guna stay plus sudah sadar pakai stayplus mengcancel pesan,0,negatif,netral
menu nya breakfast enak dan lengkap,menu sarap enak lengkap,2,positif,positif
hotel enak dan lokasinya ditengah kota kemana deket kamarnya nyaman pelayan semua ok makanannya variatif dan enak yuuk liburan nginep di grand marcure,hotel enak lokasi tengah kota mana deket kamar nyaman layan semua baik makan variatif enak libur nginep grand marcure,2,positif,positif
sambel lalapan mbok mi enak makanan juga banyak pilihanya pelayanan sangat bagus disini harus dipertahankan the best grand mercure,sambel lalap mbok mi enak makan banyak pilihanya layan sangat bagus sini harus tahan grand mercure,2,positif,positif
staff nya sangat helfull terutama mba aztuti mba nur makanan enak kamarnya bersih luas,staff sangat helfull utama makan enak kamar bersih luas,2,positif,positif
interiornya bagus bgt hotelnya nyaman makanannya lumayan enak,interior bagus banget hotel nyaman makan lumayan enak,2,positif,positif
senang sekali saya menginap disini,senang sekali inap sini,2,positif,positif
berkesempatan di hotel ini hari hari pertama dan kedua sy menikmati dari pelayanan dan sajiannya semoga hari tiga dan keempat juga bisa menikmati lagi,sempat hotel hari hari pertama dua nikmat layan saji moga hari tiga empat bisa nikmat lagi,2,positif,positif
pelayanannya oke viewnya keren,layan baik viewnya keren,2,positif,positif
pelayanan ramah lokasi menawarkan nuasa jogja dengan tingkat kebersihan baik lokasi strategis untuk mengakses ke dalam kota pilihan makanan bervariasi dan kreatif dalam rolling menu,layan ramah lokasi tawar nuasa jogja tingkat bersih baik lokasi strategis akses kota pilih makan variasi kreatif rolling menu,2,positif,positif
untuk sarapan sangat bervariatif kamar bersih dan sangat nyaman untuk pelayanan thania sangat ramah dan baik,sarap sangat variatif kamar bersih sangat nyaman layan sangat ramah baik,2,positif,positif
pengalaman menginap yang mengesankan reservasi yang mudah staf yang ramah serta servis yang memanjakan tamu terimakasih recommended,alam inap kesan reservasi mudah staf ramah servis manja tamu terimakasih rekomendasi,2,positif,positif
bagus hotel pemandangannya pegunungan dan sarapan enak,bagus hotel pandang gunung sarap enak,2,positif,positif
good semuanya staffnya juga ok dan membantu,good semua staffnya baik bantu,2,positif,positif
hotelnya bagus kamar ok makanan enak dan lengkap pelayanan baik di resepsionis dan restoran juga baik excellence,hotel bagus kamar baik makan enak lengkap layan baik resepsionis restoran baik excellence,2,positif,positif
bagus sekali pelayanan di hotel ini lokasi strategis mudah dijangkau dan menunya worth it,bagus sekali layan hotel lokasi strategis mudah jangkau menu worth it,2,positif,positif
breakfast nya enak kamar rapi pelaganan sangat baik ada kolam renang yg luas,sarap enak kamar rapi lagan sangat baik kolam renang luas,2,positif,positif
menu sarapannya lengkap bgt petugas pelayannya juga baik baik kamar bersih nyaman,menu sarap lengkap banget tugas layan baik baik kamar bersih nyaman,2,positif,positif
,,2,positif,netral
tempat yang sangat indah untuk istirahat dilengkapi dg furniture yang estetik dan lagi dekat ke malioboro kita seperti sedang berwisata pokoknya recommended banget,tempat sangat indah istirahat lengkap furniture estetik lagi dekat malioboro seperti sedang wisata pokok rekomendasi banget,2,positif,positif
lokasi strategis pelayanan bagus,lokasi strategis layan bagus,2,positif,positif
kamar seeh luas ya pelayanannya juga ramah dan gercep lokasi juga dekat dgn minimarket sayang makanannya masih kurang beragam dan rasanya tdk terlalu wah pengen ambil lagi,kamar seeh luas layan ramah gercep lokasi dekat minimarket sayang makan masih kurang agam rasa terlalu wah ken ambil lagi,0,negatif,positif
pelayanan staff fifin baik dan ramah breakfastnya juga enak recommended buat yang mau nginap di jogja,layan staff baik ramah breakfast enak rekomendasi nginap jogja,2,positif,positif
pelayanan yang sangat baik serta prasmanan yang bgitu menarik dan nyaman,layan sangat baik prasmanan bgitu tarik nyaman,2,positif,positif
mungkin masukan untuk customer service bagian reservasi lewat telepon juli sekitar jam untuk jawaban atas pernyataan yaitu kita telpon untuk menanyakan harga kamar permalam harga kamar start from rb sedangkan di telpon,mungkin masuk customer service bagi reservasi lewat telepon juli sekitar jam jawab atas nyata telpon tanya harga kamar malam harga kamar start from rb sedang telpon,0,negatif,netral
makanan oke banyak pilihan mulai dari yg tradisional sampai western kamar oke bersih pelayanan mantep,makan baik banyak pilih mulai tradisional sampai western kamar baik bersih layan mantep,2,positif,positif
alhamdulillah ngangeni bermalam di grand mercure yogya selalu mampir tiap ke yogya sukses selalu grand mercure,alhamdulillah ngangeni malam grand mercure yogya selalu mampir tiap yogya sukses selalu grand mercure,2,positif,positif
hotelnya bersih makanan oke suasana juga okee banget pelayanan mantaaap untuk reception mbak endah anda luar biasa sangat membantu responsif ramah dan yang paling penting sangat sabar good job,hotel bersih makan baik suasana okee banget layan mantap reception endah luar biasa sangat bantu responsif ramah paling penting sangat sabar good job,2,positif,positif
nyaman seru bersih breakfast lengkao,nyaman seru bersih sarap lengkao,2,positif,positif
tersedia guling dan bantal kecil sehingga tidur lebih nyenyak dan tenang,sedia guling bantal sehingga tidur lebih nyenyak tenang,2,positif,positif
menunya lengkap banget top dahh,menu lengkap banget top dahh,2,positif,positif
kedua xnya nginap disini nyaman menginap disini kamar bersih,dua xnya nginap sini nyaman inap sini kamar bersih,2,positif,positif
sarapannya enak lengkap ada gudeg juga kamar nyaman spacious bersih petugas jg ramah,sarap enak lengkap gudeg kamar nyaman spacious bersih tugas ramah,2,positif,positif
breakfast nya enak,sarap enak,2,positif,positif
sarapan bagus karena rasa sesuai dan banyak variasi,sarap bagus rasa sesuai banyak variasi,2,positif,positif
atas nama silkia dari unit restoran breakfast sangat ramah dan membantu,atas nama silkia unit restoran sarap sangat ramah bantu,2,positif,positif
pelayanannya sangat baik dan bagus serta makanannya recomended,layan sangat baik bagus makan recomended,2,positif,positif
sarapan paginya sangat puas dan enak layanan atas nama fifin,sarap pagi sangat puas enak layan atas nama,2,positif,positif
sarapan disini sgt bervariasi rekomended sotonya seger bgt,sarap sini sgt variasi rekomended soto seger banget,2,positif,positif
pilihan tepat untuk buka bersama di jogja harga terjangkau pelayanan ramah menu variatif tidak seramai iftar di tempat lain jd masih nyaman,pilih tepat buka sama jogja harga jangkau layan ramah menu variatif serama iftar tempat lain masih nyaman,2,positif,positif
hotel nya bersih dan semua pelayanan ny best banget makanan ny juga enak jadi pengen kembali lagi kehotel ini dilain waktu thankyou grandmercure,hotel bersih semua layan banget makan enak ken kembali lagi hotel lain waktu thankyou grandmercure,2,positif,positif
overall semuanya bagus makanan cukup enak pelayanan memuaskan,semua semua bagus makan cukup enak layan muas,2,positif,positif
room nya bersih rapi dan wangi untuk breakfast nyaa banyak pilihan nyaa enak semuaa sampe bingung pokoknyaa terbaikkk terima kasih pelayanannya sangat ramah,room bersih rapi wangi sarap nyaa banyak pilih nyaa enak semuaa sampe bingung pokoknyaa baik terima kasih layan sangat ramah,2,positif,positif
breakfastnya lengkap enak variatif,breakfast lengkap enak variatif,2,positif,positif
makanan di restoran enak pelayanan oleh wina pasya erwanda juga sangat ramah dan sangat membantu dan sangat cocok untuk yang ingin ber liburan,makan restoran enak layan oleh wina pasya erwanda sangat ramah sangat bantu sangat cocok ingin ber libur,2,positif,positif
sarapannya luar biasa god job ramah sekali karyawannya adeeemmmmm pokoknya kereennn,sarap luar biasa god job ramah sekali karyawannya adem pokok kereen,2,positif,positif
sarapan pagi sangat memuaskan dan sangat enak enak dan layanan atas nama fifin sangat baik dan cepat,sarap pagi sangat muas sangat enak enak layan atas nama sangat baik cepat,2,positif,positif
belum ada keluhan yg berarti ketika menginap disini desain interiornya menarik mencerminkan khas daerah jogja terkesan dengan penggunaan gelas kaca untuk air mineral kegiatan meeting sudah tidak menggunakan air minum kemasan botol,belum keluh arti ketika inap sini desain interior tarik cermin khas daerah jogja kes guna gelas kaca air mineral giat meeting guna air minum kemas botol,0,negatif,positif
hotel dgn pelayanan yang baik hospitality sangat baik dari semua staff secara umum ini hotel yang luar biasa strategis dan nyaman terimakasih service ya luar biasa,hotel layan baik hospitality sangat baik semua staff cara umum hotel luar biasa strategis nyaman terimakasih service luar biasa,2,positif,positif
fasilitas nyaman sarapan paginya oke banget pelayanannya helpfull dengan devita,fasilitas nyaman sarap pagi baik banget layan helpfull,2,positif,positif
menu sarapanya enak,menu sarapanya enak,2,positif,positif
pelayanan sangat baik makanannya enak kamarnya sangat nyaman,layan sangat baik makan enak kamar sangat nyaman,2,positif,positif
pelayananx bagus baik makanannyabjuga enak kamarx rapi,pelayananx bagus baik makanannyabjuga enak kamarx rapi,2,positif,positif
pelayanannya ok suasananya nyaman pelayanan kak meyriska makannya enak,layan baik suasana nyaman layan meyriska makan enak,2,positif,positif
terbaikk kamar nyaman ballroom luas bagus dan makanan nya enak sangat rekomended utk liburan maupun acara resmi nice hotel,terbaikk kamar nyaman ballroom luas bagus makan enak sangat rekomended libur maupun acara resmi nice hotel,2,positif,positif
tempatnya nyaman makanannya enak mantappp,tempat nyaman makan enak mantap,2,positif,positif
tempat bersih dan nyaman untuk makanan cukup enak pelayanan yg diberikan sangat ramah serta lokasi hotel ini sangat strategis karena dengan area wisata dan kot,tempat bersih nyaman makan cukup enak layan beri sangat ramah lokasi hotel sangat strategis area wisata kot,2,positif,positif
untuk dinner nya enak sekali untuk kikil mercon sangat enak dan bumbunya medok sekali untuk bajigur tidal begitu terasa jaheny tp ttp enak semua pelayanan baik di resto maupun di kamarnya semua baik,dinner enak sekali kikil mercon sangat enak bumbu medok sekali bajigur tidal begitu asa jaheny ttp enak semua layan baik resto maupun kamar semua baik,2,positif,positif
makanan nya enak semua pelayanan terbaik dan ramah,makan enak semua layan baik ramah,2,positif,positif
enak banget nginep di sini posisi dekat kemana mana strategis pelayanan juga baik sarapan sih enak hehehehe hari yang menyenangkan selama di jogja,enak banget nginep sini posisi dekat mana mana strategis layan baik sarap enak hehehehe hari senang lama jogja,2,positif,positif
pelayanannya bagus ramah makanannya enak enak tempatnya nyaman,layan bagus ramah makan enak enak tempat nyaman,2,positif,positif
tempat yg cukup nyaman untuk menginap sarapan cukup variatif overall ok,tempat cukup nyaman inap sarap cukup variatif semua baik,2,positif,positif
indonesian baru saja menginap di hotel grand mercure dan sangat terkesan dengan pengalaman makan siang di restoran hotel makanan yang disajikan sangat bervariasi dan,indonesian baru inap hotel grand mercure sangat kes alam makan siang restoran hotel makan saji sangat variasi,2,positif,positif
sarapan nya luar biasa mba lena,sarap luar biasa,2,positif,positif
sarapan nya menarik dan restoran bersih pelayanan memuaskan pelayanan kak tania nya juga sangat baik dan bagus,sarap tarik restoran bersih layan muas layan sangat baik bagus,2,positif,positif
terimakasih kak lena layanan sarapannya keren terimakasih,terimakasih layan sarap keren terimakasih,2,positif,positif
silvia menyenangkan dan ramah,senang ramah,2,positif,positif
sugeng rawuh ning jogja temans pengalaman pertama stay di grand mercure yogya overall menyenangkan,sugeng rawuh ning jogja temans alam pertama stay grand mercure yogya semua senang,2,positif,positif
pengalaman memuaskan menginap di hotel mercure ini kamar yang bersih dan nyaman makanan yang enak dan pelayanan para staff yan ramah dan cekatan sangat disarankan untuk menginap disini ketika liburan dijogja terima masih hotel mercure,alam muas inap hotel mercure kamar bersih nyaman makan enak layan staff yan ramah cekat sangat saran inap sini ketika libur dijogja terima masih hotel mercure,2,positif,positif
breakfastnya okee,breakfast okee,2,positif,positif
pelayanan semua ramah dan baik makanan tidak diragukan lagi semua menu enak kebersihan terjaga hotel pilihan untuk liburan di yogyakarta,layan semua ramah baik makan ragu lagi semua menu enak bersih jaga hotel pilih libur yogyakarta,2,positif,positif
ini momen kedua saya ke jogja yang dimana mendapatkan pengalaman yang seru dengan menginap di hotel ini pelayanan nya luar biasa bangat semua staff nya baik banget dan ada satu staff,momen dua jogja mana dapat alam seru inap hotel layan luar biasa bangat semua staff baik banget satu staff,2,positif,positif
cukup puas dengan menu breakfast pelayanan ramah bu silvia sangat murah senyum dan baik pelayanannya kepada customer,cukup puas menu sarap layan ramah bu sangat murah senyum baik layan kepada customer,2,positif,positif
kamarnya nyaman fasilitas bagus sarapan enak,kamar nyaman fasilitas bagus sarap enak,2,positif,positif
breakfastnya pilihan menu nya sangat veriatif dan bnyk dan staff nya ramah apa lgi yg namanya mba rosvina melayani dengan baik dan sepenuh hati all the best untuk grand mercure jogja sukses selalu,breakfast pilih menu sangat veriatif banyak staff ramah apa lgi nama rosvina layan baik sepenuh hati all grand mercure jogja sukses selalu,2,positif,positif
saya bukber pertama kali disini pelayanan sangat ramah apalagi dengan mba andini sangat ramah dalam melayani,buka sama pertama kali sini layan sangat ramah apalagi andini sangat ramah layan,2,positif,positif
makanan sarapan nya enak enak dan lengkap segala ada pelayananan bagus dan tepat waktu sebelum jam sudah ready menerima tamu pokoknya mah maknyusss deh,makan sarap enak enak lengkap segala pelayananan bagus tepat waktu belum jam ready terima tamu pokok mah maknyus,0,negatif,positif
alhamdulillah berkesempatan menginap di hotel grand mercure yogyakarta sangat nyaman tempat strategis menu breakfast cukup lengkap kamar nyaman staf ramah,alhamdulillah sempat inap hotel grand mercure yogyakarta sangat nyaman tempat strategis menu sarap cukup lengkap kamar nyaman staf ramah,2,positif,positif
makanannya enak di lidah orang lokal servisnya waktu coffee break malah disediakan box untuk wadah kuenya krn hbs penutupan acara semua pada mau segera ke kmr utk istirahat itu istimewanya grand mercure,makan enak lidah orang lokal servis waktu coffee break malah sedia box wadah kue hbs tutup acara semua segera kamar istirahat istimewa grand mercure,0,negatif,positif
makanan bervariasi ada tradisioanal western rasa jamu khas dan enak ruangan bersih paling ada bagian dekat pintu yg rusak,makan variasi tradisioanal western rasa jamu khas enak ruang bersih paling bagi dekat pintu rusak,2,positif,positif
kamar layanan dan lokasi ok menu makanan cocok di saya yg orang gresik mbak lena ramah banget bantu fotoin saya dan teman juga,kamar layan lokasi baik menu makan cocok orang gresik ramah banget bantu fotoin teman,2,positif,positif
pelayanan untuk makan siang an fifin oke,layan makan siang baik,2,positif,positif
selalu menginap kesini klau staycation di jogja pelayanannya baik ramah terutama staff saat sarapan kamar bersih lokasinya strategis,selalu inap kesini klau staycation jogja layan baik ramah utama staff saat sarap kamar bersih lokasi strategis,2,positif,positif
ke sini karena ada amanah internship th secara umum hotelnya nyaman pelayanannya baik ramah family friendly banget deh pokoknya recommended banget buat liburan keluarga mau staycation di sini juga oke banget,sini amanah internship th cara umum hotel nyaman layan baik ramah family friendly banget pokok rekomendasi banget libur keluarga staycation sini baik banget,2,positif,positif
sangat memuaskan sekali pelayanannya khususnya mba ega silkia resto nya makanan lengkap,sangat muas sekali layan khusus ega silkia resto makan lengkap,2,positif,positif
pelayanan di purple restorant sangat memuaskan dan nyaman suasana adem dan enak buat nyantai dan kumpul bareng keluarga makanan nya sangat enak dan mantap karena banyak berbagai makanan dan soup nya,layan purple restorant sangat muas nyaman suasana adem enak nyantai kumpul bareng keluarga makan sangat enak mantap banyak bagai makan soup,2,positif,positif
makanan enak bangett kamar bersih dan nyaman overall saya suka banget hotel ini,makan enak banget kamar bersih nyaman semua suka banget hotel,2,positif,positif
overall hotelnya bagus kamar lokasi makanan sarapannya mantul dekat kemana dan banyak makanan,semua hotel bagus kamar lokasi makan sarap mantul dekat mana banyak makan,2,positif,positif
pelayanan yang sangat bagus dengan kak silkia kamar bersih makanan banyak variannya recomendded,layan sangat bagus silkia kamar bersih makan banyak varian recomendded,2,positif,positif
makanan nga enak lokasi nya bersih pelayan nya sangat membantu di bantu oleh training lena,makan nga enak lokasi bersih layan sangat bantu bantu oleh training,2,positif,netral
sarapan nya enak makanan selalu hangat ada berbagai macam pilihan service jugaa helpful bgt dibantu dengan mba devita,sarap enak makan selalu hangat bagai macam pilih service jugaa helpful banget bantu,2,positif,positif
pelayanan nya prima pelayan nya ramah makanan ok kebersihan juga ok siiplah kalo ke jogja rekomen banget stay di hotel ini baik utk bisnis maupun staycation,layan prima layan ramah makan baik bersih baik siiplah kalau jogja rekomendasi banget stay hotel baik bisnis maupun staycation,2,positif,positif
pelayanan nya rmah baik sopan tempatnya nyaman bersihh rekomended buat menginap disini thanks pelayanan nyaa,layan rmah baik sopan tempat nyaman bersihh rekomended inap sini thanks layan nyaa,2,positif,positif
iftar di hotel ini bener bener oke banget pelayanannya bagus staffnya ramah makanannya enak dan variatif,iftar hotel bener bener baik banget layan bagus staffnya ramah makan enak variatif,2,positif,positif
salma untuk pengalaman menginap breakfast lengkap kamar nyaman lokasi hotel ditengah kota mudah akses ke lokasi lain,salma alam inap sarap lengkap kamar nyaman lokasi hotel tengah kota mudah akses lokasi lain,2,positif,positif
pelayanan super ramah dan baik makanan juga enak dan bermacam macam suka dengan pelayanan dengan mba nya si the best kalo ke jogja bakal mampir kesini lagi sii,layan super ramah baik makan enak macam macam suka layan kalau jogja bakal mampir kesini lagi sii,2,positif,positif
posisi strategis mau ke marlboro di dekat hotel sdh ada halte,posisi strategis marlboro dekat hotel halte,2,positif,netral
sarapannya enak banget menunya beragam dan fresh karyawannya juga ramah dibantu banget sama mbak lena,sarap enak banget menu agam fresh karyawannya ramah bantu banget sama,2,positif,positif
sangat nyaman tempat nya dan ramah pelayanannya the best,sangat nyaman tempat ramah layan,2,positif,positif
pelayanannya bagus fasilitas nya ok pokoknya best,layan bagus fasilitas baik pokok,2,positif,positif
layak dan menyenangkan untuk bermalam bersama keluarga di sini,layak senang malam sama keluarga sini,2,positif,positif
hotel dgn pelayanan yg bagus hospitality sangat baik dari semua staf sarapan enak dan bervariasi kamar bersih namun beberapa bagian furniture sudah perlu perbaikan dan penerangan redup bisa lebih ditingkatkan secara umum ini hotel yg luar biasa strategis dan nyaman terima kasih servicenya luar biasa,hotel layan bagus hospitality sangat baik semua staf sarap enak variasi kamar bersih namun beberapa bagi furniture perlu baik terang redup bisa lebih tingkat cara umum hotel luar biasa strategis nyaman terima kasih servicenya luar biasa,1,netral,positif
menginap d n lokasi strategis kamar tamu yang luas dibandingkan hotel bintang sejenis meski perlu ada peremajaan karena kesan tua masih terlihat staf hotel ramah mulai front liner petugas di restoran hingga housekeeper recommended,inap lokasi strategis kamar tamu luas banding hotel bintang jenis meski perlu remaja kesan tua masih lihat staf hotel ramah mulai front liner tugas restoran hingga housekeeper rekomendasi,1,netral,positif
overall semuanyaa worth it mulai dari pelayanan breakfast room service dll,semua semuanyaa worth it mulai layan sarap room service,2,positif,positif
pelayanan luar biasa staf ramah dan profesional kamar bersih mewah dan super nyaman fasilitas lengkap kolam renang gym dan sarapan semua top lokasi strategis suasana tenang pengalaman menginap yang memuaskan,layan luar biasa staf ramah profesional kamar bersih mewah super nyaman fasilitas lengkap kolam renang gym sarap semua top lokasi strategis suasana tenang alam inap muas,2,positif,positif
hotel yang nyaman dan pelayanannya sangat baik kamar bagus bersih dan wangi makanan yang disediakan sangat enak,hotel nyaman layan sangat baik kamar bagus bersih wangi makan sedia sangat enak,2,positif,positif
kalau ke yogya sering menginap disini makanan enak pelayanannya ramah nyaman,kalau yogya sering inap sini makan enak layan ramah nyaman,2,positif,positif
enak sekali untuk breakfast di grand mercure dari buffet dessert minuman komplit dan rasanya enak sekali service nya oke dan bagus dibantu oleh mba lena,enak sekali sarap grand mercure buffet dessert minum komplit rasa enak sekali service baik bagus bantu oleh,2,positif,positif
makanan ikan tepung agak keras minuman tidak menyediakan kopi saat diner buah melon tidak manis untuk lainnya bagus dan enak pelayanan bagus dan ramah,makan ikan tepung agak keras minum sedia kopi saat diner buah melon manis lain bagus enak layan bagus ramah,1,netral,netral
sarapan pagi ini sangat enak memuaskan,sarap pagi sangat enak muas,2,positif,positif
makanan enak sekali apalagi sub daging nya dan juga pelayanan pokoknya mantap,makan enak sekali apalagi sub daging layan pokok mantap,2,positif,positif
pelayanan di restorannya ramah makanan yang disajikan eunak,layan restoran ramah makan saji eunak,2,positif,positif
makanan nya enak tempat nya nyaman dan pelayanan nya okee,makan enak tempat nyaman layan okee,2,positif,positif
cozy place roomnya bersih adeem aminities nya lengkaapp staffnya ramah ramah bangett apalagi mba nalaa senyumnya maniss puooll,cozy place roomnya bersih adeem aminities lengkaapp staffnya ramah ramah banget apalagi nalaa senyum maniss puooll,2,positif,positif
makanan untuk bukber nya enak ragamnya bervariasi banyak macam yang bisa dipilih,makan buka sama enak ragam variasi banyak macam bisa pilih,2,positif,positif
makanannya enak semua kamarnya bersih dan pelayan mbak aztutikamariah ramah,makan enak semua kamar bersih layan aztutikamariah ramah,2,positif,positif
tempatnya strategis karena berada di dalam kota yogyakarta untuk pelayanan juga bagus sekali dibantu dengan training lady lena terimakasih,tempat strategis ada kota yogyakarta layan bagus sekali bantu training lady terimakasih,2,positif,positif
bangunannya bersih kamarnya bersih makananya enak viewnya bagus ada pelataran serasa di candi,bangun bersih kamar bersih makananya enak viewnya bagus latar serasa candi,2,positif,positif
kamarnya sangat bersih dan fasilitas yang lengkap,kamar sangat bersih fasilitas lengkap,2,positif,positif
good stay lobby hingga koridor kamar sangat wangi receptionist sangat ramah dan ringan tangan untuk membantu lokasi hotel cukup strategis tidak terlalu jauh dari pusat kota rasa makanan ketika sarapan juga sangat cocok di lidah dengan variasi yang sangat banyak,good stay lobby hingga koridor kamar sangat wangi receptionist sangat ramah ringan tangan bantu lokasi hotel cukup strategis terlalu jauh pusat kota rasa makan ketika sarap sangat cocok lidah variasi sangat banyak,1,netral,positif
pelayan ramah menyenangkan trimakasih kakak airin ojt semoga di terima,layan ramah senang terimakasih kakak airin ojt moga terima,2,positif,positif
dari kamar dan menu makanan semua sangat memuaskan banyak pilihan menu makanannya,kamar menu makan semua sangat muas banyak pilih menu makan,2,positif,positif
pelayanan sat set makna joss,layan sat set makna joss,2,positif,positif
menu sarapan dan penyajian bagus lokasi sarapan bagus krn bisa melihat gunung merapi kebersihan area sarapan bagus pelayanan bagus,menu sarap saji bagus lokasi sarap bagus bisa lihat gunung rapi bersih area sarap bagus layan bagus,2,positif,positif
meeting room sewu sangat nyaman mudah diakses makanan juga sangat enak sup ayam tofu nya enak banget es teler nya juga enak staff ramah dan sopan,meeting room sewu sangat nyaman mudah akses makan sangat enak sup ayam tofu enak banget es teler enak staff ramah sopan,2,positif,positif
pelayanan mbak meriska baik ramah makan enak nasgor ramah di lidah suasana nyaman pokonya mantaaap tenan,layan meriska baik ramah makan enak nasgor ramah lidah suasana nyaman poko mantap tenan,2,positif,positif
kamarnya nyaman pelayanan ramah dan lokasi cukup oke,kamar nyaman layan ramah lokasi cukup baik,2,positif,positif
silvia sarapan nya enak,sarap enak,2,positif,positif
hotelnya sangat menyenangkan dekat dengan pusat kota kamarnya bersih sajian di restoran enak menu juga bervariasi,hotel sangat senang dekat pusat kota kamar bersih saji restoran enak menu variasi,2,positif,positif
breakfast variatif menunya banyak enak kamar juga enak dinginn rame juga,sarap variatif menu banyak enak kamar enak dinginn rame,2,positif,positif
kebersihan hotel sangat bersih pelayanan sangat memuaskan untuk sarapan mewah dan nikmat di tambah ada room buat yg merokok,bersih hotel sangat bersih layan sangat muas sarap mewah nikmat tambah room rokok,2,positif,positif
ikan nya enak pas dan suasana nyaman,ikan enak pas suasana nyaman,2,positif,positif
hotel nya bagus karyawan nya ramah lokasi nya di tengah kota jadi mudah kalau mau cari lokasi wisata kamar nya mewah saya kurang beruntung karena mendapat kamar yg ac ny agak berdengung over all is exelence,hotel bagus karyawan ramah lokasi tengah kota mudah kalau cari lokasi wisata kamar mewah kurang untung dapat kamar ac agak dengung over all is exelence,0,negatif,positif
tempatnya keren dan suasananya juga bagus hiasan di setiap dindingnya buat kita ga bosen suasananya juga bikin adem selain itu pelayanan juga baik sekali para pekerja sangat ramah selain itu makanan nya juga enak hehe,tempat keren suasana bagus hias tiap dinding bosen suasana bikin adem selain layan baik sekali kerja sangat ramah selain makan enak,2,positif,positif
pelayanan dan kamar luar biasa ngak nyesel dech sukses trus grand mercure,layan kamar luar biasa ngak nyesel dech sukses terus grand mercure,2,positif,positif
makanan enak dan pilihan nya banyak,makan enak pilih banyak,2,positif,positif
fasilitas enak makan nya juga enak dan nyaman,fasilitas enak makan enak nyaman,2,positif,positif
sangat memuaskan pelayanan mbak silvia makananya juga lezat,sangat muas layan makananya lezat,2,positif,positif
hotelnya mewah bersih dan rapih pelayanannya bagus pengen balik lagi pokonyaa mantap,hotel mewah bersih rapih layan bagus ken balik lagi pokonyaa mantap,2,positif,positif
banyak menu sarapannya makasih layanannya mba cerita,banyak menu sarap terima kasih layan cerita,2,positif,positif
semua menu enak dan approved pelayanan sangat ramah dan gercep mbak salma,semua menu enak approved layan sangat ramah gercep salma,2,positif,positif
kamar oke walau dapat yg amoking room tapi di dalam kamar tidak ada bau rokok sama sekali bersih dan ac dingin,kamar baik walau dapat amoking room kamar bau rokok sama sekali bersih ac dingin,0,negatif,positif
datang jam mau cek in data dah lengkap tp disuruh nunggu katanya kamar msh dibersihkan heran kok jam segitu kmr blm ready satu setgh jam kemudian dioper ke hotel lain katanya sdh penuh kayake gk siap terima rombongan lebih dari orang,datang jam check in data dah lengkap suruh nunggu kata kamar msh bersih heran kok jam segitu kamar belum ready satu setgh jam kemudian oper hotel lain kata penuh kayake siap terima rombong lebih orang,0,negatif,negatif
hotelnya nyaman kamarnya luas dan bersih makanan di restorannya banyak jenisnya dan enak terima kasih,hotel nyaman kamar luas bersih makan restoran banyak jenis enak terima kasih,2,positif,positif
mulai dari pelayanan yang ramah dan profesional hingga suasana yang nyaman dan elegan semuanya terasa sempurna kamar yang saya tempati sangat bersih dan dilengkapi dengan fasilitas yang lengkap memberikan kenyamanan maksimal selama saya,mulai layan ramah profesional hingga suasana nyaman elegan semua asa sempurna kamar tempat sangat bersih lengkap fasilitas lengkap beri nyaman maksimal lama,2,positif,positif
tempatnya strategis interiornya juga bagus ada unsur jawa yang membuat menarik kamar nyaman makanan juga enak recommended kalau ke jogja,tempat strategis interior bagus unsur jawa buat tarik kamar nyaman makan enak rekomendasi kalau jogja,2,positif,positif
letak hotel strategis pelayanan bagus kamar nyaman,letak hotel strategis layan bagus kamar nyaman,2,positif,positif
hotel yg bagus pelayanan ramah cocok untuk stay cation,hotel bagus layan ramah cocok stay cation,2,positif,positif
layanan ok baget lokasi strategis kamarnya bersih,layan baik baget lokasi strategis kamar bersih,2,positif,positif
pelayanan ramah makanan nya enak tempat nya luas bersih dan nyaman,layan ramah makan enak tempat luas bersih nyaman,2,positif,positif
selamat malam dear management grand mercure hotel yogyakarta,selamat malam dear management grand mercure hotel yogyakarta,2,positif,netral
menjadi salah satu hotel yg rekomended buat staycation di jogja nyaman bgt staycation disini toiletris lengkap,jadi salah satu hotel rekomended staycation jogja nyaman banget staycation sini toiletris lengkap,2,positif,positif
sarapan nya enak dan sangat puas dan juga lengkap pelayanan mbak lena juga baik,sarap enak sangat puas lengkap layan baik,2,positif,positif
makanannya enak tempatnya juga baguss waktu itu pernah bukber disituu,makan enak tempat bagus waktu pernah buka sama disituu,2,positif,positif
breakfast nya oke pelayanan baik sekali,sarap baik layan baik sekali,2,positif,positif
lokasi hotel strategis pelayanan ramah kamarnya dan meeting room nya nyaman restonya ok,lokasi hotel strategis layan ramah kamar meeting room nyaman restonya baik,2,positif,positif
wajib balik lagi ke sini makanan enak trus pelayannya ramah,wajib balik lagi sini makan enak terus layan ramah,2,positif,positif
untuk pelayanan sangan bagus dan untuk sarapannya juga makannya enakk,layan sangan bagus sarap makan enak,2,positif,positif
menyenangkan dan beekesan sekali matur nuwun mb thania cantik dan ramah,senang beekesan sekali matur nuwun cantik ramah,2,positif,positif
resepsionis ramah pelayanan bagus next nanti nginep lagi disini,resepsionis ramah layan bagus next nanti nginep lagi sini,2,positif,positif
break feast enak dan pelayanan baik dari mbak lena,break feast enak layan baik,2,positif,positif
pelayanan baik karyawan hotelnya ramah makanannya juga enak lengkap ada banyak menu nya juga,layan baik karyawan hotel ramah makan enak lengkap banyak menu,2,positif,positif
pelayanan ramah nyaman makanan enak bagus pokoknya,layan ramah nyaman makan enak bagus pokok,2,positif,positif
untuk fasilitas kamar nyaman dan untuk sarapannya enak hangat untuk pelayanan nya mba devita baik ramah terima kasih mba,fasilitas kamar nyaman sarap enak hangat layan baik ramah terima kasih,2,positif,positif
mrsa nyaman dn mknananya jg enk layanan memuaskan,mrsa nyaman dn mknananya enk layan muas,2,positif,positif
tempatnya sangat luas nyaman bersih pelayanannya juga oke kamarnya juga sangat nyaman buat istirahat,tempat sangat luas nyaman bersih layan baik kamar sangat nyaman istirahat,2,positif,positif
hotel bagus rapi bersih dekat jalan raya pelayanan sangat bagus top pokoknya,hotel bagus rapi bersih dekat jalan raya layan sangat bagus top pokok,2,positif,positif
variasi makanannya banyak rasanya juga enak kamarnya besar dan bagus ac nya dingin pelayanan oke,variasi makan banyak rasa enak kamar besar bagus ac dingin layan baik,2,positif,positif
makanan sangat enak dan sangat puas dengan segala hidangannya,makan sangat enak sangat puas segala hidang,2,positif,positif
lokasi hotel strategis layanan sudah baik dan bagus kamar hotel nyaman siiiip menu makanan mantaaap mantuuul siiiip,lokasi hotel strategis layan baik bagus kamar hotel nyaman sip menu makan mantap mantul sip,2,positif,positif
pelayanan sangat ramah sarapan banyak variasi dan juga enak recommended place to stay in jogja,layan sangat ramah sarap banyak variasi enak rekomendasi place to stay in jogja,2,positif,positif
dari masuk menuju ke room makan sudah disambut baik dengan mbak tania dan untuk sarapan favorit ada jamu dan bubur ayam,masuk tuju room makan sambut baik sarap favorit jamu bubur ayam,2,positif,positif
untuk makan siang pada hari ini sangat enak dan memuaskan pelayanan nya juga ramah,makan siang hari sangat enak muas layan ramah,2,positif,positif
sarapanya banyak banget variannya rasanya enaaak pelayannya baik dan ramah aztuti,sarapanya banyak banget varian rasa enak layan baik ramah,2,positif,positif
review kamar nyaman,review kamar nyaman,2,positif,positif
waitress nya ramah terutama neng ega makanannya enak recomended,waitress ramah utama neng ega makan enak recomended,2,positif,positif
tempatbya nyaman staffnya sangat ramah,tempatbya nyaman staffnya sangat ramah,2,positif,positif
menu makanan enak citarasa lekoh dan pudingnya endull roomnya excelent dehh bersih wangi,menu makan enak citarasa lekoh puding endull roomnya excelent dehh bersih wangi,2,positif,positif
pelayanan nya sgt ramah terima kasih mas bobby,layan sgt ramah terima kasih bobby,2,positif,positif
staff ramah dan helpfull ketika kemarin ktp saya ketinggalan pihak hotel sangat cepat dan kooperatif mengirimkan ke alamat rumah saya di kota lain terimakasih banyak grand mercure terutama mas ifnu phone operator yang sudah sangat,staff ramah helpfull ketika kemarin ktp tinggal pihak hotel sangat cepat kooperatif kirim alamat rumah kota lain terimakasih banyak grand mercure utama ifnu phone operator sangat,2,positif,positif
hotel super nyaman bersih dan ramah,hotel super nyaman bersih ramah,2,positif,positif
pelayanannya oke dan membantu terutama saat sarapan dibantu oleh mba lena disini banyak menu yang bisa dipilih dan tradisional dan modern enak dan cocok di lidah,layan baik bantu utama saat sarap bantu oleh sini banyak menu bisa pilih tradisional modern enak cocok lidah,2,positif,positif
mantap pelayanannya ramahhhh makanan nya enakkkk,mantap layan ramah makan enak,2,positif,positif
pelayananya memuaskan kamar bersih dan rapi makananya tidak mengecewakan menunya variatif,pelayananya muas kamar bersih rapi makananya kecewa menu variatif,2,positif,positif
sungguh luar biasa nyaman dan mewah harga terjangkau cocok banget kalo lagi liburan ke jogja buat stay bersama suami,sungguh luar biasa nyaman mewah harga jangkau cocok banget kalau lagi libur jogja stay sama suami,2,positif,positif
staff nya friendly dan ramah selalu menyapa dg senyum serta sopan kamarnya jg bersih dan nyaman sekali bwt istirahat thank grand mercure,staff friendly ramah selalu sapa senyum sopan kamar bersih nyaman sekali bwt istirahat terimakasih grand mercure,2,positif,positif
bagus sarapan enak pelayanan staf helpfull thankuoy mba silvia,bagus sarap enak layan staf helpfull thankuoy,2,positif,positif
makananya enak ramah stafnya dan membantu memberikan suprise sama suami ku yg ultah,makananya enak ramah staf bantu beri suprise sama suami ultah,2,positif,positif
kamarnya cukup bersih pelayanan nya bagus makanan nya enak mantab grand mercure,kamar cukup bersih layan bagus makan enak mantab grand mercure,2,positif,positif
menu sarapan yang disuguhkan ada berbagai macam dan rasanya enak staff hotel ramah semua mungkin karena di yogyakarta kali yaaa tapi over all mantap dahhhh,menu sarap suguh bagai macam rasa enak staff hotel ramah semua mungkin yogyakarta kali over all mantap dah,2,positif,positif
menu breakfast nya sangat bervariasi mulai dari indonesian food sampai western food ada disini,menu sarap sangat variasi mulai indonesian food sampai western food sini,2,positif,positif
kesan pertama masuk sangat memuaskan room juga bersih dan mewah pelayanan baik dan ramah makan malam cocok menunya terima kasih,kesan pertama masuk sangat muas room bersih mewah layan baik ramah makan malam cocok menu terima kasih,2,positif,positif
kamar super nyaman pelanyanan sangat ramah makannya pilihannya banyak banget dan enak enak terimaksih kepada mbak ayi dan mbak sopia sangat baik banget dan sangat ramah,kamar super nyaman pelanyanan sangat ramah makan pilih banyak banget enak enak terimaksih kepada ayi sopia sangat baik banget sangat ramah,2,positif,positif
hotel bagus dan fasilitasoke makanan enak dan nyaman selama stay hari bisa jadi hotel paling bagus denag tema borobudur,hotel bagus fasilitasoke makan enak nyaman lama stay hari bisa hotel paling bagus denag tema borobudur,2,positif,positif
menu sarapan nikmat cita rasa bumbu terasa,menu sarap nikmat cita rasa bumbu asa,2,positif,positif
breakfast disini enak banget mba nya ramah ramah makanannya lengkap,sarap sini enak banget ramah ramah makan lengkap,2,positif,positif
menu makanan banyak untuk rasa enak dan pelayangan sangat ramah di bantu oleh mbak lena,menu makan banyak rasa enak layang sangat ramah bantu oleh,2,positif,positif
sarapan lengkap dan enak best deh pokoknya pelayana aztuti ramah sekali,sarap lengkap enak pokok pelayana ramah sekali,2,positif,positif
layanan semua baik resto komplit makanannya semua enak,layan semua baik resto komplit makan semua enak,2,positif,positif
rekomen bngt dengan semua fasilitasnya yg oke dan tentunya aman dan nyaman,rekomendasi bngt semua fasilitas baik tentu aman nyaman,2,positif,positif
makanan enak menu lengkap pelayanan memuaskan,makan enak menu lengkap layan muas,2,positif,positif
sarapannya enak banyak pilihan kamar nyaman ada halte bus trans jogja lengkap klo mau ke malioboro gampang,sarap enak banyak pilih kamar nyaman halte bus trans jogja lengkap kalau malioboro gampang,2,positif,positif
makanan nya enak pelayanan nya ramah baik secara keseluruhan,makan enak layan ramah baik cara seluruh,2,positif,positif
pelayanan dan makanan sangat baik terima kasih mba lena untuk pelayanannya yang sangat ramah,layan makan sangat baik terima kasih layan sangat ramah,2,positif,positif
luar biasa breakfast lezat dan segar best breakfast hotel yg pernah saya dapatkan so far,luar biasa sarap lezat segar sarap hotel pernah dapat so far,2,positif,positif
bintang satu untu security yang bertugas pagi juli jam saya janjian dengan tamu hotel di depan lobby baru datang langsung dibentak dan disuruh nunggu di b padahal tamu saya sudah nunggu didepan lobby untung tamu saya,bintang satu untu security tugas pagi juli jam janji tamu hotel depan lobby baru datang langsung bentak suruh nunggu padahal tamu nunggu depan lobby untung tamu,0,negatif,negatif
tempat kamar dan pelayanan dari waiters nya manis sangat bagus,tempat kamar layan waiters manis sangat bagus,2,positif,positif
breakfast enak banyak pilihannya rekomen untuk kegiatan meeting karena banyak kamar,sarap enak banyak pilih rekomendasi giat meeting banyak kamar,2,positif,positif
recommended banget nginep di sini,rekomendasi banget nginep sini,2,positif,positif
serasa dirumah sendiri dengan pelayanan terbaik,serasa rumah sendiri layan baik,2,positif,positif
layanannya sangat baik makanannya enak enak juga devinta pelayanannya ramah,layan sangat baik makan enak enak devinta layan ramah,2,positif,positif
makanannya enak cukup beragam banyak makanan tradisional juga bagian minuman juga beragam jenisnya dari jamu hingga kopi tersedia staffnya ramah dan baik sekali setiap lihat piring kotor langsung diangkut dan,makan enak cukup agam banyak makan tradisional bagi minum agam jenis jamu hingga kopi sedia staffnya ramah baik sekali tiap lihat piring kotor langsung angkut,2,positif,positif
makanan enak semua pelayanan top markotop pegawai ramah semua tempat bersih langganan tiap tahun ke hotel ini,makan enak semua layan top markotop pegawai ramah semua tempat bersih langgan tiap tahun hotel,2,positif,positif
pelayanan ramah kualitas bagus dan fasilitasnya memuaskan rekomended banget,layan ramah kualitas bagus fasilitas muas rekomended banget,2,positif,positif
kamarnya baik saya puas menginap di grand mercure terimakasih mba salma atas pelayanannya di resto,kamar baik puas inap grand mercure terimakasih salma atas layan resto,2,positif,positif
sarapannya enak kamarnya nyaman thanks to mbak gita,sarap enak kamar nyaman thanks to gita,2,positif,positif
sudah beberapa kali bermalam di grand mercure yogyakarta adi sucipto pelayanannya selalu ramah kamarnya juga bersih sarapannya enak semua dan banyak varian makanan tradisional nya banyak dan enak enak pelayanan mba willy juga bagus ramah terima kadih grand mercure,beberapa kali malam grand mercure yogyakarta adi sucipto layan selalu ramah kamar bersih sarap enak semua banyak varian makan tradisional banyak enak enak layan willy bagus ramah terima kadih grand mercure,2,positif,positif
pertama kali menginap di hotel ini kesannya memuaskan berada di lokasi yang strategis di kota jogja dekat dengan ambarukmo plaza pelayanan ramah proses checkin dan check out sangat cepat untuk kamar bersih modern dan nyaman utk,pertama kali inap hotel kesan muas ada lokasi strategis kota jogja dekat ambarukmo plaza layan ramah proses checkin check out sangat cepat kamar bersih modern nyaman,2,positif,positif
tempat menginap yang menyenangkan sarapan dengan menu beragam dari menu western breakfast sampai jajanan pasar yang otentik sangat direkomendasikan untuk yang berlibur ke yogya,tempat inap senang sarap menu agam menu western sarap sampai jajan pasar otentik sangat rekomendasi libur yogya,2,positif,positif
suasana nya sangat bagus kamar nya membuat nyaman pelayanan juga sangat ramah makanan yang disajikan juga enak dan lezat,suasana sangat bagus kamar buat nyaman layan sangat ramah makan saji enak lezat,2,positif,positif
terimakasih mercure sudah memberikan pelayanan yg baik dan makanannya enak dan ada staff yg rramah skli waktu sarapan mbak vina thanks,terimakasih mercure beri layan baik makan enak staff rramah skli waktu sarap vina thanks,2,positif,positif
pelayanannya bagus untuk restonya enak di lantai kebetulan saya di outdoor jadi suasananya enak makanannya juga enak semua recomended utk coba buka puasa di mercure,layan bagus restonya enak lantai betul outdoor suasana enak makan enak semua recomended coba buka puasa mercure,2,positif,positif
ruangan kamar nyaman bersih breakfastnya lengkap dan enak,ruang kamar nyaman bersih breakfast lengkap enak,2,positif,positif
pelayanan bagus masakan juga enak,layan bagus masakan enak,2,positif,positif
hotelnya bagus semua masakan restaurant enak sekali menu variatif ramah anak mantab deh semuanya,hotel bagus semua masakan restaurant enak sekali menu variatif ramah mantab semua,2,positif,positif
makananya enakkk sekali tersedia banyak varian juga disini tempatnya nyaman adem,makananya enak sekali sedia banyak varian sini tempat nyaman adem,2,positif,positif
sangat nyaman dan tempat yang sangat strategis,sangat nyaman tempat sangat strategis,2,positif,positif
saya sangat terkesan dengan pengalaman menginap di hotel grand mercure yogyakarta mulai dari pelayanan yang ramah dan profesional hingga suasana yang nyaman dan elegan semuanya terasa sempurna kamar yang saya tempati sangat bersih dan,sangat kes alam inap hotel grand mercure yogyakarta mulai layan ramah profesional hingga suasana nyaman elegan semua asa sempurna kamar tempat sangat bersih,2,positif,positif
service sangat bagus di bantu oleh kak lena untuk kamar bagus bersih suasana tenang makanan enak dan menu nya cukup variatif,service sangat bagus bantu oleh kamar bagus bersih suasana tenang makan enak menu cukup variatif,2,positif,positif
bagus dan nyaman tempatnya,bagus nyaman tempat,2,positif,positif
makanan pagi ini yg disajikan rasanya enak semua fasilitas semua oke dan recommend untuk family time,makan pagi saji rasa enak semua fasilitas semua baik recommend family time,2,positif,positif
tempatnya nyaman makanya enak rekomedasi bnget buat kegiatan di bantu oleh trening lena,tempat nyaman makanya enak rekomedasi banget giat bantu oleh trening,2,positif,positif
letaknya strategis pelayanan baik sarapannya enak,letak strategis layan baik sarap enak,2,positif,positif
kamar nyaman bersih pelayanan mantap apalgi makanan nya luar biasa enak,kamar nyaman bersih layan mantap apalgi makan luar biasa enak,2,positif,positif
pelayanannya sangat bagus dan sangat ramah dari lobby sampai di resto nya kamarnya jg rapi bersih dan ballroom nya juga bersih makanannya enak,layan sangat bagus sangat ramah lobby sampai resto kamar rapi bersih ballroom bersih makan enak,2,positif,positif
memuaskan menunya lengkap dan lezat,muas menu lengkap lezat,2,positif,positif
resto nya enak dan pelayanannya dengan mbak silvia sangat baik,resto enak layan sangat baik,2,positif,positif
berkunjung untuk bukber di lantai menu yang disajikan sangat beragam dan menarik pelayanan yang di berikan sangat bagus dan sat sett sangat rekomen buat kalian untuk coba,kunjung buka sama lantai menu saji sangat agam tarik layan ikan sangat bagus sat sett sangat rekomendasi kalian coba,2,positif,positif
ke sini karena ada event wedding keluarga dekat lokasi sangat strategis di pusat kota deket jl solo deket pusat kuliner dan tempat berbelanja area yang selalu rame karena di pinggir jl utama tempat acara di lt tamu undangan pake sistem,sini event wedding keluarga dekat lokasi sangat strategis pusat kota deket jalan solo deket pusat kuliner tempat belanja area selalu rame pinggir jalan utama tempat acara lantai tamu undang pake sistem,1,netral,positif
hotelnya cozy dan menu breakfast enak enak semua,hotel cozy menu sarap enak enak semua,2,positif,positif
utk kamar cukup memuaskan pelayanan ok makanan juga sangat variatif dengan rasa yg memuaskan,kamar cukup muas layan baik makan sangat variatif rasa muas,2,positif,positif
pelayanannya sangat ramah kamar luas dan bersih lokasi strategis dekat mall lippo dan mall ambarukmo di sekitar hotel banyak penjual makanan tempat ngopi,layan sangat ramah kamar luas bersih lokasi strategis dekat mall lippo mall ambarukmo sekitar hotel banyak jual makan tempat ngopi,2,positif,positif
kamar nyaman menu sarapannya enak recommended untuk staycation,kamar nyaman menu sarap enak rekomendasi staycation,2,positif,positif
pelayanan baik oleh kak silvia sarapan tepat waktu dan jg baik,layan baik oleh sarap tepat waktu baik,2,positif,positif
lokasinya strategis dekat dengan pusat kota dan tempat tempat wisata kamarnya sangat nyaman bersih dan rapi fasilitas hotel juga sangat lengkap pelayanan staf hotel juga sangat ramah dan profesional mereka sangat membantu dan selalu,lokasi strategis dekat pusat kota tempat tempat wisata kamar sangat nyaman bersih rapi fasilitas hotel sangat lengkap layan staf hotel sangat ramah profesional mereka sangat bantu selalu,2,positif,positif
pelayanan sangat baik sarapannya menunya beragam dan semuanya enak rekomendasi untuk yang liburan ke yogyakarta,layan sangat baik sarap menu agam semua enak rekomendasi libur yogyakarta,2,positif,positif
hotel dekat kampus uin cm meteran hotelnya nyaman makanannya enak variatif menunya joss pokoknya,hotel dekat kampus uin cm meter hotel nyaman makan enak variatif menu joss pokok,2,positif,positif
tempat yg strategis fasilitas ok dan pelayanan ok terus tingkatkan pelayanan utk memuaskan masyarakat,tempat strategis fasilitas baik layan baik terus tingkat layan muas masyarakat,2,positif,positif
pelayanan okee menu sarapan sangat recommended sangat terbantu dengan pelayanan yang ramah seperti kak tania,layan okee menu sarap sangat rekomendasi sangat bantu layan ramah seperti,2,positif,positif
menu sarapannya enakk dan lengkappp sukakk sekaliii stay cation disinii silvia,menu sarap enak lengkap suka sekali stay cation sini,2,positif,positif
room nya dan breakfast nya menu nya lengkap dan bervariasi rasa nya pun enak zxz,room sarap menu lengkap variasi rasa enak,2,positif,positif
pelayanan mantabs kamar bersih makanan luar biasa menyenangkan pertahankan,layan mantabs kamar bersih makan luar biasa senang tahan,2,positif,positif
pelayanan bagus dan makanannya enak untuk kamar bersih dan nyaman terimakasih mbak nur dari lombok,layan bagus makan enak kamar bersih nyaman terimakasih lombok,2,positif,positif
breakfastnya banyak pilihan dan enak semua dibantu oleh training lena,breakfast banyak pilih enak semua bantu oleh training,2,positif,positif
tempatnya nyaman bagus bersih makanannya enak pelayanannya ramah,tempat nyaman bagus bersih makan enak layan ramah,2,positif,positif
terimakasih fasilitas memadai pelayanan ramah sudah aksebilitas untuk difabel,terimakasih fasilitas pada layan ramah aksebilitas difabel,2,positif,positif
nyaman ramah makannya enak untuk hotelnya dapat diakses dengan mudah karena berdekatan dengan jalan raya memiliki parkir yang luas ac nya dingin saran mungkin yang tidak suka ac karena ac terpusat mungkin bisa pake pakaian yang agak tebel atau kemeja yang berlengan panjang ataupun jaket bila perlu nuwun,nyaman ramah makan enak hotel dapat akses mudah dekat jalan raya milik parkir luas ac dingin saran mungkin suka ac ac pusat mungkin bisa pake pakai agak tebel kemeja lengan panjang atau jaket bila perlu nuwun,0,negatif,positif
malam yg berkesan terimakasih atas excellent service nya akan pasti kembali kesini,malam kesan terimakasih atas excellent service pasti kembali kesini,2,positif,positif
u breakfast menunya beragam juga banyak makanan traditional dan enak pelayanannya juga sangat ramah,sarap menu agam banyak makan traditional enak layan sangat ramah,2,positif,positif
pelayanan yg sigap sangat humble ramah sopan ke pengunjung tempat strategis,layan sigap sangat humble ramah sopan unjung tempat strategis,2,positif,positif
untuk menu makanannya sangat lengkap dan enak ada berbagai makanan dari menu lokal sampai western juga dan ada banyak pilihan kudapan juga,menu makan sangat lengkap enak bagai makan menu lokal sampai western banyak pilih kudap,2,positif,positif
pelayanan superduper ramah view saat breakfast saya suka sekali dan pasti nya enak love it,layan superduper ramah view saat sarap suka sekali pasti enak love it,2,positif,positif
makanannya enak enak pelayanan dangat ramah hotelnya bersih wangi dan nyaman,makan enak enak layan dangat ramah hotel bersih wangi nyaman,2,positif,positif
pelayanan di restoran sangat memuaskan makanan dan minuman cukup lengkap dengan rasa yang enak,layan restoran sangat muas makan minum cukup lengkap rasa enak,2,positif,positif
untuk sarapan enak terima kasih untuk semua layanan yang diberikan saya merasa puas,sarap enak terima kasih semua layan beri rasa puas,2,positif,positif
mantap deh kamarnya oke dan sarapannya lumayan beragam,mantap kamar baik sarap lumayan agam,2,positif,positif
kamar bersih pelayanan baik makanan lengkap bukan pertama kali menginap disini selalu puas,kamar bersih layan baik makan lengkap bukan pertama kali inap sini selalu puas,2,positif,positif
sarapan nya enak dan sangat lengkap selama bertugas sarapan di hotel ini tidak bosan pelayanan dari trening lena a sangat senang berapa di sini,sarap enak sangat lengkap lama tugas sarap hotel bosan layan trening a sangat senang berapa sini,2,positif,positif
sarapan nikmat dan lezat excellent service dibantu mbak lena,sarap nikmat lezat excellent service bantu,2,positif,positif
makanan nya enak dan pelayanan nya bagus,makan enak layan bagus,2,positif,positif
breakfast semur daging enak dibantu mbak lena,sarap semur daging enak bantu,2,positif,positif
bagus dari pelayanan room staff sampai makanannya rekomend banget buat liburan,bagus layan room staff sampai makan rekomend banget libur,2,positif,positif
pelayanan baik kamar bersih nyaman sangat helpful dan ramah makanannya juga enak terima kasih,layan baik kamar bersih nyaman sangat helpful ramah makan enak terima kasih,2,positif,positif
sarapan paginya sangat enak dan layanan fifin sangat bagus,sarap pagi sangat enak layan sangat bagus,2,positif,positif
makanannya variatif dan enak kolam renang bersih kamar bersih cm kamar mandi kolam kurang bersih sama service room nya agak lama dtg nya over all bagus smua,makan variatif enak kolam renang bersih kamar bersih cm kamar mandi kolam kurang bersih sama service room agak lama datang over all bagus smua,0,negatif,positif
untuk sarapan enak variasi makanan lengkap dengan kondisi kamar yang nyaman,sarap enak variasi makan lengkap kondisi kamar nyaman,2,positif,positif
sarapannya mantap enak pelayanan yang baikk terimakasih kak lena,sarap mantap enak layan baikk terimakasih,2,positif,positif
kamar nyaman makanan banyak pilihan dan enak,kamar nyaman makan banyak pilih enak,2,positif,positif
saya menginap minggu disini pelayanannya baik sekali breakfast enak semua kamar nya nyaman,inap minggu sini layan baik sekali sarap enak semua kamar nyaman,2,positif,positif
pengalaman saya saat tiba di hotel tersebut disambut baik oleh front office dan pelayanannya sangat baik,alam saat tiba hotel sebut sambut baik oleh front office layan sangat baik,2,positif,positif
pelayanan ramah dan sopan kamar bersih dan nyaman dengan ammenities yg lengkap variasi menu sarapan beragam terima kasih,layan ramah sopan kamar bersih nyaman ammenities lengkap variasi menu sarap agam terima kasih,2,positif,positif
untuk makanannya enak enak tempat nya juga kalau malam tambah terasa romantis,makan enak enak tempat kalau malam tambah asa romantis,2,positif,positif
suasananya tenang makanannya enak dan apa di lidah,suasana tenang makan enak apa lidah,2,positif,positif
pelayanan restoran nya bagus dan menjaga kesehatan keterampilan pelayannya mengesankan dan makanan yang enak enak,layan restoran bagus jaga sehat terampil layan kesan makan enak enak,2,positif,positif
makanannya enak menunya lengkap mungkin ditambah lauk yang tidak pedas biar variatif terima kasih,makan enak menu lengkap mungkin tambah lauk pedas biar variatif terima kasih,2,positif,positif
karyawannya ramah ramah kamarnya nyaman banget dan yang paling oke sarapannya enak enak the best,karyawannya ramah ramah kamar nyaman banget paling baik sarap enak enak,2,positif,positif
makanannya enak kamarnya nyaman ada gulingnya dan dekat kota seneng banget sama pelayanannya,makan enak kamar nyaman guling dekat kota neng banget sama layan,2,positif,positif
pelayanannya sangat baik dan ramah ditambah menu sarapan yg lengkap membuat nikmat rasanya betah tinggal lama,layan sangat baik ramah tambah menu sarap lengkap buat nikmat rasa betah tinggal lama,2,positif,positif
hotel nya strategis makanannya enak fasilitas nya lengkap dan karyawan hotel sangat responsif,hotel strategis makan enak fasilitas lengkap karyawan hotel sangat responsif,2,positif,positif
pelayanan sudah baik pada resto grand mercure pelayanan sarapan pagi fried fish with sour sauce oleh kak thania terbaik,layan baik resto grand mercure layan sarap pagi fried fish with sour sauce oleh baik,2,positif,positif
pelayan cukup baik dan breakfast cukup beragam dan cukup enak,layan cukup baik sarap cukup agam cukup enak,2,positif,positif
kamarnya nyaman pelayanan bagus makanannya enak,kamar nyaman layan bagus makan enak,2,positif,positif
memuaskan bersih ramah makanan lezat terima kasih mbak thania ramah sekali,muas bersih ramah makan lezat terima kasih ramah sekali,2,positif,positif
pelayanan sangat ramah dan profesional pokoknya well inform lah petugas yg incharge sangat membantu sekali dan memuaskan,layan sangat ramah profesional pokok well inform lah tugas incharge sangat bantu sekali muas,2,positif,positif
sarapan ready lebih awal mulai jam s d wib sangat membantu saat ada agenda workshop di tempat lainnya pelayanan sangat baik terima kasih,sarap ready lebih awal mulai jam wib sangat bantu saat agenda workshop tempat lain layan sangat baik terima kasih,1,netral,positif
pelayanan ramah tempatnya nyaman dan menu sarapannya enak enak dibantu oleh lena,layan ramah tempat nyaman menu sarap enak enak bantu oleh,2,positif,positif
sarapannya seperti sebelumnya selalu enak enak ada gym yg alatnya lumayan lengkap tempat strategis,sarap seperti belum selalu enak enak gym alat lumayan lengkap tempat strategis,2,positif,positif
pelayanan nya baik dan hidangan nya sangat lengkap,layan baik hidang sangat lengkap,2,positif,positif
pelayananya bagus nilai a buat traning yang namanya lena veronica,pelayananya bagus nilai a traning nama veronica,2,positif,positif
tempatnya nyaman parkir luas pelayananya juga oke banget pokoknya mah the best lah,tempat nyaman parkir luas pelayananya baik banget pokok mah lah,2,positif,positif
kamar nya sangat bagus makanannya juga mantap rekomendasi banget dah disini,kamar sangat bagus makan mantap rekomendasi banget dah sini,2,positif,positif
makanan pagi ini untuk saladnya sangat enak krengsengan daging sama tahunya juga enak nasi goreng cabai hijaunya sip,makan pagi saladnya sangat enak krengsengan daging sama tahu enak nasi goreng cabai hijau baik,2,positif,positif
makanannya ok pelayanannya juga ok dan satset terima kasih,makan baik layan baik satset terima kasih,2,positif,positif
recommended ini hotel nggak diragukan lagi fasilitasnya top banget,rekomendasi hotel ragu lagi fasilitas top banget,2,positif,positif
tempat rekomen untuk keluarga makanan super enak staff ramah terimakasih mbak salma yg sudah banyak membantu selama di sini,tempat rekomendasi keluarga makan super enak staff ramah terimakasih salma banyak bantu lama sini,2,positif,positif
makanan enak pelayanan top pertahankan yaa,makan enak layan top tahan yaa,2,positif,positif
tempatnya nyaman bersih banged makanannya sangat variatif tiap harinya dan enak lo,tempat nyaman bersih banged makan sangat variatif tiap hari enak,2,positif,positif
untuk makanannya bagus cocok untuk makan siang saya dari dprd sidoarjo dilayani dengan mbak manis di restaurant sangat ramah dan baik kamarnya juga bagus nyaman poolnya juga sejuk kalau sore,makan bagus cocok makan siang dprd sidoarjo layan manis restaurant sangat ramah baik kamar bagus nyaman poolnya sejuk kalau sore,2,positif,positif
breakfast nya enak bervariasi trainee lena ok,sarap enak variasi baik,2,positif,positif
breakfast menu bervariasi dan enak dmikian juga utk minuman dan snack nya,sarap menu variasi enak dmikian minum snack,2,positif,positif
makanannya enak semua kamar bersih pelayan ramah dan menyenangkan terima kasih grand mercure yogyakarta,makan enak semua kamar bersih layan ramah senang terima kasih grand mercure yogyakarta,2,positif,positif
pelayanan sangat ramah dan baik di resto waitress an mba nur melayani dgn sangat baik dan full senyum kamar ok dan cek in cepat lokasi strategis,layan sangat ramah baik resto waitress layan sangat baik full senyum kamar baik check in cepat lokasi strategis,2,positif,positif
nyaman makanan enak pelayanan ramah,nyaman makan enak layan ramah,2,positif,positif
sarapannya lengkap enak pelayanan sangat baik staff ramah ramah,sarap lengkap enak layan sangat baik staff ramah ramah,2,positif,positif
pelayanan bagus letak hotel yg strategis tentunya sangat nyaman untuk menginap,layan bagus letak hotel strategis tentu sangat nyaman inap,2,positif,positif
semua makanannya enak beragam banyak pilihan pelayanan ramah fasilitas oke bangetttt,semua makan enak agam banyak pilih layan ramah fasilitas baik banget,2,positif,positif
saya menginap untuk yang ke sekian kalinya di grand mercure yogyakarta walaupun hotel sudah lama tetapi maintenance terjaga area di lt membuat segar breakfast juga enak dan beragam cara penyajian yang unik menambah poin hotel terima,inap sekian kali grand mercure yogyakarta walaupun hotel lama tetapi maintenance jaga area lantai buat segar sarap enak agam cara saji unik tambah poin hotel terima,1,netral,positif
menginap di hotel gm cukup menyenangkan kamarnya bersih lokasi strategis di pusat kota dan breakfast bervariasi,inap hotel gm cukup senang kamar bersih lokasi strategis pusat kota sarap variasi,2,positif,positif
untuk sarapan menu beragam dan bersih saya di bantu dan di arahkan dengan thania dan di layani dengan baik terimakasih,sarap menu agam bersih bantu arah layan baik terimakasih,2,positif,positif
hotelnya bersih kamar nya mantap sarapan komplit,hotel bersih kamar mantap sarap komplit,2,positif,positif
makanannya enak enak dijamin ga nyesel pergi ke restoran ini,makan enak enak jamin nyesel pergi restoran,2,positif,positif
hotelnya sangat nyaman pelayanan juga ramah sekali kamar sangat bersih dan terawat untuk makanan nya enak pokoknya best bngt ini hotell udah jadi langganan kalau ke jogja,hotel sangat nyaman layan ramah sekali kamar sangat bersih awat makan enak pokok bngt hotel udah langgan kalau jogja,2,positif,positif
hallo semuanya ini review perdana ku di hotel grand mercure yogyakarta dalam rangka memenuhi undangan,hallo semua review perdana hotel grand mercure yogyakarta rangka penuh undang,2,positif,netral
alhamdulillah hotel yang menyenangkan mushola tersedia baik di lobi dan di lokasi ruang pertemuan menunya enak petugasnya ramah dan menyenangkan terima kasih atas pelayanan yg di berikan,alhamdulillah hotel senang mushola sedia baik lobi lokasi ruang temu menu enak tugas ramah senang terima kasih atas layan ikan,2,positif,positif
terima kasih atas pelayanan yang memuaskan oleh mbak tania gertha semoga bisa menginap lagi di sini,terima kasih atas layan muas oleh gertha moga bisa inap lagi sini,2,positif,positif
kamarnya nyaman restonya enak ruang meetingnya juga nyaman rekomended untuk kegiatan dinas dan nginep bersama keluarga,kamar nyaman restonya enak ruang meetingnya nyaman rekomended giat dinas nginep sama keluarga,2,positif,positif
mantap gudeg disini enak sekali rasanya bikin ketagihan mau nambah terus pokoknya the best all makanannya di mercure di adi sucipto jogja ini rekomendasi untuk menginap disini,mantap gudeg sini enak sekali rasa bikin tagih nambah terus pokok all makan mercure adi sucipto jogja rekomendasi inap sini,1,netral,positif
hotel yang nyaman dengan pelayanan yang memuaskan lokasi yang strategis menjadikan hotel ini layak menjadi tempat meeting dan staycation,hotel nyaman layan muas lokasi strategis jadi hotel layak jadi tempat meeting staycation,2,positif,positif
sarapan enak bikin nagih,sarap enak bikin nagih,2,positif,positif
nyaman tempat bersih makanannya enak semua rekomend bangetttt,nyaman tempat bersih makan enak semua rekomend banget,2,positif,positif
oke lokasi strategis recomen nyaman bersih harga terjangkau worth it lh,baik lokasi strategis recomen nyaman bersih harga jangkau worth it lh,2,positif,positif
tempatnya nyaman dan bersih,tempat nyaman bersih,2,positif,positif
pelayanan bagus makanan enak,layan bagus makan enak,2,positif,positif
saya sangat suka dengan sarapan paginya view nya dan makanannya enak enak serta layanan fifin sangat baik dan ramah,sangat suka sarap pagi view makan enak enak layan sangat baik ramah,2,positif,positif
hotelnya lokasinya strategis deket kemana breakfast di lantai tuh view nya adem hehe apa karena pas hujan ya,hotel lokasi strategis deket mana sarap lantai tuh view adem apa pas hujan,2,positif,positif
pelayanan disini ramah sekali untuk menghabiskan libur keluarga sangat direkomendasikan,layan sini ramah sekali habis libur keluarga sangat rekomendasi,2,positif,positif
devita pelayanan bagus ramah profesional,layan bagus ramah profesional,2,positif,positif
breakfast paginya enak dan restonya bersih,sarap pagi enak restonya bersih,2,positif,positif
kamar sangat bagus utk sarapan enak banyak pilihan bisa dijadikan referensi buat liburan ke jogja,kamar sangat bagus sarap enak banyak pilih bisa jadi referensi libur jogja,2,positif,positif
pelayanan sangat memuaskan karyawan ramah dan murah senyum,layan sangat muas karyawan ramah murah senyum,2,positif,positif
hotel yang sangat nyaman dan pelayanan yang luar biasa so friendly,hotel sangat nyaman layan luar biasa so friendly,2,positif,positif
pelayanannya ramah minumannya enak manisnya pas rekomended sekalii bar kak tania juga rama sekali best,layan ramah minum enak manis pas rekomended sekali bar rama sekali,2,positif,positif
rooms belum tersedia padahal sudah booking bulan sebelumnya alasannya sedang dibersihkan untuk membersihkan ruangan harus nunggu jam,rooms belum sedia padahal booking bulan belum alas sedang bersih bersih ruang harus nunggu jam,0,negatif,negatif
sangat cukup puas dalam pelayanan dari segi kamar layanan dan sarapan yang disediakan juga enak semua dilayanin oleh mbak thania sangat cukup puas dan pelayanannya cukup baik,sangat cukup puas layan segi kamar layan sarap sedia enak semua dilayanin oleh sangat cukup puas layan cukup baik,2,positif,positif
hotelnya bagus kamarnya nyaman makanannya juga enak powwlll pelayanannya super ramah,hotel bagus kamar nyaman makan enak layan super ramah,2,positif,positif
saya menginap malam di grand mercure yogyakarta so far pelayanan hotel memuaskan kamar bersih amenities lengkap untuk resto makanannya enak sarapan lengkap dari makanan traditional western tersedia,inap malam grand mercure yogyakarta so far layan hotel muas kamar bersih amenities lengkap resto makan enak sarap lengkap makan traditional western sedia,2,positif,positif
pelayanannya bagus dan pelayannya ramah terutama atas nama aztuti,layan bagus layan ramah utama atas nama,2,positif,positif
hospitality paling bintang makanan banyak sekali variasinya dan rasanya konsisten enak topp paling berkesan pelayanannya besttt sangat perhatian,hospitality paling bintang makan banyak sekali variasi rasa konsisten enak bagus paling kesan layan sangat perhati,2,positif,positif
staffnya ramah ramah sekali sarapannya enakkkkkkk bgt kamar bersih dan lengkap,staffnya ramah ramah sekali sarap enak banget kamar bersih lengkap,2,positif,positif
hotel yang cocok buat staycation kamarnya luas bersih breakfastnya juga enakk pelayanannya top,hotel cocok staycation kamar luas bersih breakfast enak layan top,2,positif,positif
gudeg jogya mantap sangat lezaatttt,gudeg jogya mantap sangat lezaat,2,positif,positif
tempat nyaman terjaga kebersihannya pelayanan bagus dan ramah area parkir luas fasilitas memadai,tempat nyaman jaga bersih layan bagus ramah area parkir luas fasilitas pada,2,positif,positif
untuk makanan sangat lengkap kamar tidur yang nyaman dan staf sangat ramah dari awal saya datang di sambut dengan kak thania dan di carikan tempat duduk pelayanan sangat baik,makan sangat lengkap kamar tidur nyaman staf sangat ramah awal datang sambut cari tempat duduk layan sangat baik,2,positif,positif
makanan variasi nya banyak rasanya enak pelayanan ramah dan sangat membantu pokoknya the best hotel di yogyakarta,makan variasi banyak rasa enak layan ramah sangat bantu pokok hotel yogyakarta,2,positif,positif
menu sarapan nya banyak banget dan enak enak sekali staffnya ramah ramah terutama mba fifin kamarnya okee kolamnya bagus pokoknya the best,menu sarap banyak banget enak enak sekali staffnya ramah ramah utama kamar okee kolam bagus pokok,2,positif,positif
pelayanan sangat baik di resto maupun front office tempat sangat strategis jika ingin dekat bandara adisucipto makanan di resto sangat bervariasi dari western hingga tradisional,layan sangat baik resto maupun front office tempat sangat strategis jika ingin dekat bandara adisucipto makan resto sangat variasi western hingga tradisional,2,positif,positif
kamarnya keren nyaman bersih layanannya luar biasa dr front office restaurant sampai layanan kamar sangat memuaskan,kamar keren nyaman bersih layan luar biasa front office restaurant sampai layan kamar sangat muas,2,positif,positif
hotelnya sangat nyaman rapi dan bersih seluruh pegawai nya juga ramah saat datang disambut dengan sangat baik,hotel sangat nyaman rapi bersih seluruh pegawai ramah saat datang sambut sangat baik,2,positif,positif
pengalaman kedua menginap di hotel ini masih memuaskan dengan pelayanan yang sangat ramah dan profesional membuat kami langsung merasa nyaman,alam dua inap hotel masih muas layan sangat ramah profesional buat langsung rasa nyaman,2,positif,positif
mantapp makanan enak lokasi strategis pelayanan oke,mantapp makan enak lokasi strategis layan baik,2,positif,positif
kamar bersih sebagaimana standart hotel bintang hanya penerangan agak kurang terang jadi agak was was saja melewati koridor setelah lobi dan yang menuju ke toilet nya serta musholla ruang mushola bersih dan nyaman,kamar bersih bagaimana standart hotel bintang hanya terang agak kurang terang agak was was lewat koridor telah lobi tuju toilet musholla ruang mushola bersih nyaman,0,negatif,positif
resto nya enak menu banyak pilihan,resto enak menu banyak pilih,2,positif,positif
saya menginap krn ada acara dari kantor pusat berikut review jujur saya receptionis selalu senyum salam dan sapa s ke para tamu waitress di resto juga menerapkan s ke para tamu dan cekatan dalam,inap acara kantor pusat ikut review jujur receptionis selalu senyum salam sapa tamu waitress resto terap tamu cekat,0,negatif,positif
hotel ternyaman di jogja selalu ingin kembali kesini lokasinya sgt strategis dkt dengan mana kamarnya nyaman banget,hotel nyaman jogja selalu ingin kembali kesini lokasi sgt strategis dekat mana kamar nyaman banget,2,positif,positif
breakfastnya enak menunya beragam so far great breakfast,breakfast enak menu agam so far great sarap,2,positif,positif
sarapan sangat lengkap dan enak di bantu mbak lena,sarap sangat lengkap enak bantu,2,positif,positif
hotel bagus pelayanan sangat bagus sarap juga enak makanan nya enak saya di layani degan mbak nur,hotel bagus layan sangat bagus sarap enak makan enak layan degan,2,positif,positif
tempat nyaman pelayanan memuaskan,tempat nyaman layan muas,2,positif,positif
sudah tiga kali berkunjung ke sini dan tetap merasakan kenyamanan dalam beraktivitas fasilitas nya lengkap untuk melakukan meeting pelayanannya ramah rekomended untuk aktivitas meeting besar,tiga kali kunjung sini tetap rasa nyaman aktivitas fasilitas lengkap laku meeting layan ramah rekomended aktivitas meeting besar,2,positif,positif
untuk kebersihan restonya bintang sewaktu sarapan di sambut dengan staf yang ramah,bersih restonya bintang waktu sarap sambut staf ramah,2,positif,positif
sarapan pagi sangat enak dan servis atas nama fifin sangat bagus,sarap pagi sangat enak servis atas nama sangat bagus,2,positif,positif
nice palace for stay bersih dan nyaman recomended,nice palace for stay bersih nyaman recomended,2,positif,positif
memuaskan terima kasih,muas terima kasih,2,positif,positif
kamarnya luas nyaman dan pelayanannya ramah,kamar luas nyaman layan ramah,2,positif,positif
bagus bersih makanan enak coba sediakan hand body kecil jg dikamar trmksh,bagus bersih makan enak coba sedia hand body kamar trmksh,2,positif,positif
service ok makanan enak kamar nyaman,service baik makan enak kamar nyaman,2,positif,positif
kamar luas cukup nyaman dan bersih lokasi pusat kota breakfast banyak pilihan,kamar luas cukup nyaman bersih lokasi pusat kota sarap banyak pilih,2,positif,positif
makanan nya enak bermacam macam kamarnya nyaman terima kasih,makan enak macam macam kamar nyaman terima kasih,2,positif,positif
makanannya enak bgt servicenha juga okee,makan enak banget servis okee,2,positif,positif
makanan lezat pilihan banyak dan pelayanan memuaskan semuanya melebihi ekspektasi saya,makan lezat pilih banyak layan muas semua lebih ekspektasi,2,positif,positif
pelayanan sangat ramah kamar bersih makanannya enak dan bervariasi semoga bisa kembali lagi ke sini,layan sangat ramah kamar bersih makan enak variasi moga bisa kembali lagi sini,2,positif,positif
kamar bagus dan bersih pelayanan mba silvia baik,kamar bagus bersih layan baik,2,positif,positif
hotelnya bagus pelayanan ramah makannya enak lokasinya strategis dekat kemana,hotel bagus layan ramah makan enak lokasi strategis dekat mana,2,positif,positif
parpel resto hotel grand mercure jogja menunya sungguh menarik dan enak kalio daging dan tahunya maknyus pilihan menunya beragam,resto hotel grand mercure jogja menu sungguh tarik enak kalio daging tahu enak pilih menu agam,2,positif,positif
hotel bagus prlayabab ramah dan profesional sangat membantu s ekali dan penjrlasanya sangat bagus keluarga laki sangat merasa nyaman,hotel bagus prlayabab ramah profesional sangat bantu ekali penjrlasanya sangat bagus keluarga laki sangat rasa nyaman,2,positif,positif
sangat luar biasa dapan menikmati sarapan pagi dengan hidangan yang sangat liar biasa di bantu mbak lena,sangat luar biasa dap nikmat sarap pagi hidang sangat liar biasa bantu,2,positif,positif
kamar nyaman bersih pelayanan di restoran ramah dan masakannya enak lokasi jg strategis dekat ke mana mall dan perkantoran,kamar nyaman bersih layan restoran ramah masakan enak lokasi strategis dekat mana mall kantor,2,positif,positif
untuk semuanya ok sih kamar toilet pelayanan view dekat poolnya juga ok,semua baik kamar toilet layan view dekat poolnya baik,2,positif,positif
menu sarapannya variatif jajan pasar nya enak kamar nyaman bersih,menu sarap variatif jajan pasar enak kamar nyaman bersih,2,positif,positif
anak happy sekali menginap d grandmercure pelayanan nya juga good banget terimkasih kaka nur jg sudah sangat ramah,senang sekali inap grandmercure layan good banget terimkasih kaka sangat ramah,2,positif,positif
untuk makanan lumayan enak untuk kamar bersih pelayanan oke,makan lumayan enak kamar bersih layan baik,2,positif,positif
sarapan paginya enak banyak pilihan twmpatnya bersih karyawan ramah pokoknya puas dehhh,sarap pagi enak banyak pilih twmpatnya bersih karyawan ramah pokok puas,2,positif,positif
pelayan memuaskan breakfast sangat beragam dan enak kamar bersih dan nyaman,layan muas sarap sangat agam enak kamar bersih nyaman,2,positif,positif
pelayanannya cukup baik makanannya enak varian makananya banyak,layan cukup baik makan enak varian makananya banyak,2,positif,positif
sarapannya enak dan pelayanaannnya baik terutama mba silvia ramah dan sopan,sarap enak pelayanaanya baik utama ramah sopan,2,positif,positif
hotelnya nyaman fasilitas lengkap lokasinya oke banget dan strategis deket darimana untuk kamar luas bersih staff juga super ramah dan helpful pokonya pelayanannya mantap cocok dan worth it banget buat yg mau liburan atau business trip,hotel nyaman fasilitas lengkap lokasi baik banget strategis deket darimana kamar luas bersih staff super ramah helpful poko layan mantap cocok worth it banget libur business trip,2,positif,positif
untuk kamarnya bersih nyaman dan dingin lokasi sangat strategis dijalan utama untuk sarapan menunya sangat beragam dan cocok dilidah,kamar bersih nyaman dingin lokasi sangat strategis jalan utama sarap menu sangat agam cocok lidah,2,positif,positif
salah satu hotel yang bisa menjadi pilihan di jogya dekat dengan ugm,salah satu hotel bisa jadi pilih jogya dekat ugm,2,positif,netral
tempatnya nyaman banget pelayanan ramah kamar bersih makanan enak lokasinya strategis deket ke spot wisata cocok buat nginep santai,tempat nyaman banget layan ramah kamar bersih makan enak lokasi strategis deket spot wisata cocok nginep santai,2,positif,positif
pelayanan baik makanan enak kamar bagus,layan baik makan enak kamar bagus,2,positif,positif
tempat dan pelayanan disini sangat bagus hotelnya nyaman dan sarapannya enak apalagi dibantuin sama anak training yg namanya lena cukup membantu sya,tempat layan sini sangat bagus hotel nyaman sarap enak apalagi dibantuin sama training nama cukup bantu sya,2,positif,positif
mba chelsi baikk pwooll mau sabar ngefotinn wkwk overall makanan enak sii temat juga good,baikk pwooll sabar ngefotinn wkwk semua makan enak sii temat good,2,positif,positif
pelayanan nya mantap ramah dam nyaman sekali hotel top se indonesia,layan mantap ramah dam nyaman sekali hotel top indonesia,2,positif,positif
makanan enak bervariasi pelayanan nya ok banget kamarnya nyaman staff nya ramah apalagi mba devita sangat ramah dan cantik,makan enak variasi layan baik banget kamar nyaman staff ramah apalagi sangat ramah cantik,2,positif,positif
kamar cukup nyaman breakfast oke terutama menu tradisional seperti gudek dan petugas di resto ramah dan helpful semua thank you,kamar cukup nyaman sarap baik utama menu tradisional seperti gudek tugas resto ramah helpful semua terimakasih you,2,positif,positif
hotel nyaman pelayanan baik makanan enak dan banyak pilihan lokasi dekat kemana,hotel nyaman layan baik makan enak banyak pilih lokasi dekat mana,2,positif,positif
untuk kamar nya cukup nyaman pelayanan juga oke banget untuk sarapan juga banyak varian nya enak juga lokasi pun cukup strategis mudah buat cari kebutuhan,kamar cukup nyaman layan baik banget sarap banyak varian enak lokasi cukup strategis mudah cari butuh,2,positif,positif
untuk sarapan paginya sangat enak dan memuaskan dan layanan atas nama fifin sangat memuaskan,sarap pagi sangat enak muas layan atas nama sangat muas,2,positif,positif
sangat senang karena lokasi strategis lingkungan bersih makanan enak dan yg luar biasa pelayanan yg cepat sangat ramah dan sangat menghormati tamu,sangat senang lokasi strategis lingkung bersih makan enak luar biasa layan cepat sangat ramah sangat hormat tamu,2,positif,positif
makanan di resto purple enak dan pelayanan sangat memuaskan masukan nambah menu yang bermacam tapi semuanya makanan enak thanks for service,makan resto purple enak layan sangat muas masuk nambah menu macam semua makan enak thanks for service,2,positif,positif
makanan hotel grand mercure sangat enak dan pelayanan nya sangat ramah,makan hotel grand mercure sangat enak layan sangat ramah,2,positif,positif
layanannya memuaskan makanan enak kamar nyaman,layan muas makan enak kamar nyaman,2,positif,positif
tempat nyaman menu makannya enak pelayanan ramah dgn mbak salma,tempat nyaman menu makan enak layan ramah salma,2,positif,positif
lokasi yang sangat strategis mudah kemana kamarnya bersih dan nyaman makanannya enak mohon untuk dipertahankan,lokasi sangat strategis mudah mana kamar bersih nyaman makan enak mohon tahan,2,positif,positif
pelayanan kamar nyaman staff melayani dengan baik dan senyum ramah terutama staff lena lokasi juga terjangkau will be back again soon,layan kamar nyaman staff layan baik senyum ramah utama staff lokasi jangkau will be back again soon,2,positif,positif
kwalitas makan bagus danmoelayanan enak bagus suasana bagus terima kasih ke pada mbak manis untuk pelayananya tks,kwalitas makan bagus danmoelayanan enak bagus suasana bagus terima kasih manis pelayananya terimakasih,2,positif,positif
makanan enak pelayanan enak all good,makan enak layan enak all good,2,positif,positif
bukber disini enak untuk harga yang murah ada kambing gulingnya menu lengkap,buka sama sini enak harga murah kambing guling menu lengkap,2,positif,positif
rasa sarapan nya lengkap dan variatif pelayanan di bantu mbak lena,rasa sarap lengkap variatif layan bantu,2,positif,positif
menu makanan bervariasi dan rasanya enak,menu makan variasi rasa enak,2,positif,positif
pelayanan restoran sangat baik dan ramah makanannya juga enak khususnya menu khas tradisional jajanan lainnya juga enak,layan restoran sangat baik ramah makan enak khusus menu khas tradisional jajan lain enak,2,positif,positif
hotel ditengah kota kamar nyaman layanan bagus sarapan oke banget terimakasih mbak tania,hotel tengah kota kamar nyaman layan bagus sarap baik banget terimakasih,2,positif,positif
hotel yang menjadi pilihan jika ke jogja menu sarapan enak dan variasi nya banyak cozy place dan mantap,hotel jadi pilih jika jogja menu sarap enak variasi banyak cozy place mantap,2,positif,positif
sarapannya enak bervariasi kamar luas n bersih,sarap enak variasi kamar luas bersih,2,positif,positif
alamat hotel strategis tepat dengan kota dan mall kamar nyaman pelayanan cukup ramah makanannya juga enak enak,alamat hotel strategis tepat kota mall kamar nyaman layan cukup ramah makan enak enak,2,positif,positif
bagus sekali pelayanannya sangat baik dan ramah dan hotelnya baguss dan nyaman,bagus sekali layan sangat baik ramah hotel bagus nyaman,2,positif,positif
puas dengan layanan hotel dan tempatua yang cukup strategis untuk makanan dan minuman cocok untuk lidah lokal,puas layan hotel tempatua cukup strategis makan minum cocok lidah lokal,2,positif,positif
makanan enak pelayanan baik overall,makan enak layan baik semua,2,positif,positif
kamar nya bersih dan lumayan luas makananya enak pelayanan cepat recommended lah,kamar bersih lumayan luas makananya enak layan cepat rekomendasi lah,2,positif,positif
saya punya harapan besar dengan hotel ini kamar yg saya pilih pun di atas rata rata view gunung saya pesan via ag a waktu sampai di hotel kaget karena ada rombongan karyawan kantor yg akan rapat,punya harap besar hotel kamar pilih atas rata rata view gunung pesan via ag a waktu sampai hotel kaget rombong karyawan kantor rapat,0,negatif,positif
pelayanan sangat ramah interior sangat bagus dan musholla nya luas,layan sangat ramah interior sangat bagus musholla luas,2,positif,positif
sarapan pagi dengan menu yang lengkap cita rasa terbaik dibantu dengan layanan training mb lena,sarap pagi menu lengkap cita rasa baik bantu layan training,2,positif,positif
sarapan dan break fast bagus serta memuaskan dan pelayanan ramah dari mba lena,sarap break fast bagus muas layan ramah,2,positif,positif
menu lunch makanan baik luar biasa pelayanan sangat baik,menu lunch makan baik luar biasa layan sangat baik,2,positif,positif
breakfastnya beragam sekali rasanya juga enak terus kamar kami ada balkonnya lebih baik kalau disiapkan kursi untuk duduk duduk,breakfast agam sekali rasa enak terus kamar balkon lebih baik kalau siap kursi duduk duduk,0,negatif,positif
hotel yang menyenangkan dengan breakfast nya yang enak anak suka,hotel senang sarap enak suka,2,positif,positif
pelayanan yg baik dan profesional banyak pilihan makanan,layan baik profesional banyak pilih makan,2,positif,positif
breakfast enak kamar bagus,sarap enak kamar bagus,2,positif,positif
sangat baik pelayanannya work it sihh kalau untuk bukber bersama keluarga,sangat baik layan work it sihh kalau buka sama sama keluarga,2,positif,positif
kamarnya nyaman dan bersih cocok banged buat kalian yang jalan jalan ke jogja makanannya juga enakk,kamar nyaman bersih cocok banged kalian jalan jalan jogja makan enak,2,positif,positif
penyajian sangat bersih dan nyaman,saji sangat bersih nyaman,2,positif,positif
pengalaman menginap malam yang menyenangkan sarapan dan makanan di restaurant enak enak,alam inap malam senang sarap makan restaurant enak enak,2,positif,positif
kamarnya nyaman dan desainnya bagus artsy bgt,kamar nyaman desain bagus artsy banget,2,positif,positif
lokasi nya strategis dan terjangkau kamarnya bersih dan rapih sarapan dan makan malam enak dan cukup beragam,lokasi strategis jangkau kamar bersih rapih sarap makan malam enak cukup agam,2,positif,positif
sangat ramah pelayanan kamar bersih sarapan variatif dan enak enak sekali pastinya tempat nya nyaman,sangat ramah layan kamar bersih sarap variatif enak enak sekali pasti tempat nyaman,2,positif,positif
kamar disini sangat nyaman dan untuk sarapannya bermacam macam dan enak semua,kamar sini sangat nyaman sarap macam macam enak semua,2,positif,positif
sarapan pagi ini sangat puas di bantu oleh training a n lena,sarap pagi sangat puas bantu oleh training a,2,positif,positif
lokasi strategis makanan enak staff sangat ramah,lokasi strategis makan enak staff sangat ramah,2,positif,positif
sdh kedua kalinya nginep sini kamar bersih breakfast enak banyak macamnya kolam renang oke byk spot foto dgn background classic recommended,dua kali nginep sini kamar bersih sarap enak banyak macam kolam renang baik banyak spot foto background classic rekomendasi,2,positif,positif
so far selalu puas sama pelayanan dan menu breakfast di setiap grand mercure yg pernah saya inapi hanya saja ada beberapa makanan yang saya rasa agak keras dan untuk kamarnya saya dapat yang area smoking jadi asapnya seperti masuk ke dalam kamar,so far selalu puas sama layan menu sarap tiap grand mercure pernah inap hanya beberapa makan rasa agak keras kamar dapat area smoking asap seperti masuk kamar,0,negatif,positif
menu breakfast yang beragam dengan cita rasa indonesia yang khas cocok untuk berlibur,menu sarap agam cita rasa indonesia khas cocok libur,2,positif,positif
untuk menu makanan nya sangat lengkap,menu makan sangat lengkap,2,positif,positif
pelayanan baik dan cukup ramah atas nama mba lena,layan baik cukup ramah atas nama,2,positif,positif
hotel terbaikkk kamarnya nyaman pelayanannya bagus makanannya enak dan juga fasilitas lengkap top deh,hotel baik kamar nyaman layan bagus makan enak fasilitas lengkap top,2,positif,positif
pelayanan baik dan breakfast enak,layan baik sarap enak,2,positif,positif
makanan nyaa sangatt enak sekalii trus juga resto nya bersih dann baguuus kereennn,makan nyaa sangat enak sekali terus resto bersih dann bagus kereen,2,positif,positif
pelayanannya ramah rapi menjelaskannya nyaman sampai tdk bingung mencari tmpt acara mkannya enak fresh,layan ramah rapi jelas nyaman sampai bingung cari tempat acara mkannya enak fresh,2,positif,positif
bagus nyaman dan menyenangkan sarapannya enak banget sesuai selera,bagus nyaman senang sarap enak banget sesuai selera,2,positif,positif
pelayanan ramah nyaman tengah kota menunya enak bersih estetik puas pokoknya nginep disini,layan ramah nyaman tengah kota menu enak bersih estetik puas pokok nginep sini,2,positif,positif
kamar memadai ragam pilihan sarapan layak dan baik pelayanan staf ramah,kamar pada ragam pilih sarap layak baik layan staf ramah,2,positif,positif
tempatnya nyaman bersih pelayanannya baik pemandangan nya indah karyawannya ramah makanannya pun sangat enak bakal balik kesini lagi puas banget,tempat nyaman bersih layan baik pandang indah karyawannya ramah makan sangat enak bakal balik kesini lagi puas banget,2,positif,positif
kamar nya bersih rapih ga terlalu besar tapi nyaman pelayanannya ramah dari resepsionis sampai yg di ruang makan dan tempat rapat lokasinya stategis dekat stasiun dan dekat mall suasananya enak ga berisik,kamar bersih rapih terlalu besar nyaman layan ramah resepsionis sampai ruang makan tempat rapat lokasi stategis dekat stasiun dekat mall suasana enak berisik,2,positif,positif
letak hotel sangat strategis dekat mall pelayanan nya sangat baik suasana nya homy,letak hotel sangat strategis dekat mall layan sangat baik suasana homy,2,positif,positif
kamar nya bagus bangett view pool juga bagus makanan di restoran nya juga enak enak banyakk macamm pokoknyaa juaraa deh,kamar bagus banget view bagus makan restoran enak enak banyakk macamm pokoknyaa juaraa,2,positif,positif
tempat yang strategis hotelnya bersih dan pelayanan yang sangat memuaskan crew yang namanya ririn sangat ramah dan ringan tangan untuk membantu,tempat strategis hotel bersih layan sangat muas crew nama ririn sangat ramah ringan tangan bantu,2,positif,positif
lokasinya strategis dekat dengan bandara makanannya enak fasilitas yang tersedia sangat lengkap,lokasi strategis dekat bandara makan enak fasilitas sedia sangat lengkap,2,positif,positif
pelayanan bagus makananya enak kamar bersih dan letaknya dekat sama kota dan mall,layan bagus makananya enak kamar bersih letak dekat sama kota mall,2,positif,positif
cukup berkesan menginap disini pelayanan bagus dan ramah kamar bersih makanan enak cocok untuk liburan keluarga,cukup kesan inap sini layan bagus ramah kamar bersih makan enak cocok libur keluarga,2,positif,positif
hotelnya nyaman bersih pelayanan ramah dan makanannya enak enak hari malam disini selalu dapat makanan yang enak dan beraneka ragam,hotel nyaman bersih layan ramah makan enak enak hari malam sini selalu dapat makan enak aneka ragam,2,positif,positif
tempat sangat nyaman pelayanan baik akses untuk ke berbagai lokasi juga cukup mudah,tempat sangat nyaman layan baik akses bagai lokasi cukup mudah,2,positif,positif
mantapp kamarnya keren bangett,mantapp kamar keren banget,2,positif,positif
makanan baik enak mbak intan sangat baik melayani setulus hati sehat selalu mbk intan,makan baik enak intan sangat baik layan tulus hati sehat selalu mbk intan,2,positif,positif
pengalaman menginap sehari semlm di grand mercure yogyakarta overall bagus kamar bersih sarapan juga enak dan lengkap,alam inap hari semlm grand mercure yogyakarta semua bagus kamar bersih sarap enak lengkap,2,positif,positif
pelayanan ramah and friendly kamarnya rapih dan bersih makanannya enak dan ber fariasi terima kasih untuk mba desy atas pelayanannya yg ramah,layan ramah and friendly kamar rapih bersih makan enak ber fariasi terima kasih desy atas layan ramah,2,positif,positif
pelayanan bagus kamar nyaman,layan bagus kamar nyaman,2,positif,positif
pelayanan mba amanda bagus dan sangat ramah makanan enak banyak macamnya sangat variatif,layan amanda bagus sangat ramah makan enak banyak macam sangat variatif,2,positif,positif
pelayanan ramah ramah devita,layan ramah ramah,2,positif,positif
breakfeast di grand mercure jogja makanannya g ada yang mengecewakan jempol delapan semua terutama utk training mbak lena sangat membantu terima kasih,breakfeast grand mercure jogja makan g kecewa jempol delapan semua utama training sangat bantu terima kasih,2,positif,positif
hotelnya authentic rapih bersih dan terawat pelayanan juga ramah dan cepat tanggap pengalaman yg menyenangkan tinggal disini,hotel authentic rapih bersih awat layan ramah cepat tanggap alam senang tinggal sini,2,positif,positif
terimakasih kasih atas pelayanannya sarapan yang luar biasa dan terimakasih atas pelayanan saudari lena,terimakasih kasih atas layan sarap luar biasa terimakasih atas layan saudari,2,positif,positif
hotel mendukung masalah lingkungan dengan tidak menyajikan air kemasan botol plastik hotelnya cantik dengan ornamen candi kamar bagus ada welcome fruit yang cukup banyak makanan biasa sih menyajikan banyak menu tradisional snack acara rapatnya enak dan cukup generous amenities nya juga lengkap,hotel dukung masalah lingkung saji air kemas botol plastik hotel cantik ornamen candi kamar bagus fruit cukup banyak makan biasa saji banyak menu tradisional snack acara rapat enak cukup generous amenities lengkap,2,positif,positif
pelayanannya baik dan makanannya enak,layan baik makan enak,2,positif,positif
penginapan yg sangat nyaman bersih dan apapun yg kita butuh kan akan di usahakan pelayanannya bagus ramah,inap sangat nyaman bersih apa butuh kan usaha layan bagus ramah,2,positif,positif
hotel bersih fasilitas lengkap pelayanan juga ramah ditambah letak nya yg strategis juga jadi poin plus,hotel bersih fasilitas lengkap layan ramah tambah letak strategis poin plus,2,positif,positif
kamarnya bersih dan nyaman enak untuk tidur kamar mandi nya juga lengkap dengan beberapa hal serta bersih servisnya sangat ramah dan baik lokasi nya juga strategis di perkotaan,kamar bersih nyaman enak tidur kamar mandi lengkap beberapa hal bersih servis sangat ramah baik lokasi strategis kota,2,positif,positif
makan malam nya enak mantap di lidah pelayanannya ramah tempat juga strategis,makan malam enak mantap lidah layan ramah tempat strategis,2,positif,positif
pelayanan nya oke banget staff ramah makanan bervariasi good bngt pokoknya,layan baik banget staff ramah makan variasi good bngt pokok,2,positif,positif
sarapan lengkap rasa enak dan pelayan memuaskan,sarap lengkap rasa enak layan muas,2,positif,positif
sangat senang mempunyai pengalaman menginap di hotel ini pelayanan sangat cepat kamar bersih dan wangi sarapan lengkap dan enak fasilitas yg lengkap pilihan yg tepat untukmenginap disini disaat sedang berlibur ke yogyakarta,sangat senang punya alam inap hotel layan sangat cepat kamar bersih wangi sarap lengkap enak fasilitas lengkap pilih tepat untukmenginap sini saat sedang libur yogyakarta,2,positif,positif
mewah bersih pelayanan top fasilitas lengkap lokasi strategis,mewah bersih layan top fasilitas lengkap lokasi strategis,2,positif,positif
sarapan paginya sangat enak banyak menu dan layanan fifin bagus,sarap pagi sangat enak banyak menu layan bagus,2,positif,positif
menu sarapan yang berfariativ dan untuk staff ramah nice,menu sarap berfariativ staff ramah nice,2,positif,positif
layanan memuaskan pilihan tepat saat mudik ke jogja,layan muas pilih tepat saat mudik jogja,2,positif,positif
berkesempatan bukber di sini masya allah tempatnya nyaman dan makanannya enak enak ini bukbernya di lantai btw,sempat buka sama sini masya allah tempat nyaman makan enak enak bukbernya lantai btw,2,positif,positif
menu bagus dan komplit pelayanan ramah dan membantu,menu bagus komplit layan ramah bantu,2,positif,positif
pelayanan sangat baik menu breakfast super lengkap dan rasanya semua tidak mengecewakan servis layanan kami didampingi oleh kak lena yg super ramah dan santun,layan sangat baik menu sarap super lengkap rasa semua kecewa servis layan damping oleh super ramah santun,2,positif,positif
sarapan enak pelayanan bagus terima kasih mbak silvia,sarap enak layan bagus terima kasih,2,positif,positif
makanan resto nya enak dan variatif serta layanan yg ramah,makan resto enak variatif layan ramah,2,positif,positif
breakfast hari ini enak enak dan memuaskan,sarap hari enak enak muas,2,positif,positif
sarapannya cocok dan banyak pilihan,sarap cocok banyak pilih,2,positif,positif
pelayanan ramah dan tanggap selalu bersih dan rapi rekomen banget bagi yg liburan ke jogja dan bingung mau menginap dimana,layan ramah tanggap selalu bersih rapi rekomendasi banget bagi libur jogja bingung inap mana,2,positif,positif
kelebihan meeting fullboard dg harga paling murah sekelas bintang ruang meeting nya banyak bangunannya megah,lebih meeting fullboard harga paling murah kelas bintang ruang meeting banyak bangun megah,2,positif,positif
layanan hotel oke dan stafnya ramah serta inisiatifnya bagus resto pilihan makanan banyak dan kualitasnya oke fresh dan enak,layan hotel baik staf ramah inisiatif bagus resto pilih makan banyak kualitas baik fresh enak,2,positif,positif
sarapannya enak bervariasi sdh hari makanan berbeda staff semua ramah dibantu dgn mba lena yg ramaah terima kasih mercure jogja,sarap enak variasi hari makan beda staff semua ramah bantu ramaah terima kasih mercure jogja,2,positif,positif
kamarnya luas nyaman bersih pelayanannya bagus balroom luas untuk acara,kamar luas nyaman bersih layan bagus balroom luas acara,2,positif,positif
pelayanan memuaskan makananannya enak dan menunya kids friendly juga terima kasih mbak silvia yang sudah sangat helpful di restoran,layan muas makananannya enak menu kids friendly terima kasih sangat helpful restoran,2,positif,positif
hotelnya nyaman servicenya ramah kamar bersih dan rapih menu sarapannya variatif dan enak good,hotel nyaman servicenya ramah kamar bersih rapih menu sarap variatif enak good,2,positif,positif
makanan baik sesuai cita rasa,makan baik sesuai cita rasa,2,positif,positif
pelayanan memuaskan kamar rapi pilihan makanan juga banyak,layan muas kamar rapi pilih makan banyak,2,positif,positif
semua pelayanan top markotop atas nama mba silka markotop kasih reward bagus untuk tim management nya ya terima kasih,semua layan top markotop atas nama silka markotop kasih reward bagus tim management terima kasih,2,positif,positif
ruang kamar keren dan super nyaman layanan dinner bagus lokasi terjangkau di area kota jogja recommended banget,ruang kamar keren super nyaman layan dinner bagus lokasi jangkau area kota jogja rekomendasi banget,2,positif,positif
super sekali makanannya lengkap dan enak semuanya rekomended sekali baik dari kamar fasilitas pelayanan yngsuper cepat dan ramah sertaaaa rasa makanan yang enakk,super sekali makan lengkap enak semua rekomended sekali baik kamar fasilitas layan yngsuper cepat ramah rasa makan enak,2,positif,positif
sebuah pengalaman yang luar biasa menyenangkan saat liburan nyaman dan enak sekali makanannya,buah alam luar biasa senang saat libur nyaman enak sekali makan,2,positif,positif
hotel yang nyaman dan dilengkapi dengan banyak fasilitas penunjang yang membuatnya betah untuk menginap disini kamar nyaman layanan oke lokasi strategis kemana mana kuliner dan pusat oleh dekat sarapan pagi komplit menunya dan rasa masakanya enak,hotel nyaman lengkap banyak fasilitas tunjang buat betah inap sini kamar nyaman layan baik lokasi strategis mana mana kuliner pusat oleh dekat sarap pagi komplit menu rasa masakanya enak,2,positif,positif
makanan nya lengkap banyak menu rasanya mantap,makan lengkap banyak menu rasa mantap,2,positif,positif
kamarnya oke banget dan pelayanannya juga baik makanan juga enak poll,kamar baik banget layan baik makan enak poll,2,positif,positif
pelayanannya memuaskan,layan muas,2,positif,positif
pelayanan di sini menyenangkan makanannya enak enak kamarnya nyaman dan yang terpenting adaah karyawan yang mau menerima masukan,layan sini senang makan enak enak kamar nyaman penting adaah karyawan terima masuk,2,positif,positif
makanan sarapannya pilihannya banyak,makan sarap pilih banyak,2,positif,positif
nyamann rekomended juga untuk makananya,nyamann rekomended makananya,2,positif,positif
makanan enak pelayanan diresto grand mercure mba silvia sgt baik,makan enak layan diresto grand mercure sgt baik,2,positif,positif
pelayanan yang sangat bagus baik dari kamar breakfast serta reception dan yang lainnya melayani dengan ramah,layan sangat bagus baik kamar sarap reception lain layan ramah,2,positif,positif
servicenya ok roomnya ok mba lena di service gmn saat aatapan pelayanannya baik,servicenya baik roomnya baik service gmn saat aatapan layan baik,2,positif,positif
sarapannya mayan komplit dan enak pelayanan mbak lena top banget,sarap mayan komplit enak layan top banget,2,positif,positif
saya sangat puas dengan pengalaman menginap di hotel grand mercure adisucipto semua aspek pelayanan di hotel ini sangat baik mulai dari proses check in yang cepat hingga keramahan seluruh staf yang membuat saya merasa nyaman selama,sangat puas alam inap hotel grand mercure adisucipto semua aspek layan hotel sangat baik mulai proses check in cepat hingga ramah seluruh staf buat rasa nyaman lama,2,positif,positif
sarapan disini enaakkk puas pelayanannya makasih ka silviaa,sarap sini enaak puas layan terima kasih,2,positif,positif
breakfas nya baik dan sangat enak pelayanan nya juga sangat bagus dan ramah saya di layani oleh mba lena yg sangat ramah cantik dan baik hati sangat senang berada disini next time bakal datang kembali,breakfas baik sangat enak layan sangat bagus ramah layan oleh sangat ramah cantik baik hati sangat senang ada sini next time bakal datang kembali,2,positif,positif
menyenangkan dihotel ini breakfastnya enak terima kasih atas pelayanan yang baik lena trainee,senang hotel breakfast enak terima kasih atas layan baik,2,positif,positif
makanan enak pelayanan terbaik mb kesya,makan enak layan baik kesya,2,positif,positif
suka di hotel ini kamar luas dan bersih breakfast bervariasi dan enak,suka hotel kamar luas bersih sarap variasi enak,2,positif,positif
salah satu opsi hotel terbaik di yogyakarta terletak dipinggir jalan adisucipto lokasinya cukup strategis kamar cukup nyaman,salah satu opsi hotel baik yogyakarta letak pinggir jalan adisucipto lokasi cukup strategis kamar cukup nyaman,2,positif,positif
letaknya strategis di sekitar pusat kota jogja pelayanan yg baik dan kebersihan kamar yg terjaga sarapan dgn variasi menu yg banyak termasuk tradisional cocok utk family staycation,letak strategis sekitar pusat kota jogja layan baik bersih kamar jaga sarap variasi menu banyak masuk tradisional cocok family staycation,2,positif,positif
the best pengalaman menginap dan semua makanan disini enak pelayanan sangat ramah,alam inap semua makan sini enak layan sangat ramah,2,positif,positif
lokasi hotel yang strategis untuk keperluan bisnis maupun vacation pelayanan yg ramah dari staff hotel sangat membantu kami thanks to mbak lena and team,lokasi hotel strategis perlu bisnis maupun vacation layan ramah staff hotel sangat bantu thanks to and team,2,positif,positif
lokasi di pusat kota sangat strategis services dan sanitary terbaik sarapan dengan pilihan banyak dan enak semua terima kasih grand mercure,lokasi pusat kota sangat strategis services sanitary baik sarap pilih banyak enak semua terima kasih grand mercure,2,positif,positif
menu sarapan nya sangat lengkap rasa nya juga enak saya datang di jam tapi semua makanan masih banyak staff nya juga sangat membantu,menu sarap sangat lengkap rasa enak datang jam semua makan masih banyak staff sangat bantu,2,positif,positif
tempat renangnya bagus di atas makanan okee bangetttt banyak varian nya rasa enak,tempat renang bagus atas makan okee banget banyak varian rasa enak,2,positif,positif
sangattt rekomended untuk kesini makanannya enak staff dan pelayanan sangat baik,sangat rekomended kesini makan enak staff layan sangat baik,2,positif,positif
kamar bersih nyaman wifi lancar breakfast menu banyak pilihan terima kasih atas pelayanannya sekedar masukan mungkin bisa ditambahin daftar menu dan dilayani sampai jam brapa antisipasi tengah malem lapar dan males keluar,kamar bersih nyaman wifi lancar sarap menu banyak pilih terima kasih atas layan dar masuk mungkin bisa ditambahin daftar menu layan sampai jam brapa antisipasi tengah malem lapar males keluar,0,negatif,positif
