Label,Casefold
positif,pelayanannya ramah bgtt fasilitas kamar juga oke recommended utk yang mau liburan krn lokasinya dekat banyak tempat wisata
negatif,baru kali ini sangat kecewa dengan pelayanan hotel mercure di kota mana pun baru kali ini saya sangat kecewa minta kunci kamar punya suami saja yang sudah di titipkan susahnya minta amoun harus tunggu bberapa lama berasa saya di curigai sama pihak lobby keterlaluan buat emosi
positif,liburan menyenangkan di jogja stay di hotel yg luar biasa
positif,lokasinya juga mantap dekat dengan bandara dan tempat tempat wisata untuk kamarnya sendiri menurut saya nyaman dan fasilitasnya lengkap pelayanan nya baik dan stafnya ramah ramah
positif,saya merekomendasikan anda untuk menginap di hotel ini pelayanannya bagus ramah dan makanannya juga enak sebagai ibu yg sedang menyusui saya sangat mengapresiasi atas layanan penyimpanan asi yang ada di bagian resepsionis
,menu resto lengkap pelayanan oke best bgt deh thank u
positif,sarapan lengkap enak pelayanan bagus dengan mbak devita
positif,pelayanan top tempat nyaman sekali sangatt recomend
positif,menunya bervariatif dan enak pilihan desertnya juga banyak
negatif,staff ramah itu jd menutupi kekurangan yg lain sih terimakasih ya mba dan mas too bad kamarnya gelap tv nya gambarnya semut jd kurang clear heater nya mesti
positif,untuk kamar bersih aman dan nyaman bisa di jadikan rekomendasi buat nginap atau staycation tpi sama istri loh staff nya juga ramah
,kamar dan suasana nyaman bersih ga bakal nyesel nginep disini sarapannya juga enak enak sampe bingung tks kak caroline sudah menservice kita dgn happy
positif,puas banget deh dengan pelayanan di hotel ini mulai dari fasilitas hingga makanan nya rekomend banget buat yang mau nyari hotel bintang lima dengan harga yang masih dibilang standar suasana hotel juga nyaman dan asri bikin jadi betah
netral,menginap utk malam dikamar tipe deluxe ada beberapa spot lantai yg tidak sempat di vacum tp overall kamar bersih dan terawat hanya saja saya tidak mendapatkan pemandangan dari jendela pemandangan hanya kooridor tempat meeting
positif,overall nyaman suasana oke kamar jg bersih wangi
netral,bagus hotel tengah kota yogyakarta kami nginap hari cukup berkesan wlopun belum nyoba semua fasilitasnya karena tugas kantor namun ada hal yg kurang entah sop atau pernah terjadi sesuatu terkait keamanan
positif,senang menginap disini makanannya enak enak ruangannya luas awalnya check in ada air ac sedikit tp tim gercep membetulkan dan semuanya sangat ramah terutama mbak devita dan satunya mas siapa kemarin malam ya yang langsung gercep menghubungi teknisi ketika ada permasalahan di ac
positif,tempatnya nyaman staffnya baik
,untuk sarapan paginya sangat enak banyak menunya dan layanan atas nama fifin sangat bagus semuanya memuaskan
positif,makanannya enak tempatnya nyaman lokasi dekat dg perkotaan dan depan jalan raya bagus untuk staycation berhari hari sesuai harapan dan recomend buat nginep
positif,makanannya enak paling favorit nasi goreng buat anak dan overalla good
negatif,sebelumnya pernah menginap di mercure surabaya pontianak dibanding kedua hotel tsb menurut saya utk sisi rasa pada menu breakfast mercure yogya kurang nendang alhasil kali breakfast mengambil menu yg sama yaitu gudeg lebih karena
,suka banget hospitality nya top untuk makanan minuman enak dan nyaman kalau boleh banyakkin menu asal jogja lagi yaa heheh gudeg lupis getuk pecel
,sarapan menu sangat bnyk n enak pelayanannya sangat ramah devita
negatif,saya setiap merayakan tahun baru selalu nginap hotel di yogyakarta atau di semarang baru mengalami di hotel ini untuk gala dinner harus reservasi bayar pack orang biasanya free orang per kamar sisanya baru bayar untuk hotel
netral,proses booking responnya sangat lambat akhirnya krn kamar yg dipesan keburu habis diupgrade pelayanan lain memuaskan
netral,secara keseluruhan utk makanan enaak kecuali krecek terlalu oily encer hotel bagus t strategis
positif,hotelnya nyaman sekali pelayanannya sangat memuaskan stafnya ramah kamar bersih dan rapi lokasinya cukup strategis dipinggir jalan mudah untuk mengakses kemanapun tingkat keamanan hotel pun sangat baik dan memuaskan karna tidak sembarang orang bisa masuk kamar
negatif,toilet di ruang rapat lt nggk bisa dikunci mushola sempit aroma kurang sedap yaaa b aja si tp imo nggk worth it dengan rate segitu
positif,untuk breakfast lengkap bgt makanannya enak pool pelayannann bernama lena ramah dan baik
positif,pelayanan ramah variasi sarapan oke lokasi strategis
,untuk sarapannya lengkap semuanya ada enak saladnya fresh fres lena
,kren top markotop menu pelayanan nya suupeer
positif,breakfast nya alhamdulillah enak
,untuk kamar nya cukup nyaman pelayanan juga oke banget
negatif,sy membooking smpe hr dikamar pertama sy komplain krn kamar ad suara berdengung kencang jd kami tdk bs istrht tenang akhirnya diupgrade kmr yg lbh besar krn kami dtg di moment lebaran jd kamar sisa ini awal sy masuk kamar konsepnya agak
positif,sarapan dan pelayanannya mantap kamar nya bersih mba nya juga ramah silvia
,ruang rapatnya besar kamarnya nyaman lokasinya strategis dekat tempat kuliner di seberang jalan demangan untuk makanan dan minumannya variasinya menunya boleh ditambah lagi terima kasih
netral,semoga safe deposit boxnya bisa lebih bagus ya
positif,sarapan paginya lengkap dan sangat enak layanan atas nama fifin baik dan ramah
positif,lokasi strategis dekat mall dan rumah sakit kamarnya oke ruang meeting nya banyak dan proper snack rapatnya variatif dan enak enak
,sarapan sambil bisa menikmati jalan kenangan semasa kuliah
negatif,untuk makanannya lumayan banyak tetapi untuk kamar tidak sesuai dengan permintaan tanpa konfirmasi terlebih dahulu dan untuk pelayanan pada saat cek in pelayanannya kurang
,overall experiencenya memuaskan breakfast variatif dan kamar spacey dan bersih khusus balkon kalau mau buka pintunya by request ke resepsionis ya
,hotel dengan lokasi strategis dekat bandara adisucipto dan mall makanan enak dan beragam fasilitas hotel cukup lengkap ada kolam renang di lantai atas dan gym interior ornamen khas yogya ruang meeting luas tp blower ac berisik
positif,menu masakannya enak pelayanan bagus sempat minta dilayani mbak fifin cepat dan tidak berteletele
positif,pelayanan yang memuaskan kebersihan dan kerapihan semua kamar dan ruangan selalu terjaga serta breakfast yang cukup menarik
,menginap d n sangat nyaman alhamdulillah lokasi sangat strategis dan pelayanan cukup ramah di sekeliling hotel banyak tempat makan enak seberang hotel ada bakmi batas kota yang ternyata enak makin malam makin rame pengunjungnya
,sarapan pagi nya sangat enak enak dan pelayanan atas nama fifin sangat cepat dan ramah
positif,fasilitas kamar hotel lengkap tidak ada kendala parkir memadai makanan lengkap banyak pilihan mulai dari dissert menu modern dan tradisional minuman juga lengkap best service
,hospitality ny bagus kamar bersih untuk breakfast paling enak curry beef ny mantab
,sarapan nya mantap and mak yus
,iftar disini seru abiss tempat nyaman makanan enak pelayanan restaurant sangat baik recomendeddddd
positif,hotel dan kamarnya bagus nyaman dan bersih sarapannya juga oke bgt dan juga lengkap mulai dari makanan indonesia western dan juga banyak sekali tersedia aneka pastry
,sarapannya enak namun telurnya sebaiknya dibuat dan disimpan di stock agar orang tidak menunggu pembuatan telur yg lama tksh
netral,hotel nya bagus lokasi strategis petugas nya ramah tapi klau malem dr resto suka ada bunyi kursi di pindahkan cuman front lobby nya bisa di ajak komunikasi untuk mengatasi masalah tersebut semoga makanan nya bisa lebih enak lagi
positif,sarapannya enak dan variatif pelayanan dari mbak lena sangat baik
positif,lokasi strategis ruangan nyaman makan enak dan higienis dekat stasiun jadi untuk saya yang orang solo sangat nyaman menikmati menginap di grand mercure yogyakarta
positif,pertama kali kesini nemenin anak yg lagi diajak sama budhenya staycation semalam baru masuk pelayanannya ramah semua
netral,hotelnya sangat bagus walaupun kamarnya agama kecil tetapi makanannya breakfastnya enak
netral,pelayanan ramah semedulur lokasi mudah dicari masakan enak dan beragam sayang kamar yang saya pesan tidak punya view
,tempat nya bagus dan enak dan kamar hotelnya sangat dingin pelayanan nya juga mantap
,saya menginap di hotel grand mercure sangat nyaman menu memuaskan pelayanan prima
,pengalaman menginap disana seru lokasinya strategis dkt sama mall serta fasilitas umum lainnya
,nasi goreng hijau mantap terimakasih atas pelayanan yg ramah dari mba aztuti sukses sll
netral,hotel nyaman kolam renang luas makanan di restoran bervariasi rasanya enak hanya saja air shower keluarnya kecil tp so far smua nyaman tx u mercure jogja sukses selalu
negatif,salah satu hotel bintang lima di pusat kota jogyakarta memilih hotel ini untuk acara family gathering di tahun saat lebaran ini saat kedatangan dibuat kecewa dengan pelayanannya karena kamar belum ready semuanya alasannya di saat
netral,overall menu yg disajikan cukup baik banyak beraneka ragam menu nusantara dan luar lebih diperhatikan tentang air wedang ronde nya yg kurang panas dan penyajian mie nya yg sudah dimasak terlebih dahulu jadi ketika disajikan sudah dingin
,allhamdulilah nyaman dlm rangka kedinasan
,breakfast ok pelayanan staff ramah
,sarapannya rasanyaa jossss pelayanan sat set sama mb lena
,untuk makanannya oke cukup beragam cuma bisa dikurangi manis nya atau asinnya untuk kamarnya cukup kaget karena beda dari beberapa tahun terakhir saya kesini
,lokasi strategis varian masakan ok ambience resto keren view bagus wajib kesini lagi
,sarapan paginya sangat enak menunya lengkap dan memuaskan layanan atas nama fifin baik dan ramah serta cepat
,pelayanan dan makanan enak terima kasih mba silvia
,menanggapi kehilangan yang sebelumnya pihak management sudah melakukan tindak lanjut dan tindakan tegas pada siapapun yang terbukti terima kasih semoga tidak terjadi lagi dan keamanan semakin ditingkatkan makasih
,pelayanan serta fasilitas yang ada sangat memuaskan
,makanan yang disajikan selalu baru dan banyak macamnya pelayanan cepat dan tempatnya bersih
netral,terima kasih dengan pelayanan grand mercure menginap dan mengadakan event training di sini dapat banyak support dan menunya enak walaupun ada beberapa kendala teknis namun ada tim hotel yg sigap membantu
negatif,hotel bagus perlengkapan mandi sangat bagus makanan nya cukup enak lokasi di tengah kota tetapi pelayanan untuk check in sangat buruk saya bersama rombongan sekitar orang tidak bisa masuk kamar ketika sudah sampai hotel hotel yg
,good service pelayananya makanannya enak semua memuaskan
,pelayanannya bagus untuk breakfast mungkin bisa lebih bervariasi uniknya gosok giginya sangat behel friendly suka bangettt
netral,kamar luas lokasi strategis di pusat kota pelayanan cukup untuk makanan berat kurang variatif lebih banyak dessert untuk menerima pesanan dari luar tidak bisa di resepsionis seperti hotel lain minta tolong disimpan di resepsionis saja
,cukup puas dan pelayanan nya ramah break fast a n lena
,pelayanan yang luar biasa bagus makanan yang banyak variasi dan enak kamar juga nyaman
,sajian makanan enak layanan ramah di layani oleh petugas bernama aztuti
,pelayan restorannya ramah dan menu sarapannya mantab
netral,overall untuk kamar dan service yang ditawarkan oleh grand mercure sudah cukup baik tetapi terkait koordinasi mengenai additional features seperti extra bed mohon ditingkatkan lagi dari pihak hotel sehingga tamu yang berkunjung msk
netral,untuk hotel bintang sebenarnya fasilitas dan desain hotelnya terbilang kurang menggambarkan bintang namun sesuai dengan harganya yang terbilang salah satu yang paling terjangkau
,sangat nyaman baik pelayanan fasilitas smuanya bagus
,untuk kamar nya sudah ada bantal dan guling sangat nyaman sekali untuk kasurnya untuk makanan nya sesuai dengan rating restoran nya enak dan menggugah selera terima kasih
,kesini untuk acara bpip fasilitas hotel lengkap dan kondisinya masih sangat bagus untuk makanannya enak pelayanan prima sigap dan cekatan kalau habis selesai makan langsung di ambil dan juga ramah
,untuk pelayanan cukup memuaskan kamar nyaman dan bersih menu di restoran juga enak
,actually that s a huge luxurious place awalnya booking untuk menginap di ibis style tapi karena ada high maintenance di upgrade kamar di grand mercure thanks a lot that s amazing
,pelayananannya sangat baik dan terbantu oleh mbak lena
,sarapan pagi beragam dan enak layanan atas nama fifin sangat ramah dan baik
,saya suka dengan sarapan paginya enak dan layanan atas nama fifin baik ramah anaknya cantik
positif,hotelnya nyaman bersih dan pelayanannya ramah lokasi strategis dekat dengan pusat kota dan mudah ke mana mana sarapannya enak dan variatif sangat puas menginap di hotel grand mercure ini
positif,tempat nyaman untuk menginap saat perjalanan bisnis dinas makan pagi nya banyak dan enak pelayanannya sangat bagus rekomended
,dari pelayanannua bagus stafnya ramah sarapannya juga enak kebersihan kamar juga bagus
positif,kamarnya luas bersih dan nyaman meski interior bkn modern ya untuk breakfast menu tradisional nya enak dan banyak pilihan lokasi cukup strategis utk berkegiatan di dkt kota jogja
positif,hotelnya nyaman dan sarapannya jg banyak pilihan pelayanan mba celsi sangat ramah
,kami menginap tepat saat long weekend selama hari malam pengalaman saat cek in hari ini yg informasinya bisa di dapat dijam hotel umumnya info cek in di jam kami dapatkan kunci hampir jam malam sungguh pengalaman luar
positif,posisi hotel strategis makanan enak dan bersih pelayanan ramah dan baik
positif,untuk hotelnya menurut aku rekomen untuk acara pertemuan makanannya enak tidak menemukan botol plastik untuk minuman semua pake gelas kaca kamar hotel san juga ada dan bed
negatif,menu sarapan ok ada beberapa fasilitas yang perlu diperbaiki antara lain penyediaan sabun dan air di toilet dekat ruang sewu agar diperbaiki macet ruang kamar bau bekas rokok sangat mengganggu agar bisa dibersihkan dr sisa asap rokok yang mengendap
netral,kemarin saya komplain soal rasa makanan desert dihotel ini karna pudingnya ga manis vlanya tawar ga ada rasa trus sy komplain sama waiternya bernama devita supaya vlanya manis alhamdulillah hr ini sy breakfast sy cobain lagi pudingnya udh
positif,kamar bersih dan rapi pelayanan oke resto juga oke
,pengalaman kedua menginap disini karena memang ada acara dari kantor pengalaman pertama dulu mgkin sekitar atau tahun lalu entah kenapa saya gak terlalu noticed sama kondisi sekitar hotel
,mudah dijangkau dan byk fasilitas umum layanan bgs
,makanan enak kamar bagus bersih layanan memuaskan
,di sini kamarnya nyaman jadi bisa tidur nyenyak sarapan pagi sungguh luar biasa menunya komplit plit semua ada thank you grand mercure
,nyaman strategis letaknya
,hotel yang good best apalgii pelayanannya dan staff nya selalu ramah dalam menangani the besty
,makanannya enak tempat bersih pelayanannya juga baguusss
positif,hotel yang nyaman di yogya makanannya enak variatif kopinya banyak pilihan kamar nya bersih staff nya ramah di area restaurant security nya sangat membantu di basement dan ramah terima kasih chef bambang yang sangat ramah dan baik terima kasih grand mercure yogya
,sarapan paling bagus banyak pilihan devita pelayanan bagus
,untuk sarapan pagi sangat puas trimakasih
,suite room upgrade kamar dapat free compliment pula lokasi lumayan dekat dgn st tugu mau makan sederhana juga tinggal nyebrang oke deh
,breakfast nya cukup lengkap dengan rasa yang pas dan nikmat beraneka makanan lokal minuman tersedia pelayanan dibantu oleh mba lena
,di jalan utama adi sutjipto sebelah kiri sebelum masuk kota yogya hotel bintang pastinya dengan std layanan accor group
positif,pelayanannya sangat memuaskan bawa baby tanpa ribet dibantu dengan sigap oleh para weters yg baik makanannya banyak pilihan dan enak liburan jadi tambah menyenangkan terimakasih grandmercure untuk kesan terbaiknya selama di jogya
negatif,mohon di diberitahu kembali untuk resepsionisnya agar tidak lelet dan lebih gesit pelayanannya customer bisa melayani menitan sibuk klik klik komputer entah yang diklik apa sementara itu ada customer yang pembayaran qris gagal ternyata diulang terus sampai lama untuk layanan kamar bersih dan luas
positif,sarapan enak pelayanan silvia ramah dan menyenangkan
positif,makanan paginya lengkap dan berkelas untuk restaurant nya bersih dan untuk pelayanan semua staff ramah dan murah senyum
,hotelnya nyaman makananya oke pelayananya baik sangat membantu tamu
positif,bagus sarapan memuaskan semua tersedia
positif,pelayanan di hotel grand mercure sangat memuaskan variasi menu makan cukup lengkap dan banyak rasa makanan tidak ada yg mengecewakan
,menginap di hotel ini nyaman n pelayanan nya bagus
,sarapan nya enak agak berbeda atau unik dengan hotel yang saya pernah kunjungin dj jogja di bantu oleh training lena
,untuk pelayanan atas nama mba thania cukup memuaskan ramah dan murah senyum terimakasih
,pelayanan mba fifin mantul
positif,pengalaman yang menyenangkan bisa menginap di sini untuk pelayanan kak meirizka cukup informatif
,kamar luas ac sangat dingin kamar mandi luas ada bathup anak jadi senang berenang dibathup sarapan enak dan bervariasi
,pelayanan staff nya ramah kamar nya juga bersih dan wangi
,kamarnya baguss dan keren pelayanannya juga memuaskan apalgi dekat dengan malioboro mall kren deh hotelnya menginap di sini ga bakal bikin rugi
,begitu masuk loby hotel disambut patung loro blonyo interior khas jogja sampai interior kamar kental juga nuansa budaya jawa suka sama lampu bentuk stupa borobudur
positif,breakfast nya enak dan mantap yang paling favorit itu soto tangkar nya kamar nya juga bersih dan rapi orang nya juga ramah recommend
netral,little bit sad karena dapat kamar yg tidak mengarah ke balkon tapi over all suka pilihan breakfast nya banyak bgt
positif,event dan menginap di grand mercure pengalaman pertama buat saya ruang meeting nya bersih hotelnya unik banyak motif candinya kamarnya nyaman buat istirahat seharian meeting di ruangan nyaman dan recomended banget ini hotel thanks
negatif,masukannya dikamar ditambahkan lampu yg lebih terang untuk dikamar mau makeup dll susah
netral,beberapa kali nginep disini secara umum memuaskan room bersih makanan lumayan enak pelayanan memuaskan cuman minum di room sedikit semoga ada solusi penambahan air minum nya
,breakfastnya enak pol kamarnya bersih dan wangi menurut aku aroma wangi lobby grand mercure emang beda sama hotel hotel lain dan itu enak banget body lotionnya mahal banget wanginya good
,ruangannya bersih call ke resepsionisnya sangat tanggap walau malam breakfastnya lengkap enak dari saladnya segar dan semuanya masih hangat pelayanannya tanggap terutama mba silvia sangat oke recommended
,lokasi hotel strategis beberapa kali diundang acara di hotel ini sempat beberapa kali juga memilih hotel mercure untuk acara hasilnya selalu memuaskan pelayanan baik didukung dengan staf yang ramah terima kasih grand mercure yogyakarta
negatif,untuk breakfast nasi gudegnya kurang dan ayam tepung tulangnya masih merah untuk yg lainnya lumayan
,hotel nyaman posisi ada di tengah kota petugas ramah dan cepat dalam memberikan layanan dari segi makanan menurut saya enakdan banyak aneka ragam jajanannya dan jajanan yg saya anggap ndak ada lagi tetnyata ada silahkan dicoba terima kasih
,alhamdulillah nyaman menginap disini kamar bersih pelayanan ramah trimakasih atas pelayanan yg diberikan insyaallah next ksini lg
,hotelnya bagus kamarnya bagus dan breakfastnya enak dan cukup lengkap lokasinya juga strategis overall bagus namun sy punya pengalaman kurang puas untuk layanan kamarnya saya dan teman sy ketinggalan beberapa barang di kamar mandi
,pelayanan baik kamar bersih dan bagus akses kemana saja sangat mudah sistem keamanan baik cuma ada bbrp security yg mandang rendah krn kami naik motor saat disapa malah diam saja dan mandang curiga hahaha gini amat yak harus bawa mobil kl pengen dihormati
,hotel ini bagus dari berbagai sisi mulai dari layanan kamar makanan lokasi mudah dijangkau
,pelayanan disini sangat bagus dan breakfast nya pun enak dan orang nya juga pada ramah
,pelayanan hotel sangat bagus makanan enak dan variasinya banyak kamar bagus dan lega fasilitas lengkap overall memuaskan
,pelayanan nya ramah sesuai dengan kota nya ademmmm saya senang dan berharap bisa ke sini lagi fasilitas hotel sangat lengkap terima kasih
,pelayanannya ramah fasilitasnya juga oke menu sarapannya lengkap enak dan fresh juga top deh pokoknya
,pelayanan fasilitas dan menu makanan sangat memuaskan rekomended untuk jadi tempat menginap baik tugas kantor atau bersama keluarga
,staff ramah kamar luas nyaman makanan di restonya enak
,hotel bagus lokasi sedikit jauh dari malioboro dan keraton yang jadi ikon kota yogyakarta namun transportasi ke malioboro dan sekitarnya tidak menjadi masalah karena banyak pilihan dan tidak mahal kamar nyaman air panas utk mandi
,sarapan pagi sangat enak layanan fifin sangat baik dan ramah
,pelatanan di sini sangat luarbiasa staf nya ramah ramah makanannya enak kamarnya bersih
,kamar bersih sudah disiapkan dan ac dingin layanan cepat saat cek in front liner juga fast respon dan ramah sekali lokasi strategis dari arah manapun mudah dituju overall hotel tersebut sangat recomended baik untuk keperluan pekerjaan maupun liburan keluarga mantappp
positif,hotel nya bersih nyaman dan pelayanan nya baik
,pelayanan bagus staff ramah semua tempat nya bersih higienis dan nyaman sekalii
,menginap di grand mercure sangat nyaman dan mantap pengen nginep terus
,menu sarapan enak dan kamar ok dan di bantu juga pelayanan oleh mba lena
,pengalaman saya nginap di sini pelayanan sangat ok dan kamar pun jg bersih
negatif,saya hanya seorang driver apa salah standby dan jajan dikantin yg memang dikususkan untuk karyawan katanya kita jajan juga byr dr pada hrus keluar jauh dan ada beberapa oknum yg tdk ramah
,untuk menu sarapan pagi sangat baik dan cukup memuaskan
,hotelnya enak pelayanan ramah sarapan paginya enak
,lima hari di grand mercure ikut bimtek luar biasa pelayanan dari pihak hotel mulai makanan kamar hotel dan sebagainya sukses selalu buat grand mercure
,sarapannya lengkap dan rasanya enak ruangannya luas dibantu dengan mba lena
,kamar bersih dan peralatan komplit breakfast menu pilihan banyak dan enak enak juga bisa next kesini lagi pas ke jogja
negatif,kamar cukup baik dan fasilitas lengkap namun untuk di kamar saya shower airnya kurang kencang ac terlalu dingin walaupun disetel suhu paling atas namun bisa dimatikan channel tv masih analog dan belum digital atau menggunakan stb smart tv untuk sarapan cukup variatif namun lauknya bisa lebih dilengkapi dengan menu daging
,ini pengalaman pertama menginap di sini so far makanannya yummy pelayanannya jempol memuaskan siip
,makanan enak room service nya bagus senang menginap disini
,hotelnya sangat bagus dengan kamarnya yang luas dan nyaman restorannya punya banyak variasi makanan dan lokasinya cukup strategis
,terimakasih hotel grand mercure makanan enak lengkap hotel nya bersih badan bagus tetap konsisten dan semangat yaa utk melayanai tamu sangat recommended
,rasa makanan saat sarapannya enak dan banyak variasinya dibantu mbak lena
,saya sangat suka pelayanan sangat ramah saat sarapan pagi pun kami d layani dgn baik semoga hotel grand mercure rs seperti ini saat kami pesan kamar dn cek out mereka melayani dgn ramah
,mantap pokoknya kita bikin event di hotel ini
,pelayanan nya sangattt ramah sekali makanannya enak tempatnya nyaman terimakasih mba chelsea udh memberikan pelayanan terbaik
,stars untuk pelayanan room dan resto kamar oke rapi bersih semua berfungsi dengan baik food was great too semuanya enak but no stars untuk tim front office
,sangat luar biasa cita rasa sesyai dan full variasi makanan
,hotel nyamannn lokasinya strategisss bangettt
,hotelnya cukup besar kalau dilihat mepet dengan hotel ibis lobby cukup luas dengan view yang cukup bagus petugas kebetulan standart tidak menyapa tamu yang datang terutama petugas di
,sarapan nya banyak madam dan rasanya enak
,kamarnya bersih nyaman makanannya enak banyak jenisnya
,menunya enak variasinya banyak pelayanan bagus sekali nyaman juga tempatnya
negatif,tolong benarkan air untuk mandinya karena saat saya ingin berendam di bathtub dilihat airnya sangat keruh dan ada kotoran di dalamnya bagian balkonnya juga tolong bersihkan karena saking jarangnya dibersihkan sampai terdapat tumbuhan yang menjalar di bagian sudut lantai balkonnya
,kamarnya mewah nyaman dan bersih pelayanan yang diberikan oleh staf juga ramah semuanya cocok untuk bersantai dh keluarga ada kolam renangnya juga
,saya sangat puas dengan fasilitas hotel dan sarapan paginya sangat enak dan layanan atas nama fifin sangat ramah dan baik
,overall rekomended untuk kamarnya saya suka karena bagus dan estetik tapi ada kerusakan sedikit di pintu showernya
,its a good place for bussiness trip or vacation one poin so missed and make me badmood for a breakfast dipagi yg cerah diawali
,pelayanannya sangat memuaskan untuk breakfastnya berbagai macam varian keselurahan rasanya enak mantap
negatif,lokasi strategis tapi kalau pagi hari kerja macet menu sarapan kurang variatif
,kamar bersih petugas semua ramah makanan semuanya enak kalau ke jogja mau nginap di sini lagi makanan yang diantar ke kamar untuk anak saya yang lagi kurang sehat ditata dengan sangat cantik dan menggugah selera terima kasih
,service dan makanan memuaskan untuk kamar saran dan masukan handuk mandi kurang rekomended agak kusan sekelas grand mercure terima kasih
,lokasi dekat tempat bekerja yang saya datangi makanan baik dan enak pelayanan sejak datang resto dll baik
,makanan nya enak dan banyak varian nyaa boleh di coba palagi di bantu oleh mba lena
,suasana kamar hotel nya bagus bersih dan nyaman dan breakfastnya banyak variant dan enak enak
,mantab menu makanan bervariatif dan enak jangan lupa untuk berkunjung jika dijogja
,pelayanan yang sangat bagus tempat ternyaman makanannya pun enak enak recomended gess
,pelayanan ramah makanan jg enak tempat nyaman
,sarapannya mantabbbbb dibantu lena
netral,pelayanannya sangat profesional untuk makanan rasanya standar hotel bintang sedikit saran dari saya untuk kamar disediakan lampu yg lebih terang terutama diarea meja belajar supaya bisa sekalian work from hotel
positif,pelayanannya baik dan hotelnyanya nyaman
,hotelnya nyaman dan pelayanannya helpfull
,lokasi strategis kamar bersih makanan minuman lumayan waitress ramah ketemu mahasiswa perhotelan yg sedang praktek mjd waitress ramah dan selalu senyum terima kasih mbak nur semoga lancar sampai wisudanya
,resto nya luas menu lengkap dan yg suka adalah banyak makanan tradisional yg sudah susah ditemui good place buat kerja atau liburan keluarga
,breakfast sangat enak dan lengkap pelayanan mbak lena a
,makanannnya enak ruang meetingnya besar dan nyaman pelayanan ok
,saya menginap di ibis laksda adi sucipto untuk malam lobby hotel agak tersembunyi di samping apabila membawa driver atau sewa mobil tidak masalah proses check inn cepat kamar cukup nyaman dengan tersedia bantal dan guling namun
,sarapan pagi nya enak
negatif,bad service sudah reservasi lama sdh surve tempat hari h tanpa pemberitahuan diksh tempat yg enggak banget yg sesak gelap mana bawa anak kecil segera buru pulang tolong dibenahi
,nyaman bersih rekomended deh pokoknya
,pelayanan bagus kamar nyaman tempat strategis
,kamar oke layanan baik breakfast enak pilihan banyak lokasi strategis
,sarapannya enak banyak pilihan dan bervariasi
,tempat nyaman pelayanan terbaik
positif,hotelnya bagus pelayanan nya oke kebersihan nya juga terjaga
,pelayanan nya bagus ka fifin ramah dan cekatan sukses yahh untuk fifin n grand mercure
,servicenya memuaskan lokasi cukup strategis akses ke berbagai tempat cuku mudah
,hotel bintang yang memiliki desain stylish dan elegan dan letaknya strategis di jalan adi sucipto sleman ini memiliki gedung lantai dan menyediakan kamar mulai dari king hingga standar room selain itu di sini juga tersedia
,kesini karena ada pembekalan dari kemenkes kamarnya enak banget rapi bersih luas nyamannn makanan juga enak variatif kebetulan makan di hotel x sehari menunya enak semua semoga next time kalo ada kesempatan lagi bisa kesini
negatif,hotel parah masa air minum botol standar nambah bayar rb botol kaca katanya si manager standar cm botol hari masih mending hotel royal ambarukmo nambah air minum standar ga bayar mau nambah botol kaca pas di resepsionis check in
,lokasi sangat strategis makanan enak dan berbagai macam dekat fasilitas umum recommended
negatif,malam menginap disini overall sudah cukup baik namun yang perlu menjadi perhatian adalah kualitas wifi di dalam kamar karena kurang proporsional dan sulit connect kemudian jet shower ternyata ketika setelah dipakai flush tidak bisa
,terima kasih mba silvia breakfastnya enak pelayana baik
,pelayan an fifin alvianti sangat bgs sopan ramah dan komunikatif terimakasih
,hotelnya bagus fasilitasnya juga tempatnya luas pokoknya terbaik
,pelayanan yang sangat memuaskan dan hotelnya sangat bersih berbagai hidangan yang berbeda beda setiap harinya
negatif,review berdasarkan pengalaman berkunjung kami di bulan juli menurut kami hotel ini masih kurang memuaskan sebagai hotel bintang lima
,mendadak mencari tempat bermalam akhir nya menginap di sini masuk lobby bagus banyak lampu lampu cristal lobby bersih
,makanannya enak pelayanannya bagus dipertahankan selalu ya
,pelayanan oke makanan juga enak
,hotel terbaik yang pernah kusinggahi di yogya kamarnya besar dan bersih air panas mengalir sangat lancar ac dingin apalagi sarapannya yaampuuun enak enak banget dan variannya banyaaaaak bgt rasanya ngga mau pulang
negatif,kamarnya biasa staf di kolam renang dan di gym seperti kurang terlatih gym nya kurang ada lagunya jadi sepi banget di bar ada meja billiar namun sayang presentasi minuman dan rasanya kurang untuk kelas grand mercure tapi servis saat breakfast dan pilihan breakfastnya memuaskan
,pelayanan f b attendant dan house keeping sangat baik saya hanya request dibuatkan tulisan happy honeymoon ternyata diberikan dekor di ranjangnya terima kasih
,kamar bersih restaurant memiliki menu lokal dan western food pelayanan baik ramah
,makanan nya enak pelayanan mba andin trainee sangat ramah baik dan cantikk
,restoran di sini sangat menjaga kebersihan makanan dan restoran nya bagus
netral,menginap di kamar superior dan kamarnya cukup luas dan nyaman lokasi hotel sangat strategis staf sangat ramah sedikit kekurangan ada di fasilitas parkir jalan menuju dan keluar dari basement agak sempit
,alhamdulillah luar biasa makanan layanan paket complet deh pokoknya recomendeed banget nih hotel
,saya liburan sama keluarga anak usia th dan th masih bisa pakai kamar dengan tipe executive room king bed luas m ft ada sofa bed yg bisa dipakai kalaupun extra bed masih muat karena kamarnya luas ada bathtub juga meski
,great accomodation great food and great atmosphere pelayanan mba silvia sangat baik dan ramah
,sarapan nya sangat lengkap dan enakk di bantu oleh trening lenaa nilai a
,iya sangat sesuai dengan ekspektasi saya saya tidak tau kenapa suka banget sama hotel ini dr segi tata letaknya yang tidak jauh dr kota hotel ini juga lengkap dengan fasilitas yang sangat oke banget tambahan lagi dari receptionis nya yang selalu s good
,trimakasih banyak grand mercure atas layananya untuk kami semua kami sekeluarga merasa senang bisa singgah di tempat ini sekali lagi terimakasih atas layanannya
,hotel strategis di jl adisucipto jogjakarta bantal yg nyaman dan suprisingly ada gulingnya staff ramah dan helpfull sarapan lengkap dan wenak dengan menu andalan kearifan lokal khas jogjakarta wahaha makin betah staycation digrand mercure jogjakrta terimakasih ya sampai jumpa kembali
,layanan yang baik dan makanannya enak
,ramah baru sampai langsung dijemput barang bawaan diantar sampai kamar omnya baek tulus gak mau dikasih tips makan pagi enak malamnya ada caffe didekat loby ada bilyard piano dan papan catur ada kolam renang dilantai reccomanded
,good hospitality and fasility makanannya juga banyak varian very recommend for staycation
,menginap dan bermalam di sini tidak rugi fasilitasnya lengkap kolam renang ada gym ada restaurant ada outdornya di lantai atas di kamar juga ada pengering rambut kamarnya juga rapi bersih kamar madi bersih pas mandi pakai air panas sambil nyanyi nyani serasa sedang konser musik pertahankan keberisihannya mantap
,sarapan hari ini enak memuaskan
,tempat nya strategis staff nya ramah banget
,pelayanan ramah lokasi strategis kamar nyaman
negatif,lokasi agak jauh dari pusat kota agak tersiksa kalau mau jalan dari hotel pas jam sibuk kamar just okay cukup luas dan nyaman kamar mandi agak sempit handuk ada yang
,saya sangat senang dan puas dngan pelayanan yg ramah dan kamar yg presentatif
,dah x nginep disini nyaman banget terkesan elegan bgt bersih tempat breakfastnya jg nyaman bisa view keluar dan ke kolam renang dan gunung merapi harga cocok di dompet lokasi didekat mall amplaz pokoknya recomended bgt gaess
negatif,kelihatan manajemen hotel belum siap terima rombongan banyak banyak peserta sampai jam sore belum bisa cek in kuantitas makanan cukup banyak tapi rasanya kurang terasa enak untuk kelas hotel berbintang
,senang sekali dapat mencoba menginap di grand mercure yogyakarta sebuah pengalaman yang cukup mengesankan hotel yang luas dengan fasilitas yang lengkap kebersihan lobby lorong lift km diperhatikan secara detail fasilitas dalam kamar
,pengalaman kami menginap di hotel grand mercure jogjakarta berkesan karena fasilitas dari kamar inap bagus rapi bersih wangi sampai dengan fasilitas breakfast sangat memuaskan banyak pilihan menu khas jogja tradisional food juga lengkap
,sarapan nya enak enak dan pelayanan ramah terimakasih kpd kak lena
,staffnya ramah membantu pelayanan sangat bagus iftar di sini jadi moment yg nyaman dan spesial
,untuk pelayanan sangat memuaskan makan siang enak dapat pemandangan jalan dari atas hotel dan fasilitas ruang seminar sangat terfasilisi
,untuk menu sarapan oke banyak varian dari makanan ringan sampai makanan berat untuk menu recomended
,makanannya enak banget semua meni yg ada di yogya ada di hotel ini pelayanannya ramah saya dilauani oleh fifin anak yg manis dan cantik
,makanan nya ok kamarnya bagus bersih pelayananya top dari embak gita
,nyaman memuaskan letak setrategis makanan enak tersaji hangat menu lumayan lengkap
,sarapannya cukup lengkap dibantu mbak lena
,makanan pagi ini sangat enak
,makanannya bervariasi dan enak
,nyaman dan menyenangkan
,nyaman buat keluarga sarapannya sudah sesuai selera keluarga petugasnya gercep dan ramah
,untuk rooms ok banget rekomended karena memang sebelumnya pernah menginap dan meeting room di grand mercure berakfast menu sangat lengkap dan pelayanan memuaskan lokasi sangat strategis dekat dengan pusat kota jogja akses sangat mudah
,pelayanan hotel fasilitas restoran dll semuanya sangat memuaskan dan bagus next time pasti akan kesini lagi sih
,hotel nyaman breakfast enak dan lengkap
,sudah menginap disini stafnya ramah ramah kamar nyaman dekorasinya sangat unik bikin betah
,sangat nyaman kamar bersih makanan sangat enak
,update karen kerjaan lagi menginap disini malam kamar xx cukupan furniture mungkin bisa lbh baik lagi
,nice stay kamar bersih nyaman sarapan enak dan staff lena veronica sangat membantu
,pelayananya bagus makanan enak semua recomen buat stay casion di grand mercure yogyakarta
,grand mercure yogyakarta menawarkan pengalaman menginap yang berkesan dengan sentuhan budaya jawa yang kental namun tetap modern terlihat dari desain interior nuansa borobudur hingga keramahan stafnya dilengkapi dengan fasilitas lengkap
,layanan the best room jg luas dan lengkap yang paling penting lokasi starategis dan makanannya enak enak semua recommended buat stay selama liburan di jogja
,pengalaman menginap yang bagus ditambah breakfast yang luar biasa lengkap dan lezat
,lokasi strategis sarapan enak banyak pilihan banyak menu makanan jogja nyaa lift nya cepet kd kalau baru bisa cepet saat kegiatan di hotel ini
,kamarnya nyaman pilihan menu sarapannya banyak sekali
,sarapan nya sangat lezat dibantu train lena lena nya sangat baik dan ramah
,hotel terbaik memiliki view terbaik fasilitas lengkap staff yang ramah mau ke tempat wisata juga jaraknya dekat dan dekat dengan bandara adisucitpto apabila ingin ke malioboro juga jaraknya cukup menit sudah sampai jadi pingin ngajak teman buat staycation
,kamar yang nyaman dengan menu makan yang enak di lidah kolam renang juga buat anak senang berlibur di sini
netral,bukber di sana lumayan worth it cuma ada beberapa menu yang kurang enak menurut ku kaya ayam goreng bakso jajanan pasar menurut ku kurang rasanya yang paling enak kebab nya sama ayam rica rica enak banget
,nyaman makanan enak dan bervariasi
,hotel bintang di jogja tempatnya nyaman pelayanan oke kamar bersih makanannya enak deket ke mana mana
negatif,bersih dan nyaman pelayanan juga ramah dan baik meski ada waiters yang kurang baik respon dan pelayanannya saya minta air panas sewaktu breakfast tapi cuman di iyain aja sampe makanan saya habis akhirnya minta sama waiters yang lain baru di anterin dan akhirnya di sediakan air panas di outlet minuman
,sarapan ok mba silvia prlayanannya ok
,layanan bagus makanan enak selera nusantara
,room nya bersih tools lengkap ada setrika dan meja setrika timbangan bb elektrik pantry juga bersih sayang tempat sampah hanya ada di meja teh kopi tidak ada dalam kamar mandi
,breakfast lengkap dan sangat enak pelayanan mbak lena juga baik
netral,menyenangkan hanya aja ada berisik potong keramik debunya ke kolam kamarnya ac dan tatanannya bagus profesional
,kamarnya bagus hotelnya gede bgt fasilitas komplit pelayananya ramah cantik lagi letaknya strategis lain waktu bolehlah sini lagi
,kebersihan kamar dan juga kamar mandi membuat saya merasa betah dan nyaman untuk beristirahat setelah melakukan perjalanan yang cukup panjang di hotel ini para staff juga ramah dalam melayani jadi sangat rekomended untuk teman teman yang sedang mencari hotel
,ukuran kamarnya luas dan ada balkonnya kasur empuk dan bersih jd nyaman bgt nginep di hotel ini
,pelayanan sangat baik kamar ok makanan sarapan baik
,pelayanan oke dapet upgrade kamar pula tempat strategis dan overall recommended
,untuk hotelnya ok dan nyaman bersih dengan pelayanan nya bagus dan sangat memuaskan untuk menu sarapan nya lumayan enak dan banyak over all memuaskan
netral,overall bagus seperti mercure lainnya cuma kalo di lantai paling atas alias top floor itu suara chiller nya lumayan terdengar di beberapa kamar seperti suara vacuum selebihnya oke pelayanan ramah lokasi strategis
,kedua kalinya menginap hotel grand mercure yogyakarta adisucipto dengan sangat nyaman kamar sangat bersih dan rapih untuk restonya menyedikan banyak pilihan makanan dan semuanya enak
netral,bagus tempat nya tp sangat disayangkan restoran nyadi lantai biasanya yg lain di lt atau lobby tp tidak mengecewakan makanannya
,kamarnya sangat nyamann pelayan dan bagian reservasi cepat serta efisien senengg dan rekomendasi banget pokoknya untuk jadi pilihan menginap saat berkunjung ke jogja
,untuk sarapannya sangat enak dibantu oleh lena
,untuk restoran menu sangat lengkap dan bersih staf ramah saya sambut dengan mbak thania terimakasih
,hotel bersih dan makanannya lumayan bervariasi enak enak kalau bisa ditambahkan fasilitas minimarket agar para pelanggan diberikan kemudahan jika ada keperluan mendadak misal obat an pembalut wanita dll sukses selalu grand mercure hotel
,update sudah ada improvement makanan ok kamar ok
,sarapannya oke kamarnya juga bagus servicenya oke recommended
,makanannya enak cocok mantap pelayanannya juga ramah
,sarapan nya enak dan banyak varian pelayanan staf sangat ramah khusus nya mba salma terima kasih
,breakfast nya enak dilayani dengan baik oleh mbak silvia
,untuk makanannya sangat bervariasiii mulai dari makanan berattt sampai dessertt adaaa dann enakk jugaa makanannya
,hotel yang sangatt bagus pelayanannya ramah terutama untuk staff nya sangatt bagus sekalii the best lahh pokoknya
negatif,belum terbiasa men service tamu dengan jumlah banyak perlu ditingkatkan lagi soal ini
,hotel ternyaman fasilitas lengkap kamar nyaman makanannya juga enak ditambah pelayanan yang profesional next time klo kejogja nginep disini lagi pastii cocok buat yang liburan bareng keluarga
,long weekend kmrin kejogja sma keluarga late co dihotel karna kami keprambanan dlu bgtu smpe hotel agak kerepotan krna koper bnyak tapi staff sigap langsung bantuain pdhal lobby ramai org karna mmg musim liburan kali ya kami dpt kamar
,pertama kali iftar disini menunya bervariasi dan enak pelayanan servicenya good paling suka viewnya cakep poll bikin kumpul makin berkesan
,menu sarapannya enakkkkkk dibantu pelayanan oleh kak lena
,menu makanan sudah cukup berfariasi dan rasa sudah cukup nyaman tempat juga cukup memadai dibantu oleh training atas nama lena
,salad enak bubur ayam enak
,nyaman dan menu resto nya enak
,pelayanan sangat bagus
,kamar nya bersih pelayanan nya ramah dan menu breakfast nya banyak dan enak top bgttt
,varian makanan banyak dan lengkap rasanya enak untuk pelayanan nya sangat baik dan juga ramah
negatif,namanya grand mercure tp pelayanan dan roomnya ga kayak bintang beda bgt sama grand mercure di kota kota lain bahkan sama mercure hotel aja kalah jauh airnya cleo handuknya udh abu abu setrikaan harus minta barang di bathroom banyak yg berkerak tisue ruangan bau kecoa bantalnya dan spreinya bau minyak gosok
,rasa sarapan di hotel grand marcure pagi ini luar biasa mb lena melayani kami dengan baik sekali
,pengalaman menyenangkan makan pagi di sini dilayani mb silkia best pelayanannya
,thank you sudah memberikan pelayanan yang baik kalau kamar jangan di tanya lagi kualitasnya strategi ke tempat wisata sangat strategis aman nyaman dan enak
,cukup menyenangkan untuk sarapan standar menunya cukup variatif staffnya baik dan ramah anak
,lokasi pusat kota dan pelayanan yang sangat ramah terutama di restonya makanannya ga ada yg failed menurut saya
,hotel bintang yang worth it bangett aku sangat merekomendasikan hotel ini mau buat liburan bareng keluarga temen kantor atau apapun ituuu kamarnya bersihh luasss pelayanannya jempolll bangett makanannya juga enak enakkk recommended
,kamarnya bagus pelayanannya bagus stafnya ramah dan makananya enak bervariasi
,kamar bersih pelayanan saat check in cepat room service memuaskan menu sarapan bervariasi rasanya enak dan lokasi strategis
,pelayanan nya oke makanan nya enak beberapa kali bukber di hotel jogja menurut ku ini rasanya palingg worth it sukakk
,kamarnya ok bersih dan nyaman karyawan ramah dan sopan setiap ketemu tamu selalu memberikan salam dan senyum sarapannya variatif dan enak enak semua kapan kapan kembali lagi ke sini bersama keluarga semoga bisa dapat price yang bagus buat saya dan keluarga
,overall untuk pelayanan hotel sudah oke mulai dr welcome drink hingga layanan di ballroom dan resto
,sangat puas dari saat check in hingga check out semuanya sangat memuaskan saya menginap selama malam dan diberikan upgrade kamar ke executive room karena saya member platinum sarapan juga menyenangkan tempat duduk sudah direservasi
,luar biasa bisa menikmati sarapan dengan suana tenang dan pikiran jernih makanan sesuai selera lidah orang indonesia
,lokasi hotel strategis dan mudah dijangkau dekat dengan bandara adi sucipto hotel yang bagus dengan pelayanan terbaik bernuansa candi borobudur kamar yang nyaman untuk beristirahat ada ruang pertemuan yang besar dengan berbagai
,pelayanan baik dan ramah untuk menu restoran bintang
,kamar nya sangat bersih dan sarapan nya lengkap dan juga enak
,pertama kali menginap disini pelayanan dan fasilitas hotel sangat excellent semua staff ramah hotel bersih sangat nyaman
,hotel ini sangat direkomendasikan jika anda mencari kombinasi lokasi strategis sabun ala budaya lokal pelayanan hangat dan fasilitas lengkap ideal untuk staycation keluarga maupun acara bisnis pilih kamar di lantai tinggi dan jauh
,sangat ramah pelayannya sarapan pagi nya menu sangat komplit lezat semua menunya
,untuk pelayanananya sangat memuaskan dan makanannya sangat mantap dan enak sekali
,pelayanannya oke bangett kamarnya nyaman the best
,kamar enak bersih pelayanan ok banget
negatif,fasilitas bagus cuma pakai wifi di room meeting menggunakan laptop internet lemot padahal sinyal bagus
,breakfast nya cocok sekali enak dan lengkap servisnya oke dibantu mba lena terbaik
positif,kamar nyaman staff ramah lokasi strategis
,sudah kali menginap disini dua nya acara kantor jadi belum sempat explore dan menikmati fasilitas hotel cuma bolak balik kamar ke meeting room makanan lumayan bervariasi dan relatif oke lokasi juga strategis sebelahan dgn lippo mall dan ngga jauh dari ambarukmo plaza serta bioskop xxi
,for all pelayanannya bagus sekali kamar oke dan breakfast enak lengkap terima kasih untuk mba lena untuk service excellent nya sewaktu di resto
,overall oke nyaman dan sarapannya enak
netral,pelayanan baik menu sarapan kurang bervariasi lokasi strategis hanya jalan didepan hotel sering macet
,breakfastnya enak banget pelayananya ramah banget sm mb lena
,makanan enak dan banyak variasi dan untuk pelayanan memuaskan ramah serta sopan
positif,hotel dgn fasilitas lengkap dan pelayanan ramah dari para staffnya rekomendasi topp bagi yang cari hotel di jogja
positif,kamarnya nyaman akses ke jogja dekat semua
positif,senang sekali disini karena layanan memuaskan ramah dan profesional makanannya enak
,salma sbg pelayan sangat bahus dlm melayani kita kamar tempat makan sangat tepresentatif saya dah kali
,halal bihalal kali ini pake venue di hotel ini mulai dari f b dan ruangan its all good semua disediakan dengan sangat baik sukaaaak
,room spacious breakfast lengkap ada gudeg dan mie ayam swimming pool jg oke pelayanan ramah
,staycation berdua di sini berasa honeymoon suasananya tenang lighting kamar romantis banget
,kamar sangat luar biasa pelayanan semua dengan ramah serta lokasinya dekat dgn perbelanjaan semoga selalu melayani dgn hati terus dan rejekinya mengalir terus dan berkah
netral,roomsnya kurang oke kalo dibilang bintang biasanya kalo bintang ada hair dryer tapi makannya enak bervariasiiii
,kamar luas dan bersih sarapan enak banyak pilihan semua staf hotel ramah lokasi hotel dekat pusat perbelanjaan klo ke jogja pasti nginap lagi disini
,kamar oke sesuai ekspektasi pelayanan sigap dan staff sangat membantu terima kasih
,nice place to stay in jogja kamar cukup luas proses check in check out cepat menu breakfast ok bervariasi tiap harinya tapi tolong petugas di area breakfast ditambah krn buat bersihin meja harus nunggu lama kolam renang cukup luas
,lokasi sangat strategis dekat mall dan pusat perbelanjaan fasilitas nya sangat bagus kamar bersih makanan nya enak dan banyak variasi pelayananannya juga oke banget karyawan ramah dan helpfull
,stay disini sudah yg ketiga kali ya kamar bersih dan luas amenities lengkap staf ramah dan responsif akses sangat strategis krn di pusat kota rate terjangkau dan saya accor membership juga f b enak dan variatif terima kasih juga utk mba manis atas pelayanannya yg fast response
netral,secara desain interior hotelnya memang bisa dibilang oldschool tidak se modern hotel yang baru dibangun era sekarang tapi pelayanannya memuaskan stafnya ramah dan kamarnya juga bersih secara lokasipun dia tidak di lokasi yang padat hotel sehingga bisa merasakan menjadi penduduk lokal
,tempat di jalan utama mudah diakses didepan hotel banyak toko dan juga angkringan dekat dengan rumah sakit pelayanan baik kamar bersih ruang pertemuan besar dan bersih makanan sangat beragam dan selalu ada menu sup hangat
,all the best terutama waitress kak silkia di grand mercure yogya adisucipto pelayanannya the best ramah dan sigap dalam pelayanannya
,hotel yg dekat dengan bandara adi sucipto yogyakarta dari dalam kamar atau restonya bisa melihat view gunung merapi bila kondisi cerah fasilitasnya pun lengkap ada tpat gym dan kolam renang cuma lebih lengkap kalau ada kolam jacuzzi
,pelayanan baik rasa masakan enak sarannya menu tiap harinya bisa lebih variatif
,hotel terletak di jalur utama jalan adi sucipto dekat dengan bandara yogya yg lama bandara adisucipto menu breakfast bervariasi
,lokasi hotel strategis kemana mana relatif dekat staff ramah dan tanggap dalam memberikan pelayanan proses check in cepat kamar nya nyaman dan bersih lengkap banget ada bantal guling breakfastnya variatif dan rasanya enak enak kl kunjungan ke jogja lg insya allah bakal balik lg kesini
,sarapan lengkap hanya kurang dimsum semua sdh ok maaf di kamar kurang sedikit terang kalu berhias hrs ke kmr mandi yg lebih terang padahal kamar mandi dipakai perlu ada sisir di tdk ada overall semua ok
,menu sarapan rasanya enak enak ada banyak pilihan menu mantap mb lena
,terimakasih layanan hotel yang bagus sarapan dilayani mba nur anak magang dari lombok
,breakfast nya enak komplit
positif,hotel nyaman ramah dan makanan enak
,kamar nyaman pelayana ramah dan makanan enak positif lainnya lokasi berada ditengah kota dan mudah untuk dijangkau
,hotel ini nyaman dan lokasi cukup strategis cukup di tengah kora mau pergi kemana dekat pelayanan sangat ramah dan yang terpenting breakfastnya cukup komplit dan enak hanya satu yang cukup asin yaitu soup tomyam tapi overall hotel ini sangat recommended
,room service nya oke makanannya enak semua cendolnya recommended
positif,pelayanan oke makanan enak kamar bersih pokoknya mantep
,cukup bagus n biasanya selama di yogya pilihan htl grand mercure fasilitas n pelayanan ok utk restourant pelayanan oleh sdri lena sangat baik terus maju grand mercure
,sarapannya worhted banget semua lezat varian menunya lengkap rasanya mengakomodasi semua selera pelayanan luar biasa ruang meeting nyaman
,pelayanan di restorannya ramah dan makanannya enakk
positif,kamar hotel bersih nyaman menu makanan bervariasi dan enak
,baru pertama kali nginep di grand mercure over all semuanya oke banget pelayannya semua ramah mulai dari recepcionist sampai ke bagian restonya menu makanan bervariasi mulai dari makanan daerah sampai makanan barat ada mau salad bubur manis bubur ayam nasi dan banyak lagi variannya semuanya bagus banget
positif,hotel nya mewah strategis dan makanan nya enak
,enak menu restorannya tapi kamarnya mungkin perlu revisi ulang agar tambah bagus dan bersih dan lampu penerangan kurang terang
,pelayanan sangar ramah tanpa adanya pegawai yang handal hotel ini tidak akan jadi sesempurna ini recommended buat yang mau ke yogjakarta
,tempetnya oke kamarnya bersih harganya juga murah nuansa jogja nya dapet bnget best si
,sarapannya enak lokasi strategis dibantu oleh citra pelayanan baik
positif,sarapan menunya lengkap enak dari minuman makanan menu tambahan lain sangat rekomended pelayanya ramah santun dibantu traning lena
positif,tempatnya nyaman menu enak pelayanannya ramah mbak salma
positif,lokasinya yang mudah pelayanannya bagus kamarnya luas tempatnya nyaman makanan enak
,pengalaman yang mengesankan pelayanannya ramah mantap baru kali ini dapet pelayanan yang bagus lebih bagus dari hotel laiinya
netral,hotel yg cukup nyaman staffnya ramah liftnya kenceng wifinya bagus tanpa pasword minus kolamnya mini cuma meter
,bareng temen kantor buka bersama disini varian menu cukup banyak menu nusantara menu timur tengah juga ada full service
positif,kamar bersih nyaman layanan staff serba cepat dan menyenangkan reception ramah lokasi ditengah kota mudah dijangkau
positif,staff nya baik bgt recomended buat temen temen yang mau eksplor jogja karna lokasinya yg deket sm pusat kota kamarnya juga nyaman dan bersih
positif,pengalaman menginap dengan pelayanan yang sangat luar biasa bahkan barang tertinggal pihak hotel mau melayani pengiriman barang dengan baik
positif,saya mencoba buka bersama di mercure hotel dan makanannya mengesankan rasanya enak terutama yang kambing guling dan tongseng enak empuk dan tidak bau servicenya juga ramah dan bagus
,hotel yg nyaman sekali kasur bantal empuk dan ada gulingnya sangat nyaman tidurnya sarapan menu macam enak staff hotelnya ramah dan semua ruangan wangi bersih top pokoknya jangan ragu untuk menginap dihotel ini terimakasih untuk semuanya kami sangat senang dan nyaman menginap disini
,pelayanan sangat baik pegawainya ramha menawarkan pelayanan makanan dan sangat profesional terbaik pokoknya sangat direkomendasikan menginap disini
positif,hotel dan pelayanan nya baik makanan nya bervariasi enak terimakasih untuk mbak salma
positif,fasilitas sangat baik makanan di breakfast juga sangat beragam overall sangat ok
negatif,untuk standar hotel bintang masih kurang sih kebersihan kamar perlu ditingkatkan lokasi enak dekat dgn rs siloam kalo ada kerabat yg dirawat di sana
negatif,terjadi insiden di lobby dimana mobil yang saya bawa ditabrak mobil lain karena kelalaian satpam yg atur lalu lintas
,dari lobi kamar resto interiornya bagus menunjukkan budaya yogyakarta kamar nyaman utk menu makanan saran saya utk perwedangan jangan dicampur dulu gulanya karna kalo menurut terlalu manis makasih
,menu sarapan sangat bervariasi kamar sangat bersih unik furniture pengkap
,sarapan paginya sangat enak dan layanan atas nama fifin baik dan ramah saya sangat puas
,makanan dan minuman nya banyak banget pelayanannya juga juga bagus terutama mbak devita
,mbak tania pelayanan ramah sangat sigap menu breakfast enak tempat nyaman dan rapi
,pelayanan resepsionis ramah untuk dine in room jg enak dengan kedatangan pukul malam masih bisa order dine in room breakfast jg banyak pilihannya dan menu nya enak
,saya menginap malam disini kamarnya cukup baik dengan rate harga nya namun tidak juga dengan kamar mandinya breakfast variasi menunya yang menurut saya bagus namun tidak dengan ikannya lokasi hotel ini sangat strategis sehingga saya
positif,stay di sini karena ada kebutuhan pekerjaan staff nya ramah ramah dan bikin betah saya senang ngobrol dengan staff staff nya terima kasih juga mbak rosvina atas bantuan dan pelayanan nya yang luar biasa excellent service
negatif,mohon untuk wc di area parkir basemant di perhatikan sangat sangat sangat tidak layak di pakai kloset banyak kotoran m
positif,tempat nyaman indah makanannya mantap pelayanan oke
,lokasi di tengah kota dekat kemana menu sarapan lengkap dan variatif mulai dari western breakfast sampai makanan tradisional termasuk jamu dan jajanannya worth to try
,kamarnya bagus makanan direstaurannya enak
netral,first impressionnya adalah pintu kamar mandi yang alot digeser dan wastafel yg sering bocor tetapi setelah kembali sudah diperbaiki dengan sangat baik sehingga tidak ada kerusakan
,hotel di tempat strategis jantung kota yogyakarta yang sibuk pelayanan baik dimulai reception yg fast respon room service yg cepat membersihkan kamar dan operator yg cekatan kamar agak sempit menurut saya apalagi bagian lemari yg
,untuk makananya enak semua untuk kamar dan pelayanannya ramah betah menginap sendiri dibantu oleh trainingnya mbak lena
,excelent room kamarnya bagus breakfast nya enak ada makanan jawa
negatif,drop off lobby kurang nyaman parkir mobil sulit kurang luas
,penyajiannya baik pelayanannya ramah makanannya banyak pilihan dan enak tempatnya nyaman viewnya bagus ramah buat anak anak
positif,hotelnya bersih nyaman makanan enak pelayanan bagus ramah
,kamar yang nyaman ruang meeting besar dan yang paling suka breakfast nya semua enak banget
,saya member dari accor plus yang sudah berlanggana bertahun tetapi disaat saya pesan melalui aplikasi tanpa disadari saya memesan menggunakan yang stay plus dan sesudah saya sadari saya memakai stayplus maka saya mengcancel pesanan
,menu nya breakfast enak dan lengkap
,hotel enak dan lokasinya ditengah kota kemana deket kamarnya nyaman pelayan semua ok makanannya variatif dan enak yuuk liburan nginep di grand marcure
,sambel lalapan mbok mi enak makanan juga banyak pilihanya pelayanan sangat bagus disini harus dipertahankan the best grand mercure
positif,kamarnya luas dan interiornya bagus menu makanannnya beragam ada jamu juga disediakan saat sarapan pelayanan hotelnya ramah dan lokasi strategis
,staff nya sangat helfull terutama mba aztuti mba nur makanan enak kamarnya bersih luas
,interiornya bagus bgt hotelnya nyaman makanannya lumayan enak
,senang sekali saya menginap disini
,berkesempatan di hotel ini hari hari pertama dan kedua sy menikmati dari pelayanan dan sajiannya semoga hari tiga dan keempat juga bisa menikmati lagi
,pelayanannya oke viewnya keren
negatif,kami request non smoking tapi dapat yang smoking dikamir bau rokok kuat banget
,pelayanan ramah lokasi menawarkan nuasa jogja dengan tingkat kebersihan baik lokasi strategis untuk mengakses ke dalam kota pilihan makanan bervariasi dan kreatif dalam rolling menu
,hotel dengan dengan plaza ambarrukmo sekitar menit kalo jalan kaki termasuk dekat dengan pusat kota pilihan yg bagus untuk berlibur krn harga kamar nya yg tdk terlalu mahal
,untuk sarapan sangat bervariatif kamar bersih dan sangat nyaman untuk pelayanan thania sangat ramah dan baik
,pengalaman menginap yang mengesankan reservasi yang mudah staf yang ramah serta servis yang memanjakan tamu terimakasih recommended
,bagus hotel pemandangannya pegunungan dan sarapan enak
,good semuanya staffnya juga ok dan membantu
,dari agen travel jogya sangat mudah dijangkau ruangan bersih kamar mandi bersih kamar juga luas
,hotelnya bagus kamar ok makanan enak dan lengkap pelayanan baik di resepsionis dan restoran juga baik excellence
netral,untuk kamar cukup bersih room service cepat tanggap lokasi cukup strategis tambahan saja untuk lokasi pintu masuk dan pintu keluar lebih baik jika tanda nya dibuat lebih besar terutama tanda lokasi in tertutup oleh pohon sehingga tidak terlihat jelas
,bagus sekali pelayanan di hotel ini lokasi strategis mudah dijangkau dan menunya worth it
positif,lokasi strategis kamar bagus pelayanan staf hotel baik dan ramah
,ruangannya nyaman sarapannya enak pelayanan bagus lokasi juga strategis dekat dengan berbagai fasilitas umum so far i like being there
,breakfast nya enak kamar rapi pelaganan sangat baik ada kolam renang yg luas
,menu sarapannya lengkap bgt petugas pelayannya juga baik baik kamar bersih nyaman
,
,tempat yang sangat indah untuk istirahat dilengkapi dg furniture yang estetik dan lagi dekat ke malioboro kita seperti sedang berwisata pokoknya recommended banget
,lokasi strategis pelayanan bagus
,kamar seeh luas ya pelayanannya juga ramah dan gercep lokasi juga dekat dgn minimarket sayang makanannya masih kurang beragam dan rasanya tdk terlalu wah pengen ambil lagi
,pelayanan staff fifin baik dan ramah breakfastnya juga enak recommended buat yang mau nginap di jogja
,pelayanan yang sangat baik serta prasmanan yang bgitu menarik dan nyaman
netral,lokasi cukup jauh dari bandara jadi harus take time untuk layanan dan kamar sudah sempurna
positif,sangat puas layanan sangat prima dan kualitas tidak mengecewakan
,mungkin masukan untuk customer service bagian reservasi lewat telepon juli sekitar jam untuk jawaban atas pernyataan yaitu kita telpon untuk menanyakan harga kamar permalam harga kamar start from rb sedangkan di telpon
,makanan oke banyak pilihan mulai dari yg tradisional sampai western kamar oke bersih pelayanan mantep
negatif,hotel sebesar ini banquet cuma org mau showing untuk event aja sampe ditinggal gara ga dateng padahal showing ga sampe menit mau ngadain event besar lgs kena bad impression dengan servisnya
,first time nginep disini nyaman banget suasana tenang bersih fasilitas mewah pelayanan ramah bangetttt
,alhamdulillah ngangeni bermalam di grand mercure yogya selalu mampir tiap ke yogya sukses selalu grand mercure
,pelayanannya ramah skali kami ditawari kopibatau minuman lain telur dadarnya enak karena ada temannya sosis ruangan restonya dingin nyaman ya over all sip skali salut
,berkunjung di grand mercure yogyakarta untuk pertama kalinya nuansa dan kesan pertama untuk lobbynya cukup artistik dekorasinya full tanpa celah
positif,kualitas hotel yang baik makanan dan minuman nya enak sekali pelayanan sangat baik dan ramah
,hotelnya bersih makanan oke suasana juga okee banget pelayanan mantaaap untuk reception mbak endah anda luar biasa sangat membantu responsif ramah dan yang paling penting sangat sabar good job
,nyaman seru bersih breakfast lengkao
,tersedia guling dan bantal kecil sehingga tidur lebih nyenyak dan tenang
positif,tempat nya bagus pelayanan nya juga sangat ramah dan baik
,menunya lengkap banget top dahh
,kedua xnya nginap disini nyaman menginap disini kamar bersih
negatif,room cukup lega namun air shower kecil banget suara berisik dari instalasi ac dan renovasi tembus sampai ke dalam kamar makanan enak namun variasi menu minim
,sarapannya enak lengkap ada gudeg juga kamar nyaman spacious bersih petugas jg ramah
negatif,hati hati mandi di kamar mandi kolam renang saya terkunci gak bisa keluar untung bawa handphone bisa telpon hotel kasihan kalau anak kecil dan orang yg klostrophobia dan tidak bisa hubungi siapa siapa saat terkunci dan tidak ada jalan keluar
,saya senang sekali menginap di sini kamarnya nyaman air panas berfungsi dgn baik staffnya ramah dan helpfull semua breakfastnya variatif dan enak semua saat sy ad masukan langsung di respon dgn baik bakal balik lagi kesni thanks grand mercure
positif,hotelnya bagus bersih pelayanan ramah makanannya enak
positif,pelayanan sangat baik dan ramah
positif,pelayanannya bagus kamar dan sarapannya juga puas
,pelayanan prima rasa bintang mantab restonya higienis enak sarapanya bikin kangen nyamaan dilidah pelayanya ramah khusunya mbak thania yang ramah dan pintar menjelaskan tentang resto
,breakfast nya enak
,sarapan bagus karena rasa sesuai dan banyak variasi
,atas nama silkia dari unit restoran breakfast sangat ramah dan membantu
,pelayanannya sangat baik dan bagus serta makanannya recomended
,saat edutrip sekolah saya pergi ke hotel ini untuk bermalaman saat masuk saya sangat kagum dengan interior tempatnya staffnya juga sangat ramah mereka murah senyum di saat sarapan makanannya pun lezat
positif,lokasi hotel cukup strategis pelayanan cukup baik menu beragam dan cukup enak
positif,tempatnya strategis pelayanan bagus semua ramah
positif,hotel bintang yang cukup baik cocok buat liburan keluarga makannya enak karyawan sangat ramah suasana yang nyaman dan adem cukup memuaskan
netral,overall sudah baik cuma ada beberapa yang masih bisa perlu ditingkatkan mulai dari jatah air minum yang bisa diperbanyak ketanggapan petugas dalam menangani komplain dari konsumen dan perbaikan untuk fasilitas kamar mandi yang perlu diperhatikan makanan semuanya enak dan pelayanan sangat ramah dan bagus
,sarapan paginya sangat puas dan enak layanan atas nama fifin
,sarapan disini sgt bervariasi rekomended sotonya seger bgt
,pilihan tepat untuk buka bersama di jogja harga terjangkau pelayanan ramah menu variatif tidak seramai iftar di tempat lain jd masih nyaman
,hotel nya bersih dan semua pelayanan ny best banget makanan ny juga enak jadi pengen kembali lagi kehotel ini dilain waktu thankyou grandmercure
,overall semuanya bagus makanan cukup enak pelayanan memuaskan
negatif,pesan kamar untuk malam dengan extrabed malam terakhir tanpa konfirmasi extrabed di take out dari kamar sudah full payment diawal alasan nya salah input kami balik kerja pukul
,room nya bersih rapi dan wangi untuk breakfast nyaa banyak pilihan nyaa enak semuaa sampe bingung pokoknyaa terbaikkk terima kasih pelayanannya sangat ramah
netral,secara kamar udah bagus tapi mungkin ac nya sedikit kendala yak karena harus atur manual juga untuk tirai di kamar mandi saya sempat mengalami kendala but overall sudah bagus
,menarik nih hotel desainnya klasik otentik serasa lagi di borobudur kalo ke hotel ini
,breakfastnya lengkap enak variatif
,makanan di restoran enak pelayanan oleh wina pasya erwanda juga sangat ramah dan sangat membantu dan sangat cocok untuk yang ingin ber liburan
,sarapannya luar biasa god job ramah sekali karyawannya adeeemmmmm pokoknya kereennn
,sarapan pagi sangat memuaskan dan sangat enak enak dan layanan atas nama fifin sangat baik dan cepat
netral,makan malam tanggal juni di acara kantor di sini tahu gejrotnya kurang pedas untuk saya tapi seafood lada hitamnya sangat berasa lupa foto sebelum makan jadi fotonya pas udah mau abis aja
,belum ada keluhan yg berarti ketika menginap disini desain interiornya menarik mencerminkan khas daerah jogja terkesan dengan penggunaan gelas kaca untuk air mineral kegiatan meeting sudah tidak menggunakan air minum kemasan botol
positif,pelayanan staf ramah kamarnya nyaman
positif,hotel yang nyaman serta pelayanan yang ramah
positif,kamar bersih makanan enak pelayanan nya juga raman dan baik
,hotel dgn pelayanan yang baik hospitality sangat baik dari semua staff secara umum ini hotel yang luar biasa strategis dan nyaman terimakasih service ya luar biasa
,fasilitas nyaman sarapan paginya oke banget pelayanannya helpfull dengan devita
,menu sarapanya enak
positif,tempatnya sangat baik dan bersih makanan dan minumannya juga sangat enak dan memuaskan
,pelayanan sangat baik makanannya enak kamarnya sangat nyaman
,pelayananx bagus baik makanannyabjuga enak kamarx rapi
negatif,kamarnya bersih nyaman ada guling tv channel lumayan ok cuman belum hd makanan ok soso staff wanita ramah entah kenapa yg cowo jutek hal yg kecil tapi menurut ku rada greget pemilihan interior restaurant yg kurang matching dari
,pelayanannya ok suasananya nyaman pelayanan kak meyriska makannya enak
,terbaikk kamar nyaman ballroom luas bagus dan makanan nya enak sangat rekomended utk liburan maupun acara resmi nice hotel
positif,hotel nya bersih sarapan nya juga lengkap service nya juga memuaskan
,tempatnya nyaman makanannya enak mantappp
,tempat bersih dan nyaman untuk makanan cukup enak pelayanan yg diberikan sangat ramah serta lokasi hotel ini sangat strategis karena dengan area wisata dan kot
,untuk dinner nya enak sekali untuk kikil mercon sangat enak dan bumbunya medok sekali untuk bajigur tidal begitu terasa jaheny tp ttp enak semua pelayanan baik di resto maupun di kamarnya semua baik
positif,kamarnya bersih nyaman dan makannya enak lokasi strategis deket mau kemana mana
,makanan nya enak semua pelayanan terbaik dan ramah
positif,pelayanan baik staff hotel ramah hotel luas dan memiliki fasilitas yang lengkap kamar bersih dan luas kasur nyaman hidangan yang disajikan juga beragam mulai dari appetizer hingga dessert dan enak rasanya
,enak banget nginep di sini posisi dekat kemana mana strategis pelayanan juga baik sarapan sih enak hehehehe hari yang menyenangkan selama di jogja
positif,layanan hotel grand mercure yogyakarta secara umumnya sangat memuaskan kamarnya sangat bersih dan rapi makanannya juga enak dan banyak variannya pertahankan layanan prima ini
,pelayanannya bagus ramah makanannya enak enak tempatnya nyaman
,pelayanan keren bgt hotelnya juga bersih bgt dan responnya sangat cepat terhadap tamu rekomendasi bgt deh klo mau liburan ke jogja nginepnya dihotel ini
,tempat yg cukup nyaman untuk menginap sarapan cukup variatif overall ok
,hotel ternyaman di jogja fasilitas lengkap dan pelayanan ramah hanya saja jarak ke pusat wisata malioboro lumayan jauh selebihnya
positif,pertama bermalam di grand mercure jogja kamar tidurnya nyaman buat tidur nyenyak banget
,indonesian baru saja menginap di hotel grand mercure dan sangat terkesan dengan pengalaman makan siang di restoran hotel makanan yang disajikan sangat bervariasi dan
,sarapan nya luar biasa mba lena
,terimakasih layanan yang ok mealsnya kopi makanan berat dan aneka masakan localnya mantab tempat duduk di resto dengan view ke merapi sajian coffee break saat meeting juga ok sampai jumpa grand mercure see u soon with great moment holiday
,sarapan nya menarik dan restoran bersih pelayanan memuaskan pelayanan kak tania nya juga sangat baik dan bagus
,terimakasih kak lena layanan sarapannya keren terimakasih
,silvia menyenangkan dan ramah
,kesekian kali berkunjung kesini dan mulai semakin ok terima kasih untuk fom bu fitri beserta tim dan fbm p iqram beserta tim yang sudah banyak membantu dari awal saya ci to co januari meski dikunjungan saya kali ini tidak
,sugeng rawuh ning jogja temans pengalaman pertama stay di grand mercure yogya overall menyenangkan
,pengalaman memuaskan menginap di hotel mercure ini kamar yang bersih dan nyaman makanan yang enak dan pelayanan para staff yan ramah dan cekatan sangat disarankan untuk menginap disini ketika liburan dijogja terima masih hotel mercure
,breakfastnya okee
,pelayanan semua ramah dan baik makanan tidak diragukan lagi semua menu enak kebersihan terjaga hotel pilihan untuk liburan di yogyakarta
,ini momen kedua saya ke jogja yang dimana mendapatkan pengalaman yang seru dengan menginap di hotel ini pelayanan nya luar biasa bangat semua staff nya baik banget dan ada satu staff
,cukup puas dengan menu breakfast pelayanan ramah bu silvia sangat murah senyum dan baik pelayanannya kepada customer
negatif,bad service udah reservasi bukber dari jauh hari survey langsung tanggal maret buat nentuin tempat duduk karena bawa banyak orang dan diokein sama stafnya tapi di hari acara tiba request tempat duduk yang sudah disepakati tidak
,kamarnya nyaman fasilitas bagus sarapan enak
negatif,saya menginap september anak saya tahun di kamar kena paku payung sepertinya dari salah satu kursi kamar kurang ok maintenance nya
negatif,dari lift yang ada hanya yang beroperasi di long weekend bobrok banget managementnya gaada persiapan mateng bgt ngadepin long weekend bayar mahal cuman buat nunggu lift sekelas mercure lohh
,breakfastnya pilihan menu nya sangat veriatif dan bnyk dan staff nya ramah apa lgi yg namanya mba rosvina melayani dengan baik dan sepenuh hati all the best untuk grand mercure jogja sukses selalu
,saya bukber pertama kali disini pelayanan sangat ramah apalagi dengan mba andini sangat ramah dalam melayani
,makanan sarapan nya enak enak dan lengkap segala ada pelayananan bagus dan tepat waktu sebelum jam sudah ready menerima tamu pokoknya mah maknyusss deh
netral,pelayanan ramah kesini karena acara rapat evaluasi bawaslu kabupaten hotelnya luas toilet bersih ballroom luas uniknya di lift engga ada akses ke lantai jadi sempat bingung pas mau cari mushola yang kata temenku ada di lantai
positif,suasananya enak nyaman saya suka menu sarapannya bervariatif apalagi sama jajanan khas jawanya ada jamunya juga recomended
,alhamdulillah berkesempatan menginap di hotel grand mercure yogyakarta sangat nyaman tempat strategis menu breakfast cukup lengkap kamar nyaman staf ramah
,makanannya enak di lidah orang lokal servisnya waktu coffee break malah disediakan box untuk wadah kuenya krn hbs penutupan acara semua pada mau segera ke kmr utk istirahat itu istimewanya grand mercure
negatif,mengikuti sebuah acara di ballroom pulang jam malam parkiran b dan jalan menuju pintu keluar gelap parkir berbayar mahal sampai di depan hanya ada security di pintu masuk tidak ada yang membantu di pintu keluar padahal lalu lintas padat berbeda saat lewat ke hotel sebelahnya
,makanan bervariasi ada tradisioanal western rasa jamu khas dan enak ruangan bersih paling ada bagian dekat pintu yg rusak
positif,makanan dan layanan hotel bagus semoga bisa kembali ke hotel ini
netral,makananya enak kamar nya oke namun yg kurang bagi saya adalah kebersihan karena sy sering sekali menginap di mercure bandung jakarta itu sangat luar biasa bersih
,kamar layanan dan lokasi ok menu makanan cocok di saya yg orang gresik mbak lena ramah banget bantu fotoin saya dan teman juga
,sarapan dengan menu yang variasi sangat baik untuk tamu alangkah baiknya untuk sofa di sediakan yg free sisanya baru u tuk reservasi
,pelayanan untuk makan siang an fifin oke
,selalu menginap kesini klau staycation di jogja pelayanannya baik ramah terutama staff saat sarapan kamar bersih lokasinya strategis
positif,menurutku sih hotel ini emang berkualitas banget sepadan dengan harganya pelayanan juga ramah banget makanan yang disajikan sangat unik enak dan beraneka ragam boleh sih ini rekomended banget buat yang mau healing
positif,tempat strategis tidak jauh dari bandara adi sucipto kamar bersih dan nyaman dari segi hidangan juga enak pelayanan ramah dan harmonis dari kak thania layak untuk dicoba
positif,menyenangkan untuk semua pelayanannya baik breakfast dan kamarnya terimakasih banyak mba silvia atas pelayanannya
,ke sini karena ada amanah internship th secara umum hotelnya nyaman pelayanannya baik ramah family friendly banget deh pokoknya recommended banget buat liburan keluarga mau staycation di sini juga oke banget
positif,room bersih menu lengkap kolam renang nyaman pelayanan ramah
,sangat memuaskan sekali pelayanannya khususnya mba ega silkia resto nya makanan lengkap
,pelayanan di purple restorant sangat memuaskan dan nyaman suasana adem dan enak buat nyantai dan kumpul bareng keluarga makanan nya sangat enak dan mantap karena banyak berbagai makanan dan soup nya
,makanan enak bangett kamar bersih dan nyaman overall saya suka banget hotel ini
,overall hotelnya bagus kamar lokasi makanan sarapannya mantul dekat kemana dan banyak makanan
positif,tempatnya nyaman fasilitas lengkap
,pelayanan yang sangat bagus dengan kak silkia kamar bersih makanan banyak variannya recomendded
,makanan nga enak lokasi nya bersih pelayan nya sangat membantu di bantu oleh training lena
negatif,overall ok kamar nyaman lokasi pinggir jalan akses mudah utk resto menu makanan variatif selalu available selalu direfill lay out duduk ok pelayanan ok waitress cepat dan responsif untuk fasilitas sayang kolam renangnya under construction jd kurang nyaman dan tidak semua lift difungsikan jd harus menunggu
,sarapan nya enak makanan selalu hangat ada berbagai macam pilihan service jugaa helpful bgt dibantu dengan mba devita
,pelayanan nya prima pelayan nya ramah makanan ok kebersihan juga ok siiplah kalo ke jogja rekomen banget stay di hotel ini baik utk bisnis maupun staycation
,pelayanan nya rmah baik sopan tempatnya nyaman bersihh rekomended buat menginap disini thanks pelayanan nyaa
,iftar di hotel ini bener bener oke banget pelayanannya bagus staffnya ramah makanannya enak dan variatif
,salma untuk pengalaman menginap breakfast lengkap kamar nyaman lokasi hotel ditengah kota mudah akses ke lokasi lain
,pelayanan super ramah dan baik makanan juga enak dan bermacam macam suka dengan pelayanan dengan mba nya si the best kalo ke jogja bakal mampir kesini lagi sii
,posisi strategis mau ke marlboro di dekat hotel sdh ada halte
,sarapannya enak banget menunya beragam dan fresh karyawannya juga ramah dibantu banget sama mbak lena
,sangat nyaman tempat nya dan ramah pelayanannya the best
,pelayanannya bagus fasilitas nya ok pokoknya best
,layak dan menyenangkan untuk bermalam bersama keluarga di sini
,hotel dgn pelayanan yg bagus hospitality sangat baik dari semua staf sarapan enak dan bervariasi kamar bersih namun beberapa bagian furniture sudah perlu perbaikan dan penerangan redup bisa lebih ditingkatkan secara umum ini hotel yg luar biasa strategis dan nyaman terima kasih servicenya luar biasa
,menginap d n lokasi strategis kamar tamu yang luas dibandingkan hotel bintang sejenis meski perlu ada peremajaan karena kesan tua masih terlihat staf hotel ramah mulai front liner petugas di restoran hingga housekeeper recommended
,tapi yg lainnya bagus bagus bgt kamarnya interiornya dan pelayanannya super bagus makanannya enak enak hanya di wifi nya sedikit lama
,overall semuanyaa worth it mulai dari pelayanan breakfast room service dll
negatif,jejaring accor yg kurang baik utk pelayanan checkin di dini hari tidak ada yg standby membawa semua barang sendiri tdk ada satpam shower air panas yg baru panas setelah dibiarkan mengalir selama
,pelayanan luar biasa staf ramah dan profesional kamar bersih mewah dan super nyaman fasilitas lengkap kolam renang gym dan sarapan semua top lokasi strategis suasana tenang pengalaman menginap yang memuaskan
,hotel yang nyaman dan pelayanannya sangat baik kamar bagus bersih dan wangi makanan yang disediakan sangat enak
,kalau ke yogya sering menginap disini makanan enak pelayanannya ramah nyaman
negatif,tempat tidurnya agak bikin gatal kamarnya luas kulkasnya gak dingin ac nya gak dingin lokasinya enak di tengah kota
negatif,pelayanan ramah makanan enak hanya smooking room yang tersedia pendingin ruangan tidak bisa dikontrol suhunya dingin banget
,enak sekali untuk breakfast di grand mercure dari buffet dessert minuman komplit dan rasanya enak sekali service nya oke dan bagus dibantu oleh mba lena
,makanan ikan tepung agak keras minuman tidak menyediakan kopi saat diner buah melon tidak manis untuk lainnya bagus dan enak pelayanan bagus dan ramah
,sarapan pagi ini sangat enak memuaskan
negatif,suasana ruangan kamar suram pintu kamar mandi rusak tidak bisa tertutup rapat miris untuk sekelas hotel bintang lima cocoknya hotel bintang tiga ini sangat mengecewakan
,makanan enak sekali apalagi sub daging nya dan juga pelayanan pokoknya mantap
,pelayanan di restorannya ramah makanan yang disajikan eunak
,makanan nya enak tempat nya nyaman dan pelayanan nya okee
,cozy place roomnya bersih adeem aminities nya lengkaapp staffnya ramah ramah bangett apalagi mba nalaa senyumnya maniss puooll
,makanan untuk bukber nya enak ragamnya bervariasi banyak macam yang bisa dipilih
,makanannya enak semua kamarnya bersih dan pelayan mbak aztutikamariah ramah
negatif,in room diningnya enak bgt buat pesen di kamar nasi goreng ayam bawang putih tapi breakfastnya agak kurang bubur mutiara kemanisan pancakenya krn gak dibikin fresh jadi dingin terus ditinggal gt aja gaada yg bikin baru lagi fresh
,tempatnya strategis karena berada di dalam kota yogyakarta untuk pelayanan juga bagus sekali dibantu dengan training lady lena terimakasih
,bangunannya bersih kamarnya bersih makananya enak viewnya bagus ada pelataran serasa di candi
,kamarnya sangat bersih dan fasilitas yang lengkap
,good stay lobby hingga koridor kamar sangat wangi receptionist sangat ramah dan ringan tangan untuk membantu lokasi hotel cukup strategis tidak terlalu jauh dari pusat kota rasa makanan ketika sarapan juga sangat cocok di lidah dengan variasi yang sangat banyak
,pelayan ramah menyenangkan trimakasih kakak airin ojt semoga di terima
,dari kamar dan menu makanan semua sangat memuaskan banyak pilihan menu makanannya
,pelayanan sat set makna joss
negatif,dibagian restonya beberapa gelas masih ada bekas lipstiknya dan bau amis refil buffe makanan menunggu lama mungkin kedepannya lebih diprepare lagi agar tamu tidak menunggu lama untuk makan
,menu sarapan dan penyajian bagus lokasi sarapan bagus krn bisa melihat gunung merapi kebersihan area sarapan bagus pelayanan bagus
negatif,awalnya mau menginap malam tapi hanya malam saja breakfastnya kurang memuaskan main course beberapa tidak hangat atau panas saya coba pastry agak keras digigit stall omlete antre cukup lama ketika check out tgl jan
,meeting room sewu sangat nyaman mudah diakses makanan juga sangat enak sup ayam tofu nya enak banget es teler nya juga enak staff ramah dan sopan
netral,hotel mudah dijangkau dari stasiun bersih harum stafnya semua ramah makanan variatif dan enak sayangnya late check out cuma sampai biasanya bisa di tapi ga masalah overall sangatt oke
netral,untuk kamar nyaman hanya saja untuk tekhnisii memperhatikan segi fasilitas seperti toilet selebihnya sangat memuaskan
,pelayanan mbak meriska baik ramah makan enak nasgor ramah di lidah suasana nyaman pokonya mantaaap tenan
,kamarnya nyaman pelayanan ramah dan lokasi cukup oke
,kamar nyaman pelayan resto ramah hotel bersih dan rapi sempat minta sarapan untuk dibawa dalam perjalanan nasi goreng dalam kotak tanpa air minum dan tas untuk membawa semoga lain kali lebih cermat
,silvia sarapan nya enak
,hotelnya sangat menyenangkan dekat dengan pusat kota kamarnya bersih sajian di restoran enak menu juga bervariasi
negatif,hotel terlalu baik masa saya pesen kamar nomer masi ada orangnya saya komplain ke resepsionis dan keliatan bingung juga lalu lift juga sering eror pencrt tombol lantai malah ke lantai gimana ini grand mercure masa hotel bintang pelayanan seperti ini
,breakfast variatif menunya banyak enak kamar juga enak dinginn rame juga
,kebersihan hotel sangat bersih pelayanan sangat memuaskan untuk sarapan mewah dan nikmat di tambah ada room buat yg merokok
,tempatnya enak kedap suara gak berisik kalo teriak gak kedengeran dari luar
,ikan nya enak pas dan suasana nyaman
,hotel nya bagus karyawan nya ramah lokasi nya di tengah kota jadi mudah kalau mau cari lokasi wisata kamar nya mewah saya kurang beruntung karena mendapat kamar yg ac ny agak berdengung over all is exelence
,sarapan paginya enak pelayan ramah kamar nyaman tapi saat iftar terlalu membludak perugas resto beberapa sibuk tapi ada yg cuma
negatif,kecewa udh reservasi udh bela in datang langsung seminggu sebelumnya untuk milih tempat buat bukber sudah deal tp tanpa dikonfirmasi tempat yg udh kita pesan dikasih ke rombongan lain dan kami dikasih tempat di pojokan yg sempit banget gak banget lah
,tempatnya keren dan suasananya juga bagus hiasan di setiap dindingnya buat kita ga bosen suasananya juga bikin adem selain itu pelayanan juga baik sekali para pekerja sangat ramah selain itu makanan nya juga enak hehe
,pelayanan dan kamar luar biasa ngak nyesel dech sukses trus grand mercure
,makanan enak dan pilihan nya banyak
,kamar nya bersih sarapannya cukup enak dan banyak varian nya lokasi strategis my first time stay here and surely not my last
,fasilitas enak makan nya juga enak dan nyaman
,baru pertama kalinya nginep di sini tp udah di bikin senyaman itu sama fasilitasnya kebersihannya dan pelayanannya next bakal ajakin keluarga si buat nginep di hotel ini lagi
,sangat memuaskan pelayanan mbak silvia makananya juga lezat
,hotelnya mewah bersih dan rapih pelayanannya bagus pengen balik lagi pokonyaa mantap
,banyak menu sarapannya makasih layanannya mba cerita
,semua menu enak dan approved pelayanan sangat ramah dan gercep mbak salma
,sebagai hotel bintang grand mercure yogyakarta menghadirkan pengalaman menginap yang elegan dengan sentuhan budaya jawa pada desain interiornya berlokasi strategis di kawasan adisucipto hotel ini dekat dengan pusat kota dan area
,kamar oke walau dapat yg amoking room tapi di dalam kamar tidak ada bau rokok sama sekali bersih dan ac dingin
,datang jam mau cek in data dah lengkap tp disuruh nunggu katanya kamar msh dibersihkan heran kok jam segitu kmr blm ready satu setgh jam kemudian dioper ke hotel lain katanya sdh penuh kayake gk siap terima rombongan lebih dari orang
,hotelnya nyaman kamarnya luas dan bersih makanan di restorannya banyak jenisnya dan enak terima kasih
,akhir mei lalu menginap di hotel ini dalam rangka kedinasan untuk detail reviewnya
,mulai dari pelayanan yang ramah dan profesional hingga suasana yang nyaman dan elegan semuanya terasa sempurna kamar yang saya tempati sangat bersih dan dilengkapi dengan fasilitas yang lengkap memberikan kenyamanan maksimal selama saya
,tempatnya strategis interiornya juga bagus ada unsur jawa yang membuat menarik kamar nyaman makanan juga enak recommended kalau ke jogja
,bubur ayam dan soto nya yg di resto saat breakfast berasa kurang garam mungkin saya suka makanan yg agak asin saja pelayanan lain nya sangat baik pertahankan dan bila perlu ditingkatkan lagi agar lebih memuaskan customer
,letak hotel strategis pelayanan bagus kamar nyaman
,hotel yg bagus pelayanan ramah cocok untuk stay cation
,layanan ok baget lokasi strategis kamarnya bersih
,pelayanan ramah makanan nya enak tempat nya luas bersih dan nyaman
,selamat malam dear management grand mercure hotel yogyakarta
negatif,pelayanan cukup bagus tapi untuk keamanan nya sangat kurang terjadi insiden helm hilang jobdesk security kurang maksimal tolong untuk keamanan lebih dijaga lagi dan jobdesk mengenai tanggungjawabnya nyaman tapi keamanan kurang juga membuat pengunjung hotel jadi was was
,bersih menu bteakfastnya beragam dan menu tradisonalnya hampir selalu ada yg jarang kami temukan dihotel lain
,sebuah hotel yang sangat strategis di pusat keramaian kota di kawasan depok sleman yogyakarta dengan fasilitas yang keren pelayanan yang sangat baik dan makanan yang sedap jadi ketagihan nih insya allah kalo ada urusan ke yogya lagi kepingin nginap di sini lagi deh hehe
,menginap hari malam overall pelayanan bagus banget dari room service hingga housekeeping fasilitas lengkap ada kolam renang dan gym menu sarapan sangat bervariasi dan rasanya oke sangat worth the price
,menjadi salah satu hotel yg rekomended buat staycation di jogja nyaman bgt staycation disini toiletris lengkap
,se waktu saya di bar saya di layani dengan kak thania dan saya di berikan rekomendasi beberapa wisata di jogja pelayanan nya sangat bagus dan ramah next akan kesini lagi
negatif,sebagai penyandang hotel bintang rasa nya seperti bintang saja kamar ngadep beton perabotan kuno sudah minta lantai atas dan kamar dengan view di aps masih aja dikasi yg ngadep beton sarapan juga dibanding gram dan harus
,sarapan nya enak dan sangat puas dan juga lengkap pelayanan mbak lena juga baik
,makanannya enak tempatnya juga baguss waktu itu pernah bukber disituu
,breakfast nya oke pelayanan baik sekali
,lokasi hotel strategis pelayanan ramah kamarnya dan meeting room nya nyaman restonya ok
,wajib balik lagi ke sini makanan enak trus pelayannya ramah
,untuk pelayanan sangan bagus dan untuk sarapannya juga makannya enakk
,croissant nya enak bangett cocok buat breakfast makanan yang lain juga enak selalu di refill dan masa waktu breakfast juga panjang jadi puas klo mau lama an
,menyenangkan dan beekesan sekali matur nuwun mb thania cantik dan ramah
netral,kesana krn ada acara jadi tidak paham bgmn kamarnya tp pelayanan bagus makanan standar aja
,resepsionis ramah pelayanan bagus next nanti nginep lagi disini
,break feast enak dan pelayanan baik dari mbak lena
,pelayanan baik karyawan hotelnya ramah makanannya juga enak lengkap ada banyak menu nya juga
,pelayanan ramah nyaman makanan enak bagus pokoknya
,untuk fasilitas kamar nyaman dan untuk sarapannya enak hangat untuk pelayanan nya mba devita baik ramah terima kasih mba
,need a lot of improvement nginep disini karena hotel di jogja lagi full semua agak kaget dengan keadaan
,mrsa nyaman dn mknananya jg enk layanan memuaskan
,tempatnya sangat luas nyaman bersih pelayanannya juga oke kamarnya juga sangat nyaman buat istirahat
,hotel bagus rapi bersih dekat jalan raya pelayanan sangat bagus top pokoknya
,variasi makanannya banyak rasanya juga enak kamarnya besar dan bagus ac nya dingin pelayanan oke
,bagus dong dtengah kota jogya so deket mana breakfastnya enyaak banyak kalipun menunya suasana hotel jga nyaman apalagi yg liburan lama bisa nyobain berenang ngajak keluarganya rame tambah berkesan pasti yuuk ah mampir pesan bobo sini yo
,makanan sangat enak dan sangat puas dengan segala hidangannya
,lokasi hotel strategis layanan sudah baik dan bagus kamar hotel nyaman siiiip menu makanan mantaaap mantuuul siiiip
,pelayanan sangat ramah sarapan banyak variasi dan juga enak recommended place to stay in jogja
,ini merupakan pertama kali untuk menginap di grand mercure secara umum lokasi dari hotel nya strategis dan mudah dijangkau kurang lebih menit dari stasiun kereta yogyakarta
,senangnya bisa melepas lelah dengan nyaman setelah melalui running meeting yang hatic
,dari masuk menuju ke room makan sudah disambut baik dengan mbak tania dan untuk sarapan favorit ada jamu dan bubur ayam
,untuk makan siang pada hari ini sangat enak dan memuaskan pelayanan nya juga ramah
,sarapanya banyak banget variannya rasanya enaaak pelayannya baik dan ramah aztuti
,penginapan yang sangat rekomendasi banget fasilitas kebersihan nya terjaga banget next ngajak temen temen untuk nginep disini
,review kamar nyaman
,waitress nya ramah terutama neng ega makanannya enak recomended
,tempatbya nyaman staffnya sangat ramah
,menu makanan enak citarasa lekoh dan pudingnya endull roomnya excelent dehh bersih wangi
,pelayanan nya sgt ramah terima kasih mas bobby
,hotelnya nyaman bangettt pengen nginap di sini terus pelayanan staffnya juga juaraa selalu senyum ketika eye contact sarapannya pun enak yummy
,staff ramah dan helpfull ketika kemarin ktp saya ketinggalan pihak hotel sangat cepat dan kooperatif mengirimkan ke alamat rumah saya di kota lain terimakasih banyak grand mercure terutama mas ifnu phone operator yang sudah sangat
,late check in masih dapat amenities kasur enak kamar luas
,hotel super nyaman bersih dan ramah
,pelayanannya oke dan membantu terutama saat sarapan dibantu oleh mba lena disini banyak menu yang bisa dipilih dan tradisional dan modern enak dan cocok di lidah
,alhamdulillah pengalaman baru untuk menginap disini terima kasih pelayanannya ramah dan santun makanan masih masuk di lidah indonesia kamar juga lebar nyaman
,mantap pelayanannya ramahhhh makanan nya enakkkk
,pelayananya memuaskan kamar bersih dan rapi makananya tidak mengecewakan menunya variatif
,sungguh luar biasa nyaman dan mewah harga terjangkau cocok banget kalo lagi liburan ke jogja buat stay bersama suami
,staff nya friendly dan ramah selalu menyapa dg senyum serta sopan kamarnya jg bersih dan nyaman sekali bwt istirahat thank grand mercure
,bagus sarapan enak pelayanan staf helpfull thankuoy mba silvia
,pengalaman menginap di hotel yang menyenangkan bareng pasangan kamar bersih dan luas bantal dan selimut juga wangi kamar mandi juga bersih shower dan air hangat tersedia jam
,makananya enak ramah stafnya dan membantu memberikan suprise sama suami ku yg ultah
,kamarnya cukup bersih pelayanan nya bagus makanan nya enak mantab grand mercure
,salah satu hotel area adisucipto yogyakarta yg cukup strategis juga lokasinya hotel ini nyambung dengan ibis saat masuk lobi vibes nya lumayan bertematik
,menu sarapan yang disuguhkan ada berbagai macam dan rasanya enak staff hotel ramah semua mungkin karena di yogyakarta kali yaaa tapi over all mantap dahhhh
,menu breakfast nya sangat bervariasi mulai dari indonesian food sampai western food ada disini
,kesan pertama masuk sangat memuaskan room juga bersih dan mewah pelayanan baik dan ramah makan malam cocok menunya terima kasih
,kamar super nyaman pelanyanan sangat ramah makannya pilihannya banyak banget dan enak enak terimaksih kepada mbak ayi dan mbak sopia sangat baik banget dan sangat ramah
,sarapannya enak view nya jg bagus restaurannta dekat dg kolam renang kamarnya jg nyqman kl cuaca cerah viewnya gunung merapi
,hotel bagus dan fasilitasoke makanan enak dan nyaman selama stay hari bisa jadi hotel paling bagus denag tema borobudur
,secara over all karena saya sudah menjadi anggota all accor pelayanan dari hotel grand mercure yogya sangat memuaskan terutama mbak gita yang selalu dengan senang hati dan ramah men servis kami selama hari di saat breakfast
,sangat nyaman dengan kamarnya meski pintu kamar mandinya seret saat dibuka dan ditutup sarapan pagi sangat bervariasi dari yang berkuah roti makanan berat macam macam lauk dan juga makanan penuh serat seperti buah dan salad makan siang
,menu sarapan nikmat cita rasa bumbu terasa
,perfect place to stay breakfastnya excellent mulai dr berbagai macam yg namanya bread donat kue tradisional masakan tradisional masakan kekinian ada rasanya juara fasilitas ok
,breakfast disini enak banget mba nya ramah ramah makanannya lengkap
,menu makanan banyak untuk rasa enak dan pelayangan sangat ramah di bantu oleh mbak lena
,breakfast buffet di grand mercure yogyakarta premium quality sekali ada bakery salad soto jenang indonesian breakfast continental breakfast dan banyak sekali lainnya
,sarapan lengkap dan enak best deh pokoknya pelayana aztuti ramah sekali
,layanan semua baik resto komplit makanannya semua enak
,rekomen bngt dengan semua fasilitasnya yg oke dan tentunya aman dan nyaman
,makanan enak menu lengkap pelayanan memuaskan
,sarapannya enak banyak pilihan kamar nyaman ada halte bus trans jogja lengkap klo mau ke malioboro gampang
,makanan nya enak pelayanan nya ramah baik secara keseluruhan
,pelayanan dan makanan sangat baik terima kasih mba lena untuk pelayanannya yang sangat ramah
,luar biasa breakfast lezat dan segar best breakfast hotel yg pernah saya dapatkan so far
,bed nya rapi empuk bgt jadi pengen rebahan terus kamarnya juga nyaman bathroom nya simple tapi wangi dan jgn khawatir ada peralatan mandi lengkap jadi gak khawatir klo lagi ada perjalanan bisnis
,bintang satu untu security yang bertugas pagi juli jam saya janjian dengan tamu hotel di depan lobby baru datang langsung dibentak dan disuruh nunggu di b padahal tamu saya sudah nunggu didepan lobby untung tamu saya
,tempat kamar dan pelayanan dari waiters nya manis sangat bagus
,breakfast enak banyak pilihannya rekomen untuk kegiatan meeting karena banyak kamar
,recommended banget nginep di sini
,serasa dirumah sendiri dengan pelayanan terbaik
,layanannya sangat baik makanannya enak enak juga devinta pelayanannya ramah
,makanannya enak cukup beragam banyak makanan tradisional juga bagian minuman juga beragam jenisnya dari jamu hingga kopi tersedia staffnya ramah dan baik sekali setiap lihat piring kotor langsung diangkut dan
,makanan enak semua pelayanan top markotop pegawai ramah semua tempat bersih langganan tiap tahun ke hotel ini
,pelayanan ramah kualitas bagus dan fasilitasnya memuaskan rekomended banget
negatif,kamar pertama kali masuk baunya kyk pengap lembab krn lama gak dipakai kamar mandi juga gak terlalu bersih tp utk makanan dan pelayanan ok dan baik so far so good
,kamarnya baik saya puas menginap di grand mercure terimakasih mba salma atas pelayanannya di resto
negatif,nginep disini jangan berekspektasi seperti hotel bintang lainya dapet view tembok bayar mahal hanya untuk liat tembok sedih si rasanya stok tisu di kamar ngga ada
,sarapannya enak kamarnya nyaman thanks to mbak gita
,sarapannya lumayan banyak pilihan terutama ada tom yum untuk buah mungkin bisa ditambahkan jenis lain seperti nanas
,sudah beberapa kali bermalam di grand mercure yogyakarta adi sucipto pelayanannya selalu ramah kamarnya juga bersih sarapannya enak semua dan banyak varian makanan tradisional nya banyak dan enak enak pelayanan mba willy juga bagus ramah terima kadih grand mercure
,pertama kali menginap di hotel ini kesannya memuaskan berada di lokasi yang strategis di kota jogja dekat dengan ambarukmo plaza pelayanan ramah proses checkin dan check out sangat cepat untuk kamar bersih modern dan nyaman utk
,tempat menginap yang menyenangkan sarapan dengan menu beragam dari menu western breakfast sampai jajanan pasar yang otentik sangat direkomendasikan untuk yang berlibur ke yogya
,suasana nya sangat bagus kamar nya membuat nyaman pelayanan juga sangat ramah makanan yang disajikan juga enak dan lezat
,gak nginep di sini sih cuma meeting aja jadi cuma mau review seadanya aja untuk lokasi sangat strategis karena di tengah tengah kota yogya di pinggir jalan utama untuk security bagian informasi sangat ramah helpful untuk
,pengalaman menginap disini memuaskan fasilitas kamar lengkap nyaman dan semuanya berfungsi dengan baik sehingga tidak ada kendala selama menginap area parkir juga luas dan memadai jadi tidak perlu khawatir saat membawa kendaraan
,terimakasih mercure sudah memberikan pelayanan yg baik dan makanannya enak dan ada staff yg rramah skli waktu sarapan mbak vina thanks
negatif,lokasi bagus di pusat kota makanan resto kurang enak dan menarik terutama di bagian nasi dkk untuk buah
,pelayanannya bagus untuk restonya enak di lantai kebetulan saya di outdoor jadi suasananya enak makanannya juga enak semua recomended utk coba buka puasa di mercure
,ruangan kamar nyaman bersih breakfastnya lengkap dan enak
,masakannya bervariatif banget sih pelayanan juga cepat tanggap banget sama kebersihan meja tamu good lahh
,pelayanan bagus masakan juga enak
,hotelnya bagus semua masakan restaurant enak sekali menu variatif ramah anak mantab deh semuanya
,makananya enakkk sekali tersedia banyak varian juga disini tempatnya nyaman adem
,sangat nyaman dan tempat yang sangat strategis
,saya sangat terkesan dengan pengalaman menginap di hotel grand mercure yogyakarta mulai dari pelayanan yang ramah dan profesional hingga suasana yang nyaman dan elegan semuanya terasa sempurna kamar yang saya tempati sangat bersih dan
,service sangat bagus di bantu oleh kak lena untuk kamar bagus bersih suasana tenang makanan enak dan menu nya cukup variatif
,bagus dan nyaman tempatnya
,makanan pagi ini yg disajikan rasanya enak semua fasilitas semua oke dan recommend untuk family time
negatif,makanan ok cuma kurang banyak menu kamar bintang tp kurang lengkap gak ada hair dryer dan setrika
,tempatnya nyaman makanya enak rekomedasi bnget buat kegiatan di bantu oleh trening lena
,letaknya strategis pelayanan baik sarapannya enak
,kamar nyaman bersih pelayanan mantap apalgi makanan nya luar biasa enak
,pelayanannya sangat bagus dan sangat ramah dari lobby sampai di resto nya kamarnya jg rapi bersih dan ballroom nya juga bersih makanannya enak
,memuaskan menunya lengkap dan lezat
negatif,hotel bintang makanan enak ada pool nya bagus sayang ac nya kurang dingin jadi panas bgt dan spreinya juga pas aku datang sedikit kotor jadi bikin gatal di kulit
,resto nya enak dan pelayanannya dengan mbak silvia sangat baik
negatif,makanan enak layanan bagus kamar bau rokok mgkn sblmnya ada yg merokok internet di kamar lambat banget tv ga jernih kabur bintik
,berkunjung untuk bukber di lantai menu yang disajikan sangat beragam dan menarik pelayanan yang di berikan sangat bagus dan sat sett sangat rekomen buat kalian untuk coba
,ke sini karena ada event wedding keluarga dekat lokasi sangat strategis di pusat kota deket jl solo deket pusat kuliner dan tempat berbelanja area yang selalu rame karena di pinggir jl utama tempat acara di lt tamu undangan pake sistem
,lobby luas bersih nyaman buat bersantai dari kamar nya juga cukup baik tempat tidurnya rapi banget kamar mandinya bersih allhamdulilah menginap nya tidak ada kendala puas pokoknya
,hotelnya cozy dan menu breakfast enak enak semua
,utk kamar cukup memuaskan pelayanan ok makanan juga sangat variatif dengan rasa yg memuaskan
,pelayanannya sangat ramah kamar luas dan bersih lokasi strategis dekat mall lippo dan mall ambarukmo di sekitar hotel banyak penjual makanan tempat ngopi
netral,salah satu hotel dengan lokasi yang cukup strategis di jogja cocok untuk tamu yang ingin menginap di tempat yang dekat dengan tempat wisata tempat makan dan mall hanya lokasi yang rawan macet
,kamar nyaman menu sarapannya enak recommended untuk staycation
,pelayanan baik oleh kak silvia sarapan tepat waktu dan jg baik
,lokasinya strategis dekat dengan pusat kota dan tempat tempat wisata kamarnya sangat nyaman bersih dan rapi fasilitas hotel juga sangat lengkap pelayanan staf hotel juga sangat ramah dan profesional mereka sangat membantu dan selalu
negatif,hotel yg lumayan mewah sayangnya kami dapat kamar di kelas superior yg bagian terasnya menghadap tembok sprei tidak diganti kalaublita tidak meminta kamar mandi ada aroma pesing karena exhaust nya tidak menyala utk servis dan yg
negatif,makanan enakk service okee menu banyak variasi tapi ac tidak nyala jd las makan panas suasanya
,pelayanan sangat baik sarapannya menunya beragam dan semuanya enak rekomendasi untuk yang liburan ke yogyakarta
negatif,saya seorang driver rental yg sedang menunggu customer dihotel kantin yg dikhususkan cuma untuk karyawan dan cari makan minum harus keluar jauh tidak boleh di kantin hotel yg khusus untuk karyawan
,hotel dekat kampus uin cm meteran hotelnya nyaman makanannya enak variatif menunya joss pokoknya
,makanan di restoran lumayan bervariasi ada kolam renang kamar juga lumayan bersih dan toiletries lengkap hotel bintang pelayanan bintang
,tempat yg strategis fasilitas ok dan pelayanan ok terus tingkatkan pelayanan utk memuaskan masyarakat
negatif,so far so good untuk varian sarapan bs ditambah ya datang pas high season jadi resto penuh sama orang kantoran yg lg acara susah banget cari tempat duduk ada kendala saat balik acara akses pintu mati semua jadi harus turun ke
,pelayanan okee menu sarapan sangat recommended sangat terbantu dengan pelayanan yang ramah seperti kak tania
negatif,pelayanan managemen untuk buka puasa sangat mengecewakan sudah reservasi sejak maret dan maret survey langsung ke lokasi pilih tempat untuk orang dan sudah deal saat bukber di tgl maret ternyata dipindah tempatnya pojokan
,menu sarapannya enakk dan lengkappp sukakk sekaliii stay cation disinii silvia
,room nya dan breakfast nya menu nya lengkap dan bervariasi rasa nya pun enak zxz
,pelayanan mantabs kamar bersih makanan luar biasa menyenangkan pertahankan
,pelayanan bagus dan makanannya enak untuk kamar bersih dan nyaman terimakasih mbak nur dari lombok
,breakfastnya banyak pilihan dan enak semua dibantu oleh training lena
negatif,fasilitas dan pelayanan tidak layak untuk hotel bintang akses dan area parkir sempit check in hampir jam baru dapat kamar welcome drink tidak ada sprei kualitas kurang kamar mandi terutama shower sempit
,tempatnya nyaman bagus bersih makanannya enak pelayanannya ramah
,terimakasih fasilitas memadai pelayanan ramah sudah aksebilitas untuk difabel
,saya menginap disini selama hari dan ini diluar ekspektasi sih worth it
,nyaman ramah makannya enak untuk hotelnya dapat diakses dengan mudah karena berdekatan dengan jalan raya memiliki parkir yang luas ac nya dingin saran mungkin yang tidak suka ac karena ac terpusat mungkin bisa pake pakaian yang agak tebel atau kemeja yang berlengan panjang ataupun jaket bila perlu nuwun
,malam yg berkesan terimakasih atas excellent service nya akan pasti kembali kesini
,u breakfast menunya beragam juga banyak makanan traditional dan enak pelayanannya juga sangat ramah
,pelayanan yg sigap sangat humble ramah sopan ke pengunjung tempat strategis
,untuk menu makanannya sangat lengkap dan enak ada berbagai makanan dari menu lokal sampai western juga dan ada banyak pilihan kudapan juga
negatif,service parah saat iftar piring membludak petigas malah senyum lalu pada kabur kaburan ngambilin piring receptionist hotel juga ngeselin gak bisa bantu early checking padahal sudah request jauh jauh hari bisa penyampaiannya pun gak mengenakkan hati
negatif,parkiran motor tidak aman padahal berada di dalam gedung uang recehan saya yg buanyaak hampir penuh di dasbor motor habis tak bersisa dicuri semua motor teman jg dibuka joknya jd tau krn joknya mmg susah nutupnya
,sangat puas atas segala fasilitas pelayanan hotelnya suasana kamar dan suasana hotelnya ckp menarik pelayanan nya pun sangat ramah dari mulai check in hingga check out mohon selalu terus ditingkatkan
,pelayanan superduper ramah view saat breakfast saya suka sekali dan pasti nya enak love it
,makanannya enak enak pelayanan dangat ramah hotelnya bersih wangi dan nyaman
,pelayanan di restoran sangat memuaskan makanan dan minuman cukup lengkap dengan rasa yang enak
positif,hotel yang nyaman untuk kerja atau liburan bersama keluarga kamarnya nyaman dan pelayanan yang sangat memuaskan
,untuk sarapan enak terima kasih untuk semua layanan yang diberikan saya merasa puas
negatif,menginap di kamar terdapat bathub di kamar mandinya sudah menutup bathub dengan tirai shower dan mencoba berbagai pengaturan shower air dari shower tetap keluar dari area bathub menggenang di area kloset duduk yg seharusnya kering sepertinya area bathub perlu di desain ulang
,mantap deh kamarnya oke dan sarapannya lumayan beragam
,kamar bersih pelayanan baik makanan lengkap bukan pertama kali menginap disini selalu puas
,kamarnya berdesain semi klasik rapi bersih restorannya menyajikan masakan indonesia western recommended terima kasih
negatif,proses check hampir jam booking kamar setelah proses check in hapir jam yg masih siap hanya kamar
negatif,first of all waktu baru masuk ke lobby pengharum ruangannya terlalu pekat sepertinya kalau dikurangi akan lebih nyaman
,sarapan nya enak dan sangat lengkap selama bertugas sarapan di hotel ini tidak bosan pelayanan dari trening lena a sangat senang berapa di sini
,sarapan nikmat dan lezat excellent service dibantu mbak lena
,makanan nya enak dan pelayanan nya bagus
,bukber disini mantap banget harga dan pelayanannya ramah banget diarahkan juga serta makanannya worth it semua next tahun depan bukber kesini lagi
,kamar yang nyaman dan luas breakfast banyak variasi menunya dengan pelayanan yang ramah cocok untuk keluarga bersantai dan quality time kebersihan kamar perlu ditingkatkan enjoy holiday
,breakfast semur daging enak dibantu mbak lena
,bagus dari pelayanan room staff sampai makanannya rekomend banget buat liburan
,pelayanan baik kamar bersih nyaman sangat helpful dan ramah makanannya juga enak terima kasih
,menginap karena ada acara meeting lokasi nya di pusat kota jadi after meeting bisa explore yogyakarta kamar nya sangat nyaman proses check in tanpa kendala langsung masuk kamar dan lanjut acara meeting untuk fasilitas ruang meeting
,sarapan paginya sangat enak dan layanan fifin sangat bagus
,makanannya variatif dan enak kolam renang bersih kamar bersih cm kamar mandi kolam kurang bersih sama service room nya agak lama dtg nya over all bagus smua
negatif,kondisi kamar bersih nyaman untuk istirahat tapi ac gk bisa dikecilin terlalu dingin
,untuk sarapan enak variasi makanan lengkap dengan kondisi kamar yang nyaman
,sarapannya mantap enak pelayanan yang baikk terimakasih kak lena
,kamar nyaman makanan banyak pilihan dan enak
negatif,stay disini malam order by travel agent dan pilih room dengan balkon pas sampe room yg dikasi ternyata tidak sesuai kita komplain dan akhirnya move ke kamar yang sesuai yg kita request di awal setelah pindah ternyata ac di kamar
,saya menginap minggu disini pelayanannya baik sekali breakfast enak semua kamar nya nyaman
negatif,awal mula saya memilih grang mercure jogya karena saya berpikiran akan sama dengan seperti grand mercure yg di malang dan solo tapi ternyata sangaat beda jauh pertama pemesana n kamar tidak sesuai dengan yg saya pesan bed dipesanan saya
,pengalaman saya saat tiba di hotel tersebut disambut baik oleh front office dan pelayanannya sangat baik
,pelayanan ramah dan sopan kamar bersih dan nyaman dengan ammenities yg lengkap variasi menu sarapan beragam terima kasih
,pelayanan dana makanannya enak dan sesuai dengan ekspetasi kita ketika memutuskan untuk menginap dhotel ini pertahankan service dan tingkatkan lagi biar tambah senang konsumennya trima kasih
negatif,hotel bagus kamar bagus tapi tidak punya lahan parkir gabung dengan parkir hotel ibis area parkir mobilnya di basement hotel ibis sempit sekali slot dan tracknya amburadul sudut kelok tajam satpam penjaga parkir beberapa hanya gagah
,fasilitas bintang banget sih kolam renangnya tracknya lumayan panjang dan dalem gymnya juga bersih lengkap dan bebannya up kg lobbynya juga luas dan banyak kursi rekomend banget pokoknya buat healing parkir juga luas
,lokasi hotel strategies dekat kemana mana service dari para staf memuaskan salam untuk mba thania yang menyapa di restoran rekomendasi tempat wisatanya mantap lengkap next time akan kembali lagi kesini
negatif,pertama saat datang ke hotel lansung di sambut untuk membawakan barang barang seperti koper dll untuk dibawakan ke kamar tetapi kami mengorder kamar yang ranjangnya king size tetapi yang dikasih malah twin bed setelah kita mengkomplain
negatif,saya menginap tgl januari kesan dihari pertama sudah kecewa saya pesan kamar dg kasur double king size tapi yg dikasi ternyata kasur twin
,untuk makanannya enak enak tempat nya juga kalau malam tambah terasa romantis
,suasananya tenang makanannya enak dan apa di lidah
,pelayanan restoran nya bagus dan menjaga kesehatan keterampilan pelayannya mengesankan dan makanan yang enak enak
negatif,hari pertama datang malam hari dalam keadaan capek habis perjalanan naik kereta waktu masuk kamar udaranya udah kerasa ga enak bikin tenggorokan sakit karena bersin dan batuk terus telpon resepsionis minta tolong pindah kamar tapi
,makanannya enak menunya lengkap mungkin ditambah lauk yang tidak pedas biar variatif terima kasih
,karyawannya ramah ramah kamarnya nyaman banget dan yang paling oke sarapannya enak enak the best
,overall ok hanya beberapa masukan penambahan lampu terutama di meja sehingga memudahkan untuk membaca atau bekerja
,makanannya enak kamarnya nyaman ada gulingnya dan dekat kota seneng banget sama pelayanannya
,pelayanannya sangat baik dan ramah ditambah menu sarapan yg lengkap membuat nikmat rasanya betah tinggal lama
,hotel nya strategis makanannya enak fasilitas nya lengkap dan karyawan hotel sangat responsif
,pelayanan sudah baik pada resto grand mercure pelayanan sarapan pagi fried fish with sour sauce oleh kak thania terbaik
,pelayan cukup baik dan breakfast cukup beragam dan cukup enak
,kamarnya nyaman pelayanan bagus makanannya enak
negatif,water heater lama panas access pintu tidak tertutup rapat ada fasilitas keamanan tidak digunakan sebaiknya hilangkan saja
,hotelnya bersih staff ramah kulkasnya dingin dan beku pas bgt untuk simpan makanan kalau ke jogja lagi akan nginap disini lagi ukuran kasurnya yg twin sangat besar dibanding hotel lain
,memuaskan bersih ramah makanan lezat terima kasih mbak thania ramah sekali
,menginap disini lumayan puas kelebihan yang saya rasakan antara lain pelayanan baik lokasi di jalan utama akses mudah parkiran luas breakfast bervariasi ada juga kolam renang yang bagus strategis dekat dengan pusat perbelanjaan
negatif,menginap di sini dalam rangka acara kantor selama malam untuk kelas hotel bintang masih kalah jauh dengan hotel bintang di area lokasi yang sama
,pelayanan sangat ramah dan profesional pokoknya well inform lah petugas yg incharge sangat membantu sekali dan memuaskan
,meeting hari di sini ballroom sangat nyaman dinginnya jg cukup service jg cukup tanggap dalam perubahan lay out meeting makanan dan snack sangat bervariasi tiap hari ganti menu makan siang jg bumbu pada makanan sangat kerasa good for grand mercure
,sarapan ready lebih awal mulai jam s d wib sangat membantu saat ada agenda workshop di tempat lainnya pelayanan sangat baik terima kasih
,pelayanan ramah tempatnya nyaman dan menu sarapannya enak enak dibantu oleh lena
,sarapannya seperti sebelumnya selalu enak enak ada gym yg alatnya lumayan lengkap tempat strategis
negatif,sangat mengecewakan reservasi lwt wa tgl maret utk bukber tgl maret tanggal maret bela belain datang utk milih tempat krn kita org staff resto sdh mengkonfirmasi ok bisa akan disetting spt yg kita mau hari h kaget bgt posisi dipindah pojokan belakang sempit dan bad view tanpa konfirmasi sangat tidak profesional
,pelayanan nya baik dan hidangan nya sangat lengkap
,pelayananya bagus nilai a buat traning yang namanya lena veronica
,tempatnya nyaman parkir luas pelayananya juga oke banget pokoknya mah the best lah
,kamar nya sangat bagus makanannya juga mantap rekomendasi banget dah disini
,makanan pagi ini untuk saladnya sangat enak krengsengan daging sama tahunya juga enak nasi goreng cabai hijaunya sip
,makanannya ok pelayanannya juga ok dan satset terima kasih
,recommended ini hotel nggak diragukan lagi fasilitasnya top banget
,receptionist nyaa ramah bgt semalem nginep disinii pengen lagii
negatif,kamar sangat panas dan ac yang terasa hanya berupa blower yg sangat kencang tanpa rasa dingin freon entah karena cuaca jogja yang sangat panas karena perubahan suhu atau karena
,kamar nya bersih bagus makanan breakfast nya juga lumayan enak tetapi fettucine nya ada yang belum terlalu matang
,tempat rekomen untuk keluarga makanan super enak staff ramah terimakasih mbak salma yg sudah banyak membantu selama di sini
,makanan enak pelayanan top pertahankan yaa
,tempatnya nyaman bersih banged makanannya sangat variatif tiap harinya dan enak lo
,untuk makanannya bagus cocok untuk makan siang saya dari dprd sidoarjo dilayani dengan mbak manis di restaurant sangat ramah dan baik kamarnya juga bagus nyaman poolnya juga sejuk kalau sore
,breakfast nya enak bervariasi trainee lena ok
,breakfast menu bervariasi dan enak dmikian juga utk minuman dan snack nya
,makanannya enak semua kamar bersih pelayan ramah dan menyenangkan terima kasih grand mercure yogyakarta
,pelayanan sangat ramah dan baik di resto waitress an mba nur melayani dgn sangat baik dan full senyum kamar ok dan cek in cepat lokasi strategis
netral,kondisi kamar bagus untuk kelas suite nya luas dan nyaman tp utk yg kelas dibawahnya agak terlalu banyak furniture jd terkesan sempit
,nyaman makanan enak pelayanan ramah
,kamar nyaman utk istirahat tapi pencahayaan kurang kalau untuk kerja sarapan oke ada makanan tradisional dan enak
,menu makanan untuk buka puasa disini sangat banyakk dan enakkk bangett wajib kesini untuk bukber bareng keluarga dan teman
,sarapannya lengkap enak pelayanan sangat baik staff ramah ramah
,pelayanan bagus letak hotel yg strategis tentunya sangat nyaman untuk menginap
,semua makanannya enak beragam banyak pilihan pelayanan ramah fasilitas oke bangetttt
,saya menginap untuk yang ke sekian kalinya di grand mercure yogyakarta walaupun hotel sudah lama tetapi maintenance terjaga area di lt membuat segar breakfast juga enak dan beragam cara penyajian yang unik menambah poin hotel terima
,menginap di hotel gm cukup menyenangkan kamarnya bersih lokasi strategis di pusat kota dan breakfast bervariasi
,untuk sarapan menu beragam dan bersih saya di bantu dan di arahkan dengan thania dan di layani dengan baik terimakasih
,hotelnya bersih kamar nya mantap sarapan komplit
,makanannya enak enak dijamin ga nyesel pergi ke restoran ini
,hotelnya sangat nyaman pelayanan juga ramah sekali kamar sangat bersih dan terawat untuk makanan nya enak pokoknya best bngt ini hotell udah jadi langganan kalau ke jogja
negatif,rasa masakan di restoran kurang enak semua dan kartu akses hanya di berikan saja dari hotel dan untuk pelayanan cukup bagus
netral,kamarnya nyaman apalagi yang view hadap ke kolam renang pelayannya ramah dan sangat membantu untuk minusnya kalau dari kamar telpon ke resepsionis lamaaa banget angkat tlp seharusnya cepat dan minus di makanannya menurut aku untuk hotel ternama sarapannya kurang rasa
,hallo semuanya ini review perdana ku di hotel grand mercure yogyakarta dalam rangka memenuhi undangan
,service excellent menu iftar ada beberpa menu yang baiknya disesuaikan untuk taste dan kematangan tempat nyaman dan comfort penyesuaian lampu agar lebih nyaman saat berbuka selanjutnya ramah senyum pegawai menjadi poin terbaik
netral,overall makanannya enak bergantian terus mungkin bisa ditambah jenis nasi liwet nasi uduk utk room lumayan bersih namun di sudut ruangan ada semut yg harus dibersihkan tiap hari
,alhamdulillah hotel yang menyenangkan mushola tersedia baik di lobi dan di lokasi ruang pertemuan menunya enak petugasnya ramah dan menyenangkan terima kasih atas pelayanan yg di berikan
,terima kasih atas pelayanan yang memuaskan oleh mbak tania gertha semoga bisa menginap lagi di sini
,kamarnya nyaman restonya enak ruang meetingnya juga nyaman rekomended untuk kegiatan dinas dan nginep bersama keluarga
,mantap gudeg disini enak sekali rasanya bikin ketagihan mau nambah terus pokoknya the best all makanannya di mercure di adi sucipto jogja ini rekomendasi untuk menginap disini
,hotel yang nyaman dengan pelayanan yang memuaskan lokasi yang strategis menjadikan hotel ini layak menjadi tempat meeting dan staycation
,sarapan enak bikin nagih
,makanan enak pelayanannya cepat dan ramah memberikan tanda hati untvlantai resto yg basah display makanan cepat rasa masuk di lidah saya cake penutup unik mjngil pas unt penutup
,nyaman tempat bersih makanannya enak semua rekomend bangetttt
,oke lokasi strategis recomen nyaman bersih harga terjangkau worth it lh
,tempatnya nyaman dan bersih
,pelayanan bagus makanan enak
,saya sangat suka dengan sarapan paginya view nya dan makanannya enak enak serta layanan fifin sangat baik dan ramah
,tengkyuu mercure jogja we ll back again to this hotel mba thania tengkyu yaa sudah sangat helpfull
,hotelnya lokasinya strategis deket kemana breakfast di lantai tuh view nya adem hehe apa karena pas hujan ya
,pelayanan disini ramah sekali untuk menghabiskan libur keluarga sangat direkomendasikan
,devita pelayanan bagus ramah profesional
,breakfast paginya enak dan restonya bersih
,kamar sangat bagus utk sarapan enak banyak pilihan bisa dijadikan referensi buat liburan ke jogja
negatif,pas waktu menginap disini kebetulan dpt kamar yg ada balkon nya tp view nya tembok sarapanya jg b aja pdhl hotel bintang
,pelayanan sangat memuaskan karyawan ramah dan murah senyum
,hotel yang sangat nyaman dan pelayanan yang luar biasa so friendly
,pelayanannya ramah minumannya enak manisnya pas rekomended sekalii bar kak tania juga rama sekali best
,rooms belum tersedia padahal sudah booking bulan sebelumnya alasannya sedang dibersihkan untuk membersihkan ruangan harus nunggu jam
,sangat cukup puas dalam pelayanan dari segi kamar layanan dan sarapan yang disediakan juga enak semua dilayanin oleh mbak thania sangat cukup puas dan pelayanannya cukup baik
,hotelnya bagus kamarnya nyaman makanannya juga enak powwlll pelayanannya super ramah
,saya menginap malam di grand mercure yogyakarta so far pelayanan hotel memuaskan kamar bersih amenities lengkap untuk resto makanannya enak sarapan lengkap dari makanan traditional western tersedia
,pelayanannya bagus dan pelayannya ramah terutama atas nama aztuti
,hospitality paling bintang makanan banyak sekali variasinya dan rasanya konsisten enak topp paling berkesan pelayanannya besttt sangat perhatian
netral,lokasi strategis makanannya enak ruangan kamar bagus tetapi entah kenapa kmrn sy nginap dapat kamar mandinya agak trouble drainasenya tapi overall is good
,staffnya ramah ramah sekali sarapannya enakkkkkkk bgt kamar bersih dan lengkap
,hotel yang cocok buat staycation kamarnya luas bersih breakfastnya juga enakk pelayanannya top
,sangat menyenangkan sekalii nyaman dan pelayanan baguss menu makanan enak enak pegawainya ramahh ramahh dan nyaman bakkal seneng banget kalo bisa balek lagi ke sini
,gudeg jogya mantap sangat lezaatttt
,tempat nyaman terjaga kebersihannya pelayanan bagus dan ramah area parkir luas fasilitas memadai
,untuk makanan sangat lengkap kamar tidur yang nyaman dan staf sangat ramah dari awal saya datang di sambut dengan kak thania dan di carikan tempat duduk pelayanan sangat baik
,makanan variasi nya banyak rasanya enak pelayanan ramah dan sangat membantu pokoknya the best hotel di yogyakarta
,menu sarapan nya banyak banget dan enak enak sekali staffnya ramah ramah terutama mba fifin kamarnya okee kolamnya bagus pokoknya the best
,pelayanan sangat baik di resto maupun front office tempat sangat strategis jika ingin dekat bandara adisucipto makanan di resto sangat bervariasi dari western hingga tradisional
,kamarnya keren nyaman bersih layanannya luar biasa dr front office restaurant sampai layanan kamar sangat memuaskan
,hotelnya sangat nyaman rapi dan bersih seluruh pegawai nya juga ramah saat datang disambut dengan sangat baik
,pengalaman kedua menginap di hotel ini masih memuaskan dengan pelayanan yang sangat ramah dan profesional membuat kami langsung merasa nyaman
,mantapp makanan enak lokasi strategis pelayanan oke
,lokasi hotel di jl raya adi sucipto tidak jauh dari airport lama dekat dengan area gejayan yang ramai dengan tempat kuliner
negatif,pelayan nya tidak ramah pdhl yg berbatik bukan trainee air keran nya bocor terus kamar mandi menggenang air panas nya tidak panas di jam tertentu tp masa iya mandi harus jam mlm biar dpt air panas yg pas terlalu banyak peraturan breakfast digabung hotel lain yg lbh murah rate nya
,kamar bersih sebagaimana standart hotel bintang hanya penerangan agak kurang terang jadi agak was was saja melewati koridor setelah lobi dan yang menuju ke toilet nya serta musholla ruang mushola bersih dan nyaman
,resto nya enak menu banyak pilihan
,saya menginap krn ada acara dari kantor pusat berikut review jujur saya receptionis selalu senyum salam dan sapa s ke para tamu waitress di resto juga menerapkan s ke para tamu dan cekatan dalam
,hotel ternyaman di jogja selalu ingin kembali kesini lokasinya sgt strategis dkt dengan mana kamarnya nyaman banget
,breakfastnya enak menunya beragam so far great breakfast
,disini untuk acara bukber kantor worth it harganya terjangkau suasananya friendly sekali cocok buat acara bukber kantor makanannya enak suka banget bubur sumsum nya menunya variatif terima kasih grand mercure
,sarapan sangat lengkap dan enak di bantu mbak lena
,sy sempat dibantu sdr lena di restauran dan sy sempat bertanya kpd beliau dan sy mendapat respon yg sangat baik menu sarapan sangat lengkap dan rasanya jg enak
,lokasi strategis nyaman restonya lengkap sayang nya agak telat ci krn room blm ready jam
,hotel bagus pelayanan sangat bagus sarap juga enak makanan nya enak saya di layani degan mbak nur
,bagus hotelnya bersih pegawainya ramah ramah nyaman banget deh next kalau ke jogja bakal nginep disini lagi thankyouu
,tempat nyaman pelayanan memuaskan
,sudah tiga kali berkunjung ke sini dan tetap merasakan kenyamanan dalam beraktivitas fasilitas nya lengkap untuk melakukan meeting pelayanannya ramah rekomended untuk aktivitas meeting besar
,salah satu hotel ternyaman dikota yogyakarta dekat dengan pusat pembelanjaan meski jauh dari malioboro tp tetep strategis menurut saya breakfast menu tradisional jg ada siplah pokoknya
negatif,tadinya berharap mendapatkan fasilitas dan layanan bintang ternyata jauh dari ekspektasi termasuk fasilitas hotel yang dibawah standar
,sangat puas dari saat check in hingga check out semuanya sangat memuaskan saya menginap selama malam dan diberikan upgrade kamar ke executive room karena saya member platinum welcome drink enak buah an untuk welcome amenities juga
,untuk kebersihan restonya bintang sewaktu sarapan di sambut dengan staf yang ramah
,sarapan pagi sangat enak dan servis atas nama fifin sangat bagus
,nice palace for stay bersih dan nyaman recomended
,memuaskan terima kasih
,suka dengan semuanya karena berada di lokasi yang strategis pelayanan ramah cepat kondisi kamar yg selalu bersih eksten sampai x karena masih betah
,kamarnya luas nyaman dan pelayanannya ramah
,selama hari kami tinggal mendapat layananan kamar yang baik makanan bervariasi dan istimewa pelayan hotel yang ramah sukses buat grand mercure hotel
,bagus bersih makanan enak coba sediakan hand body kecil jg dikamar trmksh
,service ok makanan enak kamar nyaman
,kamar luas cukup nyaman dan bersih lokasi pusat kota breakfast banyak pilihan
,makanan nya enak bermacam macam kamarnya nyaman terima kasih
,makanannya enak bgt servicenha juga okee
,makanan lezat pilihan banyak dan pelayanan memuaskan semuanya melebihi ekspektasi saya
,pelayanan sangat ramah kamar bersih makanannya enak dan bervariasi semoga bisa kembali lagi ke sini
,kamar bagus dan bersih pelayanan mba silvia baik
,hotelnya bagus pelayanan ramah makannya enak lokasinya strategis dekat kemana
negatif,kram untuk wudhu dkt wc jadi susah buat wudhu lebih baik dipindah di shower untuk lainnya ok sdh mantap satu lagi sarapan tidak ada lonsay
,parpel resto hotel grand mercure jogja menunya sungguh menarik dan enak kalio daging dan tahunya maknyus pilihan menunya beragam
,hotel bagus prlayabab ramah dan profesional sangat membantu s ekali dan penjrlasanya sangat bagus keluarga laki sangat merasa nyaman
,sangat luar biasa dapan menikmati sarapan pagi dengan hidangan yang sangat liar biasa di bantu mbak lena
,sarapan pagi ini enak telur dadarnya enak ayamnya crispy enak berasa bumbunya kentang dan kacang merahnya enak dan kamarnya bersih bgt
,kamar nyaman bersih pelayanan di restoran ramah dan masakannya enak lokasi jg strategis dekat ke mana mall dan perkantoran
,untuk semuanya ok sih kamar toilet pelayanan view dekat poolnya juga ok
,terimakasih atas pelayanan yang memuaskan selama menginap hari disini diluar ekspektasi bisa request pas jam sahur padahal bukan bulan ramadhan juga menu take away juga diluar ekspektasi lengkap enak enak dan banyak terimakasih banyak semoga terus dipertahankan
,menu sarapannya variatif jajan pasar nya enak kamar nyaman bersih
,anak happy sekali menginap d grandmercure pelayanan nya juga good banget terimkasih kaka nur jg sudah sangat ramah
,untuk makanan lumayan enak untuk kamar bersih pelayanan oke
,menginap malam di sini cukup nyaman lokasi di dekat pusat kota dan twraedia banyak fasikitas publik di sekitar hotel untuk fasilitas hotel lengkap terutama tersedia kolam renang bagi anak anak dan tempat makan terbuka yang nyaman
,sarapan paginya enak banyak pilihan twmpatnya bersih karyawan ramah pokoknya puas dehhh
,pelayan memuaskan breakfast sangat beragam dan enak kamar bersih dan nyaman
negatif,d saat ramai lift mati hanya yang nyala dan menjadi numpuk d lobby nunggu lift sangat lama amanitis kamar nya minta tolong d cek lagi kalau cutton bud jangan yg tipis dan
,pelayanannya cukup baik makanannya enak varian makananya banyak
,tempat yang enak banget buat menginap kamar bagus dan lengkap interior dan eksterior hotel juga keren banget next biztrip disini lagi lah pastinya
,sarapannya enak dan pelayanaannnya baik terutama mba silvia ramah dan sopan
,proses ci cepat dan bisa early ci khusus untuk member all accor letak strategis dekat dg kota dan ada mall yg dekat
,hotelnya nyaman fasilitas lengkap lokasinya oke banget dan strategis deket darimana untuk kamar luas bersih staff juga super ramah dan helpful pokonya pelayanannya mantap cocok dan worth it banget buat yg mau liburan atau business trip
,untuk kamarnya bersih nyaman dan dingin lokasi sangat strategis dijalan utama untuk sarapan menunya sangat beragam dan cocok dilidah
,salah satu hotel yang bisa menjadi pilihan di jogya dekat dengan ugm
positif,rekomendasi untuk yang mau stay di jogja interiornya menyesuaikan kota jogja lobby mewah makanan banyak variasinya pelayanan baik ramah kolam renang besar lokasinya strategis saya menginap di room suite nya dan request honeymoon saat dtg sudah ada kue dan kamar sudah berhias ala honeymoon untuk roomnya
,tempatnya nyaman banget pelayanan ramah kamar bersih makanan enak lokasinya strategis deket ke spot wisata cocok buat nginep santai
,pelayanan baik makanan enak kamar bagus
,tempat dan pelayanan disini sangat bagus hotelnya nyaman dan sarapannya enak apalagi dibantuin sama anak training yg namanya lena cukup membantu sya
,mba chelsi baikk pwooll mau sabar ngefotinn wkwk overall makanan enak sii temat juga good
negatif,lampu di kamar kurang terang buah kurang bagus kualitasnya rasanya tifak fresh krn disimpan di kulkas sdh dlm kondisi dipotong semangkanya lembek dan ada rasa aneh kemungkinan dr
,pelayanan nya mantap ramah dam nyaman sekali hotel top se indonesia
,makanan enak bervariasi pelayanan nya ok banget kamarnya nyaman staff nya ramah apalagi mba devita sangat ramah dan cantik
netral,sy stay n bersama anak saya pagi ini feb breakfast di cafe dan ada charge penambahan anak sy usia th sy tdk tau kriteria apa utk tamu yg ditawari kopi teh dan tidak namun sy lihat
,kamar cukup nyaman breakfast oke terutama menu tradisional seperti gudek dan petugas di resto ramah dan helpful semua thank you
,hotel nyaman pelayanan baik makanan enak dan banyak pilihan lokasi dekat kemana
,untuk kamar nya cukup nyaman pelayanan juga oke banget untuk sarapan juga banyak varian nya enak juga lokasi pun cukup strategis mudah buat cari kebutuhan
,untuk sarapan paginya sangat enak dan memuaskan dan layanan atas nama fifin sangat memuaskan
,sangat senang karena lokasi strategis lingkungan bersih makanan enak dan yg luar biasa pelayanan yg cepat sangat ramah dan sangat menghormati tamu
negatif,menunya variasi dan enak tapi air minum dikamar terbatas hanya botol kaca ukuran sgt kecil resepsionisnya kurang beretika
,kamar cukup luas bisa untuk penambahan extra bed menu sarapan cukup bervariatif banyak pilihan
,makanan di resto purple enak dan pelayanan sangat memuaskan masukan nambah menu yang bermacam tapi semuanya makanan enak thanks for service
netral,tempat strategis makanan lengkap dan enak kamar saya dapat di lantai smoking tp staff melayani dg sangat baik hanya saja air shower kurang kenceng
,makanan hotel grand mercure sangat enak dan pelayanan nya sangat ramah
,layanannya memuaskan makanan enak kamar nyaman
,tempat nyaman menu makannya enak pelayanan ramah dgn mbak salma
,lokasi yang sangat strategis mudah kemana kamarnya bersih dan nyaman makanannya enak mohon untuk dipertahankan
,terima kasih menu sarapan variatif pelaynan nona rita oke di restorannlt terima kasih
negatif,kamarnya nyaman dan cukuo luas untuk berdua cuma fasilitas wifinya kurang bagus selama acara dan di kamar saya menggunakan tethering paket data pribadi pancuran di kamar mandi tidak mulus kalau mandi malam air panasnya harus nunggu
,pelayanan kamar nyaman staff melayani dengan baik dan senyum ramah terutama staff lena lokasi juga terjangkau will be back again soon
,kwalitas makan bagus danmoelayanan enak bagus suasana bagus terima kasih ke pada mbak manis untuk pelayananya tks
,hotel berada di pusat kota mudah di jangkau transport dan pelayanan cepat dan ramah variasi makanan di restoran banyak dan rasanya enak untuk kamar ada bebarapa barang yg sebaiknya di ganti secara berkala seperti tirai kamar mandi yg
netral,pelayanan kamar baik dan bersih tapi kalau bisa ditingkatkan lagi body wash dipisah dengan hair wash water heaternya berfungsi dengan baik ini penting kasurnya lengkap dengan bantal guling is a plus one for me perlengkapan mandi lengkap makanan di resto oke tapi standar saja dan kurang banyak pilihan
,makanan enak pelayanan enak all good
,bukber disini enak untuk harga yang murah ada kambing gulingnya menu lengkap
,rasa sarapan nya lengkap dan variatif pelayanan di bantu mbak lena
,menu makanan bervariasi dan rasanya enak
,pelayanan restoran sangat baik dan ramah makanannya juga enak khususnya menu khas tradisional jajanan lainnya juga enak
,view sangat bagus ke arah gn merapi merbabu sering nampak indah dari resto purple dr lt hotel interior bagus dg banyak hiasan borobudur yg memecahkan rekor muri
,hotel ditengah kota kamar nyaman layanan bagus sarapan oke banget terimakasih mbak tania
,hotel yang menjadi pilihan jika ke jogja menu sarapan enak dan variasi nya banyak cozy place dan mantap
,sarapannya enak bervariasi kamar luas n bersih
,alamat hotel strategis tepat dengan kota dan mall kamar nyaman pelayanan cukup ramah makanannya juga enak enak
,bagus sekali pelayanannya sangat baik dan ramah dan hotelnya baguss dan nyaman
,puas dengan layanan hotel dan tempatua yang cukup strategis untuk makanan dan minuman cocok untuk lidah lokal
,tmpatnya nyaman strategis juga karena di pusat kota betah disini gamau cepet pulang hihiii
,makanan enak pelayanan baik overall
netral,letaknya sangat strategis dekat dg stasiun bandara lama dan pusat aktivitas kelebihan kamarnya bersih nyaman dg bantal dan guling yg banyak kekurangannya tdk ada hair dryer dan channel tv tdk bersih anggap saja tdk ada tv pelayanan
,kamarnya nyaman bersih wangi kamar mandi juga oke walau kipas exhaust nya gak ada cuman bolongan nya doang service makan juga memuaskan mushola nya juga besar bersih dan wangi
,kamar nya bersih dan lumayan luas makananya enak pelayanan cepat recommended lah
,saya punya harapan besar dengan hotel ini kamar yg saya pilih pun di atas rata rata view gunung saya pesan via ag a waktu sampai di hotel kaget karena ada rombongan karyawan kantor yg akan rapat
,pelayanan sangat ramah interior sangat bagus dan musholla nya luas
,lokasi strategis kamar nyaman banyak banget pajangan borobudur dari dimensi sampe dimensi mulai dari lobby sampe di kamar hotel
,sarapan pagi dengan menu yang lengkap cita rasa terbaik dibantu dengan layanan training mb lena
,sarapan dan break fast bagus serta memuaskan dan pelayanan ramah dari mba lena
,menu lunch makanan baik luar biasa pelayanan sangat baik
netral,untuk menu makanannya cukup variatif hanya saja beberapa makanan sedikit asin dan sajiannya sedikit kurang tertata semoga kedepannya grand mercure bisa improve untuk semuanya
,breakfastnya beragam sekali rasanya juga enak terus kamar kami ada balkonnya lebih baik kalau disiapkan kursi untuk duduk duduk
,hotel yang menyenangkan dengan breakfast nya yang enak anak suka
,pelayanan yg baik dan profesional banyak pilihan makanan
,breakfast enak kamar bagus
,grand mercure yogyakarta adi sucipto terletak strategis di pusat kota dekat bandara adisutjipto malioboro dan plaza ambarukmo hotel ini mudah diakses dengan transportasi umum maupun pribadi lingkungannya dikelilingi berbagai pilihan
,sangat baik pelayanannya work it sihh kalau untuk bukber bersama keluarga
,kamarnya nyaman dan bersih cocok banged buat kalian yang jalan jalan ke jogja makanannya juga enakk
,hotel bintang yang memiliki desain stylish dan elegan dan letaknya strategis di jalan adi sucipto sleman ini memiliki gedung lantai dan menyediakan kamar mulai dari king hingga standar room
,penyajian sangat bersih dan nyaman
,pengalaman menginap malam yang menyenangkan sarapan dan makanan di restaurant enak enak
,kamarnya nyaman dan desainnya bagus artsy bgt
,lokasi nya strategis dan terjangkau kamarnya bersih dan rapih sarapan dan makan malam enak dan cukup beragam
,sangat ramah pelayanan kamar bersih sarapan variatif dan enak enak sekali pastinya tempat nya nyaman
,kamar disini sangat nyaman dan untuk sarapannya bermacam macam dan enak semua
,sarapan pagi ini sangat puas di bantu oleh training a n lena
,lokasi strategis makanan enak staff sangat ramah
,sdh kedua kalinya nginep sini kamar bersih breakfast enak banyak macamnya kolam renang oke byk spot foto dgn background classic recommended
,so far selalu puas sama pelayanan dan menu breakfast di setiap grand mercure yg pernah saya inapi hanya saja ada beberapa makanan yang saya rasa agak keras dan untuk kamarnya saya dapat yang area smoking jadi asapnya seperti masuk ke dalam kamar
,recommended banget deh ngak salah pilih hotel pokoknya josss tempatnya nyaman tenang bersih rapi lain waktu pasti kesini lagi
,menu breakfast yang beragam dengan cita rasa indonesia yang khas cocok untuk berlibur
,untuk menu makanan nya sangat lengkap
,pelayanan baik dan cukup ramah atas nama mba lena
,hotel terbaikkk kamarnya nyaman pelayanannya bagus makanannya enak dan juga fasilitas lengkap top deh
,pelayanan baik dan breakfast enak
,makanan nyaa sangatt enak sekalii trus juga resto nya bersih dann baguuus kereennn
,kolam renangnya bersih dan luas cukuplah utk anak berenang waktu kesana pas sepi jadinya seperti punya private pool yang paling berkesan dan servicenya paling top pada saat moment ipad yg dibawa
,menginap di sini sejenak lupa kalau sedang berada di yogyakarta suasana yang tenang nyaman kolam renang asri dan paling penting adalah kamar yang enak buat istirahat selepas kerja
,pelayanannya ramah rapi menjelaskannya nyaman sampai tdk bingung mencari tmpt acara mkannya enak fresh
,keramahan staff jadi juara helpfull banget dan full senyum yang luar biasa ikhlas meeting disini nyaman ruangannya f bnya mantapppppp lokasinya premium karena pas banget deket sama lippo plaza deket juga sama rs siloam ga jauh dari tugu malioboro mantappp
,bagus nyaman dan menyenangkan sarapannya enak banget sesuai selera
,pelayanan ramah nyaman tengah kota menunya enak bersih estetik puas pokoknya nginep disini
,kamar memadai ragam pilihan sarapan layak dan baik pelayanan staf ramah
,tempatnya nyaman bersih pelayanannya baik pemandangan nya indah karyawannya ramah makanannya pun sangat enak bakal balik kesini lagi puas banget
,untuk menu dinner sangat beragam makanan cenderung manis namun ada condiment lain untuk mengurangi rasa manis overall good servis
,kamar nya bersih rapih ga terlalu besar tapi nyaman pelayanannya ramah dari resepsionis sampai yg di ruang makan dan tempat rapat lokasinya stategis dekat stasiun dan dekat mall suasananya enak ga berisik
negatif,makanan enak dan sangat beragam indonesian termasuk cappuccino dan minuman tradisional untuk infrastruktur agak tua lift berbunyi tapi yang cukup mengganggu adalah kulkas dikamar juga berbunyi seperti bunyi jangkrik malam hari
,letak hotel sangat strategis dekat mall pelayanan nya sangat baik suasana nya homy
,kamar nya bagus bangett view pool juga bagus makanan di restoran nya juga enak enak banyakk macamm pokoknyaa juaraa deh
,tempat yang strategis hotelnya bersih dan pelayanan yang sangat memuaskan crew yang namanya ririn sangat ramah dan ringan tangan untuk membantu
,lokasinya strategis dekat dengan bandara makanannya enak fasilitas yang tersedia sangat lengkap
,terimakasih banyak accord booking di ibis dapet free upgrade di mercure menu sarapan yang lengkap enak dan memuaskan kamar yang bersih dan nyaman
,pas mau kasi review nggk sengaja baca review org lain yg ada kendala dan masalah dengan kamar makanan proses check in dll saya sendiri pertama kali ke jogja karna ada tugas dinas
,pelayanan bagus makananya enak kamar bersih dan letaknya dekat sama kota dan mall
,cukup berkesan menginap disini pelayanan bagus dan ramah kamar bersih makanan enak cocok untuk liburan keluarga
,hotelnya nyaman bersih pelayanan ramah dan makanannya enak enak hari malam disini selalu dapat makanan yang enak dan beraneka ragam
,tempat sangat nyaman pelayanan baik akses untuk ke berbagai lokasi juga cukup mudah
,mantapp kamarnya keren bangett
,makanan baik enak mbak intan sangat baik melayani setulus hati sehat selalu mbk intan
netral,sarapan pagi banyak variasi dan cocok rasa serta aromanya hanya kedepan kalau boleh kamar siapin juga sabun batang karena gak semua familier dengan gel soap
,pengalaman menginap sehari semlm di grand mercure yogyakarta overall bagus kamar bersih sarapan juga enak dan lengkap
,pelayanan ramah and friendly kamarnya rapih dan bersih makanannya enak dan ber fariasi terima kasih untuk mba desy atas pelayanannya yg ramah
,pelayanan bagus kamar nyaman
negatif,tadi sempat ada masalah dgn pemindahan kamar basically krn info dr panitia kurang maksimal tp saya merasa dr pihak hotel juga agak kurang maksimal dlm assisting their guests
,pelayanan mba amanda bagus dan sangat ramah makanan enak banyak macamnya sangat variatif
,pelayanan ramah ramah devita
,breakfeast di grand mercure jogja makanannya g ada yang mengecewakan jempol delapan semua terutama utk training mbak lena sangat membantu terima kasih
,hotelnya authentic rapih bersih dan terawat pelayanan juga ramah dan cepat tanggap pengalaman yg menyenangkan tinggal disini
,bed nya rapi empuk bgt jadi pengen rebahan terus kamarnya juga nyaman bathroom nya simple tapi wangi dan jgn kuatir ada peralatan mandi lengkap jadi gak kawatir klo lagi ada perjalanan bisnis
positif,kamarnya luas bed nya ada yang ukuran besar jadi bisa buat ber sama anak makanannya enak semoga bisa kembali suatu hari nanti
,terimakasih kasih atas pelayanannya sarapan yang luar biasa dan terimakasih atas pelayanan saudari lena
,hotel mendukung masalah lingkungan dengan tidak menyajikan air kemasan botol plastik hotelnya cantik dengan ornamen candi kamar bagus ada welcome fruit yang cukup banyak makanan biasa sih menyajikan banyak menu tradisional snack acara rapatnya enak dan cukup generous amenities nya juga lengkap
,pelayanannya baik dan makanannya enak
,penginapan yg sangat nyaman bersih dan apapun yg kita butuh kan akan di usahakan pelayanannya bagus ramah
,hotel bersih fasilitas lengkap pelayanan juga ramah ditambah letak nya yg strategis juga jadi poin plus
negatif,toilet bau kaya gak pernah dibersihin pintu gak bisa ditutup air gak keluar
,kamarnya bersih dan nyaman enak untuk tidur kamar mandi nya juga lengkap dengan beberapa hal serta bersih servisnya sangat ramah dan baik lokasi nya juga strategis di perkotaan
,makan malam nya enak mantap di lidah pelayanannya ramah tempat juga strategis
,pelayanan nya oke banget staff ramah makanan bervariasi good bngt pokoknya
,hotelnya dekat tempat makan dan mall untuk lokasinya oke hanya untuk makanan mungkin perlu improve variasinya
,sarapan lengkap rasa enak dan pelayan memuaskan
,sangat senang mempunyai pengalaman menginap di hotel ini pelayanan sangat cepat kamar bersih dan wangi sarapan lengkap dan enak fasilitas yg lengkap pilihan yg tepat untukmenginap disini disaat sedang berlibur ke yogyakarta
,nginep di hotel ini jadi pengalaman yang menyenangkan dari awal masuk pelayanannya udah terasa ramah dan profesional proses check in juga cepat dan nggak ribet kamarnya bersih nyaman dan semua fasilitas berfungsi dengan baik tempat
,mewah bersih pelayanan top fasilitas lengkap lokasi strategis
,sarapan paginya sangat enak banyak menu dan layanan fifin bagus
,menu sarapan yang berfariativ dan untuk staff ramah nice
,layanan disini sangat baik kamarnya juga nyaman lalu untuk sarapan sangat beragam dari main dish sampai dessert overall worth it banget
,kebetulan punya experience yang selalu ok ok aja dengan grand mercure di kota lain jadi pas booking gak worries ttg kebersihan dll cuma agak kaget staf stafnya kurang ramah jauh sekali dibanding medan yang mana
,layanan memuaskan pilihan tepat saat mudik ke jogja
,berkesempatan bukber di sini masya allah tempatnya nyaman dan makanannya enak enak ini bukbernya di lantai btw
,pelayanan sangat baik dan sesuai sop kamar sangat bagusss konsepnya romantis dan cocok buat pasangan makanan enak dan mungkin perlu bebebrapa inovasi dalam makanan terima kasih
,menu bagus dan komplit pelayanan ramah dan membantu
,pelayanan sangat baik menu breakfast super lengkap dan rasanya semua tidak mengecewakan servis layanan kami didampingi oleh kak lena yg super ramah dan santun
negatif,sinyal wi fi sangat lemah apalagi kalau buat kerja dan gaming kalau pun di switch ke mode data sinyal jg turun dari g ke e edge hal ini mengurangi kenyamanan untuk stay di hotel dan seolah meminta untuk keluar saja
,sarapan enak pelayanan bagus terima kasih mbak silvia
,terima kasih untuk manager bu fitri sudah di reach complain saya dan terus melakukan peningkatan
,makanan resto nya enak dan variatif serta layanan yg ramah
,breakfast hari ini enak enak dan memuaskan
,menu breakfast nya sangat bervariasi banyak banget pilihannya saya yg menginap bersama anak sangat antusias menanti jam breakfast anak anak tidak bosan sama sekali begitu ada piring kosong pun meja segera dibersihkan dengan sigap mudah mudahan suatu saat bisa datang ke jogja kembali dan pasti akan menginap disini lagi
,sarapannya cocok dan banyak pilihan
,dapat kamar ada jendela ternyata setelah dibuka gordennya ada tembok
,pelayanan ramah dan tanggap selalu bersih dan rapi rekomen banget bagi yg liburan ke jogja dan bingung mau menginap dimana
,kelebihan meeting fullboard dg harga paling murah sekelas bintang ruang meeting nya banyak bangunannya megah
,layanan hotel oke dan stafnya ramah serta inisiatifnya bagus resto pilihan makanan banyak dan kualitasnya oke fresh dan enak
negatif,bukber dengan harga rb pax makanan nasi biryaninya tapi kurang dimsumnya cuma beberapa trs abis ga
,sarapannya enak bervariasi sdh hari makanan berbeda staff semua ramah dibantu dgn mba lena yg ramaah terima kasih mercure jogja
,kamarnya luas nyaman bersih pelayanannya bagus balroom luas untuk acara
negatif,pengalaman nginap di grand mercure tgl november lumayan baik tapii ada tapinya sih untuk hotel sekelas bintang saya berekspektasi fasilitas kamar mendapat smart tv tapi ternyata belum tersedia dan sayang nya parkir untuk tamu
,pelayanan memuaskan makananannya enak dan menunya kids friendly juga terima kasih mbak silvia yang sudah sangat helpful di restoran
,hotelnya nyaman servicenya ramah kamar bersih dan rapih menu sarapannya variatif dan enak good
,untuk makanannya udah oke pas dilidah dan juga banyak menu pilihan jadi tidak bingung mau makan apa lagi untuk pudingnya fix recomended banget wajib dicoba
,makanan baik sesuai cita rasa
,pelayanan memuaskan kamar rapi pilihan makanan juga banyak
positif,hotel memiliki kategori yang bisa dibilang sangat memuaskan lokasi yang strategis dan dekat dengan kota pelayanan nya yang bisa dibilang sangat cekatan dan bagus untuk hotel sekelasnya
,kami stay di hotel ini dari jumat smp minggu siang sangat nyaman staff helpfull dan kind lokasi strategis kebetulan anak lagi demam jadi bisa periksa di rs siloam sebelah hotel mau ke gereja katolik perjalanan menit smp jam
,semua pelayanan top markotop atas nama mba silka markotop kasih reward bagus untuk tim management nya ya terima kasih
,ruang kamar keren dan super nyaman layanan dinner bagus lokasi terjangkau di area kota jogja recommended banget
positif,grand mercure jogja benar benar memukau hotelnya indah bersih dan nyaman sempurna untuk liburan maupun perjalanan bisnis
,super sekali makanannya lengkap dan enak semuanya rekomended sekali baik dari kamar fasilitas pelayanan yngsuper cepat dan ramah sertaaaa rasa makanan yang enakk
,sebuah pengalaman yang luar biasa menyenangkan saat liburan nyaman dan enak sekali makanannya
,hotel yang nyaman dan dilengkapi dengan banyak fasilitas penunjang yang membuatnya betah untuk menginap disini kamar nyaman layanan oke lokasi strategis kemana mana kuliner dan pusat oleh dekat sarapan pagi komplit menunya dan rasa masakanya enak
negatif,hotel yg sdh lumayan tua pintu kamar mandi kayu sdh beberapa bagiannya lepas dan lampu kamar mandi mati di malam terakhir parkiran basement bau kurang sedap pelayanan staff sangat bagus dan membantu kolam renang kecil banget dan spertinya jadi satu dng ibis
,makanan nya lengkap banyak menu rasanya mantap
,kamarnya oke banget dan pelayanannya juga baik makanan juga enak poll
,pelayanannya memuaskan
,pelayanan di sini menyenangkan makanannya enak enak kamarnya nyaman dan yang terpenting adaah karyawan yang mau menerima masukan
,makanan sarapannya pilihannya banyak
,nyamann rekomended juga untuk makananya
,makanan enak pelayanan diresto grand mercure mba silvia sgt baik
,sarapan enak enak suka bakso dan tomyamnya enak kaldunya pelayanannya juga ramah ramah tadi pesen telur mateng juga pas untuk kematangannya rekomendasi menginap disini kalo kalian lagi liburan ke jogja
,pelayanan yang sangat bagus baik dari kamar breakfast serta reception dan yang lainnya melayani dengan ramah
,servicenya ok roomnya ok mba lena di service gmn saat aatapan pelayanannya baik
,sarapannya mayan komplit dan enak pelayanan mbak lena top banget
,saya sangat puas dengan pengalaman menginap di hotel grand mercure adisucipto semua aspek pelayanan di hotel ini sangat baik mulai dari proses check in yang cepat hingga keramahan seluruh staf yang membuat saya merasa nyaman selama
,sarapan disini enaakkk puas pelayanannya makasih ka silviaa
negatif,selama stay d hotel accor dengan member gold pengalaman disini sangat buruk lift mati nyala hanya dimana occ kamar lagi rame fo ga ada ramah nya daan yang parah ketika pakai cutten bud baru d masukin ke kupung sudah ketinggalan d
netral,pelayanan cukup memuaskan tetapi untuk tmtp sarapanya terallu tinggi di lt jd malas orng untuk naik klw bs sarapan di lantai loby biar sxan cek out
,breakfas nya baik dan sangat enak pelayanan nya juga sangat bagus dan ramah saya di layani oleh mba lena yg sangat ramah cantik dan baik hati sangat senang berada disini next time bakal datang kembali
,menyenangkan dihotel ini breakfastnya enak terima kasih atas pelayanan yang baik lena trainee
,hotelnya nyaman banget dan breakfastnya enak look kamarnya mevvah frontline ramah dan helpfull kamar mandi luas shower cukup tapi rada berkerak itu kaca nya
,makanan enak pelayanan terbaik mb kesya
,suka di hotel ini kamar luas dan bersih breakfast bervariasi dan enak
,salah satu opsi hotel terbaik di yogyakarta terletak dipinggir jalan adisucipto lokasinya cukup strategis kamar cukup nyaman
,letaknya strategis di sekitar pusat kota jogja pelayanan yg baik dan kebersihan kamar yg terjaga sarapan dgn variasi menu yg banyak termasuk tradisional cocok utk family staycation
,the best pengalaman menginap dan semua makanan disini enak pelayanan sangat ramah
,lokasi hotel yang strategis untuk keperluan bisnis maupun vacation pelayanan yg ramah dari staff hotel sangat membantu kami thanks to mbak lena and team
,fasilitasnya luar biasa dari kamar pelayanan dan menu makan pagi siang malam jangan lupa nginep di sini ya
,lokasi di pusat kota sangat strategis services dan sanitary terbaik sarapan dengan pilihan banyak dan enak semua terima kasih grand mercure
,makanannya enak fasilitas lengkap kamar cukup nyaman utk istirahat cuma agak jauh dari stasiun jogja dan malioboro cocok utk bisnis rapat pertemuan
negatif,kalau bisa tiap lift ada pemandunya guide untuk para tamu yang butuh info terus setelah masuk halaman hotel lokasi jalan menuju parkir sangat sempit dan menikung tajam tidak ada rambu yang jelas atau saya yang kurang jelas melihatnya kalau bisa rambunya ditaruh pada lokasi yang mudah terlihat pengemudi dan cukup besar
,menu sarapan nya sangat lengkap rasa nya juga enak saya datang di jam tapi semua makanan masih banyak staff nya juga sangat membantu
,tempat renangnya bagus di atas makanan okee bangetttt banyak varian nya rasa enak
,sangattt rekomended untuk kesini makanannya enak staff dan pelayanan sangat baik
,kamar bersih nyaman wifi lancar breakfast menu banyak pilihan terima kasih atas pelayanannya sekedar masukan mungkin bisa ditambahin daftar menu dan dilayani sampai jam brapa antisipasi tengah malem lapar dan males keluar